ts_event,rtype,publisher_id,instrument_id,open,high,low,close,volume,symbol
2024-06-10T00:00:00.000000000Z,32,1,80420,38853.000000000,38853.000000000,38853.000000000,38853.000000000,2,YM
2024-06-10T00:00:01.000000000Z,32,1,80420,38854.000000000,38854.000000000,38854.000000000,38854.000000000,4,YM
2024-06-10T00:00:02.000000000Z,32,1,80420,38855.000000000,38855.000000000,38855.000000000,38855.000000000,2,YM
2024-06-10T00:00:03.000000000Z,32,1,80420,38855.000000000,38857.000000000,38855.000000000,38857.000000000,8,YM
2024-06-10T00:00:13.000000000Z,32,1,80420,38856.000000000,38856.000000000,38856.000000000,38856.000000000,1,YM
2024-06-10T00:00:16.000000000Z,32,1,80420,38857.000000000,38857.000000000,38857.000000000,38857.000000000,2,YM
2024-06-10T00:00:20.000000000Z,32,1,80420,38858.000000000,38860.000000000,38858.000000000,38860.000000000,9,YM
2024-06-10T00:00:23.000000000Z,32,1,80420,38861.000000000,38861.000000000,38861.000000000,38861.000000000,2,YM
2024-06-10T00:00:24.000000000Z,32,1,80420,38860.000000000,38860.000000000,38860.000000000,38860.000000000,2,YM
2024-06-10T00:00:29.000000000Z,32,1,80420,38860.000000000,38860.000000000,38860.000000000,38860.000000000,3,YM
2024-06-10T00:00:34.000000000Z,32,1,80420,38862.000000000,38862.000000000,38862.000000000,38862.000000000,1,YM
2024-06-10T00:00:39.000000000Z,32,1,80420,38862.000000000,38862.000000000,38862.000000000,38862.000000000,2,YM
2024-06-10T00:00:41.000000000Z,32,1,80420,38863.000000000,38863.000000000,38863.000000000,38863.000000000,4,YM
2024-06-10T00:00:43.000000000Z,32,1,80420,38863.000000000,38863.000000000,38863.000000000,38863.000000000,2,YM
2024-06-10T00:00:50.000000000Z,32,1,80420,38862.000000000,38862.000000000,38862.000000000,38862.000000000,1,YM
2024-06-10T00:00:51.000000000Z,32,1,80420,38863.000000000,38863.000000000,38861.000000000,38861.000000000,4,YM
2024-06-10T00:00:54.000000000Z,32,1,80420,38860.000000000,38860.000000000,38859.000000000,38859.000000000,3,YM
2024-06-10T00:01:00.000000000Z,32,1,80420,38860.000000000,38861.000000000,38860.000000000,38861.000000000,5,YM
2024-06-10T00:01:02.000000000Z,32,1,80420,38860.000000000,38860.000000000,38860.000000000,38860.000000000,1,YM
2024-06-10T00:01:03.000000000Z,32,1,80420,38860.000000000,38860.000000000,38860.000000000,38860.000000000,2,YM
2024-06-10T00:01:04.000000000Z,32,1,80420,38859.000000000,38859.000000000,38859.000000000,38859.000000000,1,YM
2024-06-10T00:01:05.000000000Z,32,1,80420,38857.000000000,38858.000000000,38856.000000000,38858.000000000,7,YM
2024-06-10T00:01:10.000000000Z,32,1,80420,38858.000000000,38858.000000000,38858.000000000,38858.000000000,2,YM
2024-06-10T00:01:22.000000000Z,32,1,80420,38860.000000000,38860.000000000,38860.000000000,38860.000000000,2,YM
2024-06-10T00:01:24.000000000Z,32,1,80420,38859.000000000,38859.000000000,38859.000000000,38859.000000000,1,YM
2024-06-10T00:01:26.000000000Z,32,1,80420,38859.000000000,38859.000000000,38859.000000000,38859.000000000,1,YM
2024-06-10T00:01:30.000000000Z,32,1,80420,38858.000000000,38858.000000000,38858.000000000,38858.000000000,2,YM
2024-06-10T00:01:42.000000000Z,32,1,80420,38858.000000000,38858.000000000,38858.000000000,38858.000000000,4,YM
2024-06-10T00:01:46.000000000Z,32,1,80420,38858.000000000,38858.000000000,38858.000000000,38858.000000000,3,YM
2024-06-10T00:02:00.000000000Z,32,1,80420,38859.000000000,38861.000000000,38859.000000000,38861.000000000,7,YM
2024-06-10T00:02:02.000000000Z,32,1,80420,38861.000000000,38861.000000000,38861.000000000,38861.000000000,1,YM
2024-06-10T00:02:05.000000000Z,32,1,80420,38862.000000000,38862.000000000,38862.000000000,38862.000000000,1,YM
2024-06-10T00:02:07.000000000Z,32,1,80420,38860.000000000,38860.000000000,38860.000000000,38860.000000000,1,YM
2024-06-10T00:02:14.000000000Z,32,1,80420,38862.000000000,38863.000000000,38862.000000000,38863.000000000,11,YM
2024-06-10T00:02:16.000000000Z,32,1,80420,38863.000000000,38863.000000000,38863.000000000,38863.000000000,1,YM
2024-06-10T00:02:24.000000000Z,32,1,80420,38864.000000000,38867.000000000,38864.000000000,38867.000000000,9,YM
2024-06-10T00:02:26.000000000Z,32,1,80420,38866.000000000,38866.000000000,38866.000000000,38866.000000000,5,YM
2024-06-10T00:02:28.000000000Z,32,1,80420,38866.000000000,38866.000000000,38866.000000000,38866.000000000,1,YM
2024-06-10T00:02:31.000000000Z,32,1,80420,38865.000000000,38865.000000000,38865.000000000,38865.000000000,1,YM
2024-06-10T00:02:40.000000000Z,32,1,80420,38869.000000000,38869.000000000,38869.000000000,38869.000000000,3,YM
2024-06-10T00:02:44.000000000Z,32,1,80420,38869.000000000,38869.000000000,38869.000000000,38869.000000000,10,YM
2024-06-10T00:02:45.000000000Z,32,1,80420,38869.000000000,38870.000000000,38869.000000000,38870.000000000,6,YM
2024-06-10T00:02:53.000000000Z,32,1,80420,38868.000000000,38868.000000000,38868.000000000,38868.000000000,3,YM
2024-06-10T00:02:54.000000000Z,32,1,80420,38867.000000000,38867.000000000,38867.000000000,38867.000000000,1,YM
2024-06-10T00:02:55.000000000Z,32,1,80420,38868.000000000,38869.000000000,38868.000000000,38869.000000000,6,YM
2024-06-10T00:03:00.000000000Z,32,1,80420,38867.000000000,38867.000000000,38866.000000000,38867.000000000,4,YM
2024-06-10T00:03:10.000000000Z,32,1,80420,38868.000000000,38868.000000000,38868.000000000,38868.000000000,2,YM
2024-06-10T00:03:19.000000000Z,32,1,80420,38868.000000000,38868.000000000,38868.000000000,38868.000000000,1,YM
2024-06-10T00:03:21.000000000Z,32,1,80420,38869.000000000,38869.000000000,38869.000000000,38869.000000000,2,YM
2024-06-10T00:03:28.000000000Z,32,1,80420,38868.000000000,38868.000000000,38868.000000000,38868.000000000,1,YM
2024-06-10T00:03:30.000000000Z,32,1,80420,38869.000000000,38869.000000000,38868.000000000,38868.000000000,3,YM
2024-06-10T00:03:37.000000000Z,32,1,80420,38872.000000000,38872.000000000,38870.000000000,38870.000000000,6,YM
2024-06-10T00:03:40.000000000Z,32,1,80420,38872.000000000,38872.000000000,38872.000000000,38872.000000000,1,YM
2024-06-10T00:03:42.000000000Z,32,1,80420,38872.000000000,38872.000000000,38872.000000000,38872.000000000,1,YM
2024-06-10T00:04:00.000000000Z,32,1,80420,38871.000000000,38871.000000000,38871.000000000,38871.000000000,1,YM
2024-06-10T00:04:02.000000000Z,32,1,80420,38869.000000000,38869.000000000,38869.000000000,38869.000000000,2,YM
2024-06-10T00:04:09.000000000Z,32,1,80420,38869.000000000,38869.000000000,38869.000000000,38869.000000000,1,YM
2024-06-10T00:04:11.000000000Z,32,1,80420,38867.000000000,38867.000000000,38867.000000000,38867.000000000,1,YM
2024-06-10T00:04:18.000000000Z,32,1,80420,38867.000000000,38867.000000000,38867.000000000,38867.000000000,1,YM
2024-06-10T00:04:28.000000000Z,32,1,80420,38867.000000000,38867.000000000,38867.000000000,38867.000000000,1,YM
2024-06-10T00:04:31.000000000Z,32,1,80420,38866.000000000,38866.000000000,38866.000000000,38866.000000000,1,YM
2024-06-10T00:04:43.000000000Z,32,1,80420,38866.000000000,38866.000000000,38866.000000000,38866.000000000,3,YM
2024-06-10T00:04:49.000000000Z,32,1,80420,38865.000000000,38865.000000000,38865.000000000,38865.000000000,1,YM
2024-06-10T00:04:52.000000000Z,32,1,80420,38867.000000000,38867.000000000,38867.000000000,38867.000000000,1,YM
2024-06-10T00:05:13.000000000Z,32,1,80420,38867.000000000,38867.000000000,38867.000000000,38867.000000000,1,YM
2024-06-10T00:05:16.000000000Z,32,1,80420,38868.000000000,38868.000000000,38867.000000000,38867.000000000,3,YM
2024-06-10T00:05:20.000000000Z,32,1,80420,38870.000000000,38870.000000000,38870.000000000,38870.000000000,4,YM
2024-06-10T00:05:46.000000000Z,32,1,80420,38869.000000000,38869.000000000,38869.000000000,38869.000000000,1,YM
2024-06-10T00:05:59.000000000Z,32,1,80420,38866.000000000,38866.000000000,38866.000000000,38866.000000000,1,YM
2024-06-10T00:06:00.000000000Z,32,1,80420,38865.000000000,38865.000000000,38864.000000000,38864.000000000,6,YM
2024-06-10T00:06:05.000000000Z,32,1,80420,38865.000000000,38865.000000000,38865.000000000,38865.000000000,2,YM
2024-06-10T00:06:08.000000000Z,32,1,80420,38864.000000000,38864.000000000,38864.000000000,38864.000000000,1,YM
2024-06-10T00:06:20.000000000Z,32,1,80420,38866.000000000,38866.000000000,38866.000000000,38866.000000000,1,YM
2024-06-10T00:06:26.000000000Z,32,1,80420,38868.000000000,38869.000000000,38868.000000000,38868.000000000,4,YM
2024-06-10T00:06:33.000000000Z,32,1,80420,38869.000000000,38869.000000000,38867.000000000,38867.000000000,6,YM
2024-06-10T00:06:59.000000000Z,32,1,80420,38866.000000000,38866.000000000,38866.000000000,38866.000000000,1,YM
2024-06-10T00:07:02.000000000Z,32,1,80420,38866.000000000,38866.000000000,38865.000000000,38865.000000000,3,YM
2024-06-10T00:07:15.000000000Z,32,1,80420,38867.000000000,38867.000000000,38867.000000000,38867.000000000,1,YM
2024-06-10T00:07:25.000000000Z,32,1,80420,38867.000000000,38867.000000000,38865.000000000,38865.000000000,6,YM
2024-06-10T00:07:41.000000000Z,32,1,80420,38866.000000000,38866.000000000,38866.000000000,38866.000000000,2,YM
2024-06-10T00:07:54.000000000Z,32,1,80420,38865.000000000,38865.000000000,38864.000000000,38864.000000000,3,YM
2024-06-10T00:08:00.000000000Z,32,1,80420,38864.000000000,38864.000000000,38863.000000000,38863.000000000,6,YM
2024-06-10T00:08:02.000000000Z,32,1,80420,38864.000000000,38864.000000000,38864.000000000,38864.000000000,2,YM
2024-06-10T00:08:24.000000000Z,32,1,80420,38864.000000000,38864.000000000,38864.000000000,38864.000000000,1,YM
2024-06-10T00:08:45.000000000Z,32,1,80420,38863.000000000,38863.000000000,38862.000000000,38862.000000000,3,YM
2024-06-10T00:08:46.000000000Z,32,1,80420,38862.000000000,38862.000000000,38862.000000000,38862.000000000,2,YM
2024-06-10T00:08:50.000000000Z,32,1,80420,38861.000000000,38861.000000000,38860.000000000,38860.000000000,4,YM
2024-06-10T00:09:01.000000000Z,32,1,80420,38859.000000000,38860.000000000,38859.000000000,38860.000000000,2,YM
2024-06-10T00:09:02.000000000Z,32,1,80420,38859.000000000,38859.000000000,38858.000000000,38858.000000000,2,YM
2024-06-10T00:09:10.000000000Z,32,1,80420,38859.000000000,38859.000000000,38859.000000000,38859.000000000,1,YM
2024-06-10T00:09:13.000000000Z,32,1,80420,38858.000000000,38858.000000000,38858.000000000,38858.000000000,2,YM
2024-06-10T00:09:14.000000000Z,32,1,80420,38857.000000000,38857.000000000,38856.000000000,38856.000000000,3,YM
2024-06-10T00:09:16.000000000Z,32,1,80420,38856.000000000,38857.000000000,38856.000000000,38857.000000000,10,YM
2024-06-10T00:09:17.000000000Z,32,1,80420,38858.000000000,38858.000000000,38858.000000000,38858.000000000,1,YM
2024-06-10T00:09:20.000000000Z,32,1,80420,38859.000000000,38859.000000000,38859.000000000,38859.000000000,1,YM
2024-06-10T00:09:29.000000000Z,32,1,80420,38859.000000000,38859.000000000,38859.000000000,38859.000000000,2,YM
2024-06-10T00:09:31.000000000Z,32,1,80420,38859.000000000,38859.000000000,38859.000000000,38859.000000000,1,YM
2024-06-10T00:09:35.000000000Z,32,1,80420,38859.000000000,38859.000000000,38859.000000000,38859.000000000,1,YM
2024-06-10T00:09:42.000000000Z,32,1,80420,38858.000000000,38858.000000000,38858.000000000,38858.000000000,2,YM
2024-06-10T00:10:00.000000000Z,32,1,80420,38856.000000000,38856.000000000,38856.000000000,38856.000000000,1,YM
2024-06-10T00:10:12.000000000Z,32,1,80420,38856.000000000,38856.000000000,38856.000000000,38856.000000000,2,YM
2024-06-10T00:10:13.000000000Z,32,1,80420,38855.000000000,38855.000000000,38855.000000000,38855.000000000,2,YM
2024-06-10T00:10:15.000000000Z,32,1,80420,38854.000000000,38854.000000000,38854.000000000,38854.000000000,1,YM
2024-06-10T00:10:21.000000000Z,32,1,80420,38853.000000000,38853.000000000,38853.000000000,38853.000000000,3,YM
2024-06-10T00:10:24.000000000Z,32,1,80420,38853.000000000,38853.000000000,38853.000000000,38853.000000000,2,YM
2024-06-10T00:10:26.000000000Z,32,1,80420,38853.000000000,38853.000000000,38853.000000000,38853.000000000,1,YM
2024-06-10T00:10:28.000000000Z,32,1,80420,38852.000000000,38853.000000000,38852.000000000,38853.000000000,4,YM
2024-06-10T00:10:44.000000000Z,32,1,80420,38855.000000000,38855.000000000,38855.000000000,38855.000000000,1,YM
2024-06-10T00:10:48.000000000Z,32,1,80420,38853.000000000,38853.000000000,38852.000000000,38852.000000000,6,YM
2024-06-10T00:11:01.000000000Z,32,1,80420,38852.000000000,38852.000000000,38852.000000000,38852.000000000,1,YM
2024-06-10T00:11:08.000000000Z,32,1,80420,38851.000000000,38851.000000000,38851.000000000,38851.000000000,1,YM
2024-06-10T00:11:13.000000000Z,32,1,80420,38852.000000000,38852.000000000,38852.000000000,38852.000000000,1,YM
2024-06-10T00:11:14.000000000Z,32,1,80420,38852.000000000,38852.000000000,38852.000000000,38852.000000000,1,YM
2024-06-10T00:11:16.000000000Z,32,1,80420,38852.000000000,38852.000000000,38852.000000000,38852.000000000,2,YM
2024-06-10T00:11:17.000000000Z,32,1,80420,38853.000000000,38853.000000000,38853.000000000,38853.000000000,1,YM
2024-06-10T00:11:20.000000000Z,32,1,80420,38854.000000000,38854.000000000,38854.000000000,38854.000000000,1,YM
2024-06-10T00:11:55.000000000Z,32,1,80420,38854.000000000,38854.000000000,38854.000000000,38854.000000000,1,YM
2024-06-10T00:12:46.000000000Z,32,1,80420,38855.000000000,38855.000000000,38855.000000000,38855.000000000,1,YM
2024-06-10T00:13:29.000000000Z,32,1,80420,38852.000000000,38852.000000000,38851.000000000,38851.000000000,7,YM
2024-06-10T00:13:30.000000000Z,32,1,80420,38851.000000000,38851.000000000,38851.000000000,38851.000000000,1,YM
2024-06-10T00:13:39.000000000Z,32,1,80420,38851.000000000,38851.000000000,38851.000000000,38851.000000000,1,YM
2024-06-10T00:13:45.000000000Z,32,1,80420,38851.000000000,38851.000000000,38851.000000000,38851.000000000,1,YM
2024-06-10T00:13:47.000000000Z,32,1,80420,38850.000000000,38852.000000000,38850.000000000,38852.000000000,25,YM
2024-06-10T00:13:48.000000000Z,32,1,80420,38851.000000000,38851.000000000,38851.000000000,38851.000000000,2,YM
2024-06-10T00:13:51.000000000Z,32,1,80420,38851.000000000,38851.000000000,38851.000000000,38851.000000000,1,YM
2024-06-10T00:14:10.000000000Z,32,1,80420,38851.000000000,38851.000000000,38851.000000000,38851.000000000,3,YM
2024-06-10T00:14:11.000000000Z,32,1,80420,38852.000000000,38852.000000000,38852.000000000,38852.000000000,4,YM
2024-06-10T00:14:16.000000000Z,32,1,80420,38853.000000000,38853.000000000,38853.000000000,38853.000000000,1,YM
2024-06-10T00:15:00.000000000Z,32,1,80420,38853.000000000,38854.000000000,38853.000000000,38854.000000000,2,YM
2024-06-10T00:15:05.000000000Z,32,1,80420,38853.000000000,38853.000000000,38853.000000000,38853.000000000,1,YM
2024-06-10T00:15:17.000000000Z,32,1,80420,38853.000000000,38853.000000000,38853.000000000,38853.000000000,2,YM
2024-06-10T00:15:20.000000000Z,32,1,80420,38851.000000000,38851.000000000,38851.000000000,38851.000000000,1,YM
2024-06-10T00:15:26.000000000Z,32,1,80420,38852.000000000,38852.000000000,38852.000000000,38852.000000000,7,YM
2024-06-10T00:15:29.000000000Z,32,1,80420,38851.000000000,38851.000000000,38851.000000000,38851.000000000,6,YM
2024-06-10T00:15:30.000000000Z,32,1,80420,38850.000000000,38850.000000000,38850.000000000,38850.000000000,1,YM
2024-06-10T00:15:50.000000000Z,32,1,80420,38853.000000000,38853.000000000,38853.000000000,38853.000000000,1,YM
2024-06-10T00:15:59.000000000Z,32,1,80420,38852.000000000,38853.000000000,38852.000000000,38853.000000000,2,YM
2024-06-10T00:16:00.000000000Z,32,1,80420,38852.000000000,38852.000000000,38852.000000000,38852.000000000,1,YM
2024-06-10T00:16:01.000000000Z,32,1,80420,38851.000000000,38851.000000000,38851.000000000,38851.000000000,2,YM
2024-06-10T00:16:05.000000000Z,32,1,80420,38850.000000000,38851.000000000,38850.000000000,38850.000000000,11,YM
2024-06-10T00:16:06.000000000Z,32,1,80420,38850.000000000,38850.000000000,38850.000000000,38850.000000000,5,YM
2024-06-10T00:16:07.000000000Z,32,1,80420,38850.000000000,38850.000000000,38850.000000000,38850.000000000,10,YM
2024-06-10T00:16:08.000000000Z,32,1,80420,38851.000000000,38851.000000000,38851.000000000,38851.000000000,7,YM
2024-06-10T00:16:10.000000000Z,32,1,80420,38851.000000000,38851.000000000,38851.000000000,38851.000000000,1,YM
2024-06-10T00:16:15.000000000Z,32,1,80420,38851.000000000,38851.000000000,38851.000000000,38851.000000000,2,YM
2024-06-10T00:16:17.000000000Z,32,1,80420,38850.000000000,38851.000000000,38850.000000000,38851.000000000,13,YM
2024-06-10T00:16:18.000000000Z,32,1,80420,38851.000000000,38851.000000000,38851.000000000,38851.000000000,1,YM
2024-06-10T00:16:26.000000000Z,32,1,80420,38851.000000000,38851.000000000,38851.000000000,38851.000000000,1,YM
2024-06-10T00:16:28.000000000Z,32,1,80420,38852.000000000,38852.000000000,38852.000000000,38852.000000000,1,YM
2024-06-10T00:16:30.000000000Z,32,1,80420,38851.000000000,38851.000000000,38851.000000000,38851.000000000,1,YM
2024-06-10T00:16:31.000000000Z,32,1,80420,38852.000000000,38852.000000000,38852.000000000,38852.000000000,2,YM
2024-06-10T00:16:57.000000000Z,32,1,80420,38853.000000000,38853.000000000,38852.000000000,38852.000000000,5,YM
2024-06-10T00:17:00.000000000Z,32,1,80420,38851.000000000,38851.000000000,38851.000000000,38851.000000000,4,YM
2024-06-10T00:17:03.000000000Z,32,1,80420,38850.000000000,38850.000000000,38850.000000000,38850.000000000,1,YM
2024-06-10T00:17:12.000000000Z,32,1,80420,38850.000000000,38850.000000000,38850.000000000,38850.000000000,2,YM
2024-06-10T00:17:24.000000000Z,32,1,80420,38849.000000000,38849.000000000,38849.000000000,38849.000000000,1,YM
2024-06-10T00:17:31.000000000Z,32,1,80420,38849.000000000,38849.000000000,38849.000000000,38849.000000000,2,YM
2024-06-10T00:17:41.000000000Z,32,1,80420,38849.000000000,38849.000000000,38849.000000000,38849.000000000,1,YM
2024-06-10T00:18:02.000000000Z,32,1,80420,38849.000000000,38849.000000000,38849.000000000,38849.000000000,2,YM
2024-06-10T00:18:04.000000000Z,32,1,80420,38848.000000000,38848.000000000,38847.000000000,38847.000000000,3,YM
2024-06-10T00:18:08.000000000Z,32,1,80420,38847.000000000,38847.000000000,38847.000000000,38847.000000000,2,YM
2024-06-10T00:18:17.000000000Z,32,1,80420,38846.000000000,38846.000000000,38845.000000000,38845.000000000,7,YM
2024-06-10T00:18:18.000000000Z,32,1,80420,38846.000000000,38846.000000000,38846.000000000,38846.000000000,5,YM
2024-06-10T00:18:23.000000000Z,32,1,80420,38845.000000000,38845.000000000,38845.000000000,38845.000000000,2,YM
2024-06-10T00:18:30.000000000Z,32,1,80420,38844.000000000,38844.000000000,38843.000000000,38843.000000000,2,YM
2024-06-10T00:18:34.000000000Z,32,1,80420,38843.000000000,38843.000000000,38843.000000000,38843.000000000,3,YM
2024-06-10T00:18:35.000000000Z,32,1,80420,38843.000000000,38843.000000000,38843.000000000,38843.000000000,1,YM
2024-06-10T00:18:39.000000000Z,32,1,80420,38844.000000000,38844.000000000,38844.000000000,38844.000000000,1,YM
2024-06-10T00:18:49.000000000Z,32,1,80420,38844.000000000,38844.000000000,38844.000000000,38844.000000000,1,YM
2024-06-10T00:18:52.000000000Z,32,1,80420,38845.000000000,38845.000000000,38845.000000000,38845.000000000,2,YM
2024-06-10T00:19:03.000000000Z,32,1,80420,38845.000000000,38845.000000000,38845.000000000,38845.000000000,1,YM
2024-06-10T00:19:12.000000000Z,32,1,80420,38846.000000000,38846.000000000,38846.000000000,38846.000000000,1,YM
2024-06-10T00:19:13.000000000Z,32,1,80420,38846.000000000,38846.000000000,38846.000000000,38846.000000000,3,YM
2024-06-10T00:19:19.000000000Z,32,1,80420,38847.000000000,38847.000000000,38847.000000000,38847.000000000,2,YM
2024-06-10T00:19:39.000000000Z,32,1,80420,38849.000000000,38849.000000000,38849.000000000,38849.000000000,1,YM
2024-06-10T00:19:43.000000000Z,32,1,80420,38849.000000000,38849.000000000,38849.000000000,38849.000000000,3,YM
2024-06-10T00:19:47.000000000Z,32,1,80420,38850.000000000,38850.000000000,38850.000000000,38850.000000000,1,YM
2024-06-10T00:19:48.000000000Z,32,1,80420,38850.000000000,38850.000000000,38850.000000000,38850.000000000,1,YM
2024-06-10T00:19:50.000000000Z,32,1,80420,38849.000000000,38849.000000000,38849.000000000,38849.000000000,1,YM
2024-06-10T00:20:04.000000000Z,32,1,80420,38851.000000000,38851.000000000,38851.000000000,38851.000000000,2,YM
2024-06-10T00:20:15.000000000Z,32,1,80420,38850.000000000,38850.000000000,38850.000000000,38850.000000000,3,YM
2024-06-10T00:20:30.000000000Z,32,1,80420,38849.000000000,38849.000000000,38849.000000000,38849.000000000,1,YM
2024-06-10T00:20:34.000000000Z,32,1,80420,38849.000000000,38849.000000000,38849.000000000,38849.000000000,1,YM
2024-06-10T00:20:48.000000000Z,32,1,80420,38847.000000000,38847.000000000,38847.000000000,38847.000000000,3,YM
2024-06-10T00:21:06.000000000Z,32,1,80420,38850.000000000,38850.000000000,38850.000000000,38850.000000000,3,YM
2024-06-10T00:21:31.000000000Z,32,1,80420,38849.000000000,38849.000000000,38848.000000000,38848.000000000,2,YM
2024-06-10T00:22:09.000000000Z,32,1,80420,38848.000000000,38848.000000000,38848.000000000,38848.000000000,1,YM
2024-06-10T00:22:10.000000000Z,32,1,80420,38847.000000000,38847.000000000,38847.000000000,38847.000000000,4,YM
2024-06-10T00:22:18.000000000Z,32,1,80420,38847.000000000,38847.000000000,38847.000000000,38847.000000000,1,YM
2024-06-10T00:23:05.000000000Z,32,1,80420,38850.000000000,38852.000000000,38850.000000000,38851.000000000,10,YM
2024-06-10T00:23:10.000000000Z,32,1,80420,38851.000000000,38851.000000000,38851.000000000,38851.000000000,1,YM
2024-06-10T00:23:29.000000000Z,32,1,80420,38850.000000000,38850.000000000,38850.000000000,38850.000000000,3,YM
2024-06-10T00:23:32.000000000Z,32,1,80420,38849.000000000,38849.000000000,38849.000000000,38849.000000000,1,YM
2024-06-10T00:24:03.000000000Z,32,1,80420,38850.000000000,38850.000000000,38850.000000000,38850.000000000,1,YM
2024-06-10T00:24:10.000000000Z,32,1,80420,38851.000000000,38851.000000000,38851.000000000,38851.000000000,3,YM
2024-06-10T00:24:18.000000000Z,32,1,80420,38850.000000000,38850.000000000,38850.000000000,38850.000000000,2,YM
2024-06-10T00:24:19.000000000Z,32,1,80420,38850.000000000,38850.000000000,38850.000000000,38850.000000000,1,YM
2024-06-10T00:24:31.000000000Z,32,1,80420,38850.000000000,38850.000000000,38850.000000000,38850.000000000,1,YM
2024-06-10T00:24:53.000000000Z,32,1,80420,38850.000000000,38850.000000000,38850.000000000,38850.000000000,1,YM
2024-06-10T00:25:44.000000000Z,32,1,80420,38849.000000000,38849.000000000,38849.000000000,38849.000000000,1,YM
2024-06-10T00:26:07.000000000Z,32,1,80420,38851.000000000,38851.000000000,38851.000000000,38851.000000000,5,YM
2024-06-10T00:26:29.000000000Z,32,1,80420,38848.000000000,38848.000000000,38848.000000000,38848.000000000,2,YM
2024-06-10T00:26:30.000000000Z,32,1,80420,38850.000000000,38850.000000000,38850.000000000,38850.000000000,1,YM
2024-06-10T00:26:31.000000000Z,32,1,80420,38849.000000000,38849.000000000,38849.000000000,38849.000000000,2,YM
2024-06-10T00:26:34.000000000Z,32,1,80420,38848.000000000,38848.000000000,38846.000000000,38846.000000000,18,YM
2024-06-10T00:26:37.000000000Z,32,1,80420,38846.000000000,38846.000000000,38846.000000000,38846.000000000,1,YM
2024-06-10T00:26:50.000000000Z,32,1,80420,38846.000000000,38846.000000000,38846.000000000,38846.000000000,4,YM
2024-06-10T00:27:30.000000000Z,32,1,80420,38845.000000000,38845.000000000,38845.000000000,38845.000000000,1,YM
2024-06-10T00:27:38.000000000Z,32,1,80420,38845.000000000,38845.000000000,38845.000000000,38845.000000000,2,YM
2024-06-10T00:27:49.000000000Z,32,1,80420,38846.000000000,38846.000000000,38846.000000000,38846.000000000,2,YM
2024-06-10T00:28:23.000000000Z,32,1,80420,38847.000000000,38847.000000000,38847.000000000,38847.000000000,1,YM
2024-06-10T00:28:30.000000000Z,32,1,80420,38846.000000000,38846.000000000,38846.000000000,38846.000000000,1,YM
2024-06-10T00:28:38.000000000Z,32,1,80420,38845.000000000,38845.000000000,38845.000000000,38845.000000000,2,YM
2024-06-10T00:28:58.000000000Z,32,1,80420,38846.000000000,38846.000000000,38846.000000000,38846.000000000,1,YM
2024-06-10T00:29:07.000000000Z,32,1,80420,38846.000000000,38846.000000000,38845.000000000,38845.000000000,2,YM
2024-06-10T00:29:47.000000000Z,32,1,80420,38847.000000000,38847.000000000,38847.000000000,38847.000000000,1,YM
2024-06-10T00:30:00.000000000Z,32,1,80420,38847.000000000,38848.000000000,38846.000000000,38847.000000000,9,YM
2024-06-10T00:30:01.000000000Z,32,1,80420,38846.000000000,38846.000000000,38846.000000000,38846.000000000,1,YM
2024-06-10T00:30:02.000000000Z,32,1,80420,38845.000000000,38845.000000000,38845.000000000,38845.000000000,1,YM
2024-06-10T00:30:10.000000000Z,32,1,80420,38847.000000000,38847.000000000,38847.000000000,38847.000000000,1,YM
2024-06-10T00:30:17.000000000Z,32,1,80420,38849.000000000,38849.000000000,38849.000000000,38849.000000000,4,YM
2024-06-10T00:30:20.000000000Z,32,1,80420,38848.000000000,38848.000000000,38848.000000000,38848.000000000,1,YM
2024-06-10T00:30:30.000000000Z,32,1,80420,38848.000000000,38848.000000000,38848.000000000,38848.000000000,1,YM
2024-06-10T00:30:47.000000000Z,32,1,80420,38850.000000000,38850.000000000,38850.000000000,38850.000000000,1,YM
2024-06-10T00:30:49.000000000Z,32,1,80420,38850.000000000,38850.000000000,38850.000000000,38850.000000000,1,YM
2024-06-10T00:30:55.000000000Z,32,1,80420,38850.000000000,38850.000000000,38850.000000000,38850.000000000,2,YM
2024-06-10T00:31:00.000000000Z,32,1,80420,38849.000000000,38849.000000000,38849.000000000,38849.000000000,1,YM
2024-06-10T00:31:01.000000000Z,32,1,80420,38850.000000000,38850.000000000,38850.000000000,38850.000000000,1,YM
2024-06-10T00:31:21.000000000Z,32,1,80420,38851.000000000,38852.000000000,38851.000000000,38852.000000000,8,YM
2024-06-10T00:31:25.000000000Z,32,1,80420,38851.000000000,38851.000000000,38851.000000000,38851.000000000,1,YM
2024-06-10T00:31:26.000000000Z,32,1,80420,38850.000000000,38850.000000000,38850.000000000,38850.000000000,1,YM
2024-06-10T00:32:15.000000000Z,32,1,80420,38850.000000000,38850.000000000,38850.000000000,38850.000000000,1,YM
2024-06-10T00:32:17.000000000Z,32,1,80420,38850.000000000,38850.000000000,38850.000000000,38850.000000000,1,YM
2024-06-10T00:32:22.000000000Z,32,1,80420,38850.000000000,38850.000000000,38850.000000000,38850.000000000,1,YM
2024-06-10T00:32:23.000000000Z,32,1,80420,38849.000000000,38849.000000000,38849.000000000,38849.000000000,1,YM
2024-06-10T00:32:24.000000000Z,32,1,80420,38848.000000000,38849.000000000,38848.000000000,38849.000000000,2,YM
2024-06-10T00:32:30.000000000Z,32,1,80420,38848.000000000,38848.000000000,38848.000000000,38848.000000000,1,YM
2024-06-10T00:33:04.000000000Z,32,1,80420,38849.000000000,38849.000000000,38849.000000000,38849.000000000,1,YM
2024-06-10T00:33:07.000000000Z,32,1,80420,38849.000000000,38849.000000000,38849.000000000,38849.000000000,2,YM
2024-06-10T00:33:35.000000000Z,32,1,80420,38849.000000000,38849.000000000,38849.000000000,38849.000000000,1,YM
2024-06-10T00:33:46.000000000Z,32,1,80420,38849.000000000,38849.000000000,38849.000000000,38849.000000000,1,YM
2024-06-10T00:33:56.000000000Z,32,1,80420,38849.000000000,38849.000000000,38849.000000000,38849.000000000,1,YM
2024-06-10T00:34:06.000000000Z,32,1,80420,38847.000000000,38847.000000000,38846.000000000,38846.000000000,2,YM
2024-06-10T00:34:08.000000000Z,32,1,80420,38848.000000000,38848.000000000,38847.000000000,38847.000000000,4,YM
2024-06-10T00:34:20.000000000Z,32,1,80420,38847.000000000,38847.000000000,38847.000000000,38847.000000000,1,YM
2024-06-10T00:34:33.000000000Z,32,1,80420,38847.000000000,38847.000000000,38847.000000000,38847.000000000,1,YM
2024-06-10T00:35:37.000000000Z,32,1,80420,38846.000000000,38846.000000000,38846.000000000,38846.000000000,1,YM
2024-06-10T00:36:00.000000000Z,32,1,80420,38845.000000000,38845.000000000,38844.000000000,38844.000000000,5,YM
2024-06-10T00:36:03.000000000Z,32,1,80420,38845.000000000,38845.000000000,38845.000000000,38845.000000000,1,YM
2024-06-10T00:36:06.000000000Z,32,1,80420,38845.000000000,38845.000000000,38845.000000000,38845.000000000,1,YM
2024-06-10T00:36:17.000000000Z,32,1,80420,38844.000000000,38844.000000000,38844.000000000,38844.000000000,3,YM
2024-06-10T00:36:30.000000000Z,32,1,80420,38843.000000000,38843.000000000,38843.000000000,38843.000000000,1,YM
2024-06-10T00:36:43.000000000Z,32,1,80420,38843.000000000,38843.000000000,38843.000000000,38843.000000000,1,YM
2024-06-10T00:36:44.000000000Z,32,1,80420,38842.000000000,38842.000000000,38841.000000000,38841.000000000,10,YM
2024-06-10T00:36:46.000000000Z,32,1,80420,38840.000000000,38840.000000000,38840.000000000,38840.000000000,3,YM
2024-06-10T00:36:53.000000000Z,32,1,80420,38842.000000000,38842.000000000,38842.000000000,38842.000000000,3,YM
2024-06-10T00:37:01.000000000Z,32,1,80420,38842.000000000,38842.000000000,38842.000000000,38842.000000000,1,YM
2024-06-10T00:37:03.000000000Z,32,1,80420,38842.000000000,38842.000000000,38841.000000000,38841.000000000,5,YM
2024-06-10T00:37:09.000000000Z,32,1,80420,38840.000000000,38840.000000000,38840.000000000,38840.000000000,1,YM
2024-06-10T00:37:22.000000000Z,32,1,80420,38842.000000000,38842.000000000,38842.000000000,38842.000000000,1,YM
2024-06-10T00:37:24.000000000Z,32,1,80420,38842.000000000,38842.000000000,38840.000000000,38840.000000000,2,YM
2024-06-10T00:37:38.000000000Z,32,1,80420,38840.000000000,38840.000000000,38840.000000000,38840.000000000,3,YM
2024-06-10T00:37:48.000000000Z,32,1,80420,38839.000000000,38839.000000000,38839.000000000,38839.000000000,2,YM
2024-06-10T00:38:02.000000000Z,32,1,80420,38841.000000000,38842.000000000,38841.000000000,38841.000000000,5,YM
2024-06-10T00:38:03.000000000Z,32,1,80420,38841.000000000,38841.000000000,38841.000000000,38841.000000000,1,YM
2024-06-10T00:38:26.000000000Z,32,1,80420,38842.000000000,38842.000000000,38842.000000000,38842.000000000,1,YM
2024-06-10T00:38:33.000000000Z,32,1,80420,38842.000000000,38842.000000000,38842.000000000,38842.000000000,1,YM
2024-06-10T00:38:38.000000000Z,32,1,80420,38843.000000000,38843.000000000,38843.000000000,38843.000000000,1,YM
2024-06-10T00:38:51.000000000Z,32,1,80420,38843.000000000,38843.000000000,38843.000000000,38843.000000000,1,YM
2024-06-10T00:38:53.000000000Z,32,1,80420,38843.000000000,38843.000000000,38843.000000000,38843.000000000,3,YM
2024-06-10T00:39:01.000000000Z,32,1,80420,38842.000000000,38842.000000000,38842.000000000,38842.000000000,1,YM
2024-06-10T00:39:06.000000000Z,32,1,80420,38841.000000000,38841.000000000,38841.000000000,38841.000000000,1,YM
2024-06-10T00:39:23.000000000Z,32,1,80420,38841.000000000,38842.000000000,38841.000000000,38842.000000000,8,YM
2024-06-10T00:39:49.000000000Z,32,1,80420,38841.000000000,38841.000000000,38841.000000000,38841.000000000,1,YM
2024-06-10T00:40:11.000000000Z,32,1,80420,38842.000000000,38842.000000000,38842.000000000,38842.000000000,1,YM
2024-06-10T00:40:31.000000000Z,32,1,80420,38840.000000000,38840.000000000,38840.000000000,38840.000000000,1,YM
2024-06-10T00:40:41.000000000Z,32,1,80420,38839.000000000,38839.000000000,38839.000000000,38839.000000000,3,YM
2024-06-10T00:40:51.000000000Z,32,1,80420,38839.000000000,38839.000000000,38839.000000000,38839.000000000,3,YM
2024-06-10T00:41:02.000000000Z,32,1,80420,38840.000000000,38840.000000000,38840.000000000,38840.000000000,3,YM
2024-06-10T00:41:03.000000000Z,32,1,80420,38841.000000000,38841.000000000,38841.000000000,38841.000000000,1,YM
2024-06-10T00:41:23.000000000Z,32,1,80420,38841.000000000,38841.000000000,38841.000000000,38841.000000000,2,YM
2024-06-10T00:41:36.000000000Z,32,1,80420,38842.000000000,38842.000000000,38842.000000000,38842.000000000,1,YM
2024-06-10T00:41:38.000000000Z,32,1,80420,38843.000000000,38843.000000000,38843.000000000,38843.000000000,1,YM
2024-06-10T00:41:42.000000000Z,32,1,80420,38844.000000000,38845.000000000,38844.000000000,38845.000000000,3,YM
2024-06-10T00:41:51.000000000Z,32,1,80420,38845.000000000,38845.000000000,38845.000000000,38845.000000000,1,YM
2024-06-10T00:41:55.000000000Z,32,1,80420,38846.000000000,38846.000000000,38846.000000000,38846.000000000,5,YM
2024-06-10T00:42:00.000000000Z,32,1,80420,38846.000000000,38846.000000000,38846.000000000,38846.000000000,6,YM
2024-06-10T00:42:04.000000000Z,32,1,80420,38845.000000000,38845.000000000,38845.000000000,38845.000000000,3,YM
2024-06-10T00:42:10.000000000Z,32,1,80420,38845.000000000,38845.000000000,38845.000000000,38845.000000000,1,YM
2024-06-10T00:42:37.000000000Z,32,1,80420,38846.000000000,38846.000000000,38846.000000000,38846.000000000,1,YM
2024-06-10T00:42:38.000000000Z,32,1,80420,38846.000000000,38846.000000000,38846.000000000,38846.000000000,2,YM
2024-06-10T00:43:01.000000000Z,32,1,80420,38847.000000000,38847.000000000,38847.000000000,38847.000000000,1,YM
2024-06-10T00:43:05.000000000Z,32,1,80420,38848.000000000,38848.000000000,38848.000000000,38848.000000000,3,YM
2024-06-10T00:43:06.000000000Z,32,1,80420,38847.000000000,38847.000000000,38847.000000000,38847.000000000,4,YM
2024-06-10T00:43:09.000000000Z,32,1,80420,38847.000000000,38847.000000000,38846.000000000,38846.000000000,2,YM
2024-06-10T00:43:11.000000000Z,32,1,80420,38846.000000000,38848.000000000,38846.000000000,38848.000000000,2,YM
2024-06-10T00:43:34.000000000Z,32,1,80420,38848.000000000,38848.000000000,38848.000000000,38848.000000000,1,YM
2024-06-10T00:43:51.000000000Z,32,1,80420,38846.000000000,38846.000000000,38845.000000000,38845.000000000,5,YM
2024-06-10T00:43:54.000000000Z,32,1,80420,38846.000000000,38846.000000000,38845.000000000,38845.000000000,2,YM
2024-06-10T00:43:56.000000000Z,32,1,80420,38846.000000000,38846.000000000,38846.000000000,38846.000000000,2,YM
2024-06-10T00:44:00.000000000Z,32,1,80420,38846.000000000,38846.000000000,38846.000000000,38846.000000000,1,YM
2024-06-10T00:44:03.000000000Z,32,1,80420,38847.000000000,38847.000000000,38846.000000000,38846.000000000,3,YM
2024-06-10T00:44:06.000000000Z,32,1,80420,38848.000000000,38848.000000000,38847.000000000,38847.000000000,11,YM
2024-06-10T00:44:25.000000000Z,32,1,80420,38848.000000000,38848.000000000,38848.000000000,38848.000000000,1,YM
2024-06-10T00:44:29.000000000Z,32,1,80420,38848.000000000,38848.000000000,38848.000000000,38848.000000000,1,YM
2024-06-10T00:44:40.000000000Z,32,1,80420,38850.000000000,38850.000000000,38850.000000000,38850.000000000,1,YM
2024-06-10T00:44:43.000000000Z,32,1,80420,38848.000000000,38848.000000000,38848.000000000,38848.000000000,2,YM
2024-06-10T00:44:44.000000000Z,32,1,80420,38848.000000000,38848.000000000,38848.000000000,38848.000000000,1,YM
2024-06-10T00:44:51.000000000Z,32,1,80420,38848.000000000,38848.000000000,38848.000000000,38848.000000000,1,YM
2024-06-10T00:45:01.000000000Z,32,1,80420,38848.000000000,38848.000000000,38848.000000000,38848.000000000,1,YM
2024-06-10T00:45:42.000000000Z,32,1,80420,38847.000000000,38847.000000000,38847.000000000,38847.000000000,1,YM
2024-06-10T00:46:02.000000000Z,32,1,80420,38850.000000000,38850.000000000,38850.000000000,38850.000000000,2,YM
2024-06-10T00:46:04.000000000Z,32,1,80420,38851.000000000,38851.000000000,38851.000000000,38851.000000000,1,YM
2024-06-10T00:46:05.000000000Z,32,1,80420,38849.000000000,38851.000000000,38849.000000000,38851.000000000,4,YM
2024-06-10T00:46:06.000000000Z,32,1,80420,38850.000000000,38850.000000000,38850.000000000,38850.000000000,1,YM
2024-06-10T00:46:08.000000000Z,32,1,80420,38852.000000000,38852.000000000,38852.000000000,38852.000000000,3,YM
2024-06-10T00:46:09.000000000Z,32,1,80420,38853.000000000,38853.000000000,38853.000000000,38853.000000000,1,YM
2024-06-10T00:46:11.000000000Z,32,1,80420,38852.000000000,38852.000000000,38852.000000000,38852.000000000,5,YM
2024-06-10T00:46:18.000000000Z,32,1,80420,38851.000000000,38851.000000000,38851.000000000,38851.000000000,3,YM
2024-06-10T00:46:22.000000000Z,32,1,80420,38851.000000000,38851.000000000,38851.000000000,38851.000000000,1,YM
2024-06-10T00:46:26.000000000Z,32,1,80420,38852.000000000,38852.000000000,38852.000000000,38852.000000000,1,YM
2024-06-10T00:46:45.000000000Z,32,1,80420,38852.000000000,38852.000000000,38852.000000000,38852.000000000,1,YM
2024-06-10T00:46:50.000000000Z,32,1,80420,38852.000000000,38852.000000000,38852.000000000,38852.000000000,1,YM
2024-06-10T00:46:55.000000000Z,32,1,80420,38853.000000000,38853.000000000,38853.000000000,38853.000000000,2,YM
2024-06-10T00:47:01.000000000Z,32,1,80420,38854.000000000,38854.000000000,38854.000000000,38854.000000000,2,YM
2024-06-10T00:47:10.000000000Z,32,1,80420,38853.000000000,38853.000000000,38853.000000000,38853.000000000,1,YM
2024-06-10T00:47:13.000000000Z,32,1,80420,38852.000000000,38852.000000000,38852.000000000,38852.000000000,4,YM
2024-06-10T00:47:21.000000000Z,32,1,80420,38851.000000000,38852.000000000,38851.000000000,38852.000000000,5,YM
2024-06-10T00:47:29.000000000Z,32,1,80420,38853.000000000,38853.000000000,38853.000000000,38853.000000000,3,YM
2024-06-10T00:47:46.000000000Z,32,1,80420,38853.000000000,38853.000000000,38853.000000000,38853.000000000,3,YM
2024-06-10T00:47:50.000000000Z,32,1,80420,38852.000000000,38852.000000000,38852.000000000,38852.000000000,1,YM
2024-06-10T00:47:52.000000000Z,32,1,80420,38850.000000000,38850.000000000,38850.000000000,38850.000000000,1,YM
2024-06-10T00:47:59.000000000Z,32,1,80420,38850.000000000,38850.000000000,38850.000000000,38850.000000000,2,YM
2024-06-10T00:48:03.000000000Z,32,1,80420,38851.000000000,38851.000000000,38851.000000000,38851.000000000,2,YM
2024-06-10T00:48:08.000000000Z,32,1,80420,38850.000000000,38850.000000000,38850.000000000,38850.000000000,1,YM
2024-06-10T00:48:23.000000000Z,32,1,80420,38850.000000000,38850.000000000,38850.000000000,38850.000000000,1,YM
2024-06-10T00:48:30.000000000Z,32,1,80420,38850.000000000,38850.000000000,38850.000000000,38850.000000000,1,YM
2024-06-10T00:48:31.000000000Z,32,1,80420,38849.000000000,38851.000000000,38849.000000000,38851.000000000,3,YM
2024-06-10T00:48:50.000000000Z,32,1,80420,38852.000000000,38852.000000000,38852.000000000,38852.000000000,1,YM
2024-06-10T00:49:03.000000000Z,32,1,80420,38851.000000000,38851.000000000,38851.000000000,38851.000000000,1,YM
2024-06-10T00:49:13.000000000Z,32,1,80420,38852.000000000,38852.000000000,38852.000000000,38852.000000000,1,YM
2024-06-10T00:49:38.000000000Z,32,1,80420,38851.000000000,38851.000000000,38850.000000000,38850.000000000,2,YM
2024-06-10T00:49:46.000000000Z,32,1,80420,38849.000000000,38850.000000000,38848.000000000,38848.000000000,5,YM
2024-06-10T00:50:19.000000000Z,32,1,80420,38848.000000000,38848.000000000,38848.000000000,38848.000000000,1,YM
2024-06-10T00:50:21.000000000Z,32,1,80420,38849.000000000,38849.000000000,38849.000000000,38849.000000000,1,YM
2024-06-10T00:50:35.000000000Z,32,1,80420,38849.000000000,38849.000000000,38849.000000000,38849.000000000,1,YM
2024-06-10T00:50:37.000000000Z,32,1,80420,38848.000000000,38848.000000000,38847.000000000,38847.000000000,2,YM
2024-06-10T00:51:47.000000000Z,32,1,80420,38845.000000000,38845.000000000,38844.000000000,38844.000000000,9,YM
2024-06-10T00:51:54.000000000Z,32,1,80420,38843.000000000,38843.000000000,38843.000000000,38843.000000000,1,YM
2024-06-10T00:52:14.000000000Z,32,1,80420,38844.000000000,38844.000000000,38844.000000000,38844.000000000,1,YM
2024-06-10T00:52:18.000000000Z,32,1,80420,38845.000000000,38845.000000000,38845.000000000,38845.000000000,1,YM
2024-06-10T00:52:19.000000000Z,32,1,80420,38845.000000000,38845.000000000,38845.000000000,38845.000000000,1,YM
2024-06-10T00:53:28.000000000Z,32,1,80420,38843.000000000,38843.000000000,38843.000000000,38843.000000000,2,YM
2024-06-10T00:54:20.000000000Z,32,1,80420,38846.000000000,38846.000000000,38846.000000000,38846.000000000,1,YM
2024-06-10T00:54:34.000000000Z,32,1,80420,38846.000000000,38846.000000000,38845.000000000,38845.000000000,3,YM
2024-06-10T00:55:07.000000000Z,32,1,80420,38846.000000000,38846.000000000,38846.000000000,38846.000000000,1,YM
2024-06-10T00:55:36.000000000Z,32,1,80420,38848.000000000,38848.000000000,38847.000000000,38847.000000000,3,YM
2024-06-10T00:55:40.000000000Z,32,1,80420,38849.000000000,38849.000000000,38849.000000000,38849.000000000,1,YM
2024-06-10T00:56:11.000000000Z,32,1,80420,38849.000000000,38849.000000000,38849.000000000,38849.000000000,4,YM
2024-06-10T00:56:12.000000000Z,32,1,80420,38848.000000000,38848.000000000,38848.000000000,38848.000000000,1,YM
2024-06-10T00:56:17.000000000Z,32,1,80420,38850.000000000,38850.000000000,38849.000000000,38849.000000000,5,YM
2024-06-10T00:56:19.000000000Z,32,1,80420,38850.000000000,38850.000000000,38850.000000000,38850.000000000,1,YM
2024-06-10T00:56:28.000000000Z,32,1,80420,38849.000000000,38849.000000000,38849.000000000,38849.000000000,1,YM
2024-06-10T00:56:33.000000000Z,32,1,80420,38848.000000000,38848.000000000,38848.000000000,38848.000000000,2,YM
2024-06-10T00:56:53.000000000Z,32,1,80420,38849.000000000,38849.000000000,38849.000000000,38849.000000000,1,YM
2024-06-10T00:56:58.000000000Z,32,1,80420,38850.000000000,38850.000000000,38850.000000000,38850.000000000,1,YM
2024-06-10T00:58:26.000000000Z,32,1,80420,38850.000000000,38850.000000000,38850.000000000,38850.000000000,1,YM
2024-06-10T00:58:43.000000000Z,32,1,80420,38851.000000000,38851.000000000,38851.000000000,38851.000000000,5,YM
2024-06-10T00:58:46.000000000Z,32,1,80420,38852.000000000,38852.000000000,38852.000000000,38852.000000000,1,YM
2024-06-10T00:59:10.000000000Z,32,1,80420,38853.000000000,38853.000000000,38853.000000000,38853.000000000,2,YM
2024-06-10T00:59:11.000000000Z,32,1,80420,38855.000000000,38855.000000000,38854.000000000,38854.000000000,17,YM
2024-06-10T00:59:12.000000000Z,32,1,80420,38855.000000000,38855.000000000,38855.000000000,38855.000000000,2,YM
2024-06-10T00:59:15.000000000Z,32,1,80420,38854.000000000,38854.000000000,38854.000000000,38854.000000000,1,YM
2024-06-10T00:59:46.000000000Z,32,1,80420,38854.000000000,38854.000000000,38853.000000000,38853.000000000,2,YM
2024-06-10T00:59:49.000000000Z,32,1,80420,38853.000000000,38853.000000000,38853.000000000,38853.000000000,1,YM
2024-06-10T00:59:55.000000000Z,32,1,80420,38853.000000000,38853.000000000,38853.000000000,38853.000000000,1,YM
2024-06-10T01:00:00.000000000Z,32,1,80420,38852.000000000,38852.000000000,38852.000000000,38852.000000000,4,YM
2024-06-10T01:00:04.000000000Z,32,1,80420,38853.000000000,38853.000000000,38853.000000000,38853.000000000,1,YM
2024-06-10T01:00:11.000000000Z,32,1,80420,38853.000000000,38853.000000000,38853.000000000,38853.000000000,1,YM
2024-06-10T01:00:22.000000000Z,32,1,80420,38853.000000000,38853.000000000,38853.000000000,38853.000000000,1,YM
2024-06-10T01:00:40.000000000Z,32,1,80420,38854.000000000,38854.000000000,38854.000000000,38854.000000000,1,YM
2024-06-10T01:01:01.000000000Z,32,1,80420,38852.000000000,38852.000000000,38852.000000000,38852.000000000,1,YM
2024-06-10T01:01:22.000000000Z,32,1,80420,38853.000000000,38853.000000000,38853.000000000,38853.000000000,1,YM
2024-06-10T01:01:30.000000000Z,32,1,80420,38853.000000000,38853.000000000,38853.000000000,38853.000000000,1,YM
2024-06-10T01:01:43.000000000Z,32,1,80420,38852.000000000,38852.000000000,38851.000000000,38851.000000000,4,YM
2024-06-10T01:01:53.000000000Z,32,1,80420,38853.000000000,38853.000000000,38853.000000000,38853.000000000,2,YM
2024-06-10T01:01:55.000000000Z,32,1,80420,38852.000000000,38852.000000000,38852.000000000,38852.000000000,1,YM
2024-06-10T01:03:23.000000000Z,32,1,80420,38850.000000000,38850.000000000,38850.000000000,38850.000000000,1,YM
2024-06-10T01:03:30.000000000Z,32,1,80420,38851.000000000,38851.000000000,38851.000000000,38851.000000000,1,YM
2024-06-10T01:04:42.000000000Z,32,1,80420,38850.000000000,38850.000000000,38850.000000000,38850.000000000,1,YM
2024-06-10T01:04:47.000000000Z,32,1,80420,38850.000000000,38850.000000000,38850.000000000,38850.000000000,2,YM
2024-06-10T01:04:57.000000000Z,32,1,80420,38852.000000000,38852.000000000,38852.000000000,38852.000000000,1,YM
2024-06-10T01:05:13.000000000Z,32,1,80420,38851.000000000,38851.000000000,38851.000000000,38851.000000000,1,YM
2024-06-10T01:05:24.000000000Z,32,1,80420,38854.000000000,38855.000000000,38854.000000000,38855.000000000,3,YM
2024-06-10T01:05:26.000000000Z,32,1,80420,38855.000000000,38855.000000000,38855.000000000,38855.000000000,1,YM
2024-06-10T01:05:28.000000000Z,32,1,80420,38855.000000000,38855.000000000,38855.000000000,38855.000000000,1,YM
2024-06-10T01:05:33.000000000Z,32,1,80420,38854.000000000,38854.000000000,38854.000000000,38854.000000000,1,YM
2024-06-10T01:05:37.000000000Z,32,1,80420,38854.000000000,38854.000000000,38854.000000000,38854.000000000,1,YM
2024-06-10T01:05:38.000000000Z,32,1,80420,38854.000000000,38854.000000000,38854.000000000,38854.000000000,1,YM
2024-06-10T01:06:07.000000000Z,32,1,80420,38853.000000000,38853.000000000,38853.000000000,38853.000000000,2,YM
2024-06-10T01:06:30.000000000Z,32,1,80420,38852.000000000,38852.000000000,38852.000000000,38852.000000000,1,YM
2024-06-10T01:06:35.000000000Z,32,1,80420,38853.000000000,38853.000000000,38853.000000000,38853.000000000,1,YM
2024-06-10T01:07:02.000000000Z,32,1,80420,38853.000000000,38853.000000000,38853.000000000,38853.000000000,3,YM
2024-06-10T01:07:17.000000000Z,32,1,80420,38854.000000000,38855.000000000,38854.000000000,38855.000000000,5,YM
2024-06-10T01:07:30.000000000Z,32,1,80420,38854.000000000,38854.000000000,38854.000000000,38854.000000000,1,YM
2024-06-10T01:07:47.000000000Z,32,1,80420,38853.000000000,38853.000000000,38853.000000000,38853.000000000,1,YM
2024-06-10T01:08:46.000000000Z,32,1,80420,38855.000000000,38855.000000000,38855.000000000,38855.000000000,1,YM
2024-06-10T01:09:10.000000000Z,32,1,80420,38853.000000000,38853.000000000,38853.000000000,38853.000000000,1,YM
2024-06-10T01:09:22.000000000Z,32,1,80420,38852.000000000,38852.000000000,38852.000000000,38852.000000000,1,YM
2024-06-10T01:09:33.000000000Z,32,1,80420,38853.000000000,38853.000000000,38852.000000000,38852.000000000,2,YM
2024-06-10T01:09:52.000000000Z,32,1,80420,38853.000000000,38853.000000000,38853.000000000,38853.000000000,1,YM
2024-06-10T01:10:19.000000000Z,32,1,80420,38855.000000000,38855.000000000,38855.000000000,38855.000000000,1,YM
2024-06-10T01:10:28.000000000Z,32,1,80420,38856.000000000,38856.000000000,38856.000000000,38856.000000000,3,YM
2024-06-10T01:10:30.000000000Z,32,1,80420,38855.000000000,38855.000000000,38855.000000000,38855.000000000,1,YM
2024-06-10T01:10:42.000000000Z,32,1,80420,38855.000000000,38855.000000000,38854.000000000,38854.000000000,4,YM
2024-06-10T01:10:44.000000000Z,32,1,80420,38855.000000000,38855.000000000,38855.000000000,38855.000000000,1,YM
2024-06-10T01:10:53.000000000Z,32,1,80420,38854.000000000,38854.000000000,38854.000000000,38854.000000000,1,YM
2024-06-10T01:11:01.000000000Z,32,1,80420,38854.000000000,38854.000000000,38854.000000000,38854.000000000,1,YM
2024-06-10T01:11:03.000000000Z,32,1,80420,38854.000000000,38854.000000000,38853.000000000,38853.000000000,7,YM
2024-06-10T01:11:06.000000000Z,32,1,80420,38853.000000000,38853.000000000,38853.000000000,38853.000000000,1,YM
2024-06-10T01:11:09.000000000Z,32,1,80420,38854.000000000,38854.000000000,38854.000000000,38854.000000000,1,YM
2024-06-10T01:11:12.000000000Z,32,1,80420,38855.000000000,38855.000000000,38855.000000000,38855.000000000,2,YM
2024-06-10T01:11:14.000000000Z,32,1,80420,38854.000000000,38854.000000000,38854.000000000,38854.000000000,1,YM
2024-06-10T01:11:23.000000000Z,32,1,80420,38854.000000000,38854.000000000,38854.000000000,38854.000000000,1,YM
2024-06-10T01:12:01.000000000Z,32,1,80420,38853.000000000,38853.000000000,38853.000000000,38853.000000000,1,YM
2024-06-10T01:12:04.000000000Z,32,1,80420,38852.000000000,38852.000000000,38852.000000000,38852.000000000,2,YM
2024-06-10T01:12:08.000000000Z,32,1,80420,38853.000000000,38853.000000000,38853.000000000,38853.000000000,5,YM
2024-06-10T01:12:19.000000000Z,32,1,80420,38853.000000000,38853.000000000,38853.000000000,38853.000000000,1,YM
2024-06-10T01:12:54.000000000Z,32,1,80420,38852.000000000,38852.000000000,38852.000000000,38852.000000000,1,YM
2024-06-10T01:13:20.000000000Z,32,1,80420,38852.000000000,38852.000000000,38852.000000000,38852.000000000,1,YM
2024-06-10T01:13:31.000000000Z,32,1,80420,38853.000000000,38853.000000000,38853.000000000,38853.000000000,1,YM
2024-06-10T01:13:38.000000000Z,32,1,80420,38854.000000000,38854.000000000,38854.000000000,38854.000000000,1,YM
2024-06-10T01:13:48.000000000Z,32,1,80420,38853.000000000,38853.000000000,38853.000000000,38853.000000000,1,YM
2024-06-10T01:14:43.000000000Z,32,1,80420,38853.000000000,38853.000000000,38853.000000000,38853.000000000,2,YM
2024-06-10T01:14:58.000000000Z,32,1,80420,38852.000000000,38854.000000000,38852.000000000,38852.000000000,4,YM
2024-06-10T01:15:02.000000000Z,32,1,80420,38853.000000000,38853.000000000,38853.000000000,38853.000000000,1,YM
2024-06-10T01:15:25.000000000Z,32,1,80420,38853.000000000,38853.000000000,38853.000000000,38853.000000000,1,YM
2024-06-10T01:15:42.000000000Z,32,1,80420,38853.000000000,38853.000000000,38853.000000000,38853.000000000,1,YM
2024-06-10T01:16:00.000000000Z,32,1,80420,38852.000000000,38852.000000000,38852.000000000,38852.000000000,1,YM
2024-06-10T01:16:42.000000000Z,32,1,80420,38851.000000000,38851.000000000,38851.000000000,38851.000000000,1,YM
2024-06-10T01:17:07.000000000Z,32,1,80420,38850.000000000,38850.000000000,38849.000000000,38849.000000000,6,YM
2024-06-10T01:17:10.000000000Z,32,1,80420,38849.000000000,38849.000000000,38849.000000000,38849.000000000,1,YM
2024-06-10T01:17:11.000000000Z,32,1,80420,38849.000000000,38849.000000000,38849.000000000,38849.000000000,1,YM
2024-06-10T01:17:17.000000000Z,32,1,80420,38848.000000000,38848.000000000,38848.000000000,38848.000000000,1,YM
2024-06-10T01:17:22.000000000Z,32,1,80420,38849.000000000,38849.000000000,38849.000000000,38849.000000000,2,YM
2024-06-10T01:17:48.000000000Z,32,1,80420,38850.000000000,38850.000000000,38850.000000000,38850.000000000,1,YM
2024-06-10T01:17:53.000000000Z,32,1,80420,38851.000000000,38851.000000000,38851.000000000,38851.000000000,2,YM
2024-06-10T01:18:07.000000000Z,32,1,80420,38851.000000000,38851.000000000,38851.000000000,38851.000000000,2,YM
2024-06-10T01:18:16.000000000Z,32,1,80420,38851.000000000,38851.000000000,38850.000000000,38850.000000000,2,YM
2024-06-10T01:18:39.000000000Z,32,1,80420,38851.000000000,38851.000000000,38851.000000000,38851.000000000,2,YM
2024-06-10T01:18:53.000000000Z,32,1,80420,38851.000000000,38851.000000000,38851.000000000,38851.000000000,2,YM
2024-06-10T01:19:11.000000000Z,32,1,80420,38850.000000000,38850.000000000,38850.000000000,38850.000000000,2,YM
2024-06-10T01:19:50.000000000Z,32,1,80420,38851.000000000,38851.000000000,38851.000000000,38851.000000000,1,YM
2024-06-10T01:20:02.000000000Z,32,1,80420,38849.000000000,38849.000000000,38848.000000000,38848.000000000,3,YM
2024-06-10T01:20:08.000000000Z,32,1,80420,38847.000000000,38847.000000000,38847.000000000,38847.000000000,3,YM
2024-06-10T01:20:12.000000000Z,32,1,80420,38848.000000000,38848.000000000,38848.000000000,38848.000000000,1,YM
2024-06-10T01:20:19.000000000Z,32,1,80420,38847.000000000,38847.000000000,38847.000000000,38847.000000000,2,YM
2024-06-10T01:20:55.000000000Z,32,1,80420,38846.000000000,38846.000000000,38846.000000000,38846.000000000,2,YM
2024-06-10T01:21:00.000000000Z,32,1,80420,38846.000000000,38846.000000000,38846.000000000,38846.000000000,2,YM
2024-06-10T01:21:11.000000000Z,32,1,80420,38845.000000000,38845.000000000,38845.000000000,38845.000000000,2,YM
2024-06-10T01:22:05.000000000Z,32,1,80420,38847.000000000,38847.000000000,38847.000000000,38847.000000000,2,YM
2024-06-10T01:23:14.000000000Z,32,1,80420,38847.000000000,38847.000000000,38847.000000000,38847.000000000,2,YM
2024-06-10T01:23:17.000000000Z,32,1,80420,38846.000000000,38846.000000000,38846.000000000,38846.000000000,1,YM
2024-06-10T01:23:30.000000000Z,32,1,80420,38845.000000000,38845.000000000,38845.000000000,38845.000000000,1,YM
2024-06-10T01:24:00.000000000Z,32,1,80420,38846.000000000,38846.000000000,38846.000000000,38846.000000000,1,YM
2024-06-10T01:24:04.000000000Z,32,1,80420,38845.000000000,38845.000000000,38845.000000000,38845.000000000,2,YM
2024-06-10T01:24:24.000000000Z,32,1,80420,38846.000000000,38846.000000000,38845.000000000,38845.000000000,2,YM
2024-06-10T01:24:38.000000000Z,32,1,80420,38847.000000000,38847.000000000,38847.000000000,38847.000000000,1,YM
2024-06-10T01:25:09.000000000Z,32,1,80420,38846.000000000,38846.000000000,38846.000000000,38846.000000000,1,YM
2024-06-10T01:25:11.000000000Z,32,1,80420,38846.000000000,38846.000000000,38846.000000000,38846.000000000,1,YM
2024-06-10T01:25:13.000000000Z,32,1,80420,38845.000000000,38845.000000000,38845.000000000,38845.000000000,1,YM
2024-06-10T01:25:20.000000000Z,32,1,80420,38845.000000000,38845.000000000,38845.000000000,38845.000000000,2,YM
2024-06-10T01:25:27.000000000Z,32,1,80420,38845.000000000,38845.000000000,38845.000000000,38845.000000000,1,YM
2024-06-10T01:25:31.000000000Z,32,1,80420,38844.000000000,38844.000000000,38844.000000000,38844.000000000,3,YM
2024-06-10T01:25:35.000000000Z,32,1,80420,38843.000000000,38843.000000000,38842.000000000,38842.000000000,3,YM
2024-06-10T01:26:10.000000000Z,32,1,80420,38844.000000000,38844.000000000,38844.000000000,38844.000000000,1,YM
2024-06-10T01:26:13.000000000Z,32,1,80420,38845.000000000,38845.000000000,38845.000000000,38845.000000000,1,YM
2024-06-10T01:26:20.000000000Z,32,1,80420,38845.000000000,38845.000000000,38845.000000000,38845.000000000,3,YM
2024-06-10T01:26:26.000000000Z,32,1,80420,38846.000000000,38846.000000000,38846.000000000,38846.000000000,1,YM
2024-06-10T01:26:30.000000000Z,32,1,80420,38846.000000000,38846.000000000,38846.000000000,38846.000000000,1,YM
2024-06-10T01:27:40.000000000Z,32,1,80420,38847.000000000,38847.000000000,38847.000000000,38847.000000000,1,YM
2024-06-10T01:27:47.000000000Z,32,1,80420,38848.000000000,38848.000000000,38848.000000000,38848.000000000,1,YM
2024-06-10T01:27:48.000000000Z,32,1,80420,38849.000000000,38849.000000000,38849.000000000,38849.000000000,3,YM
2024-06-10T01:27:49.000000000Z,32,1,80420,38848.000000000,38848.000000000,38848.000000000,38848.000000000,1,YM
2024-06-10T01:27:54.000000000Z,32,1,80420,38848.000000000,38848.000000000,38848.000000000,38848.000000000,1,YM
2024-06-10T01:28:15.000000000Z,32,1,80420,38850.000000000,38850.000000000,38850.000000000,38850.000000000,1,YM
2024-06-10T01:28:16.000000000Z,32,1,80420,38849.000000000,38849.000000000,38849.000000000,38849.000000000,1,YM
2024-06-10T01:28:25.000000000Z,32,1,80420,38850.000000000,38850.000000000,38850.000000000,38850.000000000,1,YM
2024-06-10T01:28:30.000000000Z,32,1,80420,38848.000000000,38848.000000000,38848.000000000,38848.000000000,1,YM
2024-06-10T01:28:50.000000000Z,32,1,80420,38849.000000000,38849.000000000,38849.000000000,38849.000000000,1,YM
2024-06-10T01:29:46.000000000Z,32,1,80420,38850.000000000,38850.000000000,38850.000000000,38850.000000000,2,YM
2024-06-10T01:29:49.000000000Z,32,1,80420,38849.000000000,38849.000000000,38849.000000000,38849.000000000,1,YM
2024-06-10T01:29:56.000000000Z,32,1,80420,38848.000000000,38848.000000000,38848.000000000,38848.000000000,1,YM
2024-06-10T01:29:58.000000000Z,32,1,80420,38847.000000000,38847.000000000,38847.000000000,38847.000000000,1,YM
2024-06-10T01:30:00.000000000Z,32,1,80420,38848.000000000,38848.000000000,38848.000000000,38848.000000000,1,YM
2024-06-10T01:30:21.000000000Z,32,1,80420,38849.000000000,38849.000000000,38849.000000000,38849.000000000,2,YM
2024-06-10T01:30:30.000000000Z,32,1,80420,38848.000000000,38848.000000000,38848.000000000,38848.000000000,1,YM
2024-06-10T01:31:00.000000000Z,32,1,80420,38850.000000000,38850.000000000,38850.000000000,38850.000000000,1,YM
2024-06-10T01:31:03.000000000Z,32,1,80420,38850.000000000,38850.000000000,38850.000000000,38850.000000000,1,YM
2024-06-10T01:31:04.000000000Z,32,1,80420,38850.000000000,38850.000000000,38850.000000000,38850.000000000,1,YM
2024-06-10T01:31:18.000000000Z,32,1,80420,38849.000000000,38849.000000000,38849.000000000,38849.000000000,2,YM
2024-06-10T01:31:24.000000000Z,32,1,80420,38850.000000000,38850.000000000,38850.000000000,38850.000000000,2,YM
2024-06-10T01:32:09.000000000Z,32,1,80420,38851.000000000,38851.000000000,38851.000000000,38851.000000000,3,YM
2024-06-10T01:32:16.000000000Z,32,1,80420,38854.000000000,38854.000000000,38854.000000000,38854.000000000,3,YM
2024-06-10T01:32:18.000000000Z,32,1,80420,38854.000000000,38854.000000000,38854.000000000,38854.000000000,3,YM
2024-06-10T01:32:20.000000000Z,32,1,80420,38854.000000000,38854.000000000,38854.000000000,38854.000000000,1,YM
2024-06-10T01:32:21.000000000Z,32,1,80420,38855.000000000,38855.000000000,38855.000000000,38855.000000000,1,YM
2024-06-10T01:32:31.000000000Z,32,1,80420,38853.000000000,38853.000000000,38852.000000000,38852.000000000,4,YM
2024-06-10T01:32:46.000000000Z,32,1,80420,38853.000000000,38853.000000000,38853.000000000,38853.000000000,1,YM
2024-06-10T01:32:49.000000000Z,32,1,80420,38852.000000000,38852.000000000,38852.000000000,38852.000000000,1,YM
2024-06-10T01:32:56.000000000Z,32,1,80420,38852.000000000,38852.000000000,38852.000000000,38852.000000000,1,YM
2024-06-10T01:33:06.000000000Z,32,1,80420,38852.000000000,38852.000000000,38851.000000000,38851.000000000,2,YM
2024-06-10T01:33:33.000000000Z,32,1,80420,38852.000000000,38852.000000000,38852.000000000,38852.000000000,1,YM
2024-06-10T01:33:47.000000000Z,32,1,80420,38852.000000000,38852.000000000,38852.000000000,38852.000000000,1,YM
2024-06-10T01:34:00.000000000Z,32,1,80420,38854.000000000,38854.000000000,38853.000000000,38853.000000000,5,YM
2024-06-10T01:34:13.000000000Z,32,1,80420,38854.000000000,38854.000000000,38853.000000000,38853.000000000,7,YM
2024-06-10T01:34:16.000000000Z,32,1,80420,38852.000000000,38852.000000000,38852.000000000,38852.000000000,1,YM
2024-06-10T01:35:01.000000000Z,32,1,80420,38850.000000000,38850.000000000,38850.000000000,38850.000000000,1,YM
2024-06-10T01:35:21.000000000Z,32,1,80420,38849.000000000,38849.000000000,38849.000000000,38849.000000000,1,YM
2024-06-10T01:35:28.000000000Z,32,1,80420,38848.000000000,38848.000000000,38847.000000000,38847.000000000,4,YM
2024-06-10T01:35:36.000000000Z,32,1,80420,38846.000000000,38846.000000000,38846.000000000,38846.000000000,1,YM
2024-06-10T01:35:38.000000000Z,32,1,80420,38846.000000000,38846.000000000,38846.000000000,38846.000000000,1,YM
2024-06-10T01:35:40.000000000Z,32,1,80420,38847.000000000,38847.000000000,38847.000000000,38847.000000000,2,YM
2024-06-10T01:35:41.000000000Z,32,1,80420,38846.000000000,38846.000000000,38846.000000000,38846.000000000,1,YM
2024-06-10T01:38:02.000000000Z,32,1,80420,38846.000000000,38846.000000000,38846.000000000,38846.000000000,1,YM
2024-06-10T01:38:14.000000000Z,32,1,80420,38847.000000000,38847.000000000,38847.000000000,38847.000000000,2,YM
2024-06-10T01:38:37.000000000Z,32,1,80420,38847.000000000,38847.000000000,38847.000000000,38847.000000000,1,YM
2024-06-10T01:38:46.000000000Z,32,1,80420,38847.000000000,38847.000000000,38847.000000000,38847.000000000,1,YM
2024-06-10T01:39:19.000000000Z,32,1,80420,38848.000000000,38848.000000000,38848.000000000,38848.000000000,1,YM
2024-06-10T01:39:21.000000000Z,32,1,80420,38848.000000000,38848.000000000,38848.000000000,38848.000000000,1,YM
2024-06-10T01:39:26.000000000Z,32,1,80420,38849.000000000,38849.000000000,38849.000000000,38849.000000000,1,YM
2024-06-10T01:39:33.000000000Z,32,1,80420,38850.000000000,38850.000000000,38850.000000000,38850.000000000,1,YM
2024-06-10T01:39:48.000000000Z,32,1,80420,38850.000000000,38850.000000000,38850.000000000,38850.000000000,1,YM
2024-06-10T01:40:05.000000000Z,32,1,80420,38849.000000000,38849.000000000,38849.000000000,38849.000000000,2,YM
2024-06-10T01:40:38.000000000Z,32,1,80420,38845.000000000,38845.000000000,38845.000000000,38845.000000000,1,YM
2024-06-10T01:40:53.000000000Z,32,1,80420,38846.000000000,38846.000000000,38846.000000000,38846.000000000,1,YM
2024-06-10T01:41:12.000000000Z,32,1,80420,38845.000000000,38845.000000000,38845.000000000,38845.000000000,2,YM
2024-06-10T01:41:43.000000000Z,32,1,80420,38845.000000000,38845.000000000,38845.000000000,38845.000000000,1,YM
2024-06-10T01:42:10.000000000Z,32,1,80420,38845.000000000,38846.000000000,38845.000000000,38846.000000000,2,YM
2024-06-10T01:42:11.000000000Z,32,1,80420,38845.000000000,38845.000000000,38845.000000000,38845.000000000,1,YM
2024-06-10T01:42:16.000000000Z,32,1,80420,38847.000000000,38847.000000000,38847.000000000,38847.000000000,1,YM
2024-06-10T01:42:24.000000000Z,32,1,80420,38847.000000000,38847.000000000,38847.000000000,38847.000000000,2,YM
2024-06-10T01:42:31.000000000Z,32,1,80420,38846.000000000,38846.000000000,38846.000000000,38846.000000000,1,YM
2024-06-10T01:42:45.000000000Z,32,1,80420,38846.000000000,38846.000000000,38846.000000000,38846.000000000,1,YM
2024-06-10T01:42:47.000000000Z,32,1,80420,38846.000000000,38846.000000000,38846.000000000,38846.000000000,1,YM
2024-06-10T01:42:48.000000000Z,32,1,80420,38846.000000000,38846.000000000,38846.000000000,38846.000000000,1,YM
2024-06-10T01:42:49.000000000Z,32,1,80420,38846.000000000,38846.000000000,38846.000000000,38846.000000000,1,YM
2024-06-10T01:42:50.000000000Z,32,1,80420,38846.000000000,38846.000000000,38845.000000000,38845.000000000,2,YM
2024-06-10T01:42:51.000000000Z,32,1,80420,38846.000000000,38846.000000000,38846.000000000,38846.000000000,1,YM
2024-06-10T01:42:58.000000000Z,32,1,80420,38846.000000000,38846.000000000,38846.000000000,38846.000000000,1,YM
2024-06-10T01:43:03.000000000Z,32,1,80420,38848.000000000,38848.000000000,38848.000000000,38848.000000000,2,YM
2024-06-10T01:43:12.000000000Z,32,1,80420,38849.000000000,38849.000000000,38849.000000000,38849.000000000,1,YM
2024-06-10T01:43:16.000000000Z,32,1,80420,38850.000000000,38850.000000000,38850.000000000,38850.000000000,1,YM
2024-06-10T01:43:50.000000000Z,32,1,80420,38848.000000000,38848.000000000,38848.000000000,38848.000000000,4,YM
2024-06-10T01:43:52.000000000Z,32,1,80420,38849.000000000,38849.000000000,38849.000000000,38849.000000000,1,YM
2024-06-10T01:44:50.000000000Z,32,1,80420,38846.000000000,38846.000000000,38846.000000000,38846.000000000,1,YM
2024-06-10T01:45:00.000000000Z,32,1,80420,38845.000000000,38845.000000000,38845.000000000,38845.000000000,2,YM
2024-06-10T01:45:06.000000000Z,32,1,80420,38846.000000000,38846.000000000,38846.000000000,38846.000000000,2,YM
2024-06-10T01:45:12.000000000Z,32,1,80420,38847.000000000,38847.000000000,38847.000000000,38847.000000000,1,YM
2024-06-10T01:45:13.000000000Z,32,1,80420,38846.000000000,38846.000000000,38846.000000000,38846.000000000,1,YM
2024-06-10T01:45:30.000000000Z,32,1,80420,38846.000000000,38846.000000000,38846.000000000,38846.000000000,1,YM
2024-06-10T01:45:50.000000000Z,32,1,80420,38846.000000000,38846.000000000,38846.000000000,38846.000000000,2,YM
2024-06-10T01:45:55.000000000Z,32,1,80420,38846.000000000,38846.000000000,38846.000000000,38846.000000000,3,YM
2024-06-10T01:46:00.000000000Z,32,1,80420,38846.000000000,38846.000000000,38846.000000000,38846.000000000,1,YM
2024-06-10T01:46:53.000000000Z,32,1,80420,38846.000000000,38846.000000000,38846.000000000,38846.000000000,1,YM
2024-06-10T01:46:55.000000000Z,32,1,80420,38847.000000000,38847.000000000,38847.000000000,38847.000000000,2,YM
2024-06-10T01:47:05.000000000Z,32,1,80420,38848.000000000,38848.000000000,38848.000000000,38848.000000000,2,YM
2024-06-10T01:47:53.000000000Z,32,1,80420,38847.000000000,38847.000000000,38847.000000000,38847.000000000,4,YM
2024-06-10T01:47:55.000000000Z,32,1,80420,38846.000000000,38846.000000000,38846.000000000,38846.000000000,1,YM
2024-06-10T01:48:00.000000000Z,32,1,80420,38846.000000000,38846.000000000,38846.000000000,38846.000000000,1,YM
2024-06-10T01:48:04.000000000Z,32,1,80420,38847.000000000,38847.000000000,38847.000000000,38847.000000000,2,YM
2024-06-10T01:48:05.000000000Z,32,1,80420,38849.000000000,38849.000000000,38847.000000000,38847.000000000,3,YM
2024-06-10T01:48:38.000000000Z,32,1,80420,38846.000000000,38846.000000000,38846.000000000,38846.000000000,1,YM
2024-06-10T01:48:54.000000000Z,32,1,80420,38844.000000000,38844.000000000,38844.000000000,38844.000000000,1,YM
2024-06-10T01:49:10.000000000Z,32,1,80420,38844.000000000,38844.000000000,38844.000000000,38844.000000000,3,YM
2024-06-10T01:49:12.000000000Z,32,1,80420,38845.000000000,38845.000000000,38845.000000000,38845.000000000,2,YM
2024-06-10T01:49:16.000000000Z,32,1,80420,38845.000000000,38845.000000000,38845.000000000,38845.000000000,1,YM
2024-06-10T01:49:27.000000000Z,32,1,80420,38845.000000000,38845.000000000,38845.000000000,38845.000000000,1,YM
2024-06-10T01:49:32.000000000Z,32,1,80420,38844.000000000,38844.000000000,38844.000000000,38844.000000000,1,YM
2024-06-10T01:49:36.000000000Z,32,1,80420,38845.000000000,38845.000000000,38845.000000000,38845.000000000,1,YM
2024-06-10T01:49:44.000000000Z,32,1,80420,38845.000000000,38845.000000000,38845.000000000,38845.000000000,1,YM
2024-06-10T01:49:46.000000000Z,32,1,80420,38844.000000000,38844.000000000,38844.000000000,38844.000000000,2,YM
2024-06-10T01:49:52.000000000Z,32,1,80420,38844.000000000,38844.000000000,38844.000000000,38844.000000000,1,YM
2024-06-10T01:50:01.000000000Z,32,1,80420,38845.000000000,38845.000000000,38845.000000000,38845.000000000,1,YM
2024-06-10T01:50:30.000000000Z,32,1,80420,38844.000000000,38844.000000000,38844.000000000,38844.000000000,1,YM
2024-06-10T01:50:39.000000000Z,32,1,80420,38844.000000000,38844.000000000,38844.000000000,38844.000000000,1,YM
2024-06-10T01:51:02.000000000Z,32,1,80420,38844.000000000,38844.000000000,38844.000000000,38844.000000000,2,YM
2024-06-10T01:51:34.000000000Z,32,1,80420,38844.000000000,38844.000000000,38844.000000000,38844.000000000,2,YM
2024-06-10T01:51:42.000000000Z,32,1,80420,38845.000000000,38845.000000000,38845.000000000,38845.000000000,1,YM
2024-06-10T01:52:40.000000000Z,32,1,80420,38846.000000000,38847.000000000,38846.000000000,38846.000000000,5,YM
2024-06-10T01:52:41.000000000Z,32,1,80420,38848.000000000,38848.000000000,38848.000000000,38848.000000000,1,YM
2024-06-10T01:52:48.000000000Z,32,1,80420,38848.000000000,38848.000000000,38848.000000000,38848.000000000,1,YM
2024-06-10T01:52:50.000000000Z,32,1,80420,38848.000000000,38848.000000000,38848.000000000,38848.000000000,1,YM
2024-06-10T01:52:52.000000000Z,32,1,80420,38848.000000000,38848.000000000,38848.000000000,38848.000000000,2,YM
2024-06-10T01:52:53.000000000Z,32,1,80420,38849.000000000,38849.000000000,38847.000000000,38847.000000000,2,YM
2024-06-10T01:53:04.000000000Z,32,1,80420,38848.000000000,38848.000000000,38847.000000000,38847.000000000,2,YM
2024-06-10T01:53:32.000000000Z,32,1,80420,38847.000000000,38847.000000000,38847.000000000,38847.000000000,1,YM
2024-06-10T01:53:34.000000000Z,32,1,80420,38848.000000000,38848.000000000,38847.000000000,38847.000000000,2,YM
2024-06-10T01:53:37.000000000Z,32,1,80420,38847.000000000,38847.000000000,38847.000000000,38847.000000000,1,YM
2024-06-10T01:53:42.000000000Z,32,1,80420,38846.000000000,38846.000000000,38846.000000000,38846.000000000,1,YM
2024-06-10T01:53:56.000000000Z,32,1,80420,38846.000000000,38846.000000000,38846.000000000,38846.000000000,1,YM
2024-06-10T01:54:00.000000000Z,32,1,80420,38846.000000000,38846.000000000,38846.000000000,38846.000000000,4,YM
2024-06-10T01:54:02.000000000Z,32,1,80420,38845.000000000,38845.000000000,38845.000000000,38845.000000000,1,YM
2024-06-10T01:54:04.000000000Z,32,1,80420,38846.000000000,38846.000000000,38846.000000000,38846.000000000,1,YM
2024-06-10T01:54:05.000000000Z,32,1,80420,38845.000000000,38845.000000000,38845.000000000,38845.000000000,1,YM
2024-06-10T01:54:10.000000000Z,32,1,80420,38845.000000000,38845.000000000,38845.000000000,38845.000000000,1,YM
2024-06-10T01:54:31.000000000Z,32,1,80420,38847.000000000,38847.000000000,38847.000000000,38847.000000000,1,YM
2024-06-10T01:55:09.000000000Z,32,1,80420,38847.000000000,38847.000000000,38847.000000000,38847.000000000,1,YM
2024-06-10T01:55:30.000000000Z,32,1,80420,38846.000000000,38846.000000000,38846.000000000,38846.000000000,1,YM
2024-06-10T01:55:33.000000000Z,32,1,80420,38846.000000000,38846.000000000,38846.000000000,38846.000000000,1,YM
2024-06-10T01:55:55.000000000Z,32,1,80420,38848.000000000,38848.000000000,38848.000000000,38848.000000000,2,YM
2024-06-10T01:56:11.000000000Z,32,1,80420,38850.000000000,38850.000000000,38850.000000000,38850.000000000,4,YM
2024-06-10T01:56:18.000000000Z,32,1,80420,38849.000000000,38849.000000000,38849.000000000,38849.000000000,3,YM
2024-06-10T01:56:21.000000000Z,32,1,80420,38848.000000000,38848.000000000,38848.000000000,38848.000000000,2,YM
2024-06-10T01:56:32.000000000Z,32,1,80420,38848.000000000,38848.000000000,38848.000000000,38848.000000000,1,YM
2024-06-10T01:56:40.000000000Z,32,1,80420,38849.000000000,38849.000000000,38849.000000000,38849.000000000,1,YM
2024-06-10T01:56:53.000000000Z,32,1,80420,38849.000000000,38849.000000000,38849.000000000,38849.000000000,1,YM
2024-06-10T01:57:02.000000000Z,32,1,80420,38849.000000000,38849.000000000,38849.000000000,38849.000000000,1,YM
2024-06-10T01:57:04.000000000Z,32,1,80420,38850.000000000,38850.000000000,38850.000000000,38850.000000000,1,YM
2024-06-10T01:57:19.000000000Z,32,1,80420,38851.000000000,38851.000000000,38851.000000000,38851.000000000,1,YM
2024-06-10T01:57:21.000000000Z,32,1,80420,38850.000000000,38850.000000000,38850.000000000,38850.000000000,1,YM
2024-06-10T01:57:27.000000000Z,32,1,80420,38850.000000000,38850.000000000,38850.000000000,38850.000000000,1,YM
2024-06-10T01:57:50.000000000Z,32,1,80420,38849.000000000,38849.000000000,38849.000000000,38849.000000000,1,YM
2024-06-10T01:57:58.000000000Z,32,1,80420,38851.000000000,38851.000000000,38851.000000000,38851.000000000,1,YM
2024-06-10T01:57:59.000000000Z,32,1,80420,38849.000000000,38849.000000000,38849.000000000,38849.000000000,1,YM
2024-06-10T01:58:00.000000000Z,32,1,80420,38850.000000000,38850.000000000,38850.000000000,38850.000000000,2,YM
2024-06-10T01:58:30.000000000Z,32,1,80420,38850.000000000,38850.000000000,38850.000000000,38850.000000000,1,YM
2024-06-10T01:58:42.000000000Z,32,1,80420,38852.000000000,38852.000000000,38852.000000000,38852.000000000,4,YM
2024-06-10T01:58:55.000000000Z,32,1,80420,38851.000000000,38851.000000000,38851.000000000,38851.000000000,2,YM
2024-06-10T01:59:29.000000000Z,32,1,80420,38850.000000000,38850.000000000,38849.000000000,38849.000000000,5,YM
2024-06-10T01:59:30.000000000Z,32,1,80420,38848.000000000,38848.000000000,38848.000000000,38848.000000000,2,YM
2024-06-10T01:59:31.000000000Z,32,1,80420,38848.000000000,38848.000000000,38848.000000000,38848.000000000,1,YM
2024-06-10T01:59:35.000000000Z,32,1,80420,38849.000000000,38849.000000000,38849.000000000,38849.000000000,1,YM
2024-06-10T02:00:04.000000000Z,32,1,80420,38850.000000000,38850.000000000,38850.000000000,38850.000000000,1,YM
2024-06-10T02:00:11.000000000Z,32,1,80420,38849.000000000,38849.000000000,38849.000000000,38849.000000000,1,YM
2024-06-10T02:00:19.000000000Z,32,1,80420,38848.000000000,38848.000000000,38848.000000000,38848.000000000,2,YM
2024-06-10T02:00:30.000000000Z,32,1,80420,38847.000000000,38847.000000000,38847.000000000,38847.000000000,1,YM
2024-06-10T02:00:32.000000000Z,32,1,80420,38848.000000000,38848.000000000,38848.000000000,38848.000000000,1,YM
2024-06-10T02:01:09.000000000Z,32,1,80420,38848.000000000,38848.000000000,38848.000000000,38848.000000000,2,YM
2024-06-10T02:01:42.000000000Z,32,1,80420,38847.000000000,38847.000000000,38847.000000000,38847.000000000,1,YM
2024-06-10T02:02:01.000000000Z,32,1,80420,38847.000000000,38847.000000000,38846.000000000,38846.000000000,4,YM
2024-06-10T02:02:05.000000000Z,32,1,80420,38847.000000000,38847.000000000,38847.000000000,38847.000000000,1,YM
2024-06-10T02:02:30.000000000Z,32,1,80420,38846.000000000,38846.000000000,38846.000000000,38846.000000000,1,YM
2024-06-10T02:02:51.000000000Z,32,1,80420,38846.000000000,38846.000000000,38846.000000000,38846.000000000,1,YM
2024-06-10T02:03:10.000000000Z,32,1,80420,38845.000000000,38845.000000000,38845.000000000,38845.000000000,1,YM
2024-06-10T02:03:40.000000000Z,32,1,80420,38846.000000000,38846.000000000,38846.000000000,38846.000000000,1,YM
2024-06-10T02:04:04.000000000Z,32,1,80420,38846.000000000,38846.000000000,38846.000000000,38846.000000000,1,YM
2024-06-10T02:04:34.000000000Z,32,1,80420,38845.000000000,38845.000000000,38845.000000000,38845.000000000,1,YM
2024-06-10T02:04:45.000000000Z,32,1,80420,38846.000000000,38846.000000000,38846.000000000,38846.000000000,3,YM
2024-06-10T02:05:01.000000000Z,32,1,80420,38845.000000000,38845.000000000,38845.000000000,38845.000000000,1,YM
2024-06-10T02:05:21.000000000Z,32,1,80420,38847.000000000,38847.000000000,38847.000000000,38847.000000000,2,YM
2024-06-10T02:05:28.000000000Z,32,1,80420,38846.000000000,38846.000000000,38846.000000000,38846.000000000,2,YM
2024-06-10T02:05:32.000000000Z,32,1,80420,38847.000000000,38847.000000000,38847.000000000,38847.000000000,1,YM
2024-06-10T02:05:33.000000000Z,32,1,80420,38848.000000000,38848.000000000,38848.000000000,38848.000000000,1,YM
2024-06-10T02:05:35.000000000Z,32,1,80420,38848.000000000,38848.000000000,38846.000000000,38846.000000000,3,YM
2024-06-10T02:05:59.000000000Z,32,1,80420,38847.000000000,38847.000000000,38847.000000000,38847.000000000,1,YM
2024-06-10T02:06:03.000000000Z,32,1,80420,38847.000000000,38847.000000000,38847.000000000,38847.000000000,1,YM
2024-06-10T02:06:31.000000000Z,32,1,80420,38846.000000000,38846.000000000,38846.000000000,38846.000000000,1,YM
2024-06-10T02:06:49.000000000Z,32,1,80420,38847.000000000,38847.000000000,38847.000000000,38847.000000000,1,YM
2024-06-10T02:07:00.000000000Z,32,1,80420,38847.000000000,38847.000000000,38846.000000000,38846.000000000,5,YM
2024-06-10T02:07:04.000000000Z,32,1,80420,38847.000000000,38847.000000000,38847.000000000,38847.000000000,1,YM
2024-06-10T02:07:10.000000000Z,32,1,80420,38847.000000000,38847.000000000,38847.000000000,38847.000000000,2,YM
2024-06-10T02:07:20.000000000Z,32,1,80420,38848.000000000,38849.000000000,38848.000000000,38849.000000000,7,YM
2024-06-10T02:07:21.000000000Z,32,1,80420,38849.000000000,38849.000000000,38849.000000000,38849.000000000,1,YM
2024-06-10T02:07:40.000000000Z,32,1,80420,38849.000000000,38849.000000000,38849.000000000,38849.000000000,1,YM
2024-06-10T02:08:00.000000000Z,32,1,80420,38848.000000000,38848.000000000,38848.000000000,38848.000000000,2,YM
2024-06-10T02:08:06.000000000Z,32,1,80420,38848.000000000,38848.000000000,38848.000000000,38848.000000000,1,YM
2024-06-10T02:08:09.000000000Z,32,1,80420,38848.000000000,38848.000000000,38848.000000000,38848.000000000,1,YM
2024-06-10T02:08:13.000000000Z,32,1,80420,38847.000000000,38847.000000000,38847.000000000,38847.000000000,1,YM
2024-06-10T02:08:22.000000000Z,32,1,80420,38847.000000000,38847.000000000,38847.000000000,38847.000000000,2,YM
2024-06-10T02:09:28.000000000Z,32,1,80420,38847.000000000,38847.000000000,38847.000000000,38847.000000000,1,YM
2024-06-10T02:09:30.000000000Z,32,1,80420,38846.000000000,38846.000000000,38846.000000000,38846.000000000,1,YM
2024-06-10T02:09:46.000000000Z,32,1,80420,38846.000000000,38846.000000000,38846.000000000,38846.000000000,2,YM
2024-06-10T02:10:01.000000000Z,32,1,80420,38845.000000000,38845.000000000,38845.000000000,38845.000000000,1,YM
2024-06-10T02:10:20.000000000Z,32,1,80420,38845.000000000,38845.000000000,38845.000000000,38845.000000000,1,YM
2024-06-10T02:10:40.000000000Z,32,1,80420,38844.000000000,38844.000000000,38844.000000000,38844.000000000,1,YM
2024-06-10T02:12:17.000000000Z,32,1,80420,38843.000000000,38843.000000000,38841.000000000,38841.000000000,14,YM
2024-06-10T02:12:18.000000000Z,32,1,80420,38841.000000000,38841.000000000,38841.000000000,38841.000000000,2,YM
2024-06-10T02:12:27.000000000Z,32,1,80420,38841.000000000,38841.000000000,38841.000000000,38841.000000000,2,YM
2024-06-10T02:12:58.000000000Z,32,1,80420,38840.000000000,38840.000000000,38840.000000000,38840.000000000,1,YM
2024-06-10T02:13:07.000000000Z,32,1,80420,38842.000000000,38842.000000000,38842.000000000,38842.000000000,2,YM
2024-06-10T02:13:09.000000000Z,32,1,80420,38841.000000000,38841.000000000,38841.000000000,38841.000000000,1,YM
2024-06-10T02:13:14.000000000Z,32,1,80420,38842.000000000,38842.000000000,38842.000000000,38842.000000000,1,YM
2024-06-10T02:13:32.000000000Z,32,1,80420,38843.000000000,38843.000000000,38843.000000000,38843.000000000,2,YM
2024-06-10T02:14:30.000000000Z,32,1,80420,38843.000000000,38843.000000000,38843.000000000,38843.000000000,1,YM
2024-06-10T02:15:05.000000000Z,32,1,80420,38842.000000000,38842.000000000,38842.000000000,38842.000000000,1,YM
2024-06-10T02:15:46.000000000Z,32,1,80420,38844.000000000,38844.000000000,38844.000000000,38844.000000000,1,YM
2024-06-10T02:15:47.000000000Z,32,1,80420,38844.000000000,38844.000000000,38844.000000000,38844.000000000,1,YM
2024-06-10T02:15:56.000000000Z,32,1,80420,38845.000000000,38845.000000000,38845.000000000,38845.000000000,2,YM
2024-06-10T02:16:11.000000000Z,32,1,80420,38845.000000000,38845.000000000,38845.000000000,38845.000000000,3,YM
2024-06-10T02:16:24.000000000Z,32,1,80420,38845.000000000,38845.000000000,38845.000000000,38845.000000000,4,YM
2024-06-10T02:16:30.000000000Z,32,1,80420,38847.000000000,38847.000000000,38847.000000000,38847.000000000,1,YM
2024-06-10T02:17:03.000000000Z,32,1,80420,38847.000000000,38847.000000000,38847.000000000,38847.000000000,1,YM
2024-06-10T02:17:31.000000000Z,32,1,80420,38846.000000000,38846.000000000,38846.000000000,38846.000000000,1,YM
2024-06-10T02:18:08.000000000Z,32,1,80420,38848.000000000,38848.000000000,38848.000000000,38848.000000000,1,YM
2024-06-10T02:18:34.000000000Z,32,1,80420,38848.000000000,38848.000000000,38848.000000000,38848.000000000,1,YM
2024-06-10T02:18:40.000000000Z,32,1,80420,38848.000000000,38848.000000000,38848.000000000,38848.000000000,1,YM
2024-06-10T02:18:59.000000000Z,32,1,80420,38848.000000000,38848.000000000,38848.000000000,38848.000000000,1,YM
2024-06-10T02:20:33.000000000Z,32,1,80420,38847.000000000,38847.000000000,38847.000000000,38847.000000000,1,YM
2024-06-10T02:20:56.000000000Z,32,1,80420,38847.000000000,38847.000000000,38847.000000000,38847.000000000,3,YM
2024-06-10T02:21:28.000000000Z,32,1,80420,38848.000000000,38848.000000000,38848.000000000,38848.000000000,1,YM
2024-06-10T02:22:51.000000000Z,32,1,80420,38847.000000000,38847.000000000,38847.000000000,38847.000000000,1,YM
2024-06-10T02:23:37.000000000Z,32,1,80420,38849.000000000,38849.000000000,38849.000000000,38849.000000000,1,YM
2024-06-10T02:23:38.000000000Z,32,1,80420,38850.000000000,38850.000000000,38850.000000000,38850.000000000,3,YM
2024-06-10T02:24:00.000000000Z,32,1,80420,38850.000000000,38850.000000000,38850.000000000,38850.000000000,3,YM
2024-06-10T02:24:30.000000000Z,32,1,80420,38848.000000000,38848.000000000,38848.000000000,38848.000000000,1,YM
2024-06-10T02:25:07.000000000Z,32,1,80420,38847.000000000,38847.000000000,38847.000000000,38847.000000000,1,YM
2024-06-10T02:26:02.000000000Z,32,1,80420,38846.000000000,38846.000000000,38846.000000000,38846.000000000,1,YM
2024-06-10T02:26:06.000000000Z,32,1,80420,38845.000000000,38845.000000000,38845.000000000,38845.000000000,2,YM
2024-06-10T02:26:25.000000000Z,32,1,80420,38845.000000000,38845.000000000,38845.000000000,38845.000000000,1,YM
2024-06-10T02:26:34.000000000Z,32,1,80420,38845.000000000,38845.000000000,38845.000000000,38845.000000000,1,YM
2024-06-10T02:27:01.000000000Z,32,1,80420,38846.000000000,38846.000000000,38846.000000000,38846.000000000,1,YM
2024-06-10T02:28:18.000000000Z,32,1,80420,38844.000000000,38844.000000000,38844.000000000,38844.000000000,1,YM
2024-06-10T02:29:05.000000000Z,32,1,80420,38843.000000000,38843.000000000,38842.000000000,38842.000000000,3,YM
2024-06-10T02:29:29.000000000Z,32,1,80420,38842.000000000,38842.000000000,38842.000000000,38842.000000000,1,YM
2024-06-10T02:29:30.000000000Z,32,1,80420,38841.000000000,38841.000000000,38841.000000000,38841.000000000,1,YM
2024-06-10T02:30:05.000000000Z,32,1,80420,38841.000000000,38841.000000000,38840.000000000,38840.000000000,2,YM
2024-06-10T02:30:13.000000000Z,32,1,80420,38841.000000000,38841.000000000,38841.000000000,38841.000000000,1,YM
2024-06-10T02:30:25.000000000Z,32,1,80420,38843.000000000,38843.000000000,38843.000000000,38843.000000000,1,YM
2024-06-10T02:30:47.000000000Z,32,1,80420,38844.000000000,38844.000000000,38844.000000000,38844.000000000,1,YM
2024-06-10T02:31:12.000000000Z,32,1,80420,38843.000000000,38843.000000000,38842.000000000,38842.000000000,3,YM
2024-06-10T02:31:31.000000000Z,32,1,80420,38842.000000000,38842.000000000,38842.000000000,38842.000000000,1,YM
2024-06-10T02:31:53.000000000Z,32,1,80420,38840.000000000,38840.000000000,38840.000000000,38840.000000000,1,YM
2024-06-10T02:32:10.000000000Z,32,1,80420,38842.000000000,38842.000000000,38840.000000000,38840.000000000,2,YM
2024-06-10T02:32:33.000000000Z,32,1,80420,38840.000000000,38840.000000000,38838.000000000,38838.000000000,11,YM
2024-06-10T02:32:56.000000000Z,32,1,80420,38839.000000000,38839.000000000,38839.000000000,38839.000000000,1,YM
2024-06-10T02:33:26.000000000Z,32,1,80420,38838.000000000,38838.000000000,38838.000000000,38838.000000000,1,YM
2024-06-10T02:33:40.000000000Z,32,1,80420,38839.000000000,38839.000000000,38839.000000000,38839.000000000,1,YM
2024-06-10T02:34:04.000000000Z,32,1,80420,38839.000000000,38839.000000000,38839.000000000,38839.000000000,2,YM
2024-06-10T02:35:17.000000000Z,32,1,80420,38840.000000000,38840.000000000,38840.000000000,38840.000000000,1,YM
2024-06-10T02:35:28.000000000Z,32,1,80420,38839.000000000,38839.000000000,38839.000000000,38839.000000000,1,YM
2024-06-10T02:36:31.000000000Z,32,1,80420,38839.000000000,38839.000000000,38839.000000000,38839.000000000,1,YM
2024-06-10T02:36:40.000000000Z,32,1,80420,38840.000000000,38841.000000000,38840.000000000,38841.000000000,4,YM
2024-06-10T02:36:54.000000000Z,32,1,80420,38842.000000000,38842.000000000,38842.000000000,38842.000000000,1,YM
2024-06-10T02:37:00.000000000Z,32,1,80420,38842.000000000,38843.000000000,38842.000000000,38843.000000000,5,YM
2024-06-10T02:37:01.000000000Z,32,1,80420,38844.000000000,38845.000000000,38844.000000000,38845.000000000,9,YM
2024-06-10T02:37:04.000000000Z,32,1,80420,38845.000000000,38845.000000000,38845.000000000,38845.000000000,8,YM
2024-06-10T02:37:08.000000000Z,32,1,80420,38845.000000000,38845.000000000,38845.000000000,38845.000000000,1,YM
2024-06-10T02:37:19.000000000Z,32,1,80420,38845.000000000,38845.000000000,38845.000000000,38845.000000000,6,YM
2024-06-10T02:37:30.000000000Z,32,1,80420,38844.000000000,38844.000000000,38844.000000000,38844.000000000,1,YM
2024-06-10T02:37:33.000000000Z,32,1,80420,38844.000000000,38844.000000000,38844.000000000,38844.000000000,7,YM
2024-06-10T02:38:05.000000000Z,32,1,80420,38846.000000000,38846.000000000,38846.000000000,38846.000000000,9,YM
2024-06-10T02:38:07.000000000Z,32,1,80420,38845.000000000,38845.000000000,38845.000000000,38845.000000000,1,YM
2024-06-10T02:38:18.000000000Z,32,1,80420,38846.000000000,38846.000000000,38846.000000000,38846.000000000,7,YM
2024-06-10T02:38:30.000000000Z,32,1,80420,38844.000000000,38844.000000000,38844.000000000,38844.000000000,1,YM
2024-06-10T02:38:50.000000000Z,32,1,80420,38845.000000000,38845.000000000,38845.000000000,38845.000000000,4,YM
2024-06-10T02:39:02.000000000Z,32,1,80420,38845.000000000,38845.000000000,38845.000000000,38845.000000000,1,YM
2024-06-10T02:39:05.000000000Z,32,1,80420,38845.000000000,38845.000000000,38845.000000000,38845.000000000,1,YM
2024-06-10T02:39:35.000000000Z,32,1,80420,38845.000000000,38845.000000000,38845.000000000,38845.000000000,1,YM
2024-06-10T02:40:31.000000000Z,32,1,80420,38845.000000000,38845.000000000,38845.000000000,38845.000000000,3,YM
2024-06-10T02:40:36.000000000Z,32,1,80420,38844.000000000,38844.000000000,38844.000000000,38844.000000000,1,YM
2024-06-10T02:40:41.000000000Z,32,1,80420,38844.000000000,38844.000000000,38844.000000000,38844.000000000,1,YM
2024-06-10T02:41:11.000000000Z,32,1,80420,38843.000000000,38843.000000000,38843.000000000,38843.000000000,2,YM
2024-06-10T02:41:13.000000000Z,32,1,80420,38844.000000000,38844.000000000,38844.000000000,38844.000000000,4,YM
2024-06-10T02:41:40.000000000Z,32,1,80420,38844.000000000,38844.000000000,38844.000000000,38844.000000000,1,YM
2024-06-10T02:41:47.000000000Z,32,1,80420,38843.000000000,38843.000000000,38843.000000000,38843.000000000,1,YM
2024-06-10T02:42:13.000000000Z,32,1,80420,38845.000000000,38845.000000000,38845.000000000,38845.000000000,2,YM
2024-06-10T02:42:21.000000000Z,32,1,80420,38846.000000000,38846.000000000,38846.000000000,38846.000000000,1,YM
2024-06-10T02:42:32.000000000Z,32,1,80420,38846.000000000,38846.000000000,38844.000000000,38844.000000000,2,YM
2024-06-10T02:43:13.000000000Z,32,1,80420,38847.000000000,38847.000000000,38847.000000000,38847.000000000,1,YM
2024-06-10T02:43:17.000000000Z,32,1,80420,38846.000000000,38846.000000000,38846.000000000,38846.000000000,1,YM
2024-06-10T02:43:37.000000000Z,32,1,80420,38844.000000000,38844.000000000,38844.000000000,38844.000000000,1,YM
2024-06-10T02:44:00.000000000Z,32,1,80420,38845.000000000,38845.000000000,38845.000000000,38845.000000000,1,YM
2024-06-10T02:44:39.000000000Z,32,1,80420,38845.000000000,38845.000000000,38845.000000000,38845.000000000,1,YM
2024-06-10T02:44:40.000000000Z,32,1,80420,38846.000000000,38846.000000000,38846.000000000,38846.000000000,1,YM
2024-06-10T02:44:54.000000000Z,32,1,80420,38843.000000000,38843.000000000,38843.000000000,38843.000000000,1,YM
2024-06-10T02:45:00.000000000Z,32,1,80420,38843.000000000,38843.000000000,38843.000000000,38843.000000000,1,YM
2024-06-10T02:45:35.000000000Z,32,1,80420,38843.000000000,38843.000000000,38843.000000000,38843.000000000,4,YM
2024-06-10T02:46:02.000000000Z,32,1,80420,38841.000000000,38841.000000000,38841.000000000,38841.000000000,1,YM
2024-06-10T02:46:10.000000000Z,32,1,80420,38842.000000000,38842.000000000,38842.000000000,38842.000000000,3,YM
2024-06-10T02:46:13.000000000Z,32,1,80420,38842.000000000,38842.000000000,38842.000000000,38842.000000000,1,YM
2024-06-10T02:46:48.000000000Z,32,1,80420,38843.000000000,38843.000000000,38843.000000000,38843.000000000,2,YM
2024-06-10T02:46:49.000000000Z,32,1,80420,38843.000000000,38843.000000000,38843.000000000,38843.000000000,1,YM
2024-06-10T02:47:20.000000000Z,32,1,80420,38844.000000000,38844.000000000,38844.000000000,38844.000000000,3,YM
2024-06-10T02:48:36.000000000Z,32,1,80420,38845.000000000,38845.000000000,38845.000000000,38845.000000000,1,YM
2024-06-10T02:48:45.000000000Z,32,1,80420,38845.000000000,38845.000000000,38845.000000000,38845.000000000,1,YM
2024-06-10T02:48:46.000000000Z,32,1,80420,38846.000000000,38846.000000000,38846.000000000,38846.000000000,1,YM
2024-06-10T02:49:05.000000000Z,32,1,80420,38845.000000000,38845.000000000,38845.000000000,38845.000000000,1,YM
2024-06-10T02:49:16.000000000Z,32,1,80420,38844.000000000,38844.000000000,38844.000000000,38844.000000000,1,YM
2024-06-10T02:49:48.000000000Z,32,1,80420,38846.000000000,38846.000000000,38846.000000000,38846.000000000,1,YM
2024-06-10T02:50:31.000000000Z,32,1,80420,38847.000000000,38847.000000000,38847.000000000,38847.000000000,1,YM
2024-06-10T02:50:49.000000000Z,32,1,80420,38846.000000000,38846.000000000,38846.000000000,38846.000000000,1,YM
2024-06-10T02:51:11.000000000Z,32,1,80420,38848.000000000,38848.000000000,38848.000000000,38848.000000000,1,YM
2024-06-10T02:51:13.000000000Z,32,1,80420,38849.000000000,38849.000000000,38849.000000000,38849.000000000,2,YM
2024-06-10T02:52:09.000000000Z,32,1,80420,38849.000000000,38849.000000000,38849.000000000,38849.000000000,1,YM
2024-06-10T02:52:20.000000000Z,32,1,80420,38849.000000000,38849.000000000,38849.000000000,38849.000000000,1,YM
2024-06-10T02:52:24.000000000Z,32,1,80420,38850.000000000,38850.000000000,38850.000000000,38850.000000000,2,YM
2024-06-10T02:52:30.000000000Z,32,1,80420,38851.000000000,38852.000000000,38851.000000000,38852.000000000,2,YM
2024-06-10T02:52:31.000000000Z,32,1,80420,38851.000000000,38851.000000000,38851.000000000,38851.000000000,1,YM
2024-06-10T02:52:36.000000000Z,32,1,80420,38852.000000000,38852.000000000,38852.000000000,38852.000000000,1,YM
2024-06-10T02:52:38.000000000Z,32,1,80420,38852.000000000,38852.000000000,38852.000000000,38852.000000000,1,YM
2024-06-10T02:52:53.000000000Z,32,1,80420,38850.000000000,38850.000000000,38850.000000000,38850.000000000,1,YM
2024-06-10T02:52:58.000000000Z,32,1,80420,38850.000000000,38850.000000000,38850.000000000,38850.000000000,1,YM
2024-06-10T02:53:03.000000000Z,32,1,80420,38850.000000000,38850.000000000,38850.000000000,38850.000000000,1,YM
2024-06-10T02:53:09.000000000Z,32,1,80420,38851.000000000,38851.000000000,38851.000000000,38851.000000000,1,YM
2024-06-10T02:53:15.000000000Z,32,1,80420,38850.000000000,38850.000000000,38850.000000000,38850.000000000,4,YM
2024-06-10T02:53:32.000000000Z,32,1,80420,38850.000000000,38850.000000000,38850.000000000,38850.000000000,1,YM
2024-06-10T02:53:35.000000000Z,32,1,80420,38850.000000000,38850.000000000,38850.000000000,38850.000000000,1,YM
2024-06-10T02:53:54.000000000Z,32,1,80420,38849.000000000,38849.000000000,38849.000000000,38849.000000000,1,YM
2024-06-10T02:53:58.000000000Z,32,1,80420,38848.000000000,38848.000000000,38848.000000000,38848.000000000,8,YM
2024-06-10T02:54:27.000000000Z,32,1,80420,38848.000000000,38848.000000000,38848.000000000,38848.000000000,1,YM
2024-06-10T02:55:30.000000000Z,32,1,80420,38847.000000000,38847.000000000,38847.000000000,38847.000000000,1,YM
2024-06-10T02:56:03.000000000Z,32,1,80420,38848.000000000,38848.000000000,38848.000000000,38848.000000000,3,YM
2024-06-10T02:57:05.000000000Z,32,1,80420,38849.000000000,38849.000000000,38849.000000000,38849.000000000,1,YM
2024-06-10T02:57:32.000000000Z,32,1,80420,38847.000000000,38847.000000000,38847.000000000,38847.000000000,1,YM
2024-06-10T02:57:42.000000000Z,32,1,80420,38847.000000000,38847.000000000,38847.000000000,38847.000000000,1,YM
2024-06-10T02:58:33.000000000Z,32,1,80420,38847.000000000,38847.000000000,38847.000000000,38847.000000000,1,YM
2024-06-10T03:00:02.000000000Z,32,1,80420,38849.000000000,38849.000000000,38849.000000000,38849.000000000,1,YM
2024-06-10T03:00:34.000000000Z,32,1,80420,38850.000000000,38850.000000000,38849.000000000,38849.000000000,5,YM
2024-06-10T03:00:36.000000000Z,32,1,80420,38849.000000000,38849.000000000,38849.000000000,38849.000000000,1,YM
2024-06-10T03:00:51.000000000Z,32,1,80420,38851.000000000,38852.000000000,38851.000000000,38852.000000000,3,YM
2024-06-10T03:00:53.000000000Z,32,1,80420,38852.000000000,38852.000000000,38852.000000000,38852.000000000,2,YM
2024-06-10T03:01:01.000000000Z,32,1,80420,38852.000000000,38852.000000000,38852.000000000,38852.000000000,1,YM
2024-06-10T03:01:09.000000000Z,32,1,80420,38851.000000000,38851.000000000,38851.000000000,38851.000000000,2,YM
2024-06-10T03:01:10.000000000Z,32,1,80420,38851.000000000,38851.000000000,38851.000000000,38851.000000000,7,YM
2024-06-10T03:01:21.000000000Z,32,1,80420,38853.000000000,38853.000000000,38853.000000000,38853.000000000,2,YM
2024-06-10T03:01:30.000000000Z,32,1,80420,38851.000000000,38851.000000000,38851.000000000,38851.000000000,1,YM
2024-06-10T03:02:53.000000000Z,32,1,80420,38852.000000000,38852.000000000,38852.000000000,38852.000000000,5,YM
2024-06-10T03:03:01.000000000Z,32,1,80420,38852.000000000,38852.000000000,38852.000000000,38852.000000000,1,YM
2024-06-10T03:03:39.000000000Z,32,1,80420,38853.000000000,38853.000000000,38853.000000000,38853.000000000,2,YM
2024-06-10T03:04:07.000000000Z,32,1,80420,38854.000000000,38854.000000000,38854.000000000,38854.000000000,4,YM
2024-06-10T03:04:10.000000000Z,32,1,80420,38854.000000000,38854.000000000,38854.000000000,38854.000000000,3,YM
2024-06-10T03:04:13.000000000Z,32,1,80420,38854.000000000,38854.000000000,38854.000000000,38854.000000000,1,YM
2024-06-10T03:04:21.000000000Z,32,1,80420,38854.000000000,38854.000000000,38854.000000000,38854.000000000,1,YM
2024-06-10T03:04:30.000000000Z,32,1,80420,38853.000000000,38853.000000000,38853.000000000,38853.000000000,1,YM
2024-06-10T03:04:38.000000000Z,32,1,80420,38855.000000000,38855.000000000,38855.000000000,38855.000000000,2,YM
2024-06-10T03:04:45.000000000Z,32,1,80420,38855.000000000,38855.000000000,38855.000000000,38855.000000000,1,YM
2024-06-10T03:05:01.000000000Z,32,1,80420,38855.000000000,38855.000000000,38855.000000000,38855.000000000,1,YM
2024-06-10T03:05:15.000000000Z,32,1,80420,38855.000000000,38855.000000000,38855.000000000,38855.000000000,2,YM
2024-06-10T03:05:18.000000000Z,32,1,80420,38855.000000000,38855.000000000,38855.000000000,38855.000000000,1,YM
2024-06-10T03:05:35.000000000Z,32,1,80420,38854.000000000,38854.000000000,38854.000000000,38854.000000000,6,YM
2024-06-10T03:06:13.000000000Z,32,1,80420,38855.000000000,38855.000000000,38855.000000000,38855.000000000,4,YM
2024-06-10T03:06:15.000000000Z,32,1,80420,38854.000000000,38854.000000000,38854.000000000,38854.000000000,6,YM
2024-06-10T03:06:29.000000000Z,32,1,80420,38855.000000000,38855.000000000,38855.000000000,38855.000000000,1,YM
2024-06-10T03:06:45.000000000Z,32,1,80420,38855.000000000,38856.000000000,38855.000000000,38856.000000000,4,YM
2024-06-10T03:06:55.000000000Z,32,1,80420,38856.000000000,38856.000000000,38856.000000000,38856.000000000,6,YM
2024-06-10T03:07:01.000000000Z,32,1,80420,38856.000000000,38856.000000000,38856.000000000,38856.000000000,1,YM
2024-06-10T03:07:03.000000000Z,32,1,80420,38856.000000000,38856.000000000,38856.000000000,38856.000000000,1,YM
2024-06-10T03:07:17.000000000Z,32,1,80420,38857.000000000,38858.000000000,38857.000000000,38858.000000000,8,YM
2024-06-10T03:07:30.000000000Z,32,1,80420,38857.000000000,38857.000000000,38857.000000000,38857.000000000,6,YM
2024-06-10T03:07:35.000000000Z,32,1,80420,38856.000000000,38856.000000000,38856.000000000,38856.000000000,1,YM
2024-06-10T03:07:40.000000000Z,32,1,80420,38857.000000000,38857.000000000,38857.000000000,38857.000000000,2,YM
2024-06-10T03:07:56.000000000Z,32,1,80420,38857.000000000,38857.000000000,38857.000000000,38857.000000000,3,YM
2024-06-10T03:08:07.000000000Z,32,1,80420,38857.000000000,38857.000000000,38857.000000000,38857.000000000,1,YM
2024-06-10T03:08:28.000000000Z,32,1,80420,38858.000000000,38858.000000000,38858.000000000,38858.000000000,1,YM
2024-06-10T03:08:55.000000000Z,32,1,80420,38857.000000000,38857.000000000,38857.000000000,38857.000000000,5,YM
2024-06-10T03:09:01.000000000Z,32,1,80420,38858.000000000,38858.000000000,38858.000000000,38858.000000000,1,YM
2024-06-10T03:09:30.000000000Z,32,1,80420,38858.000000000,38858.000000000,38858.000000000,38858.000000000,4,YM
2024-06-10T03:10:01.000000000Z,32,1,80420,38859.000000000,38859.000000000,38858.000000000,38859.000000000,9,YM
2024-06-10T03:10:04.000000000Z,32,1,80420,38860.000000000,38861.000000000,38860.000000000,38861.000000000,6,YM
2024-06-10T03:10:17.000000000Z,32,1,80420,38861.000000000,38861.000000000,38861.000000000,38861.000000000,1,YM
2024-06-10T03:10:57.000000000Z,32,1,80420,38860.000000000,38860.000000000,38860.000000000,38860.000000000,1,YM
2024-06-10T03:11:07.000000000Z,32,1,80420,38860.000000000,38860.000000000,38860.000000000,38860.000000000,3,YM
2024-06-10T03:11:08.000000000Z,32,1,80420,38861.000000000,38864.000000000,38861.000000000,38863.000000000,35,YM
2024-06-10T03:11:09.000000000Z,32,1,80420,38863.000000000,38863.000000000,38863.000000000,38863.000000000,1,YM
2024-06-10T03:11:18.000000000Z,32,1,80420,38864.000000000,38864.000000000,38863.000000000,38863.000000000,12,YM
2024-06-10T03:11:27.000000000Z,32,1,80420,38863.000000000,38863.000000000,38863.000000000,38863.000000000,3,YM
2024-06-10T03:11:35.000000000Z,32,1,80420,38864.000000000,38864.000000000,38864.000000000,38864.000000000,1,YM
2024-06-10T03:11:40.000000000Z,32,1,80420,38865.000000000,38865.000000000,38865.000000000,38865.000000000,3,YM
2024-06-10T03:11:56.000000000Z,32,1,80420,38865.000000000,38865.000000000,38865.000000000,38865.000000000,1,YM
2024-06-10T03:11:59.000000000Z,32,1,80420,38864.000000000,38864.000000000,38864.000000000,38864.000000000,1,YM
2024-06-10T03:12:12.000000000Z,32,1,80420,38863.000000000,38863.000000000,38863.000000000,38863.000000000,1,YM
2024-06-10T03:12:25.000000000Z,32,1,80420,38865.000000000,38865.000000000,38865.000000000,38865.000000000,3,YM
2024-06-10T03:12:32.000000000Z,32,1,80420,38863.000000000,38863.000000000,38863.000000000,38863.000000000,1,YM
2024-06-10T03:12:41.000000000Z,32,1,80420,38865.000000000,38865.000000000,38865.000000000,38865.000000000,2,YM
2024-06-10T03:13:20.000000000Z,32,1,80420,38864.000000000,38864.000000000,38864.000000000,38864.000000000,2,YM
2024-06-10T03:13:30.000000000Z,32,1,80420,38863.000000000,38863.000000000,38863.000000000,38863.000000000,2,YM
2024-06-10T03:13:39.000000000Z,32,1,80420,38864.000000000,38865.000000000,38864.000000000,38865.000000000,5,YM
2024-06-10T03:14:07.000000000Z,32,1,80420,38866.000000000,38866.000000000,38866.000000000,38866.000000000,1,YM
2024-06-10T03:14:13.000000000Z,32,1,80420,38867.000000000,38869.000000000,38867.000000000,38869.000000000,8,YM
2024-06-10T03:14:15.000000000Z,32,1,80420,38868.000000000,38868.000000000,38868.000000000,38868.000000000,2,YM
2024-06-10T03:14:32.000000000Z,32,1,80420,38868.000000000,38868.000000000,38868.000000000,38868.000000000,1,YM
2024-06-10T03:14:34.000000000Z,32,1,80420,38868.000000000,38868.000000000,38868.000000000,38868.000000000,1,YM
2024-06-10T03:14:36.000000000Z,32,1,80420,38867.000000000,38867.000000000,38867.000000000,38867.000000000,1,YM
2024-06-10T03:14:42.000000000Z,32,1,80420,38868.000000000,38868.000000000,38868.000000000,38868.000000000,1,YM
2024-06-10T03:15:00.000000000Z,32,1,80420,38867.000000000,38873.000000000,38867.000000000,38870.000000000,36,YM
2024-06-10T03:15:06.000000000Z,32,1,80420,38869.000000000,38869.000000000,38869.000000000,38869.000000000,2,YM
2024-06-10T03:15:20.000000000Z,32,1,80420,38868.000000000,38869.000000000,38868.000000000,38869.000000000,3,YM
2024-06-10T03:15:31.000000000Z,32,1,80420,38868.000000000,38868.000000000,38868.000000000,38868.000000000,1,YM
2024-06-10T03:16:03.000000000Z,32,1,80420,38869.000000000,38869.000000000,38869.000000000,38869.000000000,2,YM
2024-06-10T03:16:08.000000000Z,32,1,80420,38868.000000000,38868.000000000,38868.000000000,38868.000000000,1,YM
2024-06-10T03:16:13.000000000Z,32,1,80420,38870.000000000,38870.000000000,38870.000000000,38870.000000000,1,YM
2024-06-10T03:16:25.000000000Z,32,1,80420,38870.000000000,38870.000000000,38870.000000000,38870.000000000,1,YM
2024-06-10T03:16:29.000000000Z,32,1,80420,38869.000000000,38869.000000000,38869.000000000,38869.000000000,1,YM
2024-06-10T03:16:30.000000000Z,32,1,80420,38871.000000000,38872.000000000,38871.000000000,38871.000000000,9,YM
2024-06-10T03:16:31.000000000Z,32,1,80420,38873.000000000,38873.000000000,38872.000000000,38872.000000000,5,YM
2024-06-10T03:16:39.000000000Z,32,1,80420,38872.000000000,38872.000000000,38871.000000000,38871.000000000,5,YM
2024-06-10T03:16:47.000000000Z,32,1,80420,38870.000000000,38870.000000000,38870.000000000,38870.000000000,3,YM
2024-06-10T03:17:02.000000000Z,32,1,80420,38869.000000000,38869.000000000,38869.000000000,38869.000000000,3,YM
2024-06-10T03:17:10.000000000Z,32,1,80420,38870.000000000,38870.000000000,38869.000000000,38869.000000000,2,YM
2024-06-10T03:18:19.000000000Z,32,1,80420,38869.000000000,38869.000000000,38869.000000000,38869.000000000,2,YM
2024-06-10T03:18:30.000000000Z,32,1,80420,38869.000000000,38869.000000000,38869.000000000,38869.000000000,1,YM
2024-06-10T03:18:38.000000000Z,32,1,80420,38868.000000000,38868.000000000,38868.000000000,38868.000000000,2,YM
2024-06-10T03:18:57.000000000Z,32,1,80420,38870.000000000,38870.000000000,38870.000000000,38870.000000000,1,YM
2024-06-10T03:19:03.000000000Z,32,1,80420,38870.000000000,38870.000000000,38870.000000000,38870.000000000,1,YM
2024-06-10T03:19:20.000000000Z,32,1,80420,38869.000000000,38869.000000000,38869.000000000,38869.000000000,1,YM
2024-06-10T03:19:22.000000000Z,32,1,80420,38870.000000000,38870.000000000,38870.000000000,38870.000000000,1,YM
2024-06-10T03:19:35.000000000Z,32,1,80420,38869.000000000,38869.000000000,38869.000000000,38869.000000000,1,YM
2024-06-10T03:20:08.000000000Z,32,1,80420,38871.000000000,38871.000000000,38871.000000000,38871.000000000,1,YM
2024-06-10T03:20:35.000000000Z,32,1,80420,38870.000000000,38870.000000000,38870.000000000,38870.000000000,1,YM
2024-06-10T03:21:13.000000000Z,32,1,80420,38872.000000000,38872.000000000,38872.000000000,38872.000000000,1,YM
2024-06-10T03:21:16.000000000Z,32,1,80420,38871.000000000,38871.000000000,38871.000000000,38871.000000000,4,YM
2024-06-10T03:21:19.000000000Z,32,1,80420,38871.000000000,38871.000000000,38871.000000000,38871.000000000,2,YM
2024-06-10T03:21:21.000000000Z,32,1,80420,38870.000000000,38870.000000000,38870.000000000,38870.000000000,1,YM
2024-06-10T03:21:30.000000000Z,32,1,80420,38870.000000000,38870.000000000,38870.000000000,38870.000000000,1,YM
2024-06-10T03:22:06.000000000Z,32,1,80420,38870.000000000,38870.000000000,38870.000000000,38870.000000000,1,YM
2024-06-10T03:22:45.000000000Z,32,1,80420,38871.000000000,38871.000000000,38871.000000000,38871.000000000,3,YM
2024-06-10T03:22:51.000000000Z,32,1,80420,38871.000000000,38872.000000000,38871.000000000,38872.000000000,10,YM
2024-06-10T03:22:58.000000000Z,32,1,80420,38873.000000000,38873.000000000,38873.000000000,38873.000000000,1,YM
2024-06-10T03:23:00.000000000Z,32,1,80420,38873.000000000,38873.000000000,38873.000000000,38873.000000000,1,YM
2024-06-10T03:23:02.000000000Z,32,1,80420,38873.000000000,38873.000000000,38873.000000000,38873.000000000,1,YM
2024-06-10T03:23:03.000000000Z,32,1,80420,38873.000000000,38873.000000000,38873.000000000,38873.000000000,3,YM
2024-06-10T03:23:04.000000000Z,32,1,80420,38873.000000000,38873.000000000,38873.000000000,38873.000000000,1,YM
2024-06-10T03:23:06.000000000Z,32,1,80420,38872.000000000,38872.000000000,38872.000000000,38872.000000000,2,YM
2024-06-10T03:23:09.000000000Z,32,1,80420,38871.000000000,38871.000000000,38871.000000000,38871.000000000,2,YM
2024-06-10T03:23:44.000000000Z,32,1,80420,38872.000000000,38872.000000000,38872.000000000,38872.000000000,1,YM
2024-06-10T03:23:46.000000000Z,32,1,80420,38872.000000000,38872.000000000,38871.000000000,38871.000000000,2,YM
2024-06-10T03:23:47.000000000Z,32,1,80420,38873.000000000,38873.000000000,38873.000000000,38873.000000000,1,YM
2024-06-10T03:23:49.000000000Z,32,1,80420,38873.000000000,38873.000000000,38873.000000000,38873.000000000,1,YM
2024-06-10T03:24:13.000000000Z,32,1,80420,38873.000000000,38873.000000000,38873.000000000,38873.000000000,1,YM
2024-06-10T03:24:14.000000000Z,32,1,80420,38874.000000000,38874.000000000,38873.000000000,38873.000000000,4,YM
2024-06-10T03:24:22.000000000Z,32,1,80420,38874.000000000,38874.000000000,38872.000000000,38872.000000000,2,YM
2024-06-10T03:24:30.000000000Z,32,1,80420,38873.000000000,38873.000000000,38873.000000000,38873.000000000,3,YM
2024-06-10T03:24:32.000000000Z,32,1,80420,38873.000000000,38874.000000000,38872.000000000,38874.000000000,11,YM
2024-06-10T03:24:33.000000000Z,32,1,80420,38872.000000000,38872.000000000,38872.000000000,38872.000000000,1,YM
2024-06-10T03:24:42.000000000Z,32,1,80420,38872.000000000,38872.000000000,38872.000000000,38872.000000000,1,YM
2024-06-10T03:24:50.000000000Z,32,1,80420,38872.000000000,38872.000000000,38872.000000000,38872.000000000,3,YM
2024-06-10T03:24:57.000000000Z,32,1,80420,38873.000000000,38873.000000000,38873.000000000,38873.000000000,1,YM
2024-06-10T03:25:01.000000000Z,32,1,80420,38872.000000000,38872.000000000,38872.000000000,38872.000000000,3,YM
2024-06-10T03:25:24.000000000Z,32,1,80420,38872.000000000,38872.000000000,38872.000000000,38872.000000000,1,YM
2024-06-10T03:25:36.000000000Z,32,1,80420,38872.000000000,38872.000000000,38872.000000000,38872.000000000,1,YM
2024-06-10T03:26:00.000000000Z,32,1,80420,38873.000000000,38873.000000000,38873.000000000,38873.000000000,2,YM
2024-06-10T03:26:10.000000000Z,32,1,80420,38873.000000000,38873.000000000,38873.000000000,38873.000000000,1,YM
2024-06-10T03:26:24.000000000Z,32,1,80420,38872.000000000,38872.000000000,38872.000000000,38872.000000000,1,YM
2024-06-10T03:27:32.000000000Z,32,1,80420,38873.000000000,38873.000000000,38873.000000000,38873.000000000,1,YM
2024-06-10T03:27:45.000000000Z,32,1,80420,38873.000000000,38873.000000000,38873.000000000,38873.000000000,1,YM
2024-06-10T03:28:16.000000000Z,32,1,80420,38872.000000000,38873.000000000,38872.000000000,38872.000000000,11,YM
2024-06-10T03:28:20.000000000Z,32,1,80420,38872.000000000,38872.000000000,38872.000000000,38872.000000000,1,YM
2024-06-10T03:28:55.000000000Z,32,1,80420,38871.000000000,38871.000000000,38871.000000000,38871.000000000,1,YM
2024-06-10T03:29:02.000000000Z,32,1,80420,38871.000000000,38871.000000000,38871.000000000,38871.000000000,1,YM
2024-06-10T03:29:55.000000000Z,32,1,80420,38871.000000000,38871.000000000,38870.000000000,38870.000000000,3,YM
2024-06-10T03:30:10.000000000Z,32,1,80420,38870.000000000,38870.000000000,38870.000000000,38870.000000000,4,YM
2024-06-10T03:30:15.000000000Z,32,1,80420,38869.000000000,38870.000000000,38869.000000000,38870.000000000,2,YM
2024-06-10T03:31:09.000000000Z,32,1,80420,38869.000000000,38869.000000000,38869.000000000,38869.000000000,1,YM
2024-06-10T03:31:10.000000000Z,32,1,80420,38868.000000000,38868.000000000,38868.000000000,38868.000000000,2,YM
2024-06-10T03:31:20.000000000Z,32,1,80420,38868.000000000,38870.000000000,38868.000000000,38870.000000000,7,YM
2024-06-10T03:31:21.000000000Z,32,1,80420,38869.000000000,38869.000000000,38869.000000000,38869.000000000,1,YM
2024-06-10T03:31:22.000000000Z,32,1,80420,38869.000000000,38869.000000000,38869.000000000,38869.000000000,1,YM
2024-06-10T03:31:27.000000000Z,32,1,80420,38868.000000000,38868.000000000,38868.000000000,38868.000000000,2,YM
2024-06-10T03:31:29.000000000Z,32,1,80420,38868.000000000,38868.000000000,38868.000000000,38868.000000000,1,YM
2024-06-10T03:31:30.000000000Z,32,1,80420,38869.000000000,38869.000000000,38868.000000000,38868.000000000,2,YM
2024-06-10T03:31:31.000000000Z,32,1,80420,38868.000000000,38868.000000000,38868.000000000,38868.000000000,1,YM
2024-06-10T03:31:32.000000000Z,32,1,80420,38868.000000000,38868.000000000,38868.000000000,38868.000000000,1,YM
2024-06-10T03:31:33.000000000Z,32,1,80420,38867.000000000,38867.000000000,38867.000000000,38867.000000000,1,YM
2024-06-10T03:31:34.000000000Z,32,1,80420,38867.000000000,38867.000000000,38867.000000000,38867.000000000,1,YM
2024-06-10T03:31:39.000000000Z,32,1,80420,38867.000000000,38867.000000000,38867.000000000,38867.000000000,1,YM
2024-06-10T03:31:40.000000000Z,32,1,80420,38867.000000000,38868.000000000,38867.000000000,38868.000000000,2,YM
2024-06-10T03:31:41.000000000Z,32,1,80420,38867.000000000,38867.000000000,38867.000000000,38867.000000000,1,YM
2024-06-10T03:31:44.000000000Z,32,1,80420,38869.000000000,38869.000000000,38869.000000000,38869.000000000,1,YM
2024-06-10T03:32:00.000000000Z,32,1,80420,38869.000000000,38869.000000000,38869.000000000,38869.000000000,1,YM
2024-06-10T03:32:05.000000000Z,32,1,80420,38867.000000000,38867.000000000,38867.000000000,38867.000000000,1,YM
2024-06-10T03:32:14.000000000Z,32,1,80420,38867.000000000,38867.000000000,38867.000000000,38867.000000000,9,YM
2024-06-10T03:32:16.000000000Z,32,1,80420,38867.000000000,38867.000000000,38867.000000000,38867.000000000,3,YM
2024-06-10T03:32:52.000000000Z,32,1,80420,38868.000000000,38868.000000000,38868.000000000,38868.000000000,1,YM
2024-06-10T03:33:23.000000000Z,32,1,80420,38869.000000000,38869.000000000,38867.000000000,38867.000000000,2,YM
2024-06-10T03:34:30.000000000Z,32,1,80420,38867.000000000,38867.000000000,38867.000000000,38867.000000000,1,YM
2024-06-10T03:34:53.000000000Z,32,1,80420,38868.000000000,38868.000000000,38867.000000000,38867.000000000,6,YM
2024-06-10T03:35:32.000000000Z,32,1,80420,38866.000000000,38866.000000000,38866.000000000,38866.000000000,1,YM
2024-06-10T03:35:54.000000000Z,32,1,80420,38865.000000000,38865.000000000,38865.000000000,38865.000000000,4,YM
2024-06-10T03:36:12.000000000Z,32,1,80420,38864.000000000,38864.000000000,38864.000000000,38864.000000000,2,YM
2024-06-10T03:36:41.000000000Z,32,1,80420,38862.000000000,38862.000000000,38862.000000000,38862.000000000,1,YM
2024-06-10T03:36:48.000000000Z,32,1,80420,38861.000000000,38861.000000000,38861.000000000,38861.000000000,1,YM
2024-06-10T03:36:55.000000000Z,32,1,80420,38862.000000000,38862.000000000,38862.000000000,38862.000000000,6,YM
2024-06-10T03:37:03.000000000Z,32,1,80420,38862.000000000,38862.000000000,38862.000000000,38862.000000000,1,YM
2024-06-10T03:37:30.000000000Z,32,1,80420,38861.000000000,38861.000000000,38861.000000000,38861.000000000,1,YM
2024-06-10T03:37:32.000000000Z,32,1,80420,38861.000000000,38861.000000000,38861.000000000,38861.000000000,1,YM
2024-06-10T03:37:35.000000000Z,32,1,80420,38860.000000000,38860.000000000,38860.000000000,38860.000000000,3,YM
2024-06-10T03:37:36.000000000Z,32,1,80420,38861.000000000,38861.000000000,38861.000000000,38861.000000000,1,YM
2024-06-10T03:37:44.000000000Z,32,1,80420,38860.000000000,38860.000000000,38860.000000000,38860.000000000,1,YM
2024-06-10T03:38:01.000000000Z,32,1,80420,38860.000000000,38860.000000000,38860.000000000,38860.000000000,1,YM
2024-06-10T03:38:26.000000000Z,32,1,80420,38860.000000000,38860.000000000,38860.000000000,38860.000000000,1,YM
2024-06-10T03:38:40.000000000Z,32,1,80420,38861.000000000,38861.000000000,38861.000000000,38861.000000000,1,YM
2024-06-10T03:39:18.000000000Z,32,1,80420,38861.000000000,38861.000000000,38861.000000000,38861.000000000,1,YM
2024-06-10T03:39:30.000000000Z,32,1,80420,38859.000000000,38859.000000000,38859.000000000,38859.000000000,1,YM
2024-06-10T03:39:39.000000000Z,32,1,80420,38859.000000000,38859.000000000,38859.000000000,38859.000000000,1,YM
2024-06-10T03:39:46.000000000Z,32,1,80420,38859.000000000,38859.000000000,38859.000000000,38859.000000000,1,YM
2024-06-10T03:40:01.000000000Z,32,1,80420,38859.000000000,38860.000000000,38859.000000000,38860.000000000,2,YM
2024-06-10T03:40:02.000000000Z,32,1,80420,38860.000000000,38860.000000000,38860.000000000,38860.000000000,1,YM
2024-06-10T03:40:07.000000000Z,32,1,80420,38860.000000000,38860.000000000,38860.000000000,38860.000000000,1,YM
2024-06-10T03:40:14.000000000Z,32,1,80420,38861.000000000,38861.000000000,38861.000000000,38861.000000000,1,YM
2024-06-10T03:40:25.000000000Z,32,1,80420,38860.000000000,38860.000000000,38860.000000000,38860.000000000,1,YM
2024-06-10T03:40:30.000000000Z,32,1,80420,38859.000000000,38859.000000000,38859.000000000,38859.000000000,1,YM
2024-06-10T03:40:32.000000000Z,32,1,80420,38859.000000000,38859.000000000,38859.000000000,38859.000000000,1,YM
2024-06-10T03:40:34.000000000Z,32,1,80420,38859.000000000,38859.000000000,38859.000000000,38859.000000000,1,YM
2024-06-10T03:40:37.000000000Z,32,1,80420,38859.000000000,38859.000000000,38859.000000000,38859.000000000,1,YM
2024-06-10T03:40:43.000000000Z,32,1,80420,38859.000000000,38859.000000000,38858.000000000,38858.000000000,2,YM
2024-06-10T03:40:46.000000000Z,32,1,80420,38857.000000000,38857.000000000,38857.000000000,38857.000000000,1,YM
2024-06-10T03:40:51.000000000Z,32,1,80420,38857.000000000,38857.000000000,38857.000000000,38857.000000000,1,YM
2024-06-10T03:40:59.000000000Z,32,1,80420,38857.000000000,38857.000000000,38857.000000000,38857.000000000,1,YM
2024-06-10T03:41:02.000000000Z,32,1,80420,38856.000000000,38856.000000000,38856.000000000,38856.000000000,3,YM
2024-06-10T03:41:26.000000000Z,32,1,80420,38855.000000000,38855.000000000,38855.000000000,38855.000000000,2,YM
2024-06-10T03:41:31.000000000Z,32,1,80420,38856.000000000,38856.000000000,38856.000000000,38856.000000000,2,YM
2024-06-10T03:41:48.000000000Z,32,1,80420,38856.000000000,38856.000000000,38856.000000000,38856.000000000,1,YM
2024-06-10T03:41:51.000000000Z,32,1,80420,38856.000000000,38856.000000000,38856.000000000,38856.000000000,1,YM
2024-06-10T03:42:06.000000000Z,32,1,80420,38855.000000000,38855.000000000,38855.000000000,38855.000000000,3,YM
2024-06-10T03:42:11.000000000Z,32,1,80420,38854.000000000,38854.000000000,38854.000000000,38854.000000000,1,YM
2024-06-10T03:42:15.000000000Z,32,1,80420,38855.000000000,38855.000000000,38855.000000000,38855.000000000,1,YM
2024-06-10T03:42:43.000000000Z,32,1,80420,38855.000000000,38855.000000000,38855.000000000,38855.000000000,4,YM
2024-06-10T03:42:44.000000000Z,32,1,80420,38853.000000000,38853.000000000,38853.000000000,38853.000000000,1,YM
2024-06-10T03:42:56.000000000Z,32,1,80420,38855.000000000,38855.000000000,38854.000000000,38854.000000000,6,YM
2024-06-10T03:43:04.000000000Z,32,1,80420,38854.000000000,38854.000000000,38854.000000000,38854.000000000,1,YM
2024-06-10T03:43:21.000000000Z,32,1,80420,38853.000000000,38854.000000000,38853.000000000,38854.000000000,6,YM
2024-06-10T03:43:33.000000000Z,32,1,80420,38854.000000000,38854.000000000,38854.000000000,38854.000000000,1,YM
2024-06-10T03:44:12.000000000Z,32,1,80420,38852.000000000,38852.000000000,38852.000000000,38852.000000000,1,YM
2024-06-10T03:44:26.000000000Z,32,1,80420,38853.000000000,38853.000000000,38853.000000000,38853.000000000,3,YM
2024-06-10T03:45:17.000000000Z,32,1,80420,38854.000000000,38854.000000000,38854.000000000,38854.000000000,1,YM
2024-06-10T03:45:45.000000000Z,32,1,80420,38856.000000000,38856.000000000,38856.000000000,38856.000000000,3,YM
2024-06-10T03:45:48.000000000Z,32,1,80420,38855.000000000,38855.000000000,38855.000000000,38855.000000000,1,YM
2024-06-10T03:46:05.000000000Z,32,1,80420,38854.000000000,38854.000000000,38854.000000000,38854.000000000,1,YM
2024-06-10T03:46:08.000000000Z,32,1,80420,38853.000000000,38853.000000000,38853.000000000,38853.000000000,1,YM
2024-06-10T03:46:10.000000000Z,32,1,80420,38853.000000000,38853.000000000,38853.000000000,38853.000000000,1,YM
2024-06-10T03:46:37.000000000Z,32,1,80420,38854.000000000,38854.000000000,38854.000000000,38854.000000000,1,YM
2024-06-10T03:46:48.000000000Z,32,1,80420,38855.000000000,38855.000000000,38855.000000000,38855.000000000,1,YM
2024-06-10T03:47:00.000000000Z,32,1,80420,38854.000000000,38854.000000000,38854.000000000,38854.000000000,2,YM
2024-06-10T03:47:10.000000000Z,32,1,80420,38855.000000000,38855.000000000,38855.000000000,38855.000000000,1,YM
2024-06-10T03:47:19.000000000Z,32,1,80420,38855.000000000,38855.000000000,38855.000000000,38855.000000000,1,YM
2024-06-10T03:47:31.000000000Z,32,1,80420,38855.000000000,38855.000000000,38855.000000000,38855.000000000,1,YM
2024-06-10T03:47:33.000000000Z,32,1,80420,38855.000000000,38855.000000000,38855.000000000,38855.000000000,1,YM
2024-06-10T03:48:05.000000000Z,32,1,80420,38855.000000000,38855.000000000,38855.000000000,38855.000000000,2,YM
2024-06-10T03:48:12.000000000Z,32,1,80420,38855.000000000,38855.000000000,38855.000000000,38855.000000000,1,YM
2024-06-10T03:48:13.000000000Z,32,1,80420,38855.000000000,38855.000000000,38855.000000000,38855.000000000,1,YM
2024-06-10T03:48:14.000000000Z,32,1,80420,38855.000000000,38855.000000000,38855.000000000,38855.000000000,1,YM
2024-06-10T03:48:16.000000000Z,32,1,80420,38855.000000000,38855.000000000,38855.000000000,38855.000000000,2,YM
2024-06-10T03:48:18.000000000Z,32,1,80420,38855.000000000,38855.000000000,38855.000000000,38855.000000000,1,YM
2024-06-10T03:48:19.000000000Z,32,1,80420,38855.000000000,38855.000000000,38855.000000000,38855.000000000,1,YM
2024-06-10T03:48:23.000000000Z,32,1,80420,38855.000000000,38855.000000000,38855.000000000,38855.000000000,2,YM
2024-06-10T03:48:24.000000000Z,32,1,80420,38855.000000000,38855.000000000,38855.000000000,38855.000000000,1,YM
2024-06-10T03:48:25.000000000Z,32,1,80420,38855.000000000,38855.000000000,38855.000000000,38855.000000000,2,YM
2024-06-10T03:48:45.000000000Z,32,1,80420,38853.000000000,38853.000000000,38853.000000000,38853.000000000,1,YM
2024-06-10T03:48:55.000000000Z,32,1,80420,38852.000000000,38852.000000000,38852.000000000,38852.000000000,2,YM
2024-06-10T03:49:05.000000000Z,32,1,80420,38851.000000000,38851.000000000,38851.000000000,38851.000000000,2,YM
2024-06-10T03:49:10.000000000Z,32,1,80420,38852.000000000,38852.000000000,38852.000000000,38852.000000000,1,YM
2024-06-10T03:49:12.000000000Z,32,1,80420,38853.000000000,38853.000000000,38853.000000000,38853.000000000,1,YM
2024-06-10T03:49:35.000000000Z,32,1,80420,38851.000000000,38851.000000000,38851.000000000,38851.000000000,2,YM
2024-06-10T03:49:50.000000000Z,32,1,80420,38850.000000000,38850.000000000,38850.000000000,38850.000000000,2,YM
2024-06-10T03:50:03.000000000Z,32,1,80420,38849.000000000,38849.000000000,38849.000000000,38849.000000000,1,YM
2024-06-10T03:50:14.000000000Z,32,1,80420,38851.000000000,38851.000000000,38851.000000000,38851.000000000,1,YM
2024-06-10T03:50:18.000000000Z,32,1,80420,38851.000000000,38851.000000000,38851.000000000,38851.000000000,1,YM
2024-06-10T03:50:23.000000000Z,32,1,80420,38850.000000000,38850.000000000,38850.000000000,38850.000000000,1,YM
2024-06-10T03:50:51.000000000Z,32,1,80420,38849.000000000,38849.000000000,38849.000000000,38849.000000000,1,YM
2024-06-10T03:51:11.000000000Z,32,1,80420,38849.000000000,38849.000000000,38849.000000000,38849.000000000,1,YM
2024-06-10T03:51:13.000000000Z,32,1,80420,38850.000000000,38850.000000000,38850.000000000,38850.000000000,2,YM
2024-06-10T03:51:31.000000000Z,32,1,80420,38849.000000000,38849.000000000,38849.000000000,38849.000000000,1,YM
2024-06-10T03:51:38.000000000Z,32,1,80420,38850.000000000,38850.000000000,38850.000000000,38850.000000000,1,YM
2024-06-10T03:51:39.000000000Z,32,1,80420,38850.000000000,38850.000000000,38850.000000000,38850.000000000,1,YM
2024-06-10T03:51:43.000000000Z,32,1,80420,38851.000000000,38851.000000000,38851.000000000,38851.000000000,1,YM
2024-06-10T03:51:58.000000000Z,32,1,80420,38852.000000000,38852.000000000,38852.000000000,38852.000000000,1,YM
2024-06-10T03:52:23.000000000Z,32,1,80420,38850.000000000,38850.000000000,38850.000000000,38850.000000000,1,YM
2024-06-10T03:52:51.000000000Z,32,1,80420,38850.000000000,38850.000000000,38850.000000000,38850.000000000,1,YM
2024-06-10T03:52:52.000000000Z,32,1,80420,38850.000000000,38850.000000000,38850.000000000,38850.000000000,1,YM
2024-06-10T03:52:57.000000000Z,32,1,80420,38850.000000000,38850.000000000,38850.000000000,38850.000000000,1,YM
2024-06-10T03:53:19.000000000Z,32,1,80420,38849.000000000,38849.000000000,38849.000000000,38849.000000000,3,YM
2024-06-10T03:53:20.000000000Z,32,1,80420,38848.000000000,38848.000000000,38848.000000000,38848.000000000,1,YM
2024-06-10T03:53:22.000000000Z,32,1,80420,38848.000000000,38848.000000000,38848.000000000,38848.000000000,3,YM
2024-06-10T03:53:26.000000000Z,32,1,80420,38849.000000000,38849.000000000,38849.000000000,38849.000000000,2,YM
2024-06-10T03:53:28.000000000Z,32,1,80420,38848.000000000,38848.000000000,38848.000000000,38848.000000000,1,YM
2024-06-10T03:53:31.000000000Z,32,1,80420,38848.000000000,38848.000000000,38847.000000000,38847.000000000,10,YM
2024-06-10T03:53:32.000000000Z,32,1,80420,38849.000000000,38849.000000000,38849.000000000,38849.000000000,1,YM
2024-06-10T03:54:19.000000000Z,32,1,80420,38850.000000000,38850.000000000,38850.000000000,38850.000000000,2,YM
2024-06-10T03:54:35.000000000Z,32,1,80420,38850.000000000,38850.000000000,38849.000000000,38849.000000000,7,YM
2024-06-10T03:54:51.000000000Z,32,1,80420,38849.000000000,38849.000000000,38849.000000000,38849.000000000,1,YM
2024-06-10T03:55:53.000000000Z,32,1,80420,38850.000000000,38850.000000000,38850.000000000,38850.000000000,1,YM
2024-06-10T03:56:12.000000000Z,32,1,80420,38848.000000000,38848.000000000,38848.000000000,38848.000000000,2,YM
2024-06-10T03:56:19.000000000Z,32,1,80420,38847.000000000,38847.000000000,38847.000000000,38847.000000000,1,YM
2024-06-10T03:56:22.000000000Z,32,1,80420,38846.000000000,38846.000000000,38846.000000000,38846.000000000,2,YM
2024-06-10T03:56:24.000000000Z,32,1,80420,38846.000000000,38846.000000000,38846.000000000,38846.000000000,1,YM
2024-06-10T03:56:51.000000000Z,32,1,80420,38846.000000000,38846.000000000,38846.000000000,38846.000000000,1,YM
2024-06-10T03:56:53.000000000Z,32,1,80420,38848.000000000,38848.000000000,38848.000000000,38848.000000000,5,YM
2024-06-10T03:57:04.000000000Z,32,1,80420,38848.000000000,38848.000000000,38848.000000000,38848.000000000,1,YM
2024-06-10T03:58:04.000000000Z,32,1,80420,38848.000000000,38848.000000000,38848.000000000,38848.000000000,1,YM
2024-06-10T03:58:29.000000000Z,32,1,80420,38849.000000000,38849.000000000,38849.000000000,38849.000000000,4,YM
2024-06-10T03:59:08.000000000Z,32,1,80420,38850.000000000,38850.000000000,38850.000000000,38850.000000000,1,YM
2024-06-10T03:59:30.000000000Z,32,1,80420,38848.000000000,38848.000000000,38848.000000000,38848.000000000,5,YM
2024-06-10T03:59:57.000000000Z,32,1,80420,38847.000000000,38847.000000000,38847.000000000,38847.000000000,1,YM
2024-06-10T04:00:00.000000000Z,32,1,80420,38848.000000000,38848.000000000,38848.000000000,38848.000000000,3,YM
2024-06-10T04:00:01.000000000Z,32,1,80420,38848.000000000,38849.000000000,38848.000000000,38849.000000000,2,YM
2024-06-10T04:00:02.000000000Z,32,1,80420,38850.000000000,38850.000000000,38850.000000000,38850.000000000,2,YM
2024-06-10T04:00:09.000000000Z,32,1,80420,38851.000000000,38851.000000000,38851.000000000,38851.000000000,1,YM
2024-06-10T04:00:11.000000000Z,32,1,80420,38852.000000000,38852.000000000,38852.000000000,38852.000000000,1,YM
2024-06-10T04:00:17.000000000Z,32,1,80420,38851.000000000,38851.000000000,38850.000000000,38850.000000000,5,YM
2024-06-10T04:00:31.000000000Z,32,1,80420,38850.000000000,38850.000000000,38849.000000000,38849.000000000,5,YM
2024-06-10T04:00:32.000000000Z,32,1,80420,38849.000000000,38849.000000000,38849.000000000,38849.000000000,1,YM
2024-06-10T04:00:35.000000000Z,32,1,80420,38848.000000000,38848.000000000,38848.000000000,38848.000000000,2,YM
2024-06-10T04:00:36.000000000Z,32,1,80420,38849.000000000,38849.000000000,38849.000000000,38849.000000000,3,YM
2024-06-10T04:00:39.000000000Z,32,1,80420,38848.000000000,38848.000000000,38848.000000000,38848.000000000,4,YM
2024-06-10T04:00:44.000000000Z,32,1,80420,38848.000000000,38848.000000000,38848.000000000,38848.000000000,1,YM
2024-06-10T04:00:45.000000000Z,32,1,80420,38850.000000000,38850.000000000,38850.000000000,38850.000000000,6,YM
2024-06-10T04:00:55.000000000Z,32,1,80420,38850.000000000,38851.000000000,38850.000000000,38850.000000000,8,YM
2024-06-10T04:00:59.000000000Z,32,1,80420,38850.000000000,38850.000000000,38850.000000000,38850.000000000,1,YM
2024-06-10T04:01:00.000000000Z,32,1,80420,38849.000000000,38849.000000000,38849.000000000,38849.000000000,3,YM
2024-06-10T04:01:01.000000000Z,32,1,80420,38850.000000000,38850.000000000,38850.000000000,38850.000000000,1,YM
2024-06-10T04:01:02.000000000Z,32,1,80420,38849.000000000,38849.000000000,38849.000000000,38849.000000000,1,YM
2024-06-10T04:01:21.000000000Z,32,1,80420,38849.000000000,38850.000000000,38849.000000000,38850.000000000,7,YM
2024-06-10T04:01:30.000000000Z,32,1,80420,38850.000000000,38850.000000000,38850.000000000,38850.000000000,1,YM
2024-06-10T04:02:12.000000000Z,32,1,80420,38850.000000000,38850.000000000,38850.000000000,38850.000000000,5,YM
2024-06-10T04:02:42.000000000Z,32,1,80420,38849.000000000,38849.000000000,38849.000000000,38849.000000000,3,YM
2024-06-10T04:02:45.000000000Z,32,1,80420,38848.000000000,38848.000000000,38848.000000000,38848.000000000,2,YM
2024-06-10T04:02:46.000000000Z,32,1,80420,38849.000000000,38849.000000000,38849.000000000,38849.000000000,1,YM
2024-06-10T04:03:19.000000000Z,32,1,80420,38849.000000000,38849.000000000,38849.000000000,38849.000000000,2,YM
2024-06-10T04:03:20.000000000Z,32,1,80420,38849.000000000,38849.000000000,38849.000000000,38849.000000000,1,YM
2024-06-10T04:03:36.000000000Z,32,1,80420,38849.000000000,38849.000000000,38849.000000000,38849.000000000,1,YM
2024-06-10T04:03:43.000000000Z,32,1,80420,38849.000000000,38849.000000000,38849.000000000,38849.000000000,1,YM
2024-06-10T04:04:08.000000000Z,32,1,80420,38850.000000000,38850.000000000,38850.000000000,38850.000000000,1,YM
2024-06-10T04:04:30.000000000Z,32,1,80420,38850.000000000,38850.000000000,38850.000000000,38850.000000000,1,YM
2024-06-10T04:05:02.000000000Z,32,1,80420,38850.000000000,38850.000000000,38850.000000000,38850.000000000,1,YM
2024-06-10T04:05:18.000000000Z,32,1,80420,38850.000000000,38850.000000000,38850.000000000,38850.000000000,1,YM
2024-06-10T04:05:22.000000000Z,32,1,80420,38849.000000000,38849.000000000,38849.000000000,38849.000000000,1,YM
2024-06-10T04:05:52.000000000Z,32,1,80420,38849.000000000,38849.000000000,38849.000000000,38849.000000000,1,YM
2024-06-10T04:06:06.000000000Z,32,1,80420,38849.000000000,38849.000000000,38848.000000000,38848.000000000,8,YM
2024-06-10T04:06:39.000000000Z,32,1,80420,38847.000000000,38847.000000000,38847.000000000,38847.000000000,2,YM
2024-06-10T04:06:55.000000000Z,32,1,80420,38848.000000000,38848.000000000,38847.000000000,38847.000000000,6,YM
2024-06-10T04:07:30.000000000Z,32,1,80420,38847.000000000,38847.000000000,38847.000000000,38847.000000000,3,YM
2024-06-10T04:07:31.000000000Z,32,1,80420,38846.000000000,38846.000000000,38846.000000000,38846.000000000,1,YM
2024-06-10T04:07:49.000000000Z,32,1,80420,38846.000000000,38846.000000000,38846.000000000,38846.000000000,2,YM
2024-06-10T04:08:48.000000000Z,32,1,80420,38846.000000000,38846.000000000,38846.000000000,38846.000000000,1,YM
2024-06-10T04:08:55.000000000Z,32,1,80420,38846.000000000,38846.000000000,38845.000000000,38845.000000000,3,YM
2024-06-10T04:09:07.000000000Z,32,1,80420,38845.000000000,38845.000000000,38845.000000000,38845.000000000,1,YM
2024-06-10T04:09:35.000000000Z,32,1,80420,38845.000000000,38845.000000000,38845.000000000,38845.000000000,1,YM
2024-06-10T04:09:43.000000000Z,32,1,80420,38845.000000000,38845.000000000,38844.000000000,38844.000000000,2,YM
2024-06-10T04:10:19.000000000Z,32,1,80420,38844.000000000,38844.000000000,38844.000000000,38844.000000000,1,YM
2024-06-10T04:11:04.000000000Z,32,1,80420,38845.000000000,38845.000000000,38845.000000000,38845.000000000,2,YM
2024-06-10T04:11:30.000000000Z,32,1,80420,38844.000000000,38844.000000000,38844.000000000,38844.000000000,1,YM
2024-06-10T04:13:33.000000000Z,32,1,80420,38845.000000000,38845.000000000,38845.000000000,38845.000000000,1,YM
2024-06-10T04:14:12.000000000Z,32,1,80420,38846.000000000,38846.000000000,38846.000000000,38846.000000000,7,YM
2024-06-10T04:14:30.000000000Z,32,1,80420,38846.000000000,38846.000000000,38845.000000000,38845.000000000,2,YM
2024-06-10T04:14:55.000000000Z,32,1,80420,38846.000000000,38846.000000000,38846.000000000,38846.000000000,3,YM
2024-06-10T04:15:19.000000000Z,32,1,80420,38846.000000000,38846.000000000,38846.000000000,38846.000000000,1,YM
2024-06-10T04:15:40.000000000Z,32,1,80420,38846.000000000,38846.000000000,38846.000000000,38846.000000000,2,YM
2024-06-10T04:15:53.000000000Z,32,1,80420,38845.000000000,38845.000000000,38844.000000000,38844.000000000,3,YM
2024-06-10T04:15:55.000000000Z,32,1,80420,38843.000000000,38843.000000000,38842.000000000,38842.000000000,4,YM
2024-06-10T04:16:00.000000000Z,32,1,80420,38842.000000000,38842.000000000,38842.000000000,38842.000000000,2,YM
2024-06-10T04:16:04.000000000Z,32,1,80420,38843.000000000,38843.000000000,38843.000000000,38843.000000000,2,YM
2024-06-10T04:16:52.000000000Z,32,1,80420,38843.000000000,38843.000000000,38843.000000000,38843.000000000,2,YM
2024-06-10T04:16:56.000000000Z,32,1,80420,38843.000000000,38843.000000000,38843.000000000,38843.000000000,1,YM
2024-06-10T04:16:57.000000000Z,32,1,80420,38843.000000000,38843.000000000,38843.000000000,38843.000000000,1,YM
2024-06-10T04:16:59.000000000Z,32,1,80420,38843.000000000,38843.000000000,38843.000000000,38843.000000000,1,YM
2024-06-10T04:17:49.000000000Z,32,1,80420,38844.000000000,38845.000000000,38844.000000000,38845.000000000,3,YM
2024-06-10T04:17:52.000000000Z,32,1,80420,38844.000000000,38844.000000000,38844.000000000,38844.000000000,3,YM
2024-06-10T04:18:18.000000000Z,32,1,80420,38844.000000000,38844.000000000,38844.000000000,38844.000000000,2,YM
2024-06-10T04:19:00.000000000Z,32,1,80420,38845.000000000,38845.000000000,38845.000000000,38845.000000000,1,YM
2024-06-10T04:19:11.000000000Z,32,1,80420,38847.000000000,38847.000000000,38846.000000000,38846.000000000,4,YM
2024-06-10T04:19:22.000000000Z,32,1,80420,38846.000000000,38846.000000000,38846.000000000,38846.000000000,1,YM
2024-06-10T04:19:23.000000000Z,32,1,80420,38846.000000000,38846.000000000,38846.000000000,38846.000000000,2,YM
2024-06-10T04:19:33.000000000Z,32,1,80420,38846.000000000,38846.000000000,38846.000000000,38846.000000000,3,YM
2024-06-10T04:19:44.000000000Z,32,1,80420,38846.000000000,38846.000000000,38846.000000000,38846.000000000,1,YM
2024-06-10T04:19:59.000000000Z,32,1,80420,38844.000000000,38844.000000000,38844.000000000,38844.000000000,3,YM
2024-06-10T04:21:00.000000000Z,32,1,80420,38845.000000000,38845.000000000,38845.000000000,38845.000000000,1,YM
2024-06-10T04:21:22.000000000Z,32,1,80420,38845.000000000,38845.000000000,38845.000000000,38845.000000000,1,YM
2024-06-10T04:22:42.000000000Z,32,1,80420,38844.000000000,38844.000000000,38844.000000000,38844.000000000,1,YM
2024-06-10T04:23:06.000000000Z,32,1,80420,38846.000000000,38846.000000000,38846.000000000,38846.000000000,6,YM
2024-06-10T04:23:09.000000000Z,32,1,80420,38845.000000000,38845.000000000,38845.000000000,38845.000000000,2,YM
2024-06-10T04:23:32.000000000Z,32,1,80420,38848.000000000,38848.000000000,38848.000000000,38848.000000000,1,YM
2024-06-10T04:23:41.000000000Z,32,1,80420,38847.000000000,38847.000000000,38847.000000000,38847.000000000,2,YM
2024-06-10T04:24:11.000000000Z,32,1,80420,38848.000000000,38848.000000000,38848.000000000,38848.000000000,2,YM
2024-06-10T04:24:12.000000000Z,32,1,80420,38847.000000000,38847.000000000,38847.000000000,38847.000000000,2,YM
2024-06-10T04:24:30.000000000Z,32,1,80420,38848.000000000,38848.000000000,38848.000000000,38848.000000000,2,YM
2024-06-10T04:24:32.000000000Z,32,1,80420,38848.000000000,38848.000000000,38848.000000000,38848.000000000,1,YM
2024-06-10T04:24:41.000000000Z,32,1,80420,38848.000000000,38848.000000000,38848.000000000,38848.000000000,2,YM
2024-06-10T04:24:47.000000000Z,32,1,80420,38849.000000000,38849.000000000,38849.000000000,38849.000000000,4,YM
2024-06-10T04:24:51.000000000Z,32,1,80420,38848.000000000,38848.000000000,38848.000000000,38848.000000000,1,YM
2024-06-10T04:24:53.000000000Z,32,1,80420,38848.000000000,38848.000000000,38848.000000000,38848.000000000,1,YM
2024-06-10T04:25:00.000000000Z,32,1,80420,38847.000000000,38847.000000000,38847.000000000,38847.000000000,1,YM
2024-06-10T04:25:03.000000000Z,32,1,80420,38848.000000000,38849.000000000,38847.000000000,38848.000000000,7,YM
2024-06-10T04:25:06.000000000Z,32,1,80420,38848.000000000,38848.000000000,38848.000000000,38848.000000000,1,YM
2024-06-10T04:25:17.000000000Z,32,1,80420,38848.000000000,38848.000000000,38848.000000000,38848.000000000,1,YM
2024-06-10T04:25:35.000000000Z,32,1,80420,38848.000000000,38848.000000000,38848.000000000,38848.000000000,1,YM
2024-06-10T04:25:56.000000000Z,32,1,80420,38849.000000000,38849.000000000,38848.000000000,38848.000000000,3,YM
2024-06-10T04:25:58.000000000Z,32,1,80420,38849.000000000,38849.000000000,38849.000000000,38849.000000000,1,YM
2024-06-10T04:26:02.000000000Z,32,1,80420,38849.000000000,38849.000000000,38849.000000000,38849.000000000,1,YM
2024-06-10T04:26:14.000000000Z,32,1,80420,38848.000000000,38848.000000000,38848.000000000,38848.000000000,2,YM
2024-06-10T04:26:17.000000000Z,32,1,80420,38847.000000000,38847.000000000,38847.000000000,38847.000000000,1,YM
2024-06-10T04:26:18.000000000Z,32,1,80420,38847.000000000,38847.000000000,38847.000000000,38847.000000000,4,YM
2024-06-10T04:26:20.000000000Z,32,1,80420,38846.000000000,38846.000000000,38846.000000000,38846.000000000,1,YM
2024-06-10T04:26:31.000000000Z,32,1,80420,38847.000000000,38847.000000000,38847.000000000,38847.000000000,1,YM
2024-06-10T04:26:42.000000000Z,32,1,80420,38846.000000000,38846.000000000,38846.000000000,38846.000000000,1,YM
2024-06-10T04:27:05.000000000Z,32,1,80420,38848.000000000,38848.000000000,38848.000000000,38848.000000000,2,YM
2024-06-10T04:27:24.000000000Z,32,1,80420,38849.000000000,38849.000000000,38849.000000000,38849.000000000,1,YM
2024-06-10T04:27:26.000000000Z,32,1,80420,38849.000000000,38849.000000000,38849.000000000,38849.000000000,3,YM
2024-06-10T04:27:41.000000000Z,32,1,80420,38848.000000000,38848.000000000,38848.000000000,38848.000000000,1,YM
2024-06-10T04:28:04.000000000Z,32,1,80420,38849.000000000,38849.000000000,38848.000000000,38848.000000000,6,YM
2024-06-10T04:28:30.000000000Z,32,1,80420,38848.000000000,38848.000000000,38848.000000000,38848.000000000,1,YM
2024-06-10T04:28:41.000000000Z,32,1,80420,38848.000000000,38848.000000000,38848.000000000,38848.000000000,2,YM
2024-06-10T04:29:04.000000000Z,32,1,80420,38848.000000000,38848.000000000,38848.000000000,38848.000000000,2,YM
2024-06-10T04:29:10.000000000Z,32,1,80420,38846.000000000,38846.000000000,38846.000000000,38846.000000000,1,YM
2024-06-10T04:29:14.000000000Z,32,1,80420,38846.000000000,38846.000000000,38846.000000000,38846.000000000,1,YM
2024-06-10T04:29:19.000000000Z,32,1,80420,38846.000000000,38846.000000000,38846.000000000,38846.000000000,2,YM
2024-06-10T04:30:00.000000000Z,32,1,80420,38846.000000000,38846.000000000,38846.000000000,38846.000000000,2,YM
2024-06-10T04:30:12.000000000Z,32,1,80420,38846.000000000,38846.000000000,38846.000000000,38846.000000000,5,YM
2024-06-10T04:30:17.000000000Z,32,1,80420,38846.000000000,38846.000000000,38846.000000000,38846.000000000,2,YM
2024-06-10T04:30:22.000000000Z,32,1,80420,38846.000000000,38846.000000000,38846.000000000,38846.000000000,1,YM
2024-06-10T04:30:25.000000000Z,32,1,80420,38846.000000000,38846.000000000,38846.000000000,38846.000000000,2,YM
2024-06-10T04:30:28.000000000Z,32,1,80420,38845.000000000,38845.000000000,38845.000000000,38845.000000000,1,YM
2024-06-10T04:30:31.000000000Z,32,1,80420,38845.000000000,38845.000000000,38845.000000000,38845.000000000,1,YM
2024-06-10T04:31:04.000000000Z,32,1,80420,38845.000000000,38845.000000000,38845.000000000,38845.000000000,2,YM
2024-06-10T04:31:09.000000000Z,32,1,80420,38845.000000000,38845.000000000,38845.000000000,38845.000000000,1,YM
2024-06-10T04:31:54.000000000Z,32,1,80420,38845.000000000,38845.000000000,38844.000000000,38844.000000000,15,YM
2024-06-10T04:32:00.000000000Z,32,1,80420,38844.000000000,38845.000000000,38844.000000000,38844.000000000,5,YM
2024-06-10T04:32:07.000000000Z,32,1,80420,38844.000000000,38844.000000000,38844.000000000,38844.000000000,4,YM
2024-06-10T04:32:11.000000000Z,32,1,80420,38845.000000000,38845.000000000,38845.000000000,38845.000000000,2,YM
2024-06-10T04:32:19.000000000Z,32,1,80420,38845.000000000,38845.000000000,38845.000000000,38845.000000000,5,YM
2024-06-10T04:32:21.000000000Z,32,1,80420,38846.000000000,38846.000000000,38846.000000000,38846.000000000,9,YM
2024-06-10T04:32:31.000000000Z,32,1,80420,38847.000000000,38847.000000000,38847.000000000,38847.000000000,1,YM
2024-06-10T04:32:42.000000000Z,32,1,80420,38848.000000000,38848.000000000,38848.000000000,38848.000000000,5,YM
2024-06-10T04:32:49.000000000Z,32,1,80420,38848.000000000,38848.000000000,38848.000000000,38848.000000000,1,YM
2024-06-10T04:33:00.000000000Z,32,1,80420,38848.000000000,38848.000000000,38847.000000000,38847.000000000,10,YM
2024-06-10T04:33:36.000000000Z,32,1,80420,38847.000000000,38847.000000000,38847.000000000,38847.000000000,4,YM
2024-06-10T04:33:37.000000000Z,32,1,80420,38845.000000000,38845.000000000,38845.000000000,38845.000000000,1,YM
2024-06-10T04:33:42.000000000Z,32,1,80420,38844.000000000,38844.000000000,38844.000000000,38844.000000000,1,YM
2024-06-10T04:34:17.000000000Z,32,1,80420,38843.000000000,38843.000000000,38843.000000000,38843.000000000,1,YM
2024-06-10T04:34:19.000000000Z,32,1,80420,38844.000000000,38844.000000000,38844.000000000,38844.000000000,1,YM
2024-06-10T04:34:25.000000000Z,32,1,80420,38843.000000000,38843.000000000,38843.000000000,38843.000000000,2,YM
2024-06-10T04:34:44.000000000Z,32,1,80420,38842.000000000,38842.000000000,38842.000000000,38842.000000000,1,YM
2024-06-10T04:34:53.000000000Z,32,1,80420,38842.000000000,38842.000000000,38841.000000000,38841.000000000,4,YM
2024-06-10T04:35:32.000000000Z,32,1,80420,38842.000000000,38842.000000000,38842.000000000,38842.000000000,1,YM
2024-06-10T04:36:17.000000000Z,32,1,80420,38843.000000000,38843.000000000,38843.000000000,38843.000000000,2,YM
2024-06-10T04:36:29.000000000Z,32,1,80420,38844.000000000,38844.000000000,38844.000000000,38844.000000000,1,YM
2024-06-10T04:36:31.000000000Z,32,1,80420,38843.000000000,38843.000000000,38843.000000000,38843.000000000,1,YM
2024-06-10T04:37:18.000000000Z,32,1,80420,38843.000000000,38843.000000000,38843.000000000,38843.000000000,1,YM
2024-06-10T04:37:26.000000000Z,32,1,80420,38844.000000000,38844.000000000,38844.000000000,38844.000000000,1,YM
2024-06-10T04:37:48.000000000Z,32,1,80420,38845.000000000,38845.000000000,38845.000000000,38845.000000000,1,YM
2024-06-10T04:37:51.000000000Z,32,1,80420,38845.000000000,38845.000000000,38845.000000000,38845.000000000,1,YM
2024-06-10T04:37:56.000000000Z,32,1,80420,38846.000000000,38846.000000000,38846.000000000,38846.000000000,2,YM
2024-06-10T04:38:33.000000000Z,32,1,80420,38847.000000000,38847.000000000,38847.000000000,38847.000000000,1,YM
2024-06-10T04:38:35.000000000Z,32,1,80420,38847.000000000,38847.000000000,38847.000000000,38847.000000000,1,YM
2024-06-10T04:38:36.000000000Z,32,1,80420,38847.000000000,38847.000000000,38847.000000000,38847.000000000,1,YM
2024-06-10T04:38:40.000000000Z,32,1,80420,38848.000000000,38848.000000000,38848.000000000,38848.000000000,1,YM
2024-06-10T04:38:46.000000000Z,32,1,80420,38847.000000000,38847.000000000,38847.000000000,38847.000000000,3,YM
2024-06-10T04:38:51.000000000Z,32,1,80420,38846.000000000,38846.000000000,38846.000000000,38846.000000000,1,YM
2024-06-10T04:38:53.000000000Z,32,1,80420,38846.000000000,38846.000000000,38846.000000000,38846.000000000,1,YM
2024-06-10T04:39:04.000000000Z,32,1,80420,38846.000000000,38846.000000000,38846.000000000,38846.000000000,1,YM
2024-06-10T04:39:08.000000000Z,32,1,80420,38846.000000000,38846.000000000,38846.000000000,38846.000000000,1,YM
2024-06-10T04:40:00.000000000Z,32,1,80420,38846.000000000,38846.000000000,38846.000000000,38846.000000000,1,YM
2024-06-10T04:40:35.000000000Z,32,1,80420,38845.000000000,38845.000000000,38845.000000000,38845.000000000,4,YM
2024-06-10T04:41:07.000000000Z,32,1,80420,38844.000000000,38844.000000000,38844.000000000,38844.000000000,3,YM
2024-06-10T04:41:09.000000000Z,32,1,80420,38845.000000000,38845.000000000,38845.000000000,38845.000000000,2,YM
2024-06-10T04:41:10.000000000Z,32,1,80420,38845.000000000,38845.000000000,38845.000000000,38845.000000000,2,YM
2024-06-10T04:41:32.000000000Z,32,1,80420,38846.000000000,38847.000000000,38846.000000000,38847.000000000,4,YM
2024-06-10T04:41:45.000000000Z,32,1,80420,38849.000000000,38850.000000000,38849.000000000,38850.000000000,3,YM
2024-06-10T04:42:01.000000000Z,32,1,80420,38849.000000000,38849.000000000,38849.000000000,38849.000000000,1,YM
2024-06-10T04:42:05.000000000Z,32,1,80420,38851.000000000,38851.000000000,38851.000000000,38851.000000000,1,YM
2024-06-10T04:42:07.000000000Z,32,1,80420,38851.000000000,38852.000000000,38851.000000000,38852.000000000,7,YM
2024-06-10T04:42:14.000000000Z,32,1,80420,38850.000000000,38850.000000000,38850.000000000,38850.000000000,1,YM
2024-06-10T04:42:22.000000000Z,32,1,80420,38849.000000000,38849.000000000,38849.000000000,38849.000000000,1,YM
2024-06-10T04:42:37.000000000Z,32,1,80420,38849.000000000,38849.000000000,38849.000000000,38849.000000000,1,YM
2024-06-10T04:42:57.000000000Z,32,1,80420,38849.000000000,38849.000000000,38849.000000000,38849.000000000,1,YM
2024-06-10T04:43:42.000000000Z,32,1,80420,38848.000000000,38848.000000000,38848.000000000,38848.000000000,1,YM
2024-06-10T04:43:44.000000000Z,32,1,80420,38849.000000000,38849.000000000,38849.000000000,38849.000000000,1,YM
2024-06-10T04:44:31.000000000Z,32,1,80420,38849.000000000,38849.000000000,38849.000000000,38849.000000000,1,YM
2024-06-10T04:44:56.000000000Z,32,1,80420,38850.000000000,38850.000000000,38850.000000000,38850.000000000,3,YM
2024-06-10T04:44:57.000000000Z,32,1,80420,38850.000000000,38850.000000000,38850.000000000,38850.000000000,1,YM
2024-06-10T04:45:05.000000000Z,32,1,80420,38849.000000000,38849.000000000,38849.000000000,38849.000000000,1,YM
2024-06-10T04:45:20.000000000Z,32,1,80420,38849.000000000,38849.000000000,38849.000000000,38849.000000000,1,YM
2024-06-10T04:46:00.000000000Z,32,1,80420,38850.000000000,38850.000000000,38850.000000000,38850.000000000,1,YM
2024-06-10T04:46:03.000000000Z,32,1,80420,38851.000000000,38852.000000000,38851.000000000,38852.000000000,8,YM
2024-06-10T04:46:10.000000000Z,32,1,80420,38852.000000000,38852.000000000,38852.000000000,38852.000000000,2,YM
2024-06-10T04:46:16.000000000Z,32,1,80420,38852.000000000,38852.000000000,38851.000000000,38851.000000000,9,YM
2024-06-10T04:46:37.000000000Z,32,1,80420,38851.000000000,38851.000000000,38851.000000000,38851.000000000,2,YM
2024-06-10T04:46:39.000000000Z,32,1,80420,38850.000000000,38850.000000000,38850.000000000,38850.000000000,1,YM
2024-06-10T04:47:12.000000000Z,32,1,80420,38851.000000000,38851.000000000,38851.000000000,38851.000000000,1,YM
2024-06-10T04:47:19.000000000Z,32,1,80420,38850.000000000,38850.000000000,38850.000000000,38850.000000000,2,YM
2024-06-10T04:47:29.000000000Z,32,1,80420,38850.000000000,38850.000000000,38850.000000000,38850.000000000,2,YM
2024-06-10T04:48:11.000000000Z,32,1,80420,38850.000000000,38850.000000000,38850.000000000,38850.000000000,2,YM
2024-06-10T04:48:25.000000000Z,32,1,80420,38849.000000000,38849.000000000,38849.000000000,38849.000000000,1,YM
2024-06-10T04:48:51.000000000Z,32,1,80420,38851.000000000,38851.000000000,38851.000000000,38851.000000000,1,YM
2024-06-10T04:48:55.000000000Z,32,1,80420,38852.000000000,38852.000000000,38851.000000000,38851.000000000,4,YM
2024-06-10T04:49:16.000000000Z,32,1,80420,38852.000000000,38852.000000000,38852.000000000,38852.000000000,1,YM
2024-06-10T04:49:31.000000000Z,32,1,80420,38851.000000000,38851.000000000,38851.000000000,38851.000000000,1,YM
2024-06-10T04:49:34.000000000Z,32,1,80420,38852.000000000,38852.000000000,38852.000000000,38852.000000000,1,YM
2024-06-10T04:50:19.000000000Z,32,1,80420,38853.000000000,38853.000000000,38852.000000000,38852.000000000,3,YM
2024-06-10T04:50:40.000000000Z,32,1,80420,38851.000000000,38851.000000000,38851.000000000,38851.000000000,1,YM
2024-06-10T04:51:16.000000000Z,32,1,80420,38852.000000000,38852.000000000,38852.000000000,38852.000000000,1,YM
2024-06-10T04:51:30.000000000Z,32,1,80420,38853.000000000,38853.000000000,38853.000000000,38853.000000000,2,YM
2024-06-10T04:51:40.000000000Z,32,1,80420,38852.000000000,38852.000000000,38852.000000000,38852.000000000,1,YM
2024-06-10T04:51:48.000000000Z,32,1,80420,38852.000000000,38852.000000000,38851.000000000,38851.000000000,6,YM
2024-06-10T04:51:49.000000000Z,32,1,80420,38852.000000000,38853.000000000,38852.000000000,38853.000000000,6,YM
2024-06-10T04:52:01.000000000Z,32,1,80420,38851.000000000,38851.000000000,38851.000000000,38851.000000000,4,YM
2024-06-10T04:52:11.000000000Z,32,1,80420,38852.000000000,38852.000000000,38852.000000000,38852.000000000,2,YM
2024-06-10T04:52:25.000000000Z,32,1,80420,38850.000000000,38851.000000000,38850.000000000,38851.000000000,5,YM
2024-06-10T04:52:39.000000000Z,32,1,80420,38852.000000000,38852.000000000,38852.000000000,38852.000000000,2,YM
2024-06-10T04:52:46.000000000Z,32,1,80420,38852.000000000,38852.000000000,38852.000000000,38852.000000000,1,YM
2024-06-10T04:52:49.000000000Z,32,1,80420,38852.000000000,38852.000000000,38851.000000000,38852.000000000,5,YM
2024-06-10T04:52:52.000000000Z,32,1,80420,38852.000000000,38852.000000000,38852.000000000,38852.000000000,1,YM
2024-06-10T04:53:01.000000000Z,32,1,80420,38853.000000000,38853.000000000,38853.000000000,38853.000000000,1,YM
2024-06-10T04:53:15.000000000Z,32,1,80420,38853.000000000,38853.000000000,38853.000000000,38853.000000000,1,YM
2024-06-10T04:53:43.000000000Z,32,1,80420,38854.000000000,38854.000000000,38854.000000000,38854.000000000,4,YM
2024-06-10T04:53:44.000000000Z,32,1,80420,38854.000000000,38854.000000000,38854.000000000,38854.000000000,1,YM
2024-06-10T04:54:00.000000000Z,32,1,80420,38854.000000000,38854.000000000,38854.000000000,38854.000000000,1,YM
2024-06-10T04:54:30.000000000Z,32,1,80420,38854.000000000,38854.000000000,38854.000000000,38854.000000000,9,YM
2024-06-10T04:54:34.000000000Z,32,1,80420,38853.000000000,38853.000000000,38853.000000000,38853.000000000,1,YM
2024-06-10T04:54:38.000000000Z,32,1,80420,38854.000000000,38854.000000000,38853.000000000,38853.000000000,2,YM
2024-06-10T04:54:49.000000000Z,32,1,80420,38853.000000000,38853.000000000,38853.000000000,38853.000000000,2,YM
2024-06-10T04:55:01.000000000Z,32,1,80420,38854.000000000,38854.000000000,38854.000000000,38854.000000000,2,YM
2024-06-10T04:55:03.000000000Z,32,1,80420,38853.000000000,38853.000000000,38853.000000000,38853.000000000,1,YM
2024-06-10T04:55:40.000000000Z,32,1,80420,38854.000000000,38854.000000000,38854.000000000,38854.000000000,1,YM
2024-06-10T04:55:50.000000000Z,32,1,80420,38854.000000000,38854.000000000,38854.000000000,38854.000000000,1,YM
2024-06-10T04:55:52.000000000Z,32,1,80420,38853.000000000,38853.000000000,38853.000000000,38853.000000000,1,YM
2024-06-10T04:56:10.000000000Z,32,1,80420,38854.000000000,38854.000000000,38854.000000000,38854.000000000,2,YM
2024-06-10T04:56:13.000000000Z,32,1,80420,38855.000000000,38856.000000000,38855.000000000,38856.000000000,3,YM
2024-06-10T04:56:35.000000000Z,32,1,80420,38855.000000000,38855.000000000,38855.000000000,38855.000000000,1,YM
2024-06-10T04:56:50.000000000Z,32,1,80420,38855.000000000,38855.000000000,38855.000000000,38855.000000000,1,YM
2024-06-10T04:57:01.000000000Z,32,1,80420,38855.000000000,38855.000000000,38855.000000000,38855.000000000,1,YM
2024-06-10T04:57:09.000000000Z,32,1,80420,38855.000000000,38855.000000000,38855.000000000,38855.000000000,2,YM
2024-06-10T04:57:13.000000000Z,32,1,80420,38855.000000000,38855.000000000,38855.000000000,38855.000000000,1,YM
2024-06-10T04:57:19.000000000Z,32,1,80420,38855.000000000,38855.000000000,38855.000000000,38855.000000000,1,YM
2024-06-10T04:58:05.000000000Z,32,1,80420,38855.000000000,38855.000000000,38855.000000000,38855.000000000,1,YM
2024-06-10T04:58:19.000000000Z,32,1,80420,38854.000000000,38854.000000000,38854.000000000,38854.000000000,2,YM
2024-06-10T04:58:20.000000000Z,32,1,80420,38854.000000000,38854.000000000,38854.000000000,38854.000000000,2,YM
2024-06-10T04:58:24.000000000Z,32,1,80420,38854.000000000,38854.000000000,38854.000000000,38854.000000000,3,YM
2024-06-10T04:58:41.000000000Z,32,1,80420,38854.000000000,38854.000000000,38854.000000000,38854.000000000,1,YM
2024-06-10T04:58:53.000000000Z,32,1,80420,38855.000000000,38855.000000000,38855.000000000,38855.000000000,1,YM
2024-06-10T04:58:55.000000000Z,32,1,80420,38853.000000000,38853.000000000,38853.000000000,38853.000000000,1,YM
2024-06-10T04:58:58.000000000Z,32,1,80420,38852.000000000,38852.000000000,38852.000000000,38852.000000000,2,YM
2024-06-10T04:59:36.000000000Z,32,1,80420,38851.000000000,38851.000000000,38851.000000000,38851.000000000,2,YM
2024-06-10T04:59:42.000000000Z,32,1,80420,38851.000000000,38851.000000000,38851.000000000,38851.000000000,1,YM
2024-06-10T04:59:54.000000000Z,32,1,80420,38851.000000000,38851.000000000,38851.000000000,38851.000000000,2,YM
2024-06-10T04:59:56.000000000Z,32,1,80420,38852.000000000,38852.000000000,38852.000000000,38852.000000000,1,YM
2024-06-10T05:00:00.000000000Z,32,1,80420,38851.000000000,38851.000000000,38851.000000000,38851.000000000,1,YM
2024-06-10T05:00:18.000000000Z,32,1,80420,38852.000000000,38852.000000000,38852.000000000,38852.000000000,5,YM
2024-06-10T05:00:58.000000000Z,32,1,80420,38852.000000000,38852.000000000,38852.000000000,38852.000000000,3,YM
2024-06-10T05:00:59.000000000Z,32,1,80420,38851.000000000,38851.000000000,38851.000000000,38851.000000000,1,YM
2024-06-10T05:01:00.000000000Z,32,1,80420,38852.000000000,38852.000000000,38852.000000000,38852.000000000,1,YM
2024-06-10T05:01:05.000000000Z,32,1,80420,38851.000000000,38851.000000000,38851.000000000,38851.000000000,1,YM
2024-06-10T05:01:14.000000000Z,32,1,80420,38853.000000000,38853.000000000,38853.000000000,38853.000000000,4,YM
2024-06-10T05:01:30.000000000Z,32,1,80420,38852.000000000,38852.000000000,38852.000000000,38852.000000000,1,YM
2024-06-10T05:01:40.000000000Z,32,1,80420,38851.000000000,38851.000000000,38851.000000000,38851.000000000,2,YM
2024-06-10T05:01:45.000000000Z,32,1,80420,38850.000000000,38850.000000000,38850.000000000,38850.000000000,1,YM
2024-06-10T05:01:48.000000000Z,32,1,80420,38850.000000000,38850.000000000,38850.000000000,38850.000000000,1,YM
2024-06-10T05:02:07.000000000Z,32,1,80420,38850.000000000,38850.000000000,38850.000000000,38850.000000000,2,YM
2024-06-10T05:02:08.000000000Z,32,1,80420,38850.000000000,38850.000000000,38850.000000000,38850.000000000,1,YM
2024-06-10T05:02:13.000000000Z,32,1,80420,38850.000000000,38851.000000000,38850.000000000,38851.000000000,3,YM
2024-06-10T05:02:15.000000000Z,32,1,80420,38850.000000000,38850.000000000,38850.000000000,38850.000000000,1,YM
2024-06-10T05:02:18.000000000Z,32,1,80420,38851.000000000,38851.000000000,38851.000000000,38851.000000000,1,YM
2024-06-10T05:02:22.000000000Z,32,1,80420,38851.000000000,38851.000000000,38851.000000000,38851.000000000,1,YM
2024-06-10T05:02:28.000000000Z,32,1,80420,38851.000000000,38851.000000000,38851.000000000,38851.000000000,1,YM
2024-06-10T05:02:42.000000000Z,32,1,80420,38851.000000000,38851.000000000,38851.000000000,38851.000000000,1,YM
2024-06-10T05:03:00.000000000Z,32,1,80420,38850.000000000,38850.000000000,38850.000000000,38850.000000000,2,YM
2024-06-10T05:03:02.000000000Z,32,1,80420,38849.000000000,38849.000000000,38849.000000000,38849.000000000,4,YM
2024-06-10T05:03:03.000000000Z,32,1,80420,38850.000000000,38850.000000000,38850.000000000,38850.000000000,2,YM
2024-06-10T05:03:33.000000000Z,32,1,80420,38851.000000000,38851.000000000,38851.000000000,38851.000000000,1,YM
2024-06-10T05:03:38.000000000Z,32,1,80420,38852.000000000,38852.000000000,38852.000000000,38852.000000000,1,YM
2024-06-10T05:03:40.000000000Z,32,1,80420,38852.000000000,38852.000000000,38852.000000000,38852.000000000,1,YM
2024-06-10T05:04:21.000000000Z,32,1,80420,38853.000000000,38853.000000000,38853.000000000,38853.000000000,2,YM
2024-06-10T05:04:30.000000000Z,32,1,80420,38853.000000000,38853.000000000,38853.000000000,38853.000000000,1,YM
2024-06-10T05:04:48.000000000Z,32,1,80420,38853.000000000,38853.000000000,38853.000000000,38853.000000000,3,YM
2024-06-10T05:05:11.000000000Z,32,1,80420,38851.000000000,38851.000000000,38851.000000000,38851.000000000,2,YM
2024-06-10T05:05:12.000000000Z,32,1,80420,38851.000000000,38851.000000000,38851.000000000,38851.000000000,1,YM
2024-06-10T05:05:18.000000000Z,32,1,80420,38851.000000000,38851.000000000,38851.000000000,38851.000000000,2,YM
2024-06-10T05:05:21.000000000Z,32,1,80420,38852.000000000,38852.000000000,38852.000000000,38852.000000000,5,YM
2024-06-10T05:05:37.000000000Z,32,1,80420,38853.000000000,38853.000000000,38853.000000000,38853.000000000,2,YM
2024-06-10T05:05:44.000000000Z,32,1,80420,38852.000000000,38852.000000000,38852.000000000,38852.000000000,2,YM
2024-06-10T05:05:46.000000000Z,32,1,80420,38851.000000000,38851.000000000,38851.000000000,38851.000000000,1,YM
2024-06-10T05:05:48.000000000Z,32,1,80420,38852.000000000,38852.000000000,38852.000000000,38852.000000000,2,YM
2024-06-10T05:06:02.000000000Z,32,1,80420,38852.000000000,38852.000000000,38852.000000000,38852.000000000,1,YM
2024-06-10T05:06:03.000000000Z,32,1,80420,38851.000000000,38851.000000000,38851.000000000,38851.000000000,1,YM
2024-06-10T05:06:05.000000000Z,32,1,80420,38851.000000000,38851.000000000,38851.000000000,38851.000000000,1,YM
2024-06-10T05:06:07.000000000Z,32,1,80420,38851.000000000,38851.000000000,38851.000000000,38851.000000000,3,YM
2024-06-10T05:06:09.000000000Z,32,1,80420,38850.000000000,38850.000000000,38850.000000000,38850.000000000,1,YM
2024-06-10T05:06:24.000000000Z,32,1,80420,38850.000000000,38850.000000000,38850.000000000,38850.000000000,1,YM
2024-06-10T05:06:32.000000000Z,32,1,80420,38850.000000000,38850.000000000,38850.000000000,38850.000000000,1,YM
2024-06-10T05:06:47.000000000Z,32,1,80420,38852.000000000,38852.000000000,38852.000000000,38852.000000000,2,YM
2024-06-10T05:06:50.000000000Z,32,1,80420,38852.000000000,38852.000000000,38852.000000000,38852.000000000,1,YM
2024-06-10T05:07:37.000000000Z,32,1,80420,38852.000000000,38852.000000000,38852.000000000,38852.000000000,1,YM
2024-06-10T05:07:39.000000000Z,32,1,80420,38853.000000000,38853.000000000,38853.000000000,38853.000000000,2,YM
2024-06-10T05:07:44.000000000Z,32,1,80420,38852.000000000,38852.000000000,38852.000000000,38852.000000000,1,YM
2024-06-10T05:08:06.000000000Z,32,1,80420,38852.000000000,38852.000000000,38852.000000000,38852.000000000,2,YM
2024-06-10T05:08:10.000000000Z,32,1,80420,38851.000000000,38851.000000000,38851.000000000,38851.000000000,1,YM
2024-06-10T05:08:27.000000000Z,32,1,80420,38851.000000000,38851.000000000,38851.000000000,38851.000000000,1,YM
2024-06-10T05:08:36.000000000Z,32,1,80420,38850.000000000,38850.000000000,38850.000000000,38850.000000000,1,YM
2024-06-10T05:08:47.000000000Z,32,1,80420,38850.000000000,38850.000000000,38850.000000000,38850.000000000,1,YM
2024-06-10T05:08:50.000000000Z,32,1,80420,38850.000000000,38850.000000000,38850.000000000,38850.000000000,5,YM
2024-06-10T05:08:51.000000000Z,32,1,80420,38849.000000000,38849.000000000,38849.000000000,38849.000000000,1,YM
2024-06-10T05:09:05.000000000Z,32,1,80420,38848.000000000,38848.000000000,38848.000000000,38848.000000000,2,YM
2024-06-10T05:09:20.000000000Z,32,1,80420,38849.000000000,38849.000000000,38849.000000000,38849.000000000,2,YM
2024-06-10T05:09:29.000000000Z,32,1,80420,38850.000000000,38850.000000000,38850.000000000,38850.000000000,1,YM
2024-06-10T05:09:47.000000000Z,32,1,80420,38851.000000000,38851.000000000,38851.000000000,38851.000000000,6,YM
2024-06-10T05:09:55.000000000Z,32,1,80420,38852.000000000,38852.000000000,38852.000000000,38852.000000000,1,YM
2024-06-10T05:10:09.000000000Z,32,1,80420,38852.000000000,38852.000000000,38852.000000000,38852.000000000,1,YM
2024-06-10T05:10:15.000000000Z,32,1,80420,38851.000000000,38851.000000000,38851.000000000,38851.000000000,2,YM
2024-06-10T05:10:17.000000000Z,32,1,80420,38850.000000000,38850.000000000,38850.000000000,38850.000000000,3,YM
2024-06-10T05:10:20.000000000Z,32,1,80420,38849.000000000,38849.000000000,38849.000000000,38849.000000000,1,YM
2024-06-10T05:10:22.000000000Z,32,1,80420,38851.000000000,38851.000000000,38851.000000000,38851.000000000,3,YM
2024-06-10T05:10:23.000000000Z,32,1,80420,38852.000000000,38852.000000000,38852.000000000,38852.000000000,1,YM
2024-06-10T05:10:31.000000000Z,32,1,80420,38852.000000000,38852.000000000,38852.000000000,38852.000000000,1,YM
2024-06-10T05:10:55.000000000Z,32,1,80420,38853.000000000,38853.000000000,38853.000000000,38853.000000000,1,YM
2024-06-10T05:11:14.000000000Z,32,1,80420,38853.000000000,38853.000000000,38853.000000000,38853.000000000,2,YM
2024-06-10T05:11:20.000000000Z,32,1,80420,38854.000000000,38854.000000000,38854.000000000,38854.000000000,1,YM
2024-06-10T05:11:22.000000000Z,32,1,80420,38855.000000000,38855.000000000,38855.000000000,38855.000000000,1,YM
2024-06-10T05:11:25.000000000Z,32,1,80420,38856.000000000,38856.000000000,38856.000000000,38856.000000000,3,YM
2024-06-10T05:11:33.000000000Z,32,1,80420,38856.000000000,38856.000000000,38856.000000000,38856.000000000,1,YM
2024-06-10T05:11:40.000000000Z,32,1,80420,38855.000000000,38855.000000000,38855.000000000,38855.000000000,1,YM
2024-06-10T05:11:47.000000000Z,32,1,80420,38856.000000000,38856.000000000,38856.000000000,38856.000000000,1,YM
2024-06-10T05:12:05.000000000Z,32,1,80420,38857.000000000,38859.000000000,38857.000000000,38857.000000000,22,YM
2024-06-10T05:12:06.000000000Z,32,1,80420,38856.000000000,38856.000000000,38856.000000000,38856.000000000,1,YM
2024-06-10T05:12:15.000000000Z,32,1,80420,38856.000000000,38856.000000000,38856.000000000,38856.000000000,2,YM
2024-06-10T05:12:23.000000000Z,32,1,80420,38855.000000000,38855.000000000,38855.000000000,38855.000000000,1,YM
2024-06-10T05:12:41.000000000Z,32,1,80420,38857.000000000,38857.000000000,38857.000000000,38857.000000000,10,YM
2024-06-10T05:12:53.000000000Z,32,1,80420,38856.000000000,38856.000000000,38856.000000000,38856.000000000,2,YM
2024-06-10T05:13:17.000000000Z,32,1,80420,38855.000000000,38855.000000000,38854.000000000,38854.000000000,18,YM
2024-06-10T05:13:25.000000000Z,32,1,80420,38853.000000000,38853.000000000,38853.000000000,38853.000000000,1,YM
2024-06-10T05:13:27.000000000Z,32,1,80420,38855.000000000,38855.000000000,38855.000000000,38855.000000000,2,YM
2024-06-10T05:13:33.000000000Z,32,1,80420,38855.000000000,38855.000000000,38855.000000000,38855.000000000,3,YM
2024-06-10T05:13:38.000000000Z,32,1,80420,38856.000000000,38856.000000000,38856.000000000,38856.000000000,1,YM
2024-06-10T05:13:40.000000000Z,32,1,80420,38855.000000000,38855.000000000,38855.000000000,38855.000000000,2,YM
2024-06-10T05:13:55.000000000Z,32,1,80420,38855.000000000,38855.000000000,38855.000000000,38855.000000000,1,YM
2024-06-10T05:13:58.000000000Z,32,1,80420,38856.000000000,38856.000000000,38856.000000000,38856.000000000,1,YM
2024-06-10T05:14:00.000000000Z,32,1,80420,38856.000000000,38856.000000000,38856.000000000,38856.000000000,2,YM
2024-06-10T05:14:02.000000000Z,32,1,80420,38857.000000000,38857.000000000,38857.000000000,38857.000000000,1,YM
2024-06-10T05:14:09.000000000Z,32,1,80420,38857.000000000,38857.000000000,38857.000000000,38857.000000000,1,YM
2024-06-10T05:14:10.000000000Z,32,1,80420,38857.000000000,38858.000000000,38857.000000000,38857.000000000,21,YM
2024-06-10T05:14:26.000000000Z,32,1,80420,38858.000000000,38858.000000000,38858.000000000,38858.000000000,1,YM
2024-06-10T05:14:48.000000000Z,32,1,80420,38856.000000000,38856.000000000,38856.000000000,38856.000000000,1,YM
2024-06-10T05:15:00.000000000Z,32,1,80420,38856.000000000,38856.000000000,38856.000000000,38856.000000000,1,YM
2024-06-10T05:15:02.000000000Z,32,1,80420,38857.000000000,38857.000000000,38857.000000000,38857.000000000,3,YM
2024-06-10T05:15:07.000000000Z,32,1,80420,38857.000000000,38857.000000000,38857.000000000,38857.000000000,1,YM
2024-06-10T05:15:30.000000000Z,32,1,80420,38856.000000000,38856.000000000,38856.000000000,38856.000000000,1,YM
2024-06-10T05:15:50.000000000Z,32,1,80420,38855.000000000,38855.000000000,38855.000000000,38855.000000000,10,YM
2024-06-10T05:16:01.000000000Z,32,1,80420,38855.000000000,38855.000000000,38855.000000000,38855.000000000,3,YM
2024-06-10T05:16:03.000000000Z,32,1,80420,38854.000000000,38854.000000000,38854.000000000,38854.000000000,1,YM
2024-06-10T05:16:09.000000000Z,32,1,80420,38853.000000000,38853.000000000,38853.000000000,38853.000000000,1,YM
2024-06-10T05:16:12.000000000Z,32,1,80420,38854.000000000,38854.000000000,38854.000000000,38854.000000000,2,YM
2024-06-10T05:16:13.000000000Z,32,1,80420,38854.000000000,38854.000000000,38854.000000000,38854.000000000,2,YM
2024-06-10T05:16:15.000000000Z,32,1,80420,38854.000000000,38854.000000000,38854.000000000,38854.000000000,1,YM
2024-06-10T05:16:17.000000000Z,32,1,80420,38855.000000000,38855.000000000,38855.000000000,38855.000000000,2,YM
2024-06-10T05:16:28.000000000Z,32,1,80420,38854.000000000,38854.000000000,38854.000000000,38854.000000000,2,YM
2024-06-10T05:17:02.000000000Z,32,1,80420,38855.000000000,38855.000000000,38855.000000000,38855.000000000,1,YM
2024-06-10T05:17:27.000000000Z,32,1,80420,38854.000000000,38854.000000000,38854.000000000,38854.000000000,2,YM
2024-06-10T05:18:17.000000000Z,32,1,80420,38853.000000000,38853.000000000,38853.000000000,38853.000000000,1,YM
2024-06-10T05:18:31.000000000Z,32,1,80420,38853.000000000,38854.000000000,38853.000000000,38854.000000000,2,YM
2024-06-10T05:18:33.000000000Z,32,1,80420,38854.000000000,38854.000000000,38854.000000000,38854.000000000,1,YM
2024-06-10T05:18:37.000000000Z,32,1,80420,38855.000000000,38855.000000000,38855.000000000,38855.000000000,3,YM
2024-06-10T05:18:40.000000000Z,32,1,80420,38855.000000000,38855.000000000,38855.000000000,38855.000000000,1,YM
2024-06-10T05:19:12.000000000Z,32,1,80420,38856.000000000,38856.000000000,38856.000000000,38856.000000000,1,YM
2024-06-10T05:19:25.000000000Z,32,1,80420,38856.000000000,38856.000000000,38856.000000000,38856.000000000,1,YM
2024-06-10T05:19:31.000000000Z,32,1,80420,38856.000000000,38856.000000000,38856.000000000,38856.000000000,1,YM
2024-06-10T05:19:32.000000000Z,32,1,80420,38856.000000000,38856.000000000,38856.000000000,38856.000000000,1,YM
2024-06-10T05:20:02.000000000Z,32,1,80420,38855.000000000,38855.000000000,38855.000000000,38855.000000000,1,YM
2024-06-10T05:20:07.000000000Z,32,1,80420,38855.000000000,38855.000000000,38855.000000000,38855.000000000,1,YM
2024-06-10T05:20:11.000000000Z,32,1,80420,38855.000000000,38855.000000000,38855.000000000,38855.000000000,1,YM
2024-06-10T05:20:14.000000000Z,32,1,80420,38854.000000000,38854.000000000,38854.000000000,38854.000000000,1,YM
2024-06-10T05:20:22.000000000Z,32,1,80420,38855.000000000,38855.000000000,38855.000000000,38855.000000000,1,YM
2024-06-10T05:20:24.000000000Z,32,1,80420,38855.000000000,38855.000000000,38855.000000000,38855.000000000,1,YM
2024-06-10T05:20:25.000000000Z,32,1,80420,38855.000000000,38855.000000000,38855.000000000,38855.000000000,1,YM
2024-06-10T05:20:38.000000000Z,32,1,80420,38855.000000000,38855.000000000,38855.000000000,38855.000000000,1,YM
2024-06-10T05:20:50.000000000Z,32,1,80420,38856.000000000,38856.000000000,38856.000000000,38856.000000000,1,YM
2024-06-10T05:21:03.000000000Z,32,1,80420,38855.000000000,38855.000000000,38855.000000000,38855.000000000,1,YM
2024-06-10T05:21:09.000000000Z,32,1,80420,38856.000000000,38856.000000000,38856.000000000,38856.000000000,2,YM
2024-06-10T05:21:21.000000000Z,32,1,80420,38857.000000000,38857.000000000,38857.000000000,38857.000000000,1,YM
2024-06-10T05:21:38.000000000Z,32,1,80420,38856.000000000,38856.000000000,38856.000000000,38856.000000000,3,YM
2024-06-10T05:21:40.000000000Z,32,1,80420,38855.000000000,38855.000000000,38855.000000000,38855.000000000,1,YM
2024-06-10T05:21:44.000000000Z,32,1,80420,38855.000000000,38856.000000000,38855.000000000,38856.000000000,2,YM
2024-06-10T05:21:53.000000000Z,32,1,80420,38855.000000000,38855.000000000,38855.000000000,38855.000000000,1,YM
2024-06-10T05:21:55.000000000Z,32,1,80420,38855.000000000,38855.000000000,38855.000000000,38855.000000000,1,YM
2024-06-10T05:22:20.000000000Z,32,1,80420,38853.000000000,38853.000000000,38853.000000000,38853.000000000,3,YM
2024-06-10T05:22:51.000000000Z,32,1,80420,38855.000000000,38855.000000000,38855.000000000,38855.000000000,1,YM
2024-06-10T05:22:54.000000000Z,32,1,80420,38855.000000000,38855.000000000,38855.000000000,38855.000000000,1,YM
2024-06-10T05:22:56.000000000Z,32,1,80420,38855.000000000,38855.000000000,38855.000000000,38855.000000000,1,YM
2024-06-10T05:22:58.000000000Z,32,1,80420,38856.000000000,38856.000000000,38856.000000000,38856.000000000,1,YM
2024-06-10T05:22:59.000000000Z,32,1,80420,38855.000000000,38856.000000000,38855.000000000,38856.000000000,3,YM
2024-06-10T05:23:01.000000000Z,32,1,80420,38855.000000000,38855.000000000,38855.000000000,38855.000000000,1,YM
2024-06-10T05:23:02.000000000Z,32,1,80420,38856.000000000,38856.000000000,38856.000000000,38856.000000000,1,YM
2024-06-10T05:23:10.000000000Z,32,1,80420,38856.000000000,38856.000000000,38856.000000000,38856.000000000,1,YM
2024-06-10T05:23:19.000000000Z,32,1,80420,38857.000000000,38857.000000000,38857.000000000,38857.000000000,1,YM
2024-06-10T05:23:20.000000000Z,32,1,80420,38855.000000000,38855.000000000,38855.000000000,38855.000000000,1,YM
2024-06-10T05:23:23.000000000Z,32,1,80420,38855.000000000,38855.000000000,38855.000000000,38855.000000000,1,YM
2024-06-10T05:24:07.000000000Z,32,1,80420,38855.000000000,38855.000000000,38855.000000000,38855.000000000,1,YM
2024-06-10T05:24:38.000000000Z,32,1,80420,38854.000000000,38854.000000000,38854.000000000,38854.000000000,1,YM
2024-06-10T05:25:44.000000000Z,32,1,80420,38854.000000000,38854.000000000,38854.000000000,38854.000000000,1,YM
2024-06-10T05:26:08.000000000Z,32,1,80420,38855.000000000,38855.000000000,38855.000000000,38855.000000000,3,YM
2024-06-10T05:26:09.000000000Z,32,1,80420,38856.000000000,38856.000000000,38856.000000000,38856.000000000,3,YM
2024-06-10T05:26:15.000000000Z,32,1,80420,38855.000000000,38855.000000000,38855.000000000,38855.000000000,2,YM
2024-06-10T05:26:16.000000000Z,32,1,80420,38855.000000000,38855.000000000,38855.000000000,38855.000000000,3,YM
2024-06-10T05:26:34.000000000Z,32,1,80420,38854.000000000,38854.000000000,38854.000000000,38854.000000000,1,YM
2024-06-10T05:26:42.000000000Z,32,1,80420,38853.000000000,38853.000000000,38853.000000000,38853.000000000,1,YM
2024-06-10T05:27:01.000000000Z,32,1,80420,38853.000000000,38853.000000000,38853.000000000,38853.000000000,3,YM
2024-06-10T05:27:23.000000000Z,32,1,80420,38853.000000000,38853.000000000,38853.000000000,38853.000000000,1,YM
2024-06-10T05:27:34.000000000Z,32,1,80420,38854.000000000,38854.000000000,38854.000000000,38854.000000000,1,YM
2024-06-10T05:27:35.000000000Z,32,1,80420,38852.000000000,38852.000000000,38852.000000000,38852.000000000,4,YM
2024-06-10T05:27:41.000000000Z,32,1,80420,38851.000000000,38851.000000000,38851.000000000,38851.000000000,1,YM
2024-06-10T05:27:48.000000000Z,32,1,80420,38851.000000000,38851.000000000,38851.000000000,38851.000000000,6,YM
2024-06-10T05:28:06.000000000Z,32,1,80420,38851.000000000,38851.000000000,38851.000000000,38851.000000000,1,YM
2024-06-10T05:28:38.000000000Z,32,1,80420,38853.000000000,38853.000000000,38853.000000000,38853.000000000,1,YM
2024-06-10T05:29:40.000000000Z,32,1,80420,38851.000000000,38851.000000000,38851.000000000,38851.000000000,2,YM
2024-06-10T05:29:41.000000000Z,32,1,80420,38852.000000000,38852.000000000,38852.000000000,38852.000000000,4,YM
2024-06-10T05:29:43.000000000Z,32,1,80420,38853.000000000,38853.000000000,38853.000000000,38853.000000000,3,YM
2024-06-10T05:30:20.000000000Z,32,1,80420,38851.000000000,38851.000000000,38851.000000000,38851.000000000,1,YM
2024-06-10T05:30:46.000000000Z,32,1,80420,38853.000000000,38853.000000000,38853.000000000,38853.000000000,2,YM
2024-06-10T05:31:02.000000000Z,32,1,80420,38853.000000000,38853.000000000,38853.000000000,38853.000000000,1,YM
2024-06-10T05:31:05.000000000Z,32,1,80420,38853.000000000,38853.000000000,38853.000000000,38853.000000000,4,YM
2024-06-10T05:32:21.000000000Z,32,1,80420,38854.000000000,38854.000000000,38854.000000000,38854.000000000,6,YM
2024-06-10T05:32:37.000000000Z,32,1,80420,38853.000000000,38853.000000000,38853.000000000,38853.000000000,8,YM
2024-06-10T05:32:40.000000000Z,32,1,80420,38852.000000000,38852.000000000,38852.000000000,38852.000000000,1,YM
2024-06-10T05:33:31.000000000Z,32,1,80420,38854.000000000,38854.000000000,38854.000000000,38854.000000000,4,YM
2024-06-10T05:33:50.000000000Z,32,1,80420,38853.000000000,38853.000000000,38853.000000000,38853.000000000,5,YM
2024-06-10T05:33:51.000000000Z,32,1,80420,38852.000000000,38852.000000000,38852.000000000,38852.000000000,1,YM
2024-06-10T05:33:58.000000000Z,32,1,80420,38851.000000000,38851.000000000,38850.000000000,38850.000000000,10,YM
2024-06-10T05:33:59.000000000Z,32,1,80420,38849.000000000,38850.000000000,38849.000000000,38850.000000000,29,YM
2024-06-10T05:34:00.000000000Z,32,1,80420,38850.000000000,38850.000000000,38850.000000000,38850.000000000,5,YM
2024-06-10T05:34:29.000000000Z,32,1,80420,38851.000000000,38851.000000000,38851.000000000,38851.000000000,4,YM
2024-06-10T05:34:53.000000000Z,32,1,80420,38852.000000000,38852.000000000,38852.000000000,38852.000000000,1,YM
2024-06-10T05:35:10.000000000Z,32,1,80420,38853.000000000,38853.000000000,38853.000000000,38853.000000000,2,YM
2024-06-10T05:35:22.000000000Z,32,1,80420,38853.000000000,38853.000000000,38853.000000000,38853.000000000,1,YM
2024-06-10T05:35:24.000000000Z,32,1,80420,38852.000000000,38852.000000000,38852.000000000,38852.000000000,1,YM
2024-06-10T05:35:41.000000000Z,32,1,80420,38851.000000000,38851.000000000,38851.000000000,38851.000000000,1,YM
2024-06-10T05:35:59.000000000Z,32,1,80420,38851.000000000,38851.000000000,38851.000000000,38851.000000000,2,YM
2024-06-10T05:36:41.000000000Z,32,1,80420,38850.000000000,38850.000000000,38850.000000000,38850.000000000,1,YM
2024-06-10T05:37:25.000000000Z,32,1,80420,38852.000000000,38852.000000000,38852.000000000,38852.000000000,2,YM
2024-06-10T05:37:43.000000000Z,32,1,80420,38851.000000000,38851.000000000,38851.000000000,38851.000000000,5,YM
2024-06-10T05:37:57.000000000Z,32,1,80420,38850.000000000,38850.000000000,38850.000000000,38850.000000000,3,YM
2024-06-10T05:38:06.000000000Z,32,1,80420,38849.000000000,38849.000000000,38849.000000000,38849.000000000,2,YM
2024-06-10T05:38:17.000000000Z,32,1,80420,38849.000000000,38849.000000000,38849.000000000,38849.000000000,2,YM
2024-06-10T05:39:20.000000000Z,32,1,80420,38849.000000000,38849.000000000,38849.000000000,38849.000000000,1,YM
2024-06-10T05:39:49.000000000Z,32,1,80420,38850.000000000,38850.000000000,38850.000000000,38850.000000000,2,YM
2024-06-10T05:39:50.000000000Z,32,1,80420,38850.000000000,38850.000000000,38850.000000000,38850.000000000,2,YM
2024-06-10T05:40:03.000000000Z,32,1,80420,38850.000000000,38850.000000000,38850.000000000,38850.000000000,2,YM
2024-06-10T05:40:07.000000000Z,32,1,80420,38850.000000000,38850.000000000,38850.000000000,38850.000000000,2,YM
2024-06-10T05:40:20.000000000Z,32,1,80420,38850.000000000,38850.000000000,38850.000000000,38850.000000000,1,YM
2024-06-10T05:40:42.000000000Z,32,1,80420,38851.000000000,38851.000000000,38851.000000000,38851.000000000,3,YM
2024-06-10T05:40:46.000000000Z,32,1,80420,38851.000000000,38851.000000000,38851.000000000,38851.000000000,1,YM
2024-06-10T05:41:00.000000000Z,32,1,80420,38850.000000000,38850.000000000,38850.000000000,38850.000000000,1,YM
2024-06-10T05:41:04.000000000Z,32,1,80420,38849.000000000,38849.000000000,38849.000000000,38849.000000000,1,YM
2024-06-10T05:41:21.000000000Z,32,1,80420,38848.000000000,38848.000000000,38848.000000000,38848.000000000,1,YM
2024-06-10T05:41:27.000000000Z,32,1,80420,38849.000000000,38849.000000000,38849.000000000,38849.000000000,3,YM
2024-06-10T05:41:42.000000000Z,32,1,80420,38848.000000000,38848.000000000,38848.000000000,38848.000000000,1,YM
2024-06-10T05:41:48.000000000Z,32,1,80420,38847.000000000,38847.000000000,38847.000000000,38847.000000000,1,YM
2024-06-10T05:42:13.000000000Z,32,1,80420,38845.000000000,38846.000000000,38845.000000000,38846.000000000,6,YM
2024-06-10T05:42:21.000000000Z,32,1,80420,38845.000000000,38845.000000000,38845.000000000,38845.000000000,1,YM
2024-06-10T05:42:52.000000000Z,32,1,80420,38846.000000000,38846.000000000,38846.000000000,38846.000000000,1,YM
2024-06-10T05:43:19.000000000Z,32,1,80420,38846.000000000,38846.000000000,38846.000000000,38846.000000000,2,YM
2024-06-10T05:43:42.000000000Z,32,1,80420,38848.000000000,38848.000000000,38848.000000000,38848.000000000,2,YM
2024-06-10T05:43:43.000000000Z,32,1,80420,38848.000000000,38848.000000000,38848.000000000,38848.000000000,1,YM
2024-06-10T05:44:00.000000000Z,32,1,80420,38847.000000000,38847.000000000,38847.000000000,38847.000000000,1,YM
2024-06-10T05:44:30.000000000Z,32,1,80420,38848.000000000,38848.000000000,38848.000000000,38848.000000000,1,YM
2024-06-10T05:44:42.000000000Z,32,1,80420,38848.000000000,38848.000000000,38848.000000000,38848.000000000,1,YM
2024-06-10T05:44:45.000000000Z,32,1,80420,38848.000000000,38848.000000000,38848.000000000,38848.000000000,3,YM
2024-06-10T05:44:51.000000000Z,32,1,80420,38848.000000000,38848.000000000,38848.000000000,38848.000000000,4,YM
2024-06-10T05:45:00.000000000Z,32,1,80420,38848.000000000,38848.000000000,38848.000000000,38848.000000000,1,YM
2024-06-10T05:45:13.000000000Z,32,1,80420,38849.000000000,38850.000000000,38849.000000000,38850.000000000,6,YM
2024-06-10T05:45:20.000000000Z,32,1,80420,38849.000000000,38849.000000000,38849.000000000,38849.000000000,1,YM
2024-06-10T05:45:59.000000000Z,32,1,80420,38850.000000000,38850.000000000,38850.000000000,38850.000000000,2,YM
2024-06-10T05:46:00.000000000Z,32,1,80420,38849.000000000,38849.000000000,38848.000000000,38848.000000000,2,YM
2024-06-10T05:46:31.000000000Z,32,1,80420,38849.000000000,38849.000000000,38849.000000000,38849.000000000,1,YM
2024-06-10T05:46:40.000000000Z,32,1,80420,38848.000000000,38848.000000000,38848.000000000,38848.000000000,1,YM
2024-06-10T05:47:00.000000000Z,32,1,80420,38846.000000000,38846.000000000,38846.000000000,38846.000000000,6,YM
2024-06-10T05:47:25.000000000Z,32,1,80420,38847.000000000,38847.000000000,38847.000000000,38847.000000000,1,YM
2024-06-10T05:48:00.000000000Z,32,1,80420,38846.000000000,38846.000000000,38846.000000000,38846.000000000,1,YM
2024-06-10T05:48:36.000000000Z,32,1,80420,38848.000000000,38848.000000000,38848.000000000,38848.000000000,1,YM
2024-06-10T05:49:11.000000000Z,32,1,80420,38846.000000000,38846.000000000,38846.000000000,38846.000000000,1,YM
2024-06-10T05:49:15.000000000Z,32,1,80420,38845.000000000,38845.000000000,38845.000000000,38845.000000000,1,YM
2024-06-10T05:49:23.000000000Z,32,1,80420,38845.000000000,38845.000000000,38845.000000000,38845.000000000,3,YM
2024-06-10T05:49:41.000000000Z,32,1,80420,38844.000000000,38844.000000000,38844.000000000,38844.000000000,4,YM
2024-06-10T05:49:59.000000000Z,32,1,80420,38842.000000000,38842.000000000,38842.000000000,38842.000000000,1,YM
2024-06-10T05:50:00.000000000Z,32,1,80420,38843.000000000,38843.000000000,38843.000000000,38843.000000000,1,YM
2024-06-10T05:50:24.000000000Z,32,1,80420,38844.000000000,38844.000000000,38844.000000000,38844.000000000,2,YM
2024-06-10T05:50:40.000000000Z,32,1,80420,38843.000000000,38843.000000000,38843.000000000,38843.000000000,1,YM
2024-06-10T05:50:41.000000000Z,32,1,80420,38844.000000000,38844.000000000,38844.000000000,38844.000000000,1,YM
2024-06-10T05:50:46.000000000Z,32,1,80420,38843.000000000,38843.000000000,38842.000000000,38842.000000000,6,YM
2024-06-10T05:50:49.000000000Z,32,1,80420,38842.000000000,38842.000000000,38842.000000000,38842.000000000,1,YM
2024-06-10T05:51:00.000000000Z,32,1,80420,38841.000000000,38841.000000000,38841.000000000,38841.000000000,6,YM
2024-06-10T05:51:14.000000000Z,32,1,80420,38842.000000000,38843.000000000,38842.000000000,38843.000000000,6,YM
2024-06-10T05:51:28.000000000Z,32,1,80420,38842.000000000,38842.000000000,38842.000000000,38842.000000000,2,YM
2024-06-10T05:51:32.000000000Z,32,1,80420,38843.000000000,38843.000000000,38843.000000000,38843.000000000,1,YM
2024-06-10T05:51:58.000000000Z,32,1,80420,38844.000000000,38844.000000000,38844.000000000,38844.000000000,3,YM
2024-06-10T05:52:15.000000000Z,32,1,80420,38844.000000000,38844.000000000,38844.000000000,38844.000000000,2,YM
2024-06-10T05:52:22.000000000Z,32,1,80420,38844.000000000,38844.000000000,38844.000000000,38844.000000000,1,YM
2024-06-10T05:52:26.000000000Z,32,1,80420,38845.000000000,38845.000000000,38845.000000000,38845.000000000,2,YM
2024-06-10T05:52:30.000000000Z,32,1,80420,38845.000000000,38845.000000000,38845.000000000,38845.000000000,1,YM
2024-06-10T05:52:46.000000000Z,32,1,80420,38844.000000000,38844.000000000,38844.000000000,38844.000000000,1,YM
2024-06-10T05:52:49.000000000Z,32,1,80420,38845.000000000,38845.000000000,38845.000000000,38845.000000000,2,YM
2024-06-10T05:52:59.000000000Z,32,1,80420,38845.000000000,38845.000000000,38845.000000000,38845.000000000,3,YM
2024-06-10T05:53:20.000000000Z,32,1,80420,38845.000000000,38845.000000000,38845.000000000,38845.000000000,1,YM
2024-06-10T05:53:30.000000000Z,32,1,80420,38845.000000000,38845.000000000,38844.000000000,38844.000000000,2,YM
2024-06-10T05:53:57.000000000Z,32,1,80420,38845.000000000,38845.000000000,38845.000000000,38845.000000000,1,YM
2024-06-10T05:54:08.000000000Z,32,1,80420,38846.000000000,38846.000000000,38846.000000000,38846.000000000,2,YM
2024-06-10T05:54:11.000000000Z,32,1,80420,38845.000000000,38845.000000000,38845.000000000,38845.000000000,1,YM
2024-06-10T05:54:14.000000000Z,32,1,80420,38845.000000000,38845.000000000,38845.000000000,38845.000000000,1,YM
2024-06-10T05:54:16.000000000Z,32,1,80420,38846.000000000,38846.000000000,38846.000000000,38846.000000000,1,YM
2024-06-10T05:54:17.000000000Z,32,1,80420,38845.000000000,38845.000000000,38845.000000000,38845.000000000,1,YM
2024-06-10T05:54:39.000000000Z,32,1,80420,38845.000000000,38845.000000000,38845.000000000,38845.000000000,1,YM
2024-06-10T05:54:50.000000000Z,32,1,80420,38845.000000000,38845.000000000,38845.000000000,38845.000000000,1,YM
2024-06-10T05:54:51.000000000Z,32,1,80420,38845.000000000,38845.000000000,38845.000000000,38845.000000000,1,YM
2024-06-10T05:55:00.000000000Z,32,1,80420,38844.000000000,38844.000000000,38844.000000000,38844.000000000,1,YM
2024-06-10T05:55:04.000000000Z,32,1,80420,38845.000000000,38845.000000000,38845.000000000,38845.000000000,3,YM
2024-06-10T05:55:11.000000000Z,32,1,80420,38845.000000000,38845.000000000,38845.000000000,38845.000000000,2,YM
2024-06-10T05:55:29.000000000Z,32,1,80420,38844.000000000,38844.000000000,38843.000000000,38843.000000000,5,YM
2024-06-10T05:55:36.000000000Z,32,1,80420,38843.000000000,38843.000000000,38843.000000000,38843.000000000,2,YM
2024-06-10T05:55:48.000000000Z,32,1,80420,38844.000000000,38844.000000000,38844.000000000,38844.000000000,2,YM
2024-06-10T05:56:00.000000000Z,32,1,80420,38844.000000000,38844.000000000,38844.000000000,38844.000000000,3,YM
2024-06-10T05:56:25.000000000Z,32,1,80420,38843.000000000,38843.000000000,38843.000000000,38843.000000000,1,YM
2024-06-10T05:56:30.000000000Z,32,1,80420,38842.000000000,38842.000000000,38842.000000000,38842.000000000,1,YM
2024-06-10T05:56:33.000000000Z,32,1,80420,38843.000000000,38843.000000000,38843.000000000,38843.000000000,1,YM
2024-06-10T05:56:38.000000000Z,32,1,80420,38844.000000000,38845.000000000,38844.000000000,38845.000000000,15,YM
2024-06-10T05:56:55.000000000Z,32,1,80420,38845.000000000,38845.000000000,38845.000000000,38845.000000000,1,YM
2024-06-10T05:57:00.000000000Z,32,1,80420,38845.000000000,38845.000000000,38845.000000000,38845.000000000,1,YM
2024-06-10T05:57:05.000000000Z,32,1,80420,38846.000000000,38848.000000000,38846.000000000,38848.000000000,11,YM
2024-06-10T05:57:06.000000000Z,32,1,80420,38848.000000000,38848.000000000,38848.000000000,38848.000000000,4,YM
2024-06-10T05:57:10.000000000Z,32,1,80420,38848.000000000,38848.000000000,38848.000000000,38848.000000000,1,YM
2024-06-10T05:57:17.000000000Z,32,1,80420,38849.000000000,38849.000000000,38849.000000000,38849.000000000,3,YM
2024-06-10T05:57:18.000000000Z,32,1,80420,38850.000000000,38850.000000000,38850.000000000,38850.000000000,2,YM
2024-06-10T05:57:19.000000000Z,32,1,80420,38850.000000000,38850.000000000,38850.000000000,38850.000000000,6,YM
2024-06-10T05:57:21.000000000Z,32,1,80420,38850.000000000,38850.000000000,38850.000000000,38850.000000000,1,YM
2024-06-10T05:57:29.000000000Z,32,1,80420,38850.000000000,38850.000000000,38850.000000000,38850.000000000,1,YM
2024-06-10T05:57:40.000000000Z,32,1,80420,38850.000000000,38850.000000000,38850.000000000,38850.000000000,1,YM
2024-06-10T05:57:51.000000000Z,32,1,80420,38851.000000000,38851.000000000,38851.000000000,38851.000000000,8,YM
2024-06-10T05:57:52.000000000Z,32,1,80420,38851.000000000,38851.000000000,38851.000000000,38851.000000000,3,YM
2024-06-10T05:57:53.000000000Z,32,1,80420,38852.000000000,38852.000000000,38852.000000000,38852.000000000,2,YM
2024-06-10T05:57:58.000000000Z,32,1,80420,38852.000000000,38852.000000000,38852.000000000,38852.000000000,1,YM
2024-06-10T05:58:00.000000000Z,32,1,80420,38851.000000000,38851.000000000,38851.000000000,38851.000000000,5,YM
2024-06-10T05:58:36.000000000Z,32,1,80420,38849.000000000,38849.000000000,38849.000000000,38849.000000000,1,YM
2024-06-10T05:58:46.000000000Z,32,1,80420,38850.000000000,38850.000000000,38850.000000000,38850.000000000,2,YM
2024-06-10T05:59:05.000000000Z,32,1,80420,38850.000000000,38850.000000000,38850.000000000,38850.000000000,1,YM
2024-06-10T05:59:07.000000000Z,32,1,80420,38850.000000000,38850.000000000,38850.000000000,38850.000000000,1,YM
2024-06-10T05:59:17.000000000Z,32,1,80420,38849.000000000,38849.000000000,38849.000000000,38849.000000000,3,YM
2024-06-10T05:59:18.000000000Z,32,1,80420,38849.000000000,38849.000000000,38849.000000000,38849.000000000,1,YM
2024-06-10T05:59:20.000000000Z,32,1,80420,38849.000000000,38849.000000000,38849.000000000,38849.000000000,1,YM
2024-06-10T05:59:27.000000000Z,32,1,80420,38850.000000000,38851.000000000,38850.000000000,38851.000000000,13,YM
2024-06-10T05:59:30.000000000Z,32,1,80420,38851.000000000,38851.000000000,38851.000000000,38851.000000000,3,YM
2024-06-10T05:59:31.000000000Z,32,1,80420,38850.000000000,38851.000000000,38850.000000000,38851.000000000,2,YM
2024-06-10T05:59:33.000000000Z,32,1,80420,38850.000000000,38850.000000000,38850.000000000,38850.000000000,1,YM
2024-06-10T05:59:54.000000000Z,32,1,80420,38849.000000000,38849.000000000,38849.000000000,38849.000000000,2,YM
2024-06-10T05:59:55.000000000Z,32,1,80420,38849.000000000,38849.000000000,38848.000000000,38848.000000000,6,YM
2024-06-10T06:00:01.000000000Z,32,1,80420,38847.000000000,38847.000000000,38847.000000000,38847.000000000,1,YM
2024-06-10T06:00:02.000000000Z,32,1,80420,38846.000000000,38846.000000000,38846.000000000,38846.000000000,3,YM
2024-06-10T06:00:06.000000000Z,32,1,80420,38845.000000000,38845.000000000,38845.000000000,38845.000000000,1,YM
2024-06-10T06:00:09.000000000Z,32,1,80420,38844.000000000,38844.000000000,38844.000000000,38844.000000000,2,YM
2024-06-10T06:00:16.000000000Z,32,1,80420,38844.000000000,38845.000000000,38844.000000000,38845.000000000,3,YM
2024-06-10T06:00:20.000000000Z,32,1,80420,38846.000000000,38846.000000000,38846.000000000,38846.000000000,2,YM
2024-06-10T06:00:31.000000000Z,32,1,80420,38841.000000000,38841.000000000,38841.000000000,38841.000000000,2,YM
2024-06-10T06:00:36.000000000Z,32,1,80420,38841.000000000,38841.000000000,38841.000000000,38841.000000000,2,YM
2024-06-10T06:00:38.000000000Z,32,1,80420,38842.000000000,38842.000000000,38842.000000000,38842.000000000,3,YM
2024-06-10T06:00:44.000000000Z,32,1,80420,38841.000000000,38841.000000000,38841.000000000,38841.000000000,1,YM
2024-06-10T06:00:47.000000000Z,32,1,80420,38841.000000000,38841.000000000,38841.000000000,38841.000000000,1,YM
2024-06-10T06:00:48.000000000Z,32,1,80420,38841.000000000,38841.000000000,38841.000000000,38841.000000000,3,YM
2024-06-10T06:00:51.000000000Z,32,1,80420,38842.000000000,38842.000000000,38842.000000000,38842.000000000,1,YM
2024-06-10T06:01:00.000000000Z,32,1,80420,38843.000000000,38843.000000000,38843.000000000,38843.000000000,2,YM
2024-06-10T06:01:02.000000000Z,32,1,80420,38840.000000000,38840.000000000,38840.000000000,38840.000000000,2,YM
2024-06-10T06:01:05.000000000Z,32,1,80420,38838.000000000,38839.000000000,38838.000000000,38839.000000000,7,YM
2024-06-10T06:01:09.000000000Z,32,1,80420,38840.000000000,38840.000000000,38840.000000000,38840.000000000,1,YM
2024-06-10T06:01:10.000000000Z,32,1,80420,38839.000000000,38839.000000000,38839.000000000,38839.000000000,4,YM
2024-06-10T06:01:11.000000000Z,32,1,80420,38839.000000000,38839.000000000,38839.000000000,38839.000000000,2,YM
2024-06-10T06:01:16.000000000Z,32,1,80420,38838.000000000,38838.000000000,38838.000000000,38838.000000000,2,YM
2024-06-10T06:01:17.000000000Z,32,1,80420,38837.000000000,38837.000000000,38837.000000000,38837.000000000,2,YM
2024-06-10T06:01:18.000000000Z,32,1,80420,38837.000000000,38837.000000000,38835.000000000,38835.000000000,15,YM
2024-06-10T06:01:21.000000000Z,32,1,80420,38835.000000000,38835.000000000,38835.000000000,38835.000000000,2,YM
2024-06-10T06:01:24.000000000Z,32,1,80420,38836.000000000,38837.000000000,38836.000000000,38837.000000000,13,YM
2024-06-10T06:01:25.000000000Z,32,1,80420,38836.000000000,38836.000000000,38836.000000000,38836.000000000,5,YM
2024-06-10T06:01:29.000000000Z,32,1,80420,38836.000000000,38837.000000000,38836.000000000,38837.000000000,9,YM
2024-06-10T06:01:30.000000000Z,32,1,80420,38836.000000000,38836.000000000,38836.000000000,38836.000000000,1,YM
2024-06-10T06:01:32.000000000Z,32,1,80420,38836.000000000,38836.000000000,38836.000000000,38836.000000000,1,YM
2024-06-10T06:01:36.000000000Z,32,1,80420,38835.000000000,38836.000000000,38835.000000000,38836.000000000,7,YM
2024-06-10T06:01:42.000000000Z,32,1,80420,38835.000000000,38835.000000000,38835.000000000,38835.000000000,1,YM
2024-06-10T06:01:43.000000000Z,32,1,80420,38836.000000000,38836.000000000,38836.000000000,38836.000000000,1,YM
2024-06-10T06:01:45.000000000Z,32,1,80420,38834.000000000,38834.000000000,38833.000000000,38833.000000000,3,YM
2024-06-10T06:01:47.000000000Z,32,1,80420,38834.000000000,38835.000000000,38834.000000000,38835.000000000,5,YM
2024-06-10T06:01:53.000000000Z,32,1,80420,38832.000000000,38832.000000000,38832.000000000,38832.000000000,2,YM
2024-06-10T06:01:55.000000000Z,32,1,80420,38833.000000000,38833.000000000,38833.000000000,38833.000000000,1,YM
2024-06-10T06:01:57.000000000Z,32,1,80420,38833.000000000,38833.000000000,38833.000000000,38833.000000000,1,YM
2024-06-10T06:02:00.000000000Z,32,1,80420,38831.000000000,38831.000000000,38831.000000000,38831.000000000,1,YM
2024-06-10T06:02:02.000000000Z,32,1,80420,38830.000000000,38831.000000000,38830.000000000,38831.000000000,2,YM
2024-06-10T06:02:03.000000000Z,32,1,80420,38831.000000000,38831.000000000,38831.000000000,38831.000000000,11,YM
2024-06-10T06:02:05.000000000Z,32,1,80420,38832.000000000,38832.000000000,38832.000000000,38832.000000000,1,YM
2024-06-10T06:02:12.000000000Z,32,1,80420,38832.000000000,38832.000000000,38832.000000000,38832.000000000,1,YM
2024-06-10T06:02:20.000000000Z,32,1,80420,38830.000000000,38831.000000000,38830.000000000,38831.000000000,6,YM
2024-06-10T06:02:24.000000000Z,32,1,80420,38829.000000000,38830.000000000,38829.000000000,38830.000000000,2,YM
2024-06-10T06:02:25.000000000Z,32,1,80420,38830.000000000,38830.000000000,38830.000000000,38830.000000000,1,YM
2024-06-10T06:02:30.000000000Z,32,1,80420,38830.000000000,38831.000000000,38830.000000000,38831.000000000,3,YM
2024-06-10T06:02:38.000000000Z,32,1,80420,38829.000000000,38829.000000000,38829.000000000,38829.000000000,1,YM
2024-06-10T06:02:40.000000000Z,32,1,80420,38828.000000000,38828.000000000,38828.000000000,38828.000000000,2,YM
2024-06-10T06:02:48.000000000Z,32,1,80420,38827.000000000,38827.000000000,38826.000000000,38826.000000000,6,YM
2024-06-10T06:02:49.000000000Z,32,1,80420,38826.000000000,38826.000000000,38824.000000000,38824.000000000,19,YM
2024-06-10T06:02:51.000000000Z,32,1,80420,38823.000000000,38823.000000000,38823.000000000,38823.000000000,5,YM
2024-06-10T06:02:52.000000000Z,32,1,80420,38823.000000000,38823.000000000,38820.000000000,38821.000000000,29,YM
2024-06-10T06:02:53.000000000Z,32,1,80420,38821.000000000,38822.000000000,38821.000000000,38822.000000000,4,YM
2024-06-10T06:03:00.000000000Z,32,1,80420,38822.000000000,38822.000000000,38822.000000000,38822.000000000,1,YM
2024-06-10T06:03:01.000000000Z,32,1,80420,38823.000000000,38824.000000000,38823.000000000,38824.000000000,2,YM
2024-06-10T06:03:02.000000000Z,32,1,80420,38823.000000000,38823.000000000,38823.000000000,38823.000000000,2,YM
2024-06-10T06:03:05.000000000Z,32,1,80420,38823.000000000,38825.000000000,38823.000000000,38825.000000000,3,YM
2024-06-10T06:03:06.000000000Z,32,1,80420,38824.000000000,38824.000000000,38824.000000000,38824.000000000,2,YM
2024-06-10T06:03:08.000000000Z,32,1,80420,38825.000000000,38825.000000000,38825.000000000,38825.000000000,2,YM
2024-06-10T06:03:11.000000000Z,32,1,80420,38825.000000000,38825.000000000,38825.000000000,38825.000000000,4,YM
2024-06-10T06:03:15.000000000Z,32,1,80420,38825.000000000,38825.000000000,38825.000000000,38825.000000000,2,YM
2024-06-10T06:03:20.000000000Z,32,1,80420,38824.000000000,38824.000000000,38824.000000000,38824.000000000,1,YM
2024-06-10T06:03:25.000000000Z,32,1,80420,38825.000000000,38825.000000000,38825.000000000,38825.000000000,1,YM
2024-06-10T06:03:26.000000000Z,32,1,80420,38827.000000000,38827.000000000,38827.000000000,38827.000000000,2,YM
2024-06-10T06:03:27.000000000Z,32,1,80420,38828.000000000,38828.000000000,38828.000000000,38828.000000000,1,YM
2024-06-10T06:03:31.000000000Z,32,1,80420,38827.000000000,38827.000000000,38827.000000000,38827.000000000,2,YM
2024-06-10T06:03:33.000000000Z,32,1,80420,38826.000000000,38826.000000000,38825.000000000,38825.000000000,7,YM
2024-06-10T06:03:34.000000000Z,32,1,80420,38825.000000000,38825.000000000,38825.000000000,38825.000000000,1,YM
2024-06-10T06:03:36.000000000Z,32,1,80420,38823.000000000,38823.000000000,38822.000000000,38823.000000000,6,YM
2024-06-10T06:03:39.000000000Z,32,1,80420,38822.000000000,38822.000000000,38822.000000000,38822.000000000,1,YM
2024-06-10T06:03:40.000000000Z,32,1,80420,38821.000000000,38821.000000000,38821.000000000,38821.000000000,1,YM
2024-06-10T06:03:45.000000000Z,32,1,80420,38821.000000000,38821.000000000,38821.000000000,38821.000000000,1,YM
2024-06-10T06:03:46.000000000Z,32,1,80420,38820.000000000,38820.000000000,38820.000000000,38820.000000000,2,YM
2024-06-10T06:03:48.000000000Z,32,1,80420,38819.000000000,38819.000000000,38818.000000000,38818.000000000,16,YM
2024-06-10T06:03:51.000000000Z,32,1,80420,38819.000000000,38819.000000000,38819.000000000,38819.000000000,2,YM
2024-06-10T06:04:00.000000000Z,32,1,80420,38821.000000000,38821.000000000,38821.000000000,38821.000000000,2,YM
2024-06-10T06:04:01.000000000Z,32,1,80420,38822.000000000,38822.000000000,38822.000000000,38822.000000000,2,YM
2024-06-10T06:04:07.000000000Z,32,1,80420,38823.000000000,38823.000000000,38823.000000000,38823.000000000,1,YM
2024-06-10T06:04:12.000000000Z,32,1,80420,38822.000000000,38822.000000000,38822.000000000,38822.000000000,1,YM
2024-06-10T06:04:18.000000000Z,32,1,80420,38820.000000000,38820.000000000,38820.000000000,38820.000000000,6,YM
2024-06-10T06:04:19.000000000Z,32,1,80420,38819.000000000,38819.000000000,38819.000000000,38819.000000000,5,YM
2024-06-10T06:04:25.000000000Z,32,1,80420,38820.000000000,38820.000000000,38820.000000000,38820.000000000,4,YM
2024-06-10T06:04:35.000000000Z,32,1,80420,38818.000000000,38818.000000000,38818.000000000,38818.000000000,2,YM
2024-06-10T06:04:39.000000000Z,32,1,80420,38819.000000000,38819.000000000,38819.000000000,38819.000000000,1,YM
2024-06-10T06:04:43.000000000Z,32,1,80420,38818.000000000,38818.000000000,38818.000000000,38818.000000000,1,YM
2024-06-10T06:04:49.000000000Z,32,1,80420,38818.000000000,38818.000000000,38818.000000000,38818.000000000,2,YM
2024-06-10T06:04:50.000000000Z,32,1,80420,38818.000000000,38818.000000000,38818.000000000,38818.000000000,1,YM
2024-06-10T06:04:51.000000000Z,32,1,80420,38818.000000000,38818.000000000,38818.000000000,38818.000000000,1,YM
2024-06-10T06:04:58.000000000Z,32,1,80420,38817.000000000,38817.000000000,38817.000000000,38817.000000000,2,YM
2024-06-10T06:05:00.000000000Z,32,1,80420,38815.000000000,38815.000000000,38814.000000000,38815.000000000,5,YM
2024-06-10T06:05:01.000000000Z,32,1,80420,38814.000000000,38816.000000000,38814.000000000,38816.000000000,7,YM
2024-06-10T06:05:02.000000000Z,32,1,80420,38816.000000000,38816.000000000,38816.000000000,38816.000000000,1,YM
2024-06-10T06:05:03.000000000Z,32,1,80420,38816.000000000,38816.000000000,38816.000000000,38816.000000000,1,YM
2024-06-10T06:05:04.000000000Z,32,1,80420,38816.000000000,38816.000000000,38815.000000000,38815.000000000,3,YM
2024-06-10T06:05:09.000000000Z,32,1,80420,38816.000000000,38816.000000000,38816.000000000,38816.000000000,2,YM
2024-06-10T06:05:10.000000000Z,32,1,80420,38816.000000000,38816.000000000,38816.000000000,38816.000000000,1,YM
2024-06-10T06:05:11.000000000Z,32,1,80420,38815.000000000,38816.000000000,38815.000000000,38816.000000000,3,YM
2024-06-10T06:05:13.000000000Z,32,1,80420,38817.000000000,38817.000000000,38817.000000000,38817.000000000,2,YM
2024-06-10T06:05:18.000000000Z,32,1,80420,38816.000000000,38816.000000000,38816.000000000,38816.000000000,2,YM
2024-06-10T06:05:21.000000000Z,32,1,80420,38815.000000000,38815.000000000,38815.000000000,38815.000000000,2,YM
2024-06-10T06:05:24.000000000Z,32,1,80420,38814.000000000,38814.000000000,38814.000000000,38814.000000000,2,YM
2024-06-10T06:05:25.000000000Z,32,1,80420,38814.000000000,38814.000000000,38814.000000000,38814.000000000,4,YM
2024-06-10T06:05:32.000000000Z,32,1,80420,38814.000000000,38814.000000000,38814.000000000,38814.000000000,1,YM
2024-06-10T06:05:40.000000000Z,32,1,80420,38813.000000000,38813.000000000,38812.000000000,38812.000000000,7,YM
2024-06-10T06:05:42.000000000Z,32,1,80420,38811.000000000,38811.000000000,38811.000000000,38811.000000000,1,YM
2024-06-10T06:05:48.000000000Z,32,1,80420,38810.000000000,38810.000000000,38810.000000000,38810.000000000,5,YM
2024-06-10T06:05:51.000000000Z,32,1,80420,38811.000000000,38812.000000000,38811.000000000,38811.000000000,9,YM
2024-06-10T06:05:55.000000000Z,32,1,80420,38809.000000000,38809.000000000,38808.000000000,38808.000000000,8,YM
2024-06-10T06:05:56.000000000Z,32,1,80420,38808.000000000,38808.000000000,38808.000000000,38808.000000000,3,YM
2024-06-10T06:05:57.000000000Z,32,1,80420,38808.000000000,38808.000000000,38808.000000000,38808.000000000,2,YM
2024-06-10T06:06:00.000000000Z,32,1,80420,38808.000000000,38809.000000000,38808.000000000,38809.000000000,3,YM
2024-06-10T06:06:02.000000000Z,32,1,80420,38809.000000000,38809.000000000,38809.000000000,38809.000000000,1,YM
2024-06-10T06:06:03.000000000Z,32,1,80420,38809.000000000,38809.000000000,38809.000000000,38809.000000000,2,YM
2024-06-10T06:06:10.000000000Z,32,1,80420,38807.000000000,38807.000000000,38807.000000000,38807.000000000,1,YM
2024-06-10T06:06:11.000000000Z,32,1,80420,38806.000000000,38806.000000000,38806.000000000,38806.000000000,4,YM
2024-06-10T06:06:16.000000000Z,32,1,80420,38807.000000000,38808.000000000,38807.000000000,38808.000000000,4,YM
2024-06-10T06:06:22.000000000Z,32,1,80420,38806.000000000,38806.000000000,38805.000000000,38805.000000000,7,YM
2024-06-10T06:06:26.000000000Z,32,1,80420,38803.000000000,38803.000000000,38803.000000000,38803.000000000,3,YM
2024-06-10T06:06:27.000000000Z,32,1,80420,38804.000000000,38804.000000000,38804.000000000,38804.000000000,5,YM
2024-06-10T06:06:31.000000000Z,32,1,80420,38803.000000000,38803.000000000,38802.000000000,38803.000000000,7,YM
2024-06-10T06:06:32.000000000Z,32,1,80420,38802.000000000,38802.000000000,38802.000000000,38802.000000000,1,YM
2024-06-10T06:06:34.000000000Z,32,1,80420,38803.000000000,38803.000000000,38803.000000000,38803.000000000,2,YM
2024-06-10T06:06:36.000000000Z,32,1,80420,38804.000000000,38805.000000000,38804.000000000,38805.000000000,6,YM
2024-06-10T06:06:40.000000000Z,32,1,80420,38805.000000000,38805.000000000,38805.000000000,38805.000000000,4,YM
2024-06-10T06:06:41.000000000Z,32,1,80420,38804.000000000,38804.000000000,38804.000000000,38804.000000000,1,YM
2024-06-10T06:06:45.000000000Z,32,1,80420,38804.000000000,38804.000000000,38804.000000000,38804.000000000,1,YM
2024-06-10T06:06:47.000000000Z,32,1,80420,38802.000000000,38802.000000000,38802.000000000,38802.000000000,1,YM
2024-06-10T06:06:50.000000000Z,32,1,80420,38803.000000000,38803.000000000,38803.000000000,38803.000000000,5,YM
2024-06-10T06:07:03.000000000Z,32,1,80420,38804.000000000,38804.000000000,38804.000000000,38804.000000000,2,YM
2024-06-10T06:07:05.000000000Z,32,1,80420,38805.000000000,38805.000000000,38805.000000000,38805.000000000,2,YM
2024-06-10T06:07:06.000000000Z,32,1,80420,38806.000000000,38806.000000000,38806.000000000,38806.000000000,1,YM
2024-06-10T06:07:08.000000000Z,32,1,80420,38807.000000000,38807.000000000,38807.000000000,38807.000000000,1,YM
2024-06-10T06:07:09.000000000Z,32,1,80420,38807.000000000,38807.000000000,38807.000000000,38807.000000000,2,YM
2024-06-10T06:07:17.000000000Z,32,1,80420,38805.000000000,38805.000000000,38805.000000000,38805.000000000,1,YM
2024-06-10T06:07:20.000000000Z,32,1,80420,38806.000000000,38806.000000000,38806.000000000,38806.000000000,1,YM
2024-06-10T06:07:21.000000000Z,32,1,80420,38806.000000000,38806.000000000,38806.000000000,38806.000000000,1,YM
2024-06-10T06:07:24.000000000Z,32,1,80420,38807.000000000,38807.000000000,38807.000000000,38807.000000000,2,YM
2024-06-10T06:07:26.000000000Z,32,1,80420,38807.000000000,38807.000000000,38807.000000000,38807.000000000,1,YM
2024-06-10T06:07:30.000000000Z,32,1,80420,38806.000000000,38806.000000000,38806.000000000,38806.000000000,1,YM
2024-06-10T06:07:32.000000000Z,32,1,80420,38807.000000000,38807.000000000,38807.000000000,38807.000000000,1,YM
2024-06-10T06:07:35.000000000Z,32,1,80420,38807.000000000,38807.000000000,38807.000000000,38807.000000000,3,YM
2024-06-10T06:07:36.000000000Z,32,1,80420,38806.000000000,38806.000000000,38806.000000000,38806.000000000,1,YM
2024-06-10T06:07:43.000000000Z,32,1,80420,38807.000000000,38807.000000000,38807.000000000,38807.000000000,2,YM
2024-06-10T06:07:54.000000000Z,32,1,80420,38807.000000000,38807.000000000,38807.000000000,38807.000000000,1,YM
2024-06-10T06:08:01.000000000Z,32,1,80420,38809.000000000,38809.000000000,38809.000000000,38809.000000000,1,YM
2024-06-10T06:08:06.000000000Z,32,1,80420,38809.000000000,38809.000000000,38809.000000000,38809.000000000,1,YM
2024-06-10T06:08:10.000000000Z,32,1,80420,38809.000000000,38809.000000000,38809.000000000,38809.000000000,1,YM
2024-06-10T06:08:20.000000000Z,32,1,80420,38809.000000000,38809.000000000,38809.000000000,38809.000000000,1,YM
2024-06-10T06:08:31.000000000Z,32,1,80420,38810.000000000,38810.000000000,38810.000000000,38810.000000000,1,YM
2024-06-10T06:08:37.000000000Z,32,1,80420,38809.000000000,38809.000000000,38809.000000000,38809.000000000,2,YM
2024-06-10T06:08:40.000000000Z,32,1,80420,38810.000000000,38811.000000000,38810.000000000,38811.000000000,6,YM
2024-06-10T06:08:42.000000000Z,32,1,80420,38812.000000000,38812.000000000,38812.000000000,38812.000000000,2,YM
2024-06-10T06:08:44.000000000Z,32,1,80420,38813.000000000,38813.000000000,38813.000000000,38813.000000000,4,YM
2024-06-10T06:08:45.000000000Z,32,1,80420,38814.000000000,38814.000000000,38814.000000000,38814.000000000,1,YM
2024-06-10T06:08:46.000000000Z,32,1,80420,38814.000000000,38815.000000000,38814.000000000,38815.000000000,2,YM
2024-06-10T06:08:50.000000000Z,32,1,80420,38815.000000000,38815.000000000,38815.000000000,38815.000000000,2,YM
2024-06-10T06:08:51.000000000Z,32,1,80420,38815.000000000,38816.000000000,38815.000000000,38816.000000000,3,YM
2024-06-10T06:08:52.000000000Z,32,1,80420,38815.000000000,38816.000000000,38815.000000000,38816.000000000,2,YM
2024-06-10T06:08:53.000000000Z,32,1,80420,38816.000000000,38816.000000000,38816.000000000,38816.000000000,1,YM
2024-06-10T06:08:54.000000000Z,32,1,80420,38815.000000000,38815.000000000,38815.000000000,38815.000000000,1,YM
2024-06-10T06:08:55.000000000Z,32,1,80420,38815.000000000,38816.000000000,38815.000000000,38816.000000000,2,YM
2024-06-10T06:09:00.000000000Z,32,1,80420,38815.000000000,38815.000000000,38815.000000000,38815.000000000,3,YM
2024-06-10T06:09:01.000000000Z,32,1,80420,38815.000000000,38815.000000000,38815.000000000,38815.000000000,2,YM
2024-06-10T06:09:02.000000000Z,32,1,80420,38817.000000000,38817.000000000,38817.000000000,38817.000000000,1,YM
2024-06-10T06:09:03.000000000Z,32,1,80420,38818.000000000,38818.000000000,38818.000000000,38818.000000000,2,YM
2024-06-10T06:09:05.000000000Z,32,1,80420,38818.000000000,38818.000000000,38818.000000000,38818.000000000,1,YM
2024-06-10T06:09:06.000000000Z,32,1,80420,38818.000000000,38818.000000000,38818.000000000,38818.000000000,2,YM
2024-06-10T06:09:07.000000000Z,32,1,80420,38817.000000000,38817.000000000,38817.000000000,38817.000000000,3,YM
2024-06-10T06:09:08.000000000Z,32,1,80420,38818.000000000,38818.000000000,38818.000000000,38818.000000000,1,YM
2024-06-10T06:09:10.000000000Z,32,1,80420,38818.000000000,38818.000000000,38818.000000000,38818.000000000,1,YM
2024-06-10T06:09:15.000000000Z,32,1,80420,38818.000000000,38818.000000000,38818.000000000,38818.000000000,2,YM
2024-06-10T06:09:18.000000000Z,32,1,80420,38815.000000000,38815.000000000,38815.000000000,38815.000000000,1,YM
2024-06-10T06:09:22.000000000Z,32,1,80420,38815.000000000,38815.000000000,38815.000000000,38815.000000000,1,YM
2024-06-10T06:09:26.000000000Z,32,1,80420,38814.000000000,38814.000000000,38814.000000000,38814.000000000,1,YM
2024-06-10T06:09:29.000000000Z,32,1,80420,38813.000000000,38813.000000000,38813.000000000,38813.000000000,1,YM
2024-06-10T06:09:30.000000000Z,32,1,80420,38812.000000000,38816.000000000,38812.000000000,38816.000000000,14,YM
2024-06-10T06:09:34.000000000Z,32,1,80420,38816.000000000,38816.000000000,38816.000000000,38816.000000000,1,YM
2024-06-10T06:09:37.000000000Z,32,1,80420,38816.000000000,38816.000000000,38816.000000000,38816.000000000,1,YM
2024-06-10T06:09:38.000000000Z,32,1,80420,38816.000000000,38816.000000000,38816.000000000,38816.000000000,1,YM
2024-06-10T06:09:39.000000000Z,32,1,80420,38815.000000000,38815.000000000,38814.000000000,38814.000000000,2,YM
2024-06-10T06:09:42.000000000Z,32,1,80420,38814.000000000,38814.000000000,38814.000000000,38814.000000000,3,YM
2024-06-10T06:09:45.000000000Z,32,1,80420,38814.000000000,38814.000000000,38814.000000000,38814.000000000,2,YM
2024-06-10T06:09:53.000000000Z,32,1,80420,38816.000000000,38816.000000000,38816.000000000,38816.000000000,1,YM
2024-06-10T06:09:58.000000000Z,32,1,80420,38815.000000000,38815.000000000,38815.000000000,38815.000000000,1,YM
2024-06-10T06:10:00.000000000Z,32,1,80420,38815.000000000,38815.000000000,38815.000000000,38815.000000000,1,YM
2024-06-10T06:10:03.000000000Z,32,1,80420,38815.000000000,38816.000000000,38815.000000000,38816.000000000,29,YM
2024-06-10T06:10:11.000000000Z,32,1,80420,38817.000000000,38817.000000000,38817.000000000,38817.000000000,2,YM
2024-06-10T06:10:16.000000000Z,32,1,80420,38817.000000000,38817.000000000,38817.000000000,38817.000000000,1,YM
2024-06-10T06:10:19.000000000Z,32,1,80420,38816.000000000,38816.000000000,38816.000000000,38816.000000000,2,YM
2024-06-10T06:10:24.000000000Z,32,1,80420,38817.000000000,38817.000000000,38817.000000000,38817.000000000,5,YM
2024-06-10T06:10:37.000000000Z,32,1,80420,38817.000000000,38817.000000000,38817.000000000,38817.000000000,1,YM
2024-06-10T06:10:38.000000000Z,32,1,80420,38818.000000000,38818.000000000,38818.000000000,38818.000000000,4,YM
2024-06-10T06:10:40.000000000Z,32,1,80420,38817.000000000,38818.000000000,38817.000000000,38818.000000000,2,YM
2024-06-10T06:10:55.000000000Z,32,1,80420,38818.000000000,38818.000000000,38818.000000000,38818.000000000,1,YM
2024-06-10T06:11:00.000000000Z,32,1,80420,38817.000000000,38819.000000000,38817.000000000,38819.000000000,8,YM
2024-06-10T06:11:06.000000000Z,32,1,80420,38818.000000000,38818.000000000,38818.000000000,38818.000000000,3,YM
2024-06-10T06:11:10.000000000Z,32,1,80420,38819.000000000,38819.000000000,38819.000000000,38819.000000000,3,YM
2024-06-10T06:11:13.000000000Z,32,1,80420,38820.000000000,38820.000000000,38820.000000000,38820.000000000,2,YM
2024-06-10T06:11:16.000000000Z,32,1,80420,38820.000000000,38820.000000000,38820.000000000,38820.000000000,3,YM
2024-06-10T06:11:22.000000000Z,32,1,80420,38819.000000000,38819.000000000,38819.000000000,38819.000000000,1,YM
2024-06-10T06:11:37.000000000Z,32,1,80420,38820.000000000,38820.000000000,38820.000000000,38820.000000000,1,YM
2024-06-10T06:11:41.000000000Z,32,1,80420,38819.000000000,38819.000000000,38819.000000000,38819.000000000,1,YM
2024-06-10T06:11:46.000000000Z,32,1,80420,38820.000000000,38820.000000000,38820.000000000,38820.000000000,1,YM
2024-06-10T06:11:55.000000000Z,32,1,80420,38820.000000000,38820.000000000,38820.000000000,38820.000000000,2,YM
2024-06-10T06:12:09.000000000Z,32,1,80420,38820.000000000,38820.000000000,38820.000000000,38820.000000000,1,YM
2024-06-10T06:12:12.000000000Z,32,1,80420,38821.000000000,38821.000000000,38821.000000000,38821.000000000,3,YM
2024-06-10T06:12:14.000000000Z,32,1,80420,38822.000000000,38822.000000000,38822.000000000,38822.000000000,1,YM
2024-06-10T06:12:27.000000000Z,32,1,80420,38822.000000000,38822.000000000,38822.000000000,38822.000000000,1,YM
2024-06-10T06:12:40.000000000Z,32,1,80420,38821.000000000,38821.000000000,38821.000000000,38821.000000000,1,YM
2024-06-10T06:12:41.000000000Z,32,1,80420,38822.000000000,38822.000000000,38822.000000000,38822.000000000,3,YM
2024-06-10T06:13:00.000000000Z,32,1,80420,38823.000000000,38824.000000000,38823.000000000,38824.000000000,7,YM
2024-06-10T06:13:01.000000000Z,32,1,80420,38824.000000000,38824.000000000,38824.000000000,38824.000000000,1,YM
2024-06-10T06:13:02.000000000Z,32,1,80420,38825.000000000,38826.000000000,38825.000000000,38826.000000000,6,YM
2024-06-10T06:13:04.000000000Z,32,1,80420,38825.000000000,38825.000000000,38825.000000000,38825.000000000,1,YM
2024-06-10T06:13:14.000000000Z,32,1,80420,38825.000000000,38825.000000000,38825.000000000,38825.000000000,4,YM
2024-06-10T06:13:16.000000000Z,32,1,80420,38825.000000000,38825.000000000,38825.000000000,38825.000000000,4,YM
2024-06-10T06:13:20.000000000Z,32,1,80420,38824.000000000,38824.000000000,38824.000000000,38824.000000000,1,YM
2024-06-10T06:13:40.000000000Z,32,1,80420,38824.000000000,38824.000000000,38824.000000000,38824.000000000,1,YM
2024-06-10T06:13:50.000000000Z,32,1,80420,38825.000000000,38825.000000000,38824.000000000,38824.000000000,2,YM
2024-06-10T06:13:59.000000000Z,32,1,80420,38825.000000000,38825.000000000,38825.000000000,38825.000000000,2,YM
2024-06-10T06:14:00.000000000Z,32,1,80420,38825.000000000,38825.000000000,38825.000000000,38825.000000000,1,YM
2024-06-10T06:14:03.000000000Z,32,1,80420,38825.000000000,38825.000000000,38824.000000000,38824.000000000,2,YM
2024-06-10T06:14:08.000000000Z,32,1,80420,38824.000000000,38824.000000000,38824.000000000,38824.000000000,2,YM
2024-06-10T06:14:13.000000000Z,32,1,80420,38825.000000000,38825.000000000,38824.000000000,38824.000000000,5,YM
2024-06-10T06:14:20.000000000Z,32,1,80420,38826.000000000,38826.000000000,38826.000000000,38826.000000000,2,YM
2024-06-10T06:14:28.000000000Z,32,1,80420,38826.000000000,38826.000000000,38826.000000000,38826.000000000,1,YM
2024-06-10T06:14:30.000000000Z,32,1,80420,38826.000000000,38826.000000000,38826.000000000,38826.000000000,2,YM
2024-06-10T06:14:31.000000000Z,32,1,80420,38827.000000000,38827.000000000,38827.000000000,38827.000000000,1,YM
2024-06-10T06:14:33.000000000Z,32,1,80420,38826.000000000,38826.000000000,38826.000000000,38826.000000000,1,YM
2024-06-10T06:14:35.000000000Z,32,1,80420,38825.000000000,38825.000000000,38825.000000000,38825.000000000,1,YM
2024-06-10T06:14:39.000000000Z,32,1,80420,38824.000000000,38824.000000000,38824.000000000,38824.000000000,2,YM
2024-06-10T06:14:40.000000000Z,32,1,80420,38823.000000000,38823.000000000,38823.000000000,38823.000000000,1,YM
2024-06-10T06:14:54.000000000Z,32,1,80420,38824.000000000,38824.000000000,38824.000000000,38824.000000000,2,YM
2024-06-10T06:14:58.000000000Z,32,1,80420,38825.000000000,38825.000000000,38825.000000000,38825.000000000,2,YM
2024-06-10T06:15:00.000000000Z,32,1,80420,38825.000000000,38825.000000000,38825.000000000,38825.000000000,1,YM
2024-06-10T06:15:04.000000000Z,32,1,80420,38823.000000000,38823.000000000,38823.000000000,38823.000000000,1,YM
2024-06-10T06:15:07.000000000Z,32,1,80420,38824.000000000,38824.000000000,38824.000000000,38824.000000000,2,YM
2024-06-10T06:15:15.000000000Z,32,1,80420,38824.000000000,38824.000000000,38824.000000000,38824.000000000,1,YM
2024-06-10T06:15:16.000000000Z,32,1,80420,38823.000000000,38823.000000000,38822.000000000,38822.000000000,3,YM
2024-06-10T06:15:19.000000000Z,32,1,80420,38823.000000000,38823.000000000,38823.000000000,38823.000000000,5,YM
2024-06-10T06:15:20.000000000Z,32,1,80420,38823.000000000,38823.000000000,38823.000000000,38823.000000000,1,YM
2024-06-10T06:15:27.000000000Z,32,1,80420,38822.000000000,38822.000000000,38822.000000000,38822.000000000,1,YM
2024-06-10T06:15:29.000000000Z,32,1,80420,38820.000000000,38820.000000000,38820.000000000,38820.000000000,2,YM
2024-06-10T06:15:31.000000000Z,32,1,80420,38820.000000000,38820.000000000,38820.000000000,38820.000000000,3,YM
2024-06-10T06:15:32.000000000Z,32,1,80420,38819.000000000,38820.000000000,38819.000000000,38820.000000000,4,YM
2024-06-10T06:15:35.000000000Z,32,1,80420,38819.000000000,38819.000000000,38819.000000000,38819.000000000,2,YM
2024-06-10T06:15:39.000000000Z,32,1,80420,38820.000000000,38820.000000000,38820.000000000,38820.000000000,1,YM
2024-06-10T06:15:42.000000000Z,32,1,80420,38819.000000000,38819.000000000,38819.000000000,38819.000000000,3,YM
2024-06-10T06:15:43.000000000Z,32,1,80420,38819.000000000,38819.000000000,38819.000000000,38819.000000000,4,YM
2024-06-10T06:15:59.000000000Z,32,1,80420,38819.000000000,38819.000000000,38819.000000000,38819.000000000,1,YM
2024-06-10T06:16:00.000000000Z,32,1,80420,38818.000000000,38818.000000000,38818.000000000,38818.000000000,4,YM
2024-06-10T06:16:01.000000000Z,32,1,80420,38818.000000000,38818.000000000,38818.000000000,38818.000000000,1,YM
2024-06-10T06:16:08.000000000Z,32,1,80420,38820.000000000,38820.000000000,38820.000000000,38820.000000000,1,YM
2024-06-10T06:16:12.000000000Z,32,1,80420,38821.000000000,38821.000000000,38821.000000000,38821.000000000,2,YM
2024-06-10T06:16:22.000000000Z,32,1,80420,38819.000000000,38819.000000000,38819.000000000,38819.000000000,1,YM
2024-06-10T06:16:24.000000000Z,32,1,80420,38819.000000000,38819.000000000,38819.000000000,38819.000000000,1,YM
2024-06-10T06:16:27.000000000Z,32,1,80420,38820.000000000,38820.000000000,38820.000000000,38820.000000000,1,YM
2024-06-10T06:16:43.000000000Z,32,1,80420,38819.000000000,38819.000000000,38819.000000000,38819.000000000,1,YM
2024-06-10T06:16:55.000000000Z,32,1,80420,38821.000000000,38821.000000000,38821.000000000,38821.000000000,2,YM
2024-06-10T06:16:59.000000000Z,32,1,80420,38821.000000000,38821.000000000,38821.000000000,38821.000000000,1,YM
2024-06-10T06:17:00.000000000Z,32,1,80420,38820.000000000,38820.000000000,38820.000000000,38820.000000000,1,YM
2024-06-10T06:17:20.000000000Z,32,1,80420,38820.000000000,38820.000000000,38820.000000000,38820.000000000,1,YM
2024-06-10T06:17:28.000000000Z,32,1,80420,38820.000000000,38820.000000000,38820.000000000,38820.000000000,1,YM
2024-06-10T06:17:30.000000000Z,32,1,80420,38820.000000000,38820.000000000,38820.000000000,38820.000000000,3,YM
2024-06-10T06:17:41.000000000Z,32,1,80420,38820.000000000,38820.000000000,38820.000000000,38820.000000000,1,YM
2024-06-10T06:17:48.000000000Z,32,1,80420,38821.000000000,38821.000000000,38820.000000000,38820.000000000,4,YM
2024-06-10T06:17:51.000000000Z,32,1,80420,38821.000000000,38821.000000000,38821.000000000,38821.000000000,1,YM
2024-06-10T06:18:04.000000000Z,32,1,80420,38820.000000000,38821.000000000,38820.000000000,38821.000000000,30,YM
2024-06-10T06:18:05.000000000Z,32,1,80420,38821.000000000,38821.000000000,38821.000000000,38821.000000000,7,YM
2024-06-10T06:18:08.000000000Z,32,1,80420,38820.000000000,38820.000000000,38820.000000000,38820.000000000,1,YM
2024-06-10T06:18:14.000000000Z,32,1,80420,38820.000000000,38820.000000000,38820.000000000,38820.000000000,3,YM
2024-06-10T06:18:15.000000000Z,32,1,80420,38821.000000000,38821.000000000,38821.000000000,38821.000000000,3,YM
2024-06-10T06:18:24.000000000Z,32,1,80420,38820.000000000,38820.000000000,38820.000000000,38820.000000000,1,YM
2024-06-10T06:18:31.000000000Z,32,1,80420,38820.000000000,38820.000000000,38820.000000000,38820.000000000,1,YM
2024-06-10T06:18:38.000000000Z,32,1,80420,38820.000000000,38820.000000000,38819.000000000,38819.000000000,4,YM
2024-06-10T06:18:40.000000000Z,32,1,80420,38818.000000000,38818.000000000,38818.000000000,38818.000000000,1,YM
2024-06-10T06:18:48.000000000Z,32,1,80420,38818.000000000,38818.000000000,38818.000000000,38818.000000000,3,YM
2024-06-10T06:19:00.000000000Z,32,1,80420,38815.000000000,38816.000000000,38815.000000000,38816.000000000,6,YM
2024-06-10T06:19:01.000000000Z,32,1,80420,38815.000000000,38815.000000000,38815.000000000,38815.000000000,1,YM
2024-06-10T06:19:02.000000000Z,32,1,80420,38814.000000000,38814.000000000,38814.000000000,38814.000000000,1,YM
2024-06-10T06:19:05.000000000Z,32,1,80420,38813.000000000,38813.000000000,38813.000000000,38813.000000000,1,YM
2024-06-10T06:19:10.000000000Z,32,1,80420,38813.000000000,38815.000000000,38813.000000000,38815.000000000,4,YM
2024-06-10T06:19:12.000000000Z,32,1,80420,38815.000000000,38815.000000000,38815.000000000,38815.000000000,2,YM
2024-06-10T06:19:17.000000000Z,32,1,80420,38814.000000000,38814.000000000,38813.000000000,38814.000000000,5,YM
2024-06-10T06:19:20.000000000Z,32,1,80420,38814.000000000,38815.000000000,38814.000000000,38815.000000000,3,YM
2024-06-10T06:19:31.000000000Z,32,1,80420,38813.000000000,38814.000000000,38813.000000000,38814.000000000,3,YM
2024-06-10T06:19:34.000000000Z,32,1,80420,38814.000000000,38815.000000000,38814.000000000,38815.000000000,3,YM
2024-06-10T06:19:37.000000000Z,32,1,80420,38816.000000000,38816.000000000,38816.000000000,38816.000000000,1,YM
2024-06-10T06:19:41.000000000Z,32,1,80420,38814.000000000,38814.000000000,38814.000000000,38814.000000000,1,YM
2024-06-10T06:19:43.000000000Z,32,1,80420,38816.000000000,38816.000000000,38816.000000000,38816.000000000,1,YM
2024-06-10T06:19:50.000000000Z,32,1,80420,38815.000000000,38815.000000000,38815.000000000,38815.000000000,2,YM
2024-06-10T06:19:57.000000000Z,32,1,80420,38815.000000000,38815.000000000,38815.000000000,38815.000000000,1,YM
2024-06-10T06:20:00.000000000Z,32,1,80420,38816.000000000,38817.000000000,38816.000000000,38816.000000000,9,YM
2024-06-10T06:20:01.000000000Z,32,1,80420,38815.000000000,38815.000000000,38815.000000000,38815.000000000,2,YM
2024-06-10T06:20:19.000000000Z,32,1,80420,38815.000000000,38815.000000000,38815.000000000,38815.000000000,1,YM
2024-06-10T06:20:31.000000000Z,32,1,80420,38815.000000000,38815.000000000,38815.000000000,38815.000000000,4,YM
2024-06-10T06:20:32.000000000Z,32,1,80420,38814.000000000,38814.000000000,38814.000000000,38814.000000000,1,YM
2024-06-10T06:20:35.000000000Z,32,1,80420,38815.000000000,38816.000000000,38815.000000000,38816.000000000,3,YM
2024-06-10T06:20:42.000000000Z,32,1,80420,38815.000000000,38815.000000000,38815.000000000,38815.000000000,2,YM
2024-06-10T06:20:44.000000000Z,32,1,80420,38816.000000000,38817.000000000,38816.000000000,38817.000000000,3,YM
2024-06-10T06:20:47.000000000Z,32,1,80420,38817.000000000,38818.000000000,38817.000000000,38818.000000000,6,YM
2024-06-10T06:20:48.000000000Z,32,1,80420,38817.000000000,38817.000000000,38817.000000000,38817.000000000,2,YM
2024-06-10T06:20:53.000000000Z,32,1,80420,38816.000000000,38817.000000000,38816.000000000,38817.000000000,2,YM
2024-06-10T06:20:54.000000000Z,32,1,80420,38816.000000000,38816.000000000,38816.000000000,38816.000000000,1,YM
2024-06-10T06:20:59.000000000Z,32,1,80420,38815.000000000,38815.000000000,38815.000000000,38815.000000000,1,YM
2024-06-10T06:21:00.000000000Z,32,1,80420,38814.000000000,38815.000000000,38814.000000000,38815.000000000,3,YM
2024-06-10T06:21:06.000000000Z,32,1,80420,38813.000000000,38813.000000000,38813.000000000,38813.000000000,1,YM
2024-06-10T06:21:11.000000000Z,32,1,80420,38810.000000000,38810.000000000,38810.000000000,38810.000000000,1,YM
2024-06-10T06:21:19.000000000Z,32,1,80420,38810.000000000,38812.000000000,38810.000000000,38812.000000000,5,YM
2024-06-10T06:21:20.000000000Z,32,1,80420,38811.000000000,38811.000000000,38811.000000000,38811.000000000,2,YM
2024-06-10T06:21:22.000000000Z,32,1,80420,38813.000000000,38813.000000000,38813.000000000,38813.000000000,1,YM
2024-06-10T06:21:23.000000000Z,32,1,80420,38812.000000000,38812.000000000,38812.000000000,38812.000000000,2,YM
2024-06-10T06:21:25.000000000Z,32,1,80420,38813.000000000,38815.000000000,38813.000000000,38815.000000000,3,YM
2024-06-10T06:21:28.000000000Z,32,1,80420,38813.000000000,38813.000000000,38813.000000000,38813.000000000,3,YM
2024-06-10T06:21:29.000000000Z,32,1,80420,38813.000000000,38814.000000000,38813.000000000,38813.000000000,3,YM
2024-06-10T06:21:30.000000000Z,32,1,80420,38813.000000000,38813.000000000,38813.000000000,38813.000000000,1,YM
2024-06-10T06:21:38.000000000Z,32,1,80420,38814.000000000,38814.000000000,38814.000000000,38814.000000000,1,YM
2024-06-10T06:21:41.000000000Z,32,1,80420,38814.000000000,38816.000000000,38814.000000000,38816.000000000,2,YM
2024-06-10T06:21:42.000000000Z,32,1,80420,38816.000000000,38816.000000000,38816.000000000,38816.000000000,1,YM
2024-06-10T06:21:44.000000000Z,32,1,80420,38815.000000000,38816.000000000,38815.000000000,38816.000000000,4,YM
2024-06-10T06:21:47.000000000Z,32,1,80420,38815.000000000,38815.000000000,38815.000000000,38815.000000000,2,YM
2024-06-10T06:21:50.000000000Z,32,1,80420,38815.000000000,38815.000000000,38815.000000000,38815.000000000,2,YM
2024-06-10T06:22:00.000000000Z,32,1,80420,38815.000000000,38815.000000000,38813.000000000,38813.000000000,3,YM
2024-06-10T06:22:04.000000000Z,32,1,80420,38812.000000000,38812.000000000,38812.000000000,38812.000000000,1,YM
2024-06-10T06:22:12.000000000Z,32,1,80420,38813.000000000,38813.000000000,38813.000000000,38813.000000000,2,YM
2024-06-10T06:22:18.000000000Z,32,1,80420,38811.000000000,38811.000000000,38811.000000000,38811.000000000,5,YM
2024-06-10T06:22:23.000000000Z,32,1,80420,38810.000000000,38810.000000000,38810.000000000,38810.000000000,1,YM
2024-06-10T06:22:24.000000000Z,32,1,80420,38811.000000000,38811.000000000,38811.000000000,38811.000000000,1,YM
2024-06-10T06:22:27.000000000Z,32,1,80420,38811.000000000,38811.000000000,38811.000000000,38811.000000000,4,YM
2024-06-10T06:22:28.000000000Z,32,1,80420,38813.000000000,38813.000000000,38813.000000000,38813.000000000,1,YM
2024-06-10T06:22:32.000000000Z,32,1,80420,38813.000000000,38813.000000000,38813.000000000,38813.000000000,3,YM
2024-06-10T06:22:41.000000000Z,32,1,80420,38814.000000000,38815.000000000,38813.000000000,38815.000000000,5,YM
2024-06-10T06:22:54.000000000Z,32,1,80420,38815.000000000,38815.000000000,38815.000000000,38815.000000000,2,YM
2024-06-10T06:23:12.000000000Z,32,1,80420,38814.000000000,38814.000000000,38814.000000000,38814.000000000,1,YM
2024-06-10T06:23:14.000000000Z,32,1,80420,38814.000000000,38815.000000000,38814.000000000,38815.000000000,2,YM
2024-06-10T06:23:23.000000000Z,32,1,80420,38812.000000000,38812.000000000,38812.000000000,38812.000000000,2,YM
2024-06-10T06:23:28.000000000Z,32,1,80420,38814.000000000,38815.000000000,38814.000000000,38815.000000000,3,YM
2024-06-10T06:23:40.000000000Z,32,1,80420,38812.000000000,38812.000000000,38812.000000000,38812.000000000,1,YM
2024-06-10T06:23:56.000000000Z,32,1,80420,38811.000000000,38811.000000000,38811.000000000,38811.000000000,1,YM
2024-06-10T06:24:01.000000000Z,32,1,80420,38812.000000000,38813.000000000,38812.000000000,38813.000000000,3,YM
2024-06-10T06:24:09.000000000Z,32,1,80420,38810.000000000,38810.000000000,38810.000000000,38810.000000000,1,YM
2024-06-10T06:24:13.000000000Z,32,1,80420,38809.000000000,38809.000000000,38809.000000000,38809.000000000,3,YM
2024-06-10T06:24:18.000000000Z,32,1,80420,38809.000000000,38809.000000000,38809.000000000,38809.000000000,1,YM
2024-06-10T06:24:34.000000000Z,32,1,80420,38807.000000000,38807.000000000,38807.000000000,38807.000000000,2,YM
2024-06-10T06:24:37.000000000Z,32,1,80420,38808.000000000,38808.000000000,38808.000000000,38808.000000000,1,YM
2024-06-10T06:24:40.000000000Z,32,1,80420,38808.000000000,38808.000000000,38808.000000000,38808.000000000,1,YM
2024-06-10T06:24:42.000000000Z,32,1,80420,38809.000000000,38809.000000000,38809.000000000,38809.000000000,1,YM
2024-06-10T06:24:48.000000000Z,32,1,80420,38809.000000000,38809.000000000,38809.000000000,38809.000000000,1,YM
2024-06-10T06:24:49.000000000Z,32,1,80420,38808.000000000,38808.000000000,38808.000000000,38808.000000000,1,YM
2024-06-10T06:25:00.000000000Z,32,1,80420,38808.000000000,38809.000000000,38808.000000000,38809.000000000,3,YM
2024-06-10T06:25:10.000000000Z,32,1,80420,38807.000000000,38807.000000000,38807.000000000,38807.000000000,1,YM
2024-06-10T06:25:11.000000000Z,32,1,80420,38807.000000000,38808.000000000,38807.000000000,38808.000000000,4,YM
2024-06-10T06:25:13.000000000Z,32,1,80420,38808.000000000,38808.000000000,38808.000000000,38808.000000000,1,YM
2024-06-10T06:25:19.000000000Z,32,1,80420,38808.000000000,38808.000000000,38808.000000000,38808.000000000,3,YM
2024-06-10T06:25:20.000000000Z,32,1,80420,38807.000000000,38807.000000000,38807.000000000,38807.000000000,1,YM
2024-06-10T06:25:25.000000000Z,32,1,80420,38809.000000000,38809.000000000,38809.000000000,38809.000000000,1,YM
2024-06-10T06:25:28.000000000Z,32,1,80420,38810.000000000,38810.000000000,38810.000000000,38810.000000000,4,YM
2024-06-10T06:25:30.000000000Z,32,1,80420,38809.000000000,38809.000000000,38809.000000000,38809.000000000,1,YM
2024-06-10T06:25:33.000000000Z,32,1,80420,38810.000000000,38810.000000000,38810.000000000,38810.000000000,3,YM
2024-06-10T06:25:45.000000000Z,32,1,80420,38810.000000000,38810.000000000,38810.000000000,38810.000000000,1,YM
2024-06-10T06:25:46.000000000Z,32,1,80420,38808.000000000,38808.000000000,38808.000000000,38808.000000000,2,YM
2024-06-10T06:25:50.000000000Z,32,1,80420,38808.000000000,38808.000000000,38807.000000000,38807.000000000,3,YM
2024-06-10T06:25:54.000000000Z,32,1,80420,38807.000000000,38809.000000000,38807.000000000,38809.000000000,7,YM
2024-06-10T06:26:07.000000000Z,32,1,80420,38808.000000000,38808.000000000,38808.000000000,38808.000000000,3,YM
2024-06-10T06:26:14.000000000Z,32,1,80420,38808.000000000,38808.000000000,38808.000000000,38808.000000000,1,YM
2024-06-10T06:26:19.000000000Z,32,1,80420,38808.000000000,38808.000000000,38808.000000000,38808.000000000,1,YM
2024-06-10T06:26:21.000000000Z,32,1,80420,38807.000000000,38807.000000000,38807.000000000,38807.000000000,1,YM
2024-06-10T06:26:24.000000000Z,32,1,80420,38807.000000000,38807.000000000,38807.000000000,38807.000000000,2,YM
2024-06-10T06:26:28.000000000Z,32,1,80420,38807.000000000,38807.000000000,38807.000000000,38807.000000000,2,YM
2024-06-10T06:26:31.000000000Z,32,1,80420,38807.000000000,38807.000000000,38807.000000000,38807.000000000,1,YM
2024-06-10T06:26:36.000000000Z,32,1,80420,38807.000000000,38807.000000000,38807.000000000,38807.000000000,2,YM
2024-06-10T06:26:40.000000000Z,32,1,80420,38807.000000000,38808.000000000,38807.000000000,38808.000000000,3,YM
2024-06-10T06:26:45.000000000Z,32,1,80420,38807.000000000,38807.000000000,38807.000000000,38807.000000000,2,YM
2024-06-10T06:26:50.000000000Z,32,1,80420,38809.000000000,38809.000000000,38809.000000000,38809.000000000,4,YM
2024-06-10T06:26:52.000000000Z,32,1,80420,38810.000000000,38810.000000000,38810.000000000,38810.000000000,1,YM
2024-06-10T06:26:53.000000000Z,32,1,80420,38809.000000000,38809.000000000,38809.000000000,38809.000000000,1,YM
2024-06-10T06:27:00.000000000Z,32,1,80420,38809.000000000,38810.000000000,38809.000000000,38810.000000000,2,YM
2024-06-10T06:27:01.000000000Z,32,1,80420,38808.000000000,38808.000000000,38808.000000000,38808.000000000,1,YM
2024-06-10T06:27:07.000000000Z,32,1,80420,38807.000000000,38807.000000000,38807.000000000,38807.000000000,1,YM
2024-06-10T06:27:10.000000000Z,32,1,80420,38806.000000000,38806.000000000,38806.000000000,38806.000000000,2,YM
2024-06-10T06:27:11.000000000Z,32,1,80420,38805.000000000,38807.000000000,38805.000000000,38807.000000000,5,YM
2024-06-10T06:27:13.000000000Z,32,1,80420,38806.000000000,38806.000000000,38806.000000000,38806.000000000,4,YM
2024-06-10T06:27:14.000000000Z,32,1,80420,38805.000000000,38807.000000000,38805.000000000,38807.000000000,3,YM
2024-06-10T06:27:21.000000000Z,32,1,80420,38806.000000000,38806.000000000,38806.000000000,38806.000000000,1,YM
2024-06-10T06:27:23.000000000Z,32,1,80420,38806.000000000,38806.000000000,38806.000000000,38806.000000000,2,YM
2024-06-10T06:27:24.000000000Z,32,1,80420,38806.000000000,38807.000000000,38806.000000000,38807.000000000,2,YM
2024-06-10T06:27:26.000000000Z,32,1,80420,38807.000000000,38807.000000000,38807.000000000,38807.000000000,1,YM
2024-06-10T06:27:32.000000000Z,32,1,80420,38808.000000000,38808.000000000,38808.000000000,38808.000000000,2,YM
2024-06-10T06:27:34.000000000Z,32,1,80420,38808.000000000,38808.000000000,38808.000000000,38808.000000000,1,YM
2024-06-10T06:27:39.000000000Z,32,1,80420,38807.000000000,38807.000000000,38807.000000000,38807.000000000,1,YM
2024-06-10T06:27:40.000000000Z,32,1,80420,38807.000000000,38807.000000000,38807.000000000,38807.000000000,2,YM
2024-06-10T06:27:45.000000000Z,32,1,80420,38808.000000000,38808.000000000,38808.000000000,38808.000000000,2,YM
2024-06-10T06:27:57.000000000Z,32,1,80420,38808.000000000,38808.000000000,38808.000000000,38808.000000000,1,YM
2024-06-10T06:28:05.000000000Z,32,1,80420,38808.000000000,38808.000000000,38808.000000000,38808.000000000,2,YM
2024-06-10T06:28:08.000000000Z,32,1,80420,38808.000000000,38808.000000000,38808.000000000,38808.000000000,1,YM
2024-06-10T06:28:15.000000000Z,32,1,80420,38808.000000000,38809.000000000,38808.000000000,38809.000000000,2,YM
2024-06-10T06:28:31.000000000Z,32,1,80420,38806.000000000,38808.000000000,38806.000000000,38808.000000000,2,YM
2024-06-10T06:28:39.000000000Z,32,1,80420,38807.000000000,38807.000000000,38807.000000000,38807.000000000,1,YM
2024-06-10T06:28:46.000000000Z,32,1,80420,38807.000000000,38807.000000000,38806.000000000,38806.000000000,2,YM
2024-06-10T06:28:50.000000000Z,32,1,80420,38806.000000000,38806.000000000,38806.000000000,38806.000000000,1,YM
2024-06-10T06:28:52.000000000Z,32,1,80420,38806.000000000,38808.000000000,38806.000000000,38808.000000000,12,YM
2024-06-10T06:28:54.000000000Z,32,1,80420,38807.000000000,38807.000000000,38806.000000000,38806.000000000,3,YM
2024-06-10T06:29:06.000000000Z,32,1,80420,38805.000000000,38805.000000000,38805.000000000,38805.000000000,1,YM
2024-06-10T06:29:07.000000000Z,32,1,80420,38805.000000000,38805.000000000,38805.000000000,38805.000000000,1,YM
2024-06-10T06:29:11.000000000Z,32,1,80420,38805.000000000,38805.000000000,38805.000000000,38805.000000000,2,YM
2024-06-10T06:29:12.000000000Z,32,1,80420,38804.000000000,38804.000000000,38804.000000000,38804.000000000,1,YM
2024-06-10T06:29:27.000000000Z,32,1,80420,38801.000000000,38801.000000000,38800.000000000,38800.000000000,9,YM
2024-06-10T06:29:28.000000000Z,32,1,80420,38800.000000000,38800.000000000,38798.000000000,38800.000000000,8,YM
2024-06-10T06:29:30.000000000Z,32,1,80420,38799.000000000,38799.000000000,38799.000000000,38799.000000000,1,YM
2024-06-10T06:29:31.000000000Z,32,1,80420,38801.000000000,38801.000000000,38801.000000000,38801.000000000,3,YM
2024-06-10T06:29:37.000000000Z,32,1,80420,38801.000000000,38801.000000000,38801.000000000,38801.000000000,1,YM
2024-06-10T06:29:44.000000000Z,32,1,80420,38800.000000000,38800.000000000,38800.000000000,38800.000000000,2,YM
2024-06-10T06:29:45.000000000Z,32,1,80420,38800.000000000,38800.000000000,38800.000000000,38800.000000000,2,YM
2024-06-10T06:29:56.000000000Z,32,1,80420,38799.000000000,38799.000000000,38798.000000000,38798.000000000,4,YM
2024-06-10T06:29:57.000000000Z,32,1,80420,38799.000000000,38799.000000000,38799.000000000,38799.000000000,2,YM
2024-06-10T06:30:00.000000000Z,32,1,80420,38798.000000000,38798.000000000,38794.000000000,38794.000000000,13,YM
2024-06-10T06:30:01.000000000Z,32,1,80420,38797.000000000,38797.000000000,38797.000000000,38797.000000000,2,YM
2024-06-10T06:30:02.000000000Z,32,1,80420,38797.000000000,38797.000000000,38797.000000000,38797.000000000,2,YM
2024-06-10T06:30:08.000000000Z,32,1,80420,38799.000000000,38799.000000000,38798.000000000,38798.000000000,10,YM
2024-06-10T06:30:12.000000000Z,32,1,80420,38797.000000000,38798.000000000,38797.000000000,38798.000000000,2,YM
2024-06-10T06:30:14.000000000Z,32,1,80420,38799.000000000,38799.000000000,38799.000000000,38799.000000000,5,YM
2024-06-10T06:30:17.000000000Z,32,1,80420,38799.000000000,38799.000000000,38798.000000000,38798.000000000,8,YM
2024-06-10T06:30:20.000000000Z,32,1,80420,38799.000000000,38799.000000000,38799.000000000,38799.000000000,1,YM
2024-06-10T06:30:25.000000000Z,32,1,80420,38799.000000000,38799.000000000,38799.000000000,38799.000000000,1,YM
2024-06-10T06:30:26.000000000Z,32,1,80420,38799.000000000,38799.000000000,38799.000000000,38799.000000000,1,YM
2024-06-10T06:30:29.000000000Z,32,1,80420,38800.000000000,38800.000000000,38800.000000000,38800.000000000,1,YM
2024-06-10T06:30:30.000000000Z,32,1,80420,38798.000000000,38798.000000000,38798.000000000,38798.000000000,1,YM
2024-06-10T06:30:35.000000000Z,32,1,80420,38798.000000000,38798.000000000,38798.000000000,38798.000000000,1,YM
2024-06-10T06:30:36.000000000Z,32,1,80420,38800.000000000,38800.000000000,38800.000000000,38800.000000000,1,YM
2024-06-10T06:30:38.000000000Z,32,1,80420,38801.000000000,38801.000000000,38801.000000000,38801.000000000,3,YM
2024-06-10T06:30:39.000000000Z,32,1,80420,38802.000000000,38802.000000000,38802.000000000,38802.000000000,1,YM
2024-06-10T06:30:43.000000000Z,32,1,80420,38801.000000000,38801.000000000,38801.000000000,38801.000000000,1,YM
2024-06-10T06:30:47.000000000Z,32,1,80420,38803.000000000,38804.000000000,38803.000000000,38804.000000000,4,YM
2024-06-10T06:30:48.000000000Z,32,1,80420,38803.000000000,38804.000000000,38803.000000000,38804.000000000,2,YM
2024-06-10T06:30:50.000000000Z,32,1,80420,38803.000000000,38803.000000000,38803.000000000,38803.000000000,4,YM
2024-06-10T06:30:51.000000000Z,32,1,80420,38803.000000000,38803.000000000,38803.000000000,38803.000000000,1,YM
2024-06-10T06:30:52.000000000Z,32,1,80420,38802.000000000,38802.000000000,38802.000000000,38802.000000000,1,YM
2024-06-10T06:30:53.000000000Z,32,1,80420,38802.000000000,38802.000000000,38802.000000000,38802.000000000,3,YM
2024-06-10T06:31:00.000000000Z,32,1,80420,38801.000000000,38802.000000000,38801.000000000,38802.000000000,5,YM
2024-06-10T06:31:02.000000000Z,32,1,80420,38801.000000000,38801.000000000,38800.000000000,38800.000000000,2,YM
2024-06-10T06:31:10.000000000Z,32,1,80420,38799.000000000,38799.000000000,38796.000000000,38796.000000000,9,YM
2024-06-10T06:31:11.000000000Z,32,1,80420,38797.000000000,38797.000000000,38797.000000000,38797.000000000,1,YM
2024-06-10T06:31:13.000000000Z,32,1,80420,38796.000000000,38796.000000000,38796.000000000,38796.000000000,1,YM
2024-06-10T06:31:19.000000000Z,32,1,80420,38797.000000000,38797.000000000,38797.000000000,38797.000000000,2,YM
2024-06-10T06:31:22.000000000Z,32,1,80420,38797.000000000,38797.000000000,38797.000000000,38797.000000000,1,YM
2024-06-10T06:31:26.000000000Z,32,1,80420,38797.000000000,38797.000000000,38796.000000000,38797.000000000,4,YM
2024-06-10T06:31:29.000000000Z,32,1,80420,38797.000000000,38797.000000000,38797.000000000,38797.000000000,10,YM
2024-06-10T06:31:32.000000000Z,32,1,80420,38796.000000000,38797.000000000,38796.000000000,38797.000000000,4,YM
2024-06-10T06:31:33.000000000Z,32,1,80420,38797.000000000,38797.000000000,38796.000000000,38796.000000000,3,YM
2024-06-10T06:31:37.000000000Z,32,1,80420,38797.000000000,38797.000000000,38797.000000000,38797.000000000,1,YM
2024-06-10T06:31:57.000000000Z,32,1,80420,38798.000000000,38798.000000000,38798.000000000,38798.000000000,1,YM
2024-06-10T06:32:00.000000000Z,32,1,80420,38797.000000000,38797.000000000,38797.000000000,38797.000000000,1,YM
2024-06-10T06:32:01.000000000Z,32,1,80420,38799.000000000,38799.000000000,38799.000000000,38799.000000000,1,YM
2024-06-10T06:32:03.000000000Z,32,1,80420,38799.000000000,38799.000000000,38798.000000000,38798.000000000,2,YM
2024-06-10T06:32:04.000000000Z,32,1,80420,38798.000000000,38798.000000000,38798.000000000,38798.000000000,2,YM
2024-06-10T06:32:09.000000000Z,32,1,80420,38799.000000000,38799.000000000,38799.000000000,38799.000000000,2,YM
2024-06-10T06:32:10.000000000Z,32,1,80420,38798.000000000,38798.000000000,38798.000000000,38798.000000000,1,YM
2024-06-10T06:32:13.000000000Z,32,1,80420,38797.000000000,38797.000000000,38797.000000000,38797.000000000,2,YM
2024-06-10T06:32:17.000000000Z,32,1,80420,38797.000000000,38797.000000000,38797.000000000,38797.000000000,7,YM
2024-06-10T06:32:19.000000000Z,32,1,80420,38795.000000000,38795.000000000,38795.000000000,38795.000000000,1,YM
2024-06-10T06:32:20.000000000Z,32,1,80420,38797.000000000,38797.000000000,38797.000000000,38797.000000000,2,YM
2024-06-10T06:32:25.000000000Z,32,1,80420,38797.000000000,38797.000000000,38797.000000000,38797.000000000,2,YM
2024-06-10T06:32:35.000000000Z,32,1,80420,38796.000000000,38796.000000000,38796.000000000,38796.000000000,2,YM
2024-06-10T06:32:59.000000000Z,32,1,80420,38797.000000000,38797.000000000,38797.000000000,38797.000000000,1,YM
2024-06-10T06:33:00.000000000Z,32,1,80420,38796.000000000,38796.000000000,38796.000000000,38796.000000000,3,YM
2024-06-10T06:33:13.000000000Z,32,1,80420,38798.000000000,38799.000000000,38798.000000000,38799.000000000,2,YM
2024-06-10T06:33:18.000000000Z,32,1,80420,38798.000000000,38798.000000000,38798.000000000,38798.000000000,2,YM
2024-06-10T06:33:21.000000000Z,32,1,80420,38798.000000000,38798.000000000,38798.000000000,38798.000000000,2,YM
2024-06-10T06:33:30.000000000Z,32,1,80420,38798.000000000,38800.000000000,38798.000000000,38800.000000000,2,YM
2024-06-10T06:33:31.000000000Z,32,1,80420,38798.000000000,38798.000000000,38798.000000000,38798.000000000,3,YM
2024-06-10T06:33:40.000000000Z,32,1,80420,38799.000000000,38799.000000000,38799.000000000,38799.000000000,1,YM
2024-06-10T06:33:41.000000000Z,32,1,80420,38798.000000000,38798.000000000,38798.000000000,38798.000000000,2,YM
2024-06-10T06:33:45.000000000Z,32,1,80420,38800.000000000,38800.000000000,38800.000000000,38800.000000000,4,YM
2024-06-10T06:33:47.000000000Z,32,1,80420,38800.000000000,38800.000000000,38800.000000000,38800.000000000,1,YM
2024-06-10T06:33:51.000000000Z,32,1,80420,38801.000000000,38801.000000000,38801.000000000,38801.000000000,2,YM
2024-06-10T06:33:53.000000000Z,32,1,80420,38800.000000000,38800.000000000,38800.000000000,38800.000000000,4,YM
2024-06-10T06:34:00.000000000Z,32,1,80420,38797.000000000,38797.000000000,38797.000000000,38797.000000000,2,YM
2024-06-10T06:34:04.000000000Z,32,1,80420,38798.000000000,38798.000000000,38798.000000000,38798.000000000,1,YM
2024-06-10T06:34:12.000000000Z,32,1,80420,38797.000000000,38797.000000000,38797.000000000,38797.000000000,2,YM
2024-06-10T06:34:29.000000000Z,32,1,80420,38798.000000000,38798.000000000,38797.000000000,38797.000000000,3,YM
2024-06-10T06:34:30.000000000Z,32,1,80420,38798.000000000,38798.000000000,38798.000000000,38798.000000000,1,YM
2024-06-10T06:34:35.000000000Z,32,1,80420,38797.000000000,38797.000000000,38797.000000000,38797.000000000,1,YM
2024-06-10T06:34:45.000000000Z,32,1,80420,38799.000000000,38799.000000000,38798.000000000,38798.000000000,2,YM
2024-06-10T06:34:50.000000000Z,32,1,80420,38798.000000000,38798.000000000,38798.000000000,38798.000000000,1,YM
2024-06-10T06:34:54.000000000Z,32,1,80420,38798.000000000,38798.000000000,38798.000000000,38798.000000000,1,YM
2024-06-10T06:35:02.000000000Z,32,1,80420,38800.000000000,38800.000000000,38800.000000000,38800.000000000,1,YM
2024-06-10T06:35:05.000000000Z,32,1,80420,38800.000000000,38800.000000000,38800.000000000,38800.000000000,1,YM
2024-06-10T06:35:06.000000000Z,32,1,80420,38800.000000000,38801.000000000,38800.000000000,38801.000000000,3,YM
2024-06-10T06:35:08.000000000Z,32,1,80420,38802.000000000,38802.000000000,38802.000000000,38802.000000000,1,YM
2024-06-10T06:35:30.000000000Z,32,1,80420,38802.000000000,38803.000000000,38802.000000000,38803.000000000,2,YM
2024-06-10T06:35:31.000000000Z,32,1,80420,38802.000000000,38803.000000000,38802.000000000,38803.000000000,8,YM
2024-06-10T06:35:33.000000000Z,32,1,80420,38803.000000000,38803.000000000,38803.000000000,38803.000000000,2,YM
2024-06-10T06:35:35.000000000Z,32,1,80420,38802.000000000,38802.000000000,38802.000000000,38802.000000000,2,YM
2024-06-10T06:35:42.000000000Z,32,1,80420,38801.000000000,38801.000000000,38801.000000000,38801.000000000,3,YM
2024-06-10T06:35:43.000000000Z,32,1,80420,38800.000000000,38800.000000000,38800.000000000,38800.000000000,1,YM
2024-06-10T06:35:45.000000000Z,32,1,80420,38802.000000000,38802.000000000,38802.000000000,38802.000000000,1,YM
2024-06-10T06:35:52.000000000Z,32,1,80420,38801.000000000,38801.000000000,38801.000000000,38801.000000000,1,YM
2024-06-10T06:35:58.000000000Z,32,1,80420,38802.000000000,38802.000000000,38802.000000000,38802.000000000,1,YM
2024-06-10T06:36:03.000000000Z,32,1,80420,38803.000000000,38803.000000000,38803.000000000,38803.000000000,1,YM
2024-06-10T06:36:08.000000000Z,32,1,80420,38803.000000000,38803.000000000,38803.000000000,38803.000000000,2,YM
2024-06-10T06:36:09.000000000Z,32,1,80420,38803.000000000,38803.000000000,38803.000000000,38803.000000000,1,YM
2024-06-10T06:36:10.000000000Z,32,1,80420,38802.000000000,38802.000000000,38802.000000000,38802.000000000,2,YM
2024-06-10T06:36:13.000000000Z,32,1,80420,38801.000000000,38801.000000000,38801.000000000,38801.000000000,3,YM
2024-06-10T06:36:25.000000000Z,32,1,80420,38800.000000000,38800.000000000,38800.000000000,38800.000000000,1,YM
2024-06-10T06:36:30.000000000Z,32,1,80420,38801.000000000,38801.000000000,38801.000000000,38801.000000000,1,YM
2024-06-10T06:36:40.000000000Z,32,1,80420,38800.000000000,38800.000000000,38800.000000000,38800.000000000,2,YM
2024-06-10T06:36:45.000000000Z,32,1,80420,38801.000000000,38801.000000000,38801.000000000,38801.000000000,1,YM
2024-06-10T06:36:47.000000000Z,32,1,80420,38801.000000000,38801.000000000,38801.000000000,38801.000000000,1,YM
2024-06-10T06:36:51.000000000Z,32,1,80420,38801.000000000,38801.000000000,38801.000000000,38801.000000000,1,YM
2024-06-10T06:36:58.000000000Z,32,1,80420,38800.000000000,38800.000000000,38800.000000000,38800.000000000,1,YM
2024-06-10T06:37:00.000000000Z,32,1,80420,38799.000000000,38799.000000000,38799.000000000,38799.000000000,1,YM
2024-06-10T06:37:16.000000000Z,32,1,80420,38799.000000000,38799.000000000,38799.000000000,38799.000000000,1,YM
2024-06-10T06:37:20.000000000Z,32,1,80420,38799.000000000,38799.000000000,38799.000000000,38799.000000000,1,YM
2024-06-10T06:37:22.000000000Z,32,1,80420,38798.000000000,38798.000000000,38798.000000000,38798.000000000,2,YM
2024-06-10T06:37:25.000000000Z,32,1,80420,38797.000000000,38797.000000000,38797.000000000,38797.000000000,1,YM
2024-06-10T06:37:38.000000000Z,32,1,80420,38796.000000000,38796.000000000,38796.000000000,38796.000000000,1,YM
2024-06-10T06:37:40.000000000Z,32,1,80420,38795.000000000,38795.000000000,38795.000000000,38795.000000000,2,YM
2024-06-10T06:37:52.000000000Z,32,1,80420,38797.000000000,38797.000000000,38797.000000000,38797.000000000,5,YM
2024-06-10T06:38:05.000000000Z,32,1,80420,38795.000000000,38795.000000000,38795.000000000,38795.000000000,1,YM
2024-06-10T06:38:15.000000000Z,32,1,80420,38797.000000000,38797.000000000,38797.000000000,38797.000000000,2,YM
2024-06-10T06:38:29.000000000Z,32,1,80420,38797.000000000,38797.000000000,38797.000000000,38797.000000000,1,YM
2024-06-10T06:38:32.000000000Z,32,1,80420,38797.000000000,38797.000000000,38797.000000000,38797.000000000,1,YM
2024-06-10T06:38:36.000000000Z,32,1,80420,38796.000000000,38796.000000000,38796.000000000,38796.000000000,4,YM
2024-06-10T06:39:00.000000000Z,32,1,80420,38796.000000000,38796.000000000,38796.000000000,38796.000000000,1,YM
2024-06-10T06:39:01.000000000Z,32,1,80420,38797.000000000,38797.000000000,38797.000000000,38797.000000000,1,YM
2024-06-10T06:39:04.000000000Z,32,1,80420,38796.000000000,38796.000000000,38796.000000000,38796.000000000,1,YM
2024-06-10T06:39:08.000000000Z,32,1,80420,38797.000000000,38797.000000000,38797.000000000,38797.000000000,2,YM
2024-06-10T06:39:11.000000000Z,32,1,80420,38797.000000000,38797.000000000,38797.000000000,38797.000000000,1,YM
2024-06-10T06:39:17.000000000Z,32,1,80420,38797.000000000,38797.000000000,38797.000000000,38797.000000000,1,YM
2024-06-10T06:39:18.000000000Z,32,1,80420,38797.000000000,38797.000000000,38797.000000000,38797.000000000,4,YM
2024-06-10T06:39:43.000000000Z,32,1,80420,38796.000000000,38796.000000000,38796.000000000,38796.000000000,1,YM
2024-06-10T06:40:01.000000000Z,32,1,80420,38796.000000000,38796.000000000,38796.000000000,38796.000000000,1,YM
2024-06-10T06:40:04.000000000Z,32,1,80420,38796.000000000,38796.000000000,38796.000000000,38796.000000000,2,YM
2024-06-10T06:40:09.000000000Z,32,1,80420,38796.000000000,38796.000000000,38796.000000000,38796.000000000,1,YM
2024-06-10T06:40:14.000000000Z,32,1,80420,38797.000000000,38797.000000000,38797.000000000,38797.000000000,1,YM
2024-06-10T06:40:19.000000000Z,32,1,80420,38797.000000000,38798.000000000,38797.000000000,38798.000000000,6,YM
2024-06-10T06:40:20.000000000Z,32,1,80420,38798.000000000,38798.000000000,38798.000000000,38798.000000000,2,YM
2024-06-10T06:40:25.000000000Z,32,1,80420,38798.000000000,38798.000000000,38798.000000000,38798.000000000,2,YM
2024-06-10T06:40:31.000000000Z,32,1,80420,38797.000000000,38797.000000000,38797.000000000,38797.000000000,1,YM
2024-06-10T06:40:42.000000000Z,32,1,80420,38798.000000000,38798.000000000,38797.000000000,38798.000000000,4,YM
2024-06-10T06:40:48.000000000Z,32,1,80420,38799.000000000,38800.000000000,38799.000000000,38800.000000000,3,YM
2024-06-10T06:40:52.000000000Z,32,1,80420,38801.000000000,38801.000000000,38801.000000000,38801.000000000,3,YM
2024-06-10T06:40:58.000000000Z,32,1,80420,38801.000000000,38801.000000000,38801.000000000,38801.000000000,2,YM
2024-06-10T06:40:59.000000000Z,32,1,80420,38801.000000000,38801.000000000,38801.000000000,38801.000000000,2,YM
2024-06-10T06:41:11.000000000Z,32,1,80420,38801.000000000,38801.000000000,38801.000000000,38801.000000000,2,YM
2024-06-10T06:41:19.000000000Z,32,1,80420,38800.000000000,38800.000000000,38800.000000000,38800.000000000,1,YM
2024-06-10T06:41:20.000000000Z,32,1,80420,38800.000000000,38800.000000000,38800.000000000,38800.000000000,1,YM
2024-06-10T06:41:34.000000000Z,32,1,80420,38801.000000000,38801.000000000,38801.000000000,38801.000000000,3,YM
2024-06-10T06:41:43.000000000Z,32,1,80420,38801.000000000,38801.000000000,38801.000000000,38801.000000000,1,YM
2024-06-10T06:41:46.000000000Z,32,1,80420,38802.000000000,38802.000000000,38802.000000000,38802.000000000,1,YM
2024-06-10T06:41:56.000000000Z,32,1,80420,38801.000000000,38801.000000000,38800.000000000,38800.000000000,2,YM
2024-06-10T06:42:00.000000000Z,32,1,80420,38800.000000000,38800.000000000,38800.000000000,38800.000000000,2,YM
2024-06-10T06:42:03.000000000Z,32,1,80420,38800.000000000,38800.000000000,38800.000000000,38800.000000000,1,YM
2024-06-10T06:42:11.000000000Z,32,1,80420,38800.000000000,38800.000000000,38800.000000000,38800.000000000,1,YM
2024-06-10T06:42:15.000000000Z,32,1,80420,38798.000000000,38798.000000000,38798.000000000,38798.000000000,1,YM
2024-06-10T06:42:20.000000000Z,32,1,80420,38797.000000000,38797.000000000,38797.000000000,38797.000000000,1,YM
2024-06-10T06:42:31.000000000Z,32,1,80420,38798.000000000,38798.000000000,38798.000000000,38798.000000000,1,YM
2024-06-10T06:42:33.000000000Z,32,1,80420,38798.000000000,38798.000000000,38798.000000000,38798.000000000,1,YM
2024-06-10T06:42:34.000000000Z,32,1,80420,38797.000000000,38797.000000000,38797.000000000,38797.000000000,3,YM
2024-06-10T06:42:41.000000000Z,32,1,80420,38797.000000000,38797.000000000,38797.000000000,38797.000000000,2,YM
2024-06-10T06:42:43.000000000Z,32,1,80420,38798.000000000,38798.000000000,38798.000000000,38798.000000000,4,YM
2024-06-10T06:42:53.000000000Z,32,1,80420,38799.000000000,38799.000000000,38799.000000000,38799.000000000,3,YM
2024-06-10T06:43:00.000000000Z,32,1,80420,38798.000000000,38801.000000000,38798.000000000,38801.000000000,3,YM
2024-06-10T06:43:02.000000000Z,32,1,80420,38801.000000000,38801.000000000,38801.000000000,38801.000000000,1,YM
2024-06-10T06:43:03.000000000Z,32,1,80420,38801.000000000,38801.000000000,38801.000000000,38801.000000000,3,YM
2024-06-10T06:43:06.000000000Z,32,1,80420,38800.000000000,38800.000000000,38800.000000000,38800.000000000,1,YM
2024-06-10T06:43:26.000000000Z,32,1,80420,38800.000000000,38800.000000000,38800.000000000,38800.000000000,1,YM
2024-06-10T06:43:27.000000000Z,32,1,80420,38800.000000000,38800.000000000,38800.000000000,38800.000000000,1,YM
2024-06-10T06:43:37.000000000Z,32,1,80420,38799.000000000,38799.000000000,38798.000000000,38798.000000000,5,YM
2024-06-10T06:43:59.000000000Z,32,1,80420,38799.000000000,38799.000000000,38799.000000000,38799.000000000,1,YM
2024-06-10T06:44:01.000000000Z,32,1,80420,38798.000000000,38799.000000000,38798.000000000,38799.000000000,3,YM
2024-06-10T06:44:29.000000000Z,32,1,80420,38799.000000000,38799.000000000,38799.000000000,38799.000000000,1,YM
2024-06-10T06:44:34.000000000Z,32,1,80420,38799.000000000,38799.000000000,38799.000000000,38799.000000000,1,YM
2024-06-10T06:44:43.000000000Z,32,1,80420,38799.000000000,38799.000000000,38799.000000000,38799.000000000,1,YM
2024-06-10T06:44:57.000000000Z,32,1,80420,38801.000000000,38801.000000000,38801.000000000,38801.000000000,1,YM
2024-06-10T06:45:00.000000000Z,32,1,80420,38799.000000000,38799.000000000,38798.000000000,38798.000000000,2,YM
2024-06-10T06:45:01.000000000Z,32,1,80420,38799.000000000,38800.000000000,38799.000000000,38799.000000000,5,YM
2024-06-10T06:45:02.000000000Z,32,1,80420,38800.000000000,38800.000000000,38800.000000000,38800.000000000,1,YM
2024-06-10T06:45:05.000000000Z,32,1,80420,38800.000000000,38801.000000000,38800.000000000,38801.000000000,4,YM
2024-06-10T06:45:07.000000000Z,32,1,80420,38802.000000000,38802.000000000,38802.000000000,38802.000000000,1,YM
2024-06-10T06:45:09.000000000Z,32,1,80420,38801.000000000,38801.000000000,38801.000000000,38801.000000000,1,YM
2024-06-10T06:45:13.000000000Z,32,1,80420,38800.000000000,38800.000000000,38800.000000000,38800.000000000,1,YM
2024-06-10T06:45:16.000000000Z,32,1,80420,38799.000000000,38799.000000000,38799.000000000,38799.000000000,2,YM
2024-06-10T06:45:27.000000000Z,32,1,80420,38801.000000000,38801.000000000,38801.000000000,38801.000000000,1,YM
2024-06-10T06:45:28.000000000Z,32,1,80420,38800.000000000,38800.000000000,38800.000000000,38800.000000000,2,YM
2024-06-10T06:45:46.000000000Z,32,1,80420,38801.000000000,38801.000000000,38801.000000000,38801.000000000,2,YM
2024-06-10T06:45:54.000000000Z,32,1,80420,38801.000000000,38801.000000000,38801.000000000,38801.000000000,2,YM
2024-06-10T06:45:56.000000000Z,32,1,80420,38801.000000000,38801.000000000,38801.000000000,38801.000000000,2,YM
2024-06-10T06:46:00.000000000Z,32,1,80420,38799.000000000,38799.000000000,38799.000000000,38799.000000000,1,YM
2024-06-10T06:46:02.000000000Z,32,1,80420,38799.000000000,38799.000000000,38799.000000000,38799.000000000,1,YM
2024-06-10T06:46:12.000000000Z,32,1,80420,38798.000000000,38798.000000000,38798.000000000,38798.000000000,4,YM
2024-06-10T06:46:31.000000000Z,32,1,80420,38797.000000000,38797.000000000,38797.000000000,38797.000000000,2,YM
2024-06-10T06:46:50.000000000Z,32,1,80420,38795.000000000,38795.000000000,38795.000000000,38795.000000000,5,YM
2024-06-10T06:46:58.000000000Z,32,1,80420,38794.000000000,38794.000000000,38794.000000000,38794.000000000,2,YM
2024-06-10T06:47:00.000000000Z,32,1,80420,38793.000000000,38793.000000000,38793.000000000,38793.000000000,1,YM
2024-06-10T06:47:02.000000000Z,32,1,80420,38794.000000000,38794.000000000,38794.000000000,38794.000000000,2,YM
2024-06-10T06:47:04.000000000Z,32,1,80420,38794.000000000,38794.000000000,38794.000000000,38794.000000000,1,YM
2024-06-10T06:47:08.000000000Z,32,1,80420,38794.000000000,38794.000000000,38794.000000000,38794.000000000,2,YM
2024-06-10T06:47:27.000000000Z,32,1,80420,38792.000000000,38792.000000000,38790.000000000,38790.000000000,7,YM
2024-06-10T06:47:28.000000000Z,32,1,80420,38792.000000000,38792.000000000,38791.000000000,38791.000000000,7,YM
2024-06-10T06:47:30.000000000Z,32,1,80420,38790.000000000,38790.000000000,38790.000000000,38790.000000000,2,YM
2024-06-10T06:47:33.000000000Z,32,1,80420,38790.000000000,38790.000000000,38790.000000000,38790.000000000,1,YM
2024-06-10T06:47:35.000000000Z,32,1,80420,38791.000000000,38791.000000000,38791.000000000,38791.000000000,1,YM
2024-06-10T06:47:36.000000000Z,32,1,80420,38792.000000000,38792.000000000,38792.000000000,38792.000000000,3,YM
2024-06-10T06:47:40.000000000Z,32,1,80420,38791.000000000,38791.000000000,38791.000000000,38791.000000000,1,YM
2024-06-10T06:47:41.000000000Z,32,1,80420,38791.000000000,38791.000000000,38791.000000000,38791.000000000,3,YM
2024-06-10T06:47:44.000000000Z,32,1,80420,38791.000000000,38791.000000000,38791.000000000,38791.000000000,1,YM
2024-06-10T06:48:00.000000000Z,32,1,80420,38789.000000000,38789.000000000,38787.000000000,38787.000000000,6,YM
2024-06-10T06:48:01.000000000Z,32,1,80420,38786.000000000,38788.000000000,38786.000000000,38788.000000000,3,YM
2024-06-10T06:48:19.000000000Z,32,1,80420,38788.000000000,38788.000000000,38787.000000000,38787.000000000,5,YM
2024-06-10T06:48:23.000000000Z,32,1,80420,38785.000000000,38785.000000000,38785.000000000,38785.000000000,1,YM
2024-06-10T06:48:39.000000000Z,32,1,80420,38788.000000000,38788.000000000,38788.000000000,38788.000000000,1,YM
2024-06-10T06:48:40.000000000Z,32,1,80420,38788.000000000,38788.000000000,38788.000000000,38788.000000000,1,YM
2024-06-10T06:48:48.000000000Z,32,1,80420,38787.000000000,38787.000000000,38787.000000000,38787.000000000,1,YM
2024-06-10T06:48:51.000000000Z,32,1,80420,38789.000000000,38790.000000000,38789.000000000,38790.000000000,5,YM
2024-06-10T06:48:59.000000000Z,32,1,80420,38790.000000000,38790.000000000,38790.000000000,38790.000000000,1,YM
2024-06-10T06:49:00.000000000Z,32,1,80420,38789.000000000,38789.000000000,38789.000000000,38789.000000000,2,YM
2024-06-10T06:49:05.000000000Z,32,1,80420,38789.000000000,38789.000000000,38789.000000000,38789.000000000,2,YM
2024-06-10T06:49:09.000000000Z,32,1,80420,38790.000000000,38791.000000000,38790.000000000,38791.000000000,4,YM
2024-06-10T06:49:14.000000000Z,32,1,80420,38790.000000000,38791.000000000,38790.000000000,38791.000000000,10,YM
2024-06-10T06:49:17.000000000Z,32,1,80420,38790.000000000,38790.000000000,38790.000000000,38790.000000000,1,YM
2024-06-10T06:49:25.000000000Z,32,1,80420,38791.000000000,38791.000000000,38791.000000000,38791.000000000,1,YM
2024-06-10T06:49:33.000000000Z,32,1,80420,38792.000000000,38792.000000000,38792.000000000,38792.000000000,1,YM
2024-06-10T06:49:35.000000000Z,32,1,80420,38790.000000000,38790.000000000,38790.000000000,38790.000000000,1,YM
2024-06-10T06:49:41.000000000Z,32,1,80420,38791.000000000,38791.000000000,38791.000000000,38791.000000000,1,YM
2024-06-10T06:49:44.000000000Z,32,1,80420,38791.000000000,38791.000000000,38791.000000000,38791.000000000,1,YM
2024-06-10T06:49:49.000000000Z,32,1,80420,38792.000000000,38792.000000000,38792.000000000,38792.000000000,1,YM
2024-06-10T06:49:54.000000000Z,32,1,80420,38791.000000000,38791.000000000,38791.000000000,38791.000000000,2,YM
2024-06-10T06:50:00.000000000Z,32,1,80420,38792.000000000,38792.000000000,38792.000000000,38792.000000000,1,YM
2024-06-10T06:50:02.000000000Z,32,1,80420,38792.000000000,38792.000000000,38792.000000000,38792.000000000,1,YM
2024-06-10T06:50:07.000000000Z,32,1,80420,38792.000000000,38792.000000000,38792.000000000,38792.000000000,1,YM
2024-06-10T06:50:09.000000000Z,32,1,80420,38792.000000000,38792.000000000,38792.000000000,38792.000000000,1,YM
2024-06-10T06:50:10.000000000Z,32,1,80420,38791.000000000,38791.000000000,38791.000000000,38791.000000000,3,YM
2024-06-10T06:50:17.000000000Z,32,1,80420,38793.000000000,38793.000000000,38793.000000000,38793.000000000,1,YM
2024-06-10T06:50:21.000000000Z,32,1,80420,38791.000000000,38791.000000000,38791.000000000,38791.000000000,1,YM
2024-06-10T06:50:41.000000000Z,32,1,80420,38792.000000000,38792.000000000,38792.000000000,38792.000000000,2,YM
2024-06-10T06:50:49.000000000Z,32,1,80420,38790.000000000,38790.000000000,38790.000000000,38790.000000000,2,YM
2024-06-10T06:51:00.000000000Z,32,1,80420,38788.000000000,38788.000000000,38788.000000000,38788.000000000,5,YM
2024-06-10T06:51:03.000000000Z,32,1,80420,38787.000000000,38787.000000000,38787.000000000,38787.000000000,2,YM
2024-06-10T06:51:04.000000000Z,32,1,80420,38786.000000000,38786.000000000,38786.000000000,38786.000000000,3,YM
2024-06-10T06:51:11.000000000Z,32,1,80420,38785.000000000,38785.000000000,38785.000000000,38785.000000000,2,YM
2024-06-10T06:51:20.000000000Z,32,1,80420,38783.000000000,38783.000000000,38783.000000000,38783.000000000,2,YM
2024-06-10T06:51:21.000000000Z,32,1,80420,38783.000000000,38783.000000000,38783.000000000,38783.000000000,1,YM
2024-06-10T06:51:25.000000000Z,32,1,80420,38783.000000000,38783.000000000,38783.000000000,38783.000000000,1,YM
2024-06-10T06:51:26.000000000Z,32,1,80420,38783.000000000,38783.000000000,38783.000000000,38783.000000000,1,YM
2024-06-10T06:51:34.000000000Z,32,1,80420,38783.000000000,38783.000000000,38782.000000000,38782.000000000,2,YM
2024-06-10T06:51:35.000000000Z,32,1,80420,38783.000000000,38783.000000000,38783.000000000,38783.000000000,2,YM
2024-06-10T06:51:36.000000000Z,32,1,80420,38783.000000000,38783.000000000,38783.000000000,38783.000000000,1,YM
2024-06-10T06:51:41.000000000Z,32,1,80420,38782.000000000,38782.000000000,38782.000000000,38782.000000000,2,YM
2024-06-10T06:51:46.000000000Z,32,1,80420,38784.000000000,38784.000000000,38784.000000000,38784.000000000,1,YM
2024-06-10T06:51:49.000000000Z,32,1,80420,38784.000000000,38784.000000000,38784.000000000,38784.000000000,1,YM
2024-06-10T06:51:52.000000000Z,32,1,80420,38784.000000000,38784.000000000,38784.000000000,38784.000000000,2,YM
2024-06-10T06:51:54.000000000Z,32,1,80420,38784.000000000,38784.000000000,38784.000000000,38784.000000000,1,YM
2024-06-10T06:52:00.000000000Z,32,1,80420,38782.000000000,38782.000000000,38782.000000000,38782.000000000,2,YM
2024-06-10T06:52:04.000000000Z,32,1,80420,38782.000000000,38782.000000000,38782.000000000,38782.000000000,2,YM
2024-06-10T06:52:08.000000000Z,32,1,80420,38782.000000000,38782.000000000,38782.000000000,38782.000000000,2,YM
2024-06-10T06:52:14.000000000Z,32,1,80420,38780.000000000,38780.000000000,38780.000000000,38780.000000000,1,YM
2024-06-10T06:52:21.000000000Z,32,1,80420,38782.000000000,38782.000000000,38782.000000000,38782.000000000,4,YM
2024-06-10T06:52:25.000000000Z,32,1,80420,38783.000000000,38783.000000000,38783.000000000,38783.000000000,3,YM
2024-06-10T06:52:26.000000000Z,32,1,80420,38783.000000000,38783.000000000,38783.000000000,38783.000000000,2,YM
2024-06-10T06:52:30.000000000Z,32,1,80420,38787.000000000,38787.000000000,38787.000000000,38787.000000000,1,YM
2024-06-10T06:52:39.000000000Z,32,1,80420,38788.000000000,38788.000000000,38788.000000000,38788.000000000,2,YM
2024-06-10T06:52:40.000000000Z,32,1,80420,38789.000000000,38789.000000000,38789.000000000,38789.000000000,1,YM
2024-06-10T06:52:45.000000000Z,32,1,80420,38789.000000000,38789.000000000,38789.000000000,38789.000000000,1,YM
2024-06-10T06:52:48.000000000Z,32,1,80420,38789.000000000,38789.000000000,38789.000000000,38789.000000000,1,YM
2024-06-10T06:52:50.000000000Z,32,1,80420,38788.000000000,38788.000000000,38788.000000000,38788.000000000,1,YM
2024-06-10T06:52:57.000000000Z,32,1,80420,38790.000000000,38790.000000000,38790.000000000,38790.000000000,1,YM
2024-06-10T06:52:59.000000000Z,32,1,80420,38790.000000000,38790.000000000,38790.000000000,38790.000000000,1,YM
2024-06-10T06:53:00.000000000Z,32,1,80420,38790.000000000,38790.000000000,38790.000000000,38790.000000000,1,YM
2024-06-10T06:53:03.000000000Z,32,1,80420,38791.000000000,38791.000000000,38791.000000000,38791.000000000,2,YM
2024-06-10T06:53:05.000000000Z,32,1,80420,38792.000000000,38792.000000000,38792.000000000,38792.000000000,3,YM
2024-06-10T06:53:06.000000000Z,32,1,80420,38792.000000000,38792.000000000,38792.000000000,38792.000000000,2,YM
2024-06-10T06:53:15.000000000Z,32,1,80420,38793.000000000,38793.000000000,38793.000000000,38793.000000000,1,YM
2024-06-10T06:53:19.000000000Z,32,1,80420,38792.000000000,38792.000000000,38792.000000000,38792.000000000,2,YM
2024-06-10T06:53:21.000000000Z,32,1,80420,38792.000000000,38792.000000000,38792.000000000,38792.000000000,1,YM
2024-06-10T06:53:27.000000000Z,32,1,80420,38792.000000000,38792.000000000,38792.000000000,38792.000000000,1,YM
2024-06-10T06:53:31.000000000Z,32,1,80420,38793.000000000,38793.000000000,38793.000000000,38793.000000000,3,YM
2024-06-10T06:53:35.000000000Z,32,1,80420,38794.000000000,38794.000000000,38794.000000000,38794.000000000,3,YM
2024-06-10T06:53:43.000000000Z,32,1,80420,38791.000000000,38791.000000000,38791.000000000,38791.000000000,1,YM
2024-06-10T06:53:55.000000000Z,32,1,80420,38793.000000000,38793.000000000,38793.000000000,38793.000000000,1,YM
2024-06-10T06:54:00.000000000Z,32,1,80420,38792.000000000,38792.000000000,38792.000000000,38792.000000000,1,YM
2024-06-10T06:54:02.000000000Z,32,1,80420,38794.000000000,38794.000000000,38794.000000000,38794.000000000,1,YM
2024-06-10T06:54:09.000000000Z,32,1,80420,38794.000000000,38794.000000000,38794.000000000,38794.000000000,1,YM
2024-06-10T06:54:12.000000000Z,32,1,80420,38793.000000000,38793.000000000,38793.000000000,38793.000000000,3,YM
2024-06-10T06:54:30.000000000Z,32,1,80420,38792.000000000,38792.000000000,38792.000000000,38792.000000000,1,YM
2024-06-10T06:54:54.000000000Z,32,1,80420,38793.000000000,38793.000000000,38793.000000000,38793.000000000,1,YM
2024-06-10T06:54:56.000000000Z,32,1,80420,38793.000000000,38793.000000000,38793.000000000,38793.000000000,1,YM
2024-06-10T06:55:00.000000000Z,32,1,80420,38794.000000000,38794.000000000,38794.000000000,38794.000000000,1,YM
2024-06-10T06:55:01.000000000Z,32,1,80420,38795.000000000,38795.000000000,38795.000000000,38795.000000000,1,YM
2024-06-10T06:55:05.000000000Z,32,1,80420,38796.000000000,38796.000000000,38796.000000000,38796.000000000,1,YM
2024-06-10T06:55:19.000000000Z,32,1,80420,38794.000000000,38794.000000000,38794.000000000,38794.000000000,1,YM
2024-06-10T06:55:24.000000000Z,32,1,80420,38795.000000000,38795.000000000,38795.000000000,38795.000000000,1,YM
2024-06-10T06:55:29.000000000Z,32,1,80420,38794.000000000,38794.000000000,38794.000000000,38794.000000000,1,YM
2024-06-10T06:55:30.000000000Z,32,1,80420,38794.000000000,38794.000000000,38794.000000000,38794.000000000,1,YM
2024-06-10T06:55:40.000000000Z,32,1,80420,38793.000000000,38793.000000000,38793.000000000,38793.000000000,1,YM
2024-06-10T06:55:43.000000000Z,32,1,80420,38795.000000000,38795.000000000,38795.000000000,38795.000000000,2,YM
2024-06-10T06:55:52.000000000Z,32,1,80420,38794.000000000,38794.000000000,38794.000000000,38794.000000000,1,YM
2024-06-10T06:55:56.000000000Z,32,1,80420,38793.000000000,38793.000000000,38793.000000000,38793.000000000,3,YM
2024-06-10T06:56:00.000000000Z,32,1,80420,38793.000000000,38793.000000000,38793.000000000,38793.000000000,2,YM
2024-06-10T06:56:07.000000000Z,32,1,80420,38792.000000000,38792.000000000,38792.000000000,38792.000000000,2,YM
2024-06-10T06:56:19.000000000Z,32,1,80420,38791.000000000,38791.000000000,38790.000000000,38790.000000000,2,YM
2024-06-10T06:56:25.000000000Z,32,1,80420,38789.000000000,38789.000000000,38789.000000000,38789.000000000,3,YM
2024-06-10T06:56:30.000000000Z,32,1,80420,38786.000000000,38787.000000000,38786.000000000,38787.000000000,7,YM
2024-06-10T06:56:37.000000000Z,32,1,80420,38786.000000000,38786.000000000,38786.000000000,38786.000000000,1,YM
2024-06-10T06:56:40.000000000Z,32,1,80420,38786.000000000,38786.000000000,38786.000000000,38786.000000000,1,YM
2024-06-10T06:56:49.000000000Z,32,1,80420,38786.000000000,38786.000000000,38786.000000000,38786.000000000,1,YM
2024-06-10T06:56:50.000000000Z,32,1,80420,38786.000000000,38786.000000000,38786.000000000,38786.000000000,3,YM
2024-06-10T06:56:51.000000000Z,32,1,80420,38786.000000000,38786.000000000,38786.000000000,38786.000000000,1,YM
2024-06-10T06:57:06.000000000Z,32,1,80420,38785.000000000,38785.000000000,38785.000000000,38785.000000000,1,YM
2024-06-10T06:57:21.000000000Z,32,1,80420,38782.000000000,38782.000000000,38782.000000000,38782.000000000,3,YM
2024-06-10T06:57:22.000000000Z,32,1,80420,38783.000000000,38783.000000000,38783.000000000,38783.000000000,1,YM
2024-06-10T06:57:26.000000000Z,32,1,80420,38782.000000000,38782.000000000,38782.000000000,38782.000000000,2,YM
2024-06-10T06:57:27.000000000Z,32,1,80420,38782.000000000,38782.000000000,38782.000000000,38782.000000000,2,YM
2024-06-10T06:57:28.000000000Z,32,1,80420,38782.000000000,38782.000000000,38782.000000000,38782.000000000,1,YM
2024-06-10T06:57:43.000000000Z,32,1,80420,38783.000000000,38783.000000000,38782.000000000,38782.000000000,5,YM
2024-06-10T06:57:44.000000000Z,32,1,80420,38783.000000000,38783.000000000,38783.000000000,38783.000000000,3,YM
2024-06-10T06:57:47.000000000Z,32,1,80420,38783.000000000,38783.000000000,38783.000000000,38783.000000000,2,YM
2024-06-10T06:57:50.000000000Z,32,1,80420,38784.000000000,38784.000000000,38784.000000000,38784.000000000,6,YM
2024-06-10T06:57:55.000000000Z,32,1,80420,38783.000000000,38783.000000000,38783.000000000,38783.000000000,3,YM
2024-06-10T06:58:00.000000000Z,32,1,80420,38782.000000000,38782.000000000,38782.000000000,38782.000000000,1,YM
2024-06-10T06:58:05.000000000Z,32,1,80420,38781.000000000,38781.000000000,38781.000000000,38781.000000000,2,YM
2024-06-10T06:58:11.000000000Z,32,1,80420,38781.000000000,38781.000000000,38781.000000000,38781.000000000,1,YM
2024-06-10T06:58:15.000000000Z,32,1,80420,38781.000000000,38781.000000000,38781.000000000,38781.000000000,1,YM
2024-06-10T06:58:19.000000000Z,32,1,80420,38779.000000000,38779.000000000,38775.000000000,38777.000000000,4,YM
2024-06-10T06:58:20.000000000Z,32,1,80420,38777.000000000,38779.000000000,38777.000000000,38777.000000000,5,YM
2024-06-10T06:58:21.000000000Z,32,1,80420,38775.000000000,38775.000000000,38774.000000000,38774.000000000,6,YM
2024-06-10T06:58:22.000000000Z,32,1,80420,38774.000000000,38774.000000000,38772.000000000,38772.000000000,5,YM
2024-06-10T06:58:23.000000000Z,32,1,80420,38771.000000000,38771.000000000,38771.000000000,38771.000000000,1,YM
2024-06-10T06:58:27.000000000Z,32,1,80420,38773.000000000,38773.000000000,38773.000000000,38773.000000000,4,YM
2024-06-10T06:58:30.000000000Z,32,1,80420,38772.000000000,38772.000000000,38772.000000000,38772.000000000,1,YM
2024-06-10T06:58:31.000000000Z,32,1,80420,38772.000000000,38772.000000000,38772.000000000,38772.000000000,1,YM
2024-06-10T06:58:33.000000000Z,32,1,80420,38772.000000000,38772.000000000,38772.000000000,38772.000000000,1,YM
2024-06-10T06:58:34.000000000Z,32,1,80420,38771.000000000,38771.000000000,38771.000000000,38771.000000000,1,YM
2024-06-10T06:58:36.000000000Z,32,1,80420,38770.000000000,38770.000000000,38765.000000000,38766.000000000,32,YM
2024-06-10T06:58:37.000000000Z,32,1,80420,38767.000000000,38768.000000000,38767.000000000,38768.000000000,2,YM
2024-06-10T06:58:40.000000000Z,32,1,80420,38768.000000000,38770.000000000,38768.000000000,38770.000000000,2,YM
2024-06-10T06:58:50.000000000Z,32,1,80420,38771.000000000,38772.000000000,38771.000000000,38772.000000000,3,YM
2024-06-10T06:58:51.000000000Z,32,1,80420,38772.000000000,38772.000000000,38772.000000000,38772.000000000,1,YM
2024-06-10T06:58:53.000000000Z,32,1,80420,38771.000000000,38771.000000000,38771.000000000,38771.000000000,2,YM
2024-06-10T06:58:55.000000000Z,32,1,80420,38770.000000000,38770.000000000,38770.000000000,38770.000000000,3,YM
2024-06-10T06:58:58.000000000Z,32,1,80420,38768.000000000,38768.000000000,38768.000000000,38768.000000000,1,YM
2024-06-10T06:59:00.000000000Z,32,1,80420,38768.000000000,38768.000000000,38764.000000000,38764.000000000,19,YM
2024-06-10T06:59:01.000000000Z,32,1,80420,38763.000000000,38763.000000000,38763.000000000,38763.000000000,2,YM
2024-06-10T06:59:02.000000000Z,32,1,80420,38761.000000000,38761.000000000,38760.000000000,38760.000000000,6,YM
2024-06-10T06:59:03.000000000Z,32,1,80420,38761.000000000,38763.000000000,38761.000000000,38763.000000000,2,YM
2024-06-10T06:59:04.000000000Z,32,1,80420,38765.000000000,38765.000000000,38765.000000000,38765.000000000,1,YM
2024-06-10T06:59:05.000000000Z,32,1,80420,38765.000000000,38765.000000000,38765.000000000,38765.000000000,2,YM
2024-06-10T06:59:07.000000000Z,32,1,80420,38764.000000000,38764.000000000,38764.000000000,38764.000000000,1,YM
2024-06-10T06:59:11.000000000Z,32,1,80420,38764.000000000,38764.000000000,38764.000000000,38764.000000000,2,YM
2024-06-10T06:59:12.000000000Z,32,1,80420,38762.000000000,38762.000000000,38762.000000000,38762.000000000,1,YM
2024-06-10T06:59:14.000000000Z,32,1,80420,38759.000000000,38760.000000000,38759.000000000,38760.000000000,2,YM
2024-06-10T06:59:15.000000000Z,32,1,80420,38757.000000000,38757.000000000,38755.000000000,38755.000000000,7,YM
2024-06-10T06:59:16.000000000Z,32,1,80420,38756.000000000,38756.000000000,38756.000000000,38756.000000000,3,YM
2024-06-10T06:59:17.000000000Z,32,1,80420,38759.000000000,38759.000000000,38758.000000000,38758.000000000,7,YM
2024-06-10T06:59:22.000000000Z,32,1,80420,38756.000000000,38756.000000000,38756.000000000,38756.000000000,1,YM
2024-06-10T06:59:25.000000000Z,32,1,80420,38756.000000000,38756.000000000,38756.000000000,38756.000000000,2,YM
2024-06-10T06:59:26.000000000Z,32,1,80420,38756.000000000,38756.000000000,38756.000000000,38756.000000000,1,YM
2024-06-10T06:59:27.000000000Z,32,1,80420,38756.000000000,38756.000000000,38756.000000000,38756.000000000,1,YM
2024-06-10T06:59:29.000000000Z,32,1,80420,38758.000000000,38758.000000000,38758.000000000,38758.000000000,4,YM
2024-06-10T06:59:30.000000000Z,32,1,80420,38757.000000000,38757.000000000,38757.000000000,38757.000000000,1,YM
2024-06-10T06:59:33.000000000Z,32,1,80420,38760.000000000,38761.000000000,38760.000000000,38761.000000000,4,YM
2024-06-10T06:59:37.000000000Z,32,1,80420,38765.000000000,38766.000000000,38765.000000000,38766.000000000,7,YM
2024-06-10T06:59:40.000000000Z,32,1,80420,38766.000000000,38766.000000000,38766.000000000,38766.000000000,2,YM
2024-06-10T06:59:45.000000000Z,32,1,80420,38767.000000000,38767.000000000,38767.000000000,38767.000000000,3,YM
2024-06-10T06:59:47.000000000Z,32,1,80420,38766.000000000,38766.000000000,38766.000000000,38766.000000000,1,YM
2024-06-10T06:59:48.000000000Z,32,1,80420,38767.000000000,38767.000000000,38767.000000000,38767.000000000,1,YM
2024-06-10T06:59:49.000000000Z,32,1,80420,38768.000000000,38768.000000000,38768.000000000,38768.000000000,1,YM
2024-06-10T06:59:50.000000000Z,32,1,80420,38768.000000000,38768.000000000,38768.000000000,38768.000000000,7,YM
2024-06-10T06:59:52.000000000Z,32,1,80420,38769.000000000,38769.000000000,38767.000000000,38767.000000000,3,YM
2024-06-10T06:59:54.000000000Z,32,1,80420,38766.000000000,38766.000000000,38766.000000000,38766.000000000,2,YM
2024-06-10T06:59:55.000000000Z,32,1,80420,38766.000000000,38766.000000000,38758.000000000,38760.000000000,82,YM
2024-06-10T06:59:56.000000000Z,32,1,80420,38762.000000000,38763.000000000,38761.000000000,38762.000000000,7,YM
2024-06-10T06:59:58.000000000Z,32,1,80420,38761.000000000,38761.000000000,38761.000000000,38761.000000000,3,YM
2024-06-10T06:59:59.000000000Z,32,1,80420,38760.000000000,38762.000000000,38760.000000000,38762.000000000,4,YM
2024-06-10T07:00:00.000000000Z,32,1,80420,38759.000000000,38772.000000000,38759.000000000,38767.000000000,46,YM
2024-06-10T07:00:01.000000000Z,32,1,80420,38766.000000000,38769.000000000,38766.000000000,38769.000000000,6,YM
2024-06-10T07:00:02.000000000Z,32,1,80420,38769.000000000,38769.000000000,38760.000000000,38760.000000000,8,YM
2024-06-10T07:00:03.000000000Z,32,1,80420,38761.000000000,38762.000000000,38761.000000000,38761.000000000,12,YM
2024-06-10T07:00:04.000000000Z,32,1,80420,38760.000000000,38760.000000000,38757.000000000,38757.000000000,6,YM
2024-06-10T07:00:05.000000000Z,32,1,80420,38758.000000000,38760.000000000,38758.000000000,38760.000000000,5,YM
2024-06-10T07:00:06.000000000Z,32,1,80420,38759.000000000,38759.000000000,38756.000000000,38757.000000000,7,YM
2024-06-10T07:00:07.000000000Z,32,1,80420,38757.000000000,38758.000000000,38757.000000000,38758.000000000,3,YM
2024-06-10T07:00:09.000000000Z,32,1,80420,38758.000000000,38758.000000000,38758.000000000,38758.000000000,2,YM
2024-06-10T07:00:10.000000000Z,32,1,80420,38756.000000000,38757.000000000,38756.000000000,38757.000000000,6,YM
2024-06-10T07:00:11.000000000Z,32,1,80420,38756.000000000,38756.000000000,38754.000000000,38755.000000000,8,YM
2024-06-10T07:00:13.000000000Z,32,1,80420,38756.000000000,38759.000000000,38756.000000000,38759.000000000,3,YM
2024-06-10T07:00:14.000000000Z,32,1,80420,38759.000000000,38759.000000000,38759.000000000,38759.000000000,1,YM
2024-06-10T07:00:15.000000000Z,32,1,80420,38762.000000000,38762.000000000,38760.000000000,38760.000000000,4,YM
2024-06-10T07:00:16.000000000Z,32,1,80420,38761.000000000,38761.000000000,38761.000000000,38761.000000000,1,YM
2024-06-10T07:00:17.000000000Z,32,1,80420,38760.000000000,38760.000000000,38760.000000000,38760.000000000,1,YM
2024-06-10T07:00:18.000000000Z,32,1,80420,38759.000000000,38759.000000000,38757.000000000,38757.000000000,3,YM
2024-06-10T07:00:19.000000000Z,32,1,80420,38758.000000000,38758.000000000,38758.000000000,38758.000000000,1,YM
2024-06-10T07:00:20.000000000Z,32,1,80420,38758.000000000,38758.000000000,38758.000000000,38758.000000000,1,YM
2024-06-10T07:00:21.000000000Z,32,1,80420,38759.000000000,38761.000000000,38759.000000000,38761.000000000,3,YM
2024-06-10T07:00:22.000000000Z,32,1,80420,38760.000000000,38760.000000000,38760.000000000,38760.000000000,1,YM
2024-06-10T07:00:23.000000000Z,32,1,80420,38758.000000000,38758.000000000,38758.000000000,38758.000000000,3,YM
2024-06-10T07:00:25.000000000Z,32,1,80420,38761.000000000,38761.000000000,38761.000000000,38761.000000000,4,YM
2024-06-10T07:00:26.000000000Z,32,1,80420,38762.000000000,38762.000000000,38762.000000000,38762.000000000,3,YM
2024-06-10T07:00:27.000000000Z,32,1,80420,38761.000000000,38761.000000000,38760.000000000,38760.000000000,2,YM
2024-06-10T07:00:29.000000000Z,32,1,80420,38758.000000000,38758.000000000,38758.000000000,38758.000000000,4,YM
2024-06-10T07:00:32.000000000Z,32,1,80420,38755.000000000,38755.000000000,38755.000000000,38755.000000000,6,YM
2024-06-10T07:00:34.000000000Z,32,1,80420,38757.000000000,38757.000000000,38757.000000000,38757.000000000,1,YM
2024-06-10T07:00:35.000000000Z,32,1,80420,38758.000000000,38758.000000000,38758.000000000,38758.000000000,4,YM
2024-06-10T07:00:36.000000000Z,32,1,80420,38757.000000000,38757.000000000,38757.000000000,38757.000000000,3,YM
2024-06-10T07:00:37.000000000Z,32,1,80420,38756.000000000,38756.000000000,38755.000000000,38755.000000000,4,YM
2024-06-10T07:00:38.000000000Z,32,1,80420,38754.000000000,38754.000000000,38754.000000000,38754.000000000,1,YM
2024-06-10T07:00:39.000000000Z,32,1,80420,38754.000000000,38754.000000000,38753.000000000,38753.000000000,2,YM
2024-06-10T07:00:42.000000000Z,32,1,80420,38754.000000000,38754.000000000,38754.000000000,38754.000000000,2,YM
2024-06-10T07:00:43.000000000Z,32,1,80420,38754.000000000,38755.000000000,38754.000000000,38755.000000000,4,YM
2024-06-10T07:00:45.000000000Z,32,1,80420,38756.000000000,38756.000000000,38756.000000000,38756.000000000,2,YM
2024-06-10T07:00:46.000000000Z,32,1,80420,38757.000000000,38757.000000000,38757.000000000,38757.000000000,1,YM
2024-06-10T07:00:47.000000000Z,32,1,80420,38758.000000000,38758.000000000,38757.000000000,38757.000000000,3,YM
2024-06-10T07:00:49.000000000Z,32,1,80420,38760.000000000,38761.000000000,38760.000000000,38761.000000000,3,YM
2024-06-10T07:00:50.000000000Z,32,1,80420,38760.000000000,38760.000000000,38760.000000000,38760.000000000,1,YM
2024-06-10T07:00:52.000000000Z,32,1,80420,38760.000000000,38760.000000000,38758.000000000,38758.000000000,4,YM
2024-06-10T07:00:58.000000000Z,32,1,80420,38758.000000000,38758.000000000,38758.000000000,38758.000000000,1,YM
2024-06-10T07:01:00.000000000Z,32,1,80420,38756.000000000,38756.000000000,38753.000000000,38753.000000000,8,YM
2024-06-10T07:01:01.000000000Z,32,1,80420,38750.000000000,38750.000000000,38750.000000000,38750.000000000,3,YM
2024-06-10T07:01:02.000000000Z,32,1,80420,38748.000000000,38749.000000000,38748.000000000,38749.000000000,5,YM
2024-06-10T07:01:03.000000000Z,32,1,80420,38752.000000000,38752.000000000,38752.000000000,38752.000000000,1,YM
2024-06-10T07:01:05.000000000Z,32,1,80420,38752.000000000,38752.000000000,38752.000000000,38752.000000000,3,YM
2024-06-10T07:01:06.000000000Z,32,1,80420,38751.000000000,38751.000000000,38751.000000000,38751.000000000,1,YM
2024-06-10T07:01:08.000000000Z,32,1,80420,38752.000000000,38752.000000000,38752.000000000,38752.000000000,2,YM
2024-06-10T07:01:09.000000000Z,32,1,80420,38752.000000000,38752.000000000,38752.000000000,38752.000000000,2,YM
2024-06-10T07:01:11.000000000Z,32,1,80420,38751.000000000,38751.000000000,38751.000000000,38751.000000000,1,YM
2024-06-10T07:01:13.000000000Z,32,1,80420,38752.000000000,38753.000000000,38752.000000000,38753.000000000,4,YM
2024-06-10T07:01:15.000000000Z,32,1,80420,38756.000000000,38756.000000000,38756.000000000,38756.000000000,2,YM
2024-06-10T07:01:18.000000000Z,32,1,80420,38757.000000000,38757.000000000,38757.000000000,38757.000000000,1,YM
2024-06-10T07:01:20.000000000Z,32,1,80420,38755.000000000,38755.000000000,38753.000000000,38753.000000000,6,YM
2024-06-10T07:01:21.000000000Z,32,1,80420,38754.000000000,38754.000000000,38754.000000000,38754.000000000,1,YM
2024-06-10T07:01:28.000000000Z,32,1,80420,38755.000000000,38756.000000000,38755.000000000,38755.000000000,11,YM
2024-06-10T07:01:29.000000000Z,32,1,80420,38756.000000000,38756.000000000,38756.000000000,38756.000000000,1,YM
2024-06-10T07:01:31.000000000Z,32,1,80420,38754.000000000,38754.000000000,38754.000000000,38754.000000000,2,YM
2024-06-10T07:01:34.000000000Z,32,1,80420,38753.000000000,38753.000000000,38750.000000000,38750.000000000,6,YM
2024-06-10T07:01:35.000000000Z,32,1,80420,38749.000000000,38749.000000000,38749.000000000,38749.000000000,1,YM
2024-06-10T07:01:36.000000000Z,32,1,80420,38748.000000000,38748.000000000,38748.000000000,38748.000000000,3,YM
2024-06-10T07:01:37.000000000Z,32,1,80420,38748.000000000,38748.000000000,38748.000000000,38748.000000000,3,YM
2024-06-10T07:01:40.000000000Z,32,1,80420,38749.000000000,38749.000000000,38749.000000000,38749.000000000,1,YM
2024-06-10T07:01:46.000000000Z,32,1,80420,38751.000000000,38751.000000000,38750.000000000,38750.000000000,3,YM
2024-06-10T07:01:49.000000000Z,32,1,80420,38748.000000000,38748.000000000,38748.000000000,38748.000000000,3,YM
2024-06-10T07:01:51.000000000Z,32,1,80420,38750.000000000,38750.000000000,38750.000000000,38750.000000000,2,YM
2024-06-10T07:01:55.000000000Z,32,1,80420,38748.000000000,38748.000000000,38748.000000000,38748.000000000,1,YM
2024-06-10T07:01:56.000000000Z,32,1,80420,38749.000000000,38750.000000000,38749.000000000,38750.000000000,3,YM
2024-06-10T07:01:58.000000000Z,32,1,80420,38750.000000000,38750.000000000,38750.000000000,38750.000000000,2,YM
2024-06-10T07:02:00.000000000Z,32,1,80420,38748.000000000,38748.000000000,38743.000000000,38743.000000000,25,YM
2024-06-10T07:02:01.000000000Z,32,1,80420,38745.000000000,38745.000000000,38742.000000000,38742.000000000,5,YM
2024-06-10T07:02:02.000000000Z,32,1,80420,38743.000000000,38744.000000000,38742.000000000,38744.000000000,13,YM
2024-06-10T07:02:04.000000000Z,32,1,80420,38746.000000000,38746.000000000,38746.000000000,38746.000000000,2,YM
2024-06-10T07:02:05.000000000Z,32,1,80420,38746.000000000,38746.000000000,38746.000000000,38746.000000000,4,YM
2024-06-10T07:02:06.000000000Z,32,1,80420,38745.000000000,38745.000000000,38745.000000000,38745.000000000,1,YM
2024-06-10T07:02:08.000000000Z,32,1,80420,38746.000000000,38746.000000000,38746.000000000,38746.000000000,1,YM
2024-06-10T07:02:11.000000000Z,32,1,80420,38746.000000000,38746.000000000,38746.000000000,38746.000000000,2,YM
2024-06-10T07:02:12.000000000Z,32,1,80420,38746.000000000,38746.000000000,38746.000000000,38746.000000000,1,YM
2024-06-10T07:02:13.000000000Z,32,1,80420,38748.000000000,38750.000000000,38748.000000000,38750.000000000,3,YM
2024-06-10T07:02:14.000000000Z,32,1,80420,38751.000000000,38751.000000000,38749.000000000,38749.000000000,5,YM
2024-06-10T07:02:15.000000000Z,32,1,80420,38746.000000000,38746.000000000,38745.000000000,38745.000000000,4,YM
2024-06-10T07:02:16.000000000Z,32,1,80420,38746.000000000,38747.000000000,38746.000000000,38747.000000000,2,YM
2024-06-10T07:02:19.000000000Z,32,1,80420,38744.000000000,38744.000000000,38739.000000000,38739.000000000,36,YM
2024-06-10T07:02:20.000000000Z,32,1,80420,38738.000000000,38738.000000000,38735.000000000,38737.000000000,26,YM
2024-06-10T07:02:21.000000000Z,32,1,80420,38738.000000000,38739.000000000,38738.000000000,38739.000000000,3,YM
2024-06-10T07:02:22.000000000Z,32,1,80420,38740.000000000,38740.000000000,38739.000000000,38740.000000000,5,YM
2024-06-10T07:02:23.000000000Z,32,1,80420,38739.000000000,38739.000000000,38739.000000000,38739.000000000,3,YM
2024-06-10T07:02:25.000000000Z,32,1,80420,38737.000000000,38737.000000000,38735.000000000,38737.000000000,4,YM
2024-06-10T07:02:26.000000000Z,32,1,80420,38737.000000000,38738.000000000,38737.000000000,38738.000000000,4,YM
2024-06-10T07:02:27.000000000Z,32,1,80420,38737.000000000,38737.000000000,38737.000000000,38737.000000000,1,YM
2024-06-10T07:02:28.000000000Z,32,1,80420,38735.000000000,38736.000000000,38735.000000000,38736.000000000,13,YM
2024-06-10T07:02:29.000000000Z,32,1,80420,38736.000000000,38736.000000000,38736.000000000,38736.000000000,2,YM
2024-06-10T07:02:30.000000000Z,32,1,80420,38736.000000000,38738.000000000,38736.000000000,38738.000000000,2,YM
2024-06-10T07:02:31.000000000Z,32,1,80420,38737.000000000,38737.000000000,38737.000000000,38737.000000000,2,YM
2024-06-10T07:02:33.000000000Z,32,1,80420,38737.000000000,38737.000000000,38733.000000000,38733.000000000,5,YM
2024-06-10T07:02:34.000000000Z,32,1,80420,38733.000000000,38734.000000000,38731.000000000,38731.000000000,7,YM
2024-06-10T07:02:35.000000000Z,32,1,80420,38731.000000000,38732.000000000,38731.000000000,38732.000000000,2,YM
2024-06-10T07:02:36.000000000Z,32,1,80420,38733.000000000,38733.000000000,38733.000000000,38733.000000000,1,YM
2024-06-10T07:02:37.000000000Z,32,1,80420,38736.000000000,38736.000000000,38736.000000000,38736.000000000,2,YM
2024-06-10T07:02:38.000000000Z,32,1,80420,38736.000000000,38738.000000000,38736.000000000,38738.000000000,6,YM
2024-06-10T07:02:40.000000000Z,32,1,80420,38736.000000000,38737.000000000,38736.000000000,38737.000000000,3,YM
2024-06-10T07:02:41.000000000Z,32,1,80420,38735.000000000,38735.000000000,38735.000000000,38735.000000000,3,YM
2024-06-10T07:02:42.000000000Z,32,1,80420,38735.000000000,38735.000000000,38735.000000000,38735.000000000,2,YM
2024-06-10T07:02:43.000000000Z,32,1,80420,38735.000000000,38735.000000000,38730.000000000,38731.000000000,15,YM
2024-06-10T07:02:45.000000000Z,32,1,80420,38736.000000000,38736.000000000,38736.000000000,38736.000000000,3,YM
2024-06-10T07:02:46.000000000Z,32,1,80420,38738.000000000,38738.000000000,38738.000000000,38738.000000000,4,YM
2024-06-10T07:02:47.000000000Z,32,1,80420,38739.000000000,38740.000000000,38739.000000000,38740.000000000,9,YM
2024-06-10T07:02:48.000000000Z,32,1,80420,38739.000000000,38739.000000000,38739.000000000,38739.000000000,1,YM
2024-06-10T07:02:50.000000000Z,32,1,80420,38737.000000000,38737.000000000,38737.000000000,38737.000000000,1,YM
2024-06-10T07:02:52.000000000Z,32,1,80420,38738.000000000,38738.000000000,38738.000000000,38738.000000000,3,YM
2024-06-10T07:02:54.000000000Z,32,1,80420,38741.000000000,38741.000000000,38741.000000000,38741.000000000,3,YM
2024-06-10T07:02:56.000000000Z,32,1,80420,38742.000000000,38743.000000000,38742.000000000,38743.000000000,3,YM
2024-06-10T07:02:57.000000000Z,32,1,80420,38743.000000000,38745.000000000,38743.000000000,38745.000000000,5,YM
2024-06-10T07:02:59.000000000Z,32,1,80420,38746.000000000,38746.000000000,38746.000000000,38746.000000000,2,YM
2024-06-10T07:03:00.000000000Z,32,1,80420,38746.000000000,38746.000000000,38745.000000000,38745.000000000,6,YM
2024-06-10T07:03:01.000000000Z,32,1,80420,38744.000000000,38744.000000000,38742.000000000,38742.000000000,2,YM
2024-06-10T07:03:02.000000000Z,32,1,80420,38741.000000000,38741.000000000,38740.000000000,38740.000000000,5,YM
2024-06-10T07:03:03.000000000Z,32,1,80420,38741.000000000,38742.000000000,38739.000000000,38741.000000000,15,YM
2024-06-10T07:03:04.000000000Z,32,1,80420,38743.000000000,38743.000000000,38743.000000000,38743.000000000,1,YM
2024-06-10T07:03:05.000000000Z,32,1,80420,38742.000000000,38742.000000000,38742.000000000,38742.000000000,1,YM
2024-06-10T07:03:06.000000000Z,32,1,80420,38742.000000000,38743.000000000,38742.000000000,38743.000000000,8,YM
2024-06-10T07:03:07.000000000Z,32,1,80420,38743.000000000,38743.000000000,38743.000000000,38743.000000000,1,YM
2024-06-10T07:03:09.000000000Z,32,1,80420,38744.000000000,38747.000000000,38744.000000000,38746.000000000,7,YM
2024-06-10T07:03:10.000000000Z,32,1,80420,38744.000000000,38744.000000000,38744.000000000,38744.000000000,2,YM
2024-06-10T07:03:12.000000000Z,32,1,80420,38746.000000000,38746.000000000,38746.000000000,38746.000000000,3,YM
2024-06-10T07:03:13.000000000Z,32,1,80420,38746.000000000,38746.000000000,38746.000000000,38746.000000000,2,YM
2024-06-10T07:03:15.000000000Z,32,1,80420,38744.000000000,38745.000000000,38744.000000000,38745.000000000,3,YM
2024-06-10T07:03:16.000000000Z,32,1,80420,38743.000000000,38746.000000000,38743.000000000,38745.000000000,5,YM
2024-06-10T07:03:17.000000000Z,32,1,80420,38748.000000000,38748.000000000,38748.000000000,38748.000000000,2,YM
2024-06-10T07:03:18.000000000Z,32,1,80420,38746.000000000,38746.000000000,38745.000000000,38746.000000000,6,YM
2024-06-10T07:03:20.000000000Z,32,1,80420,38748.000000000,38748.000000000,38748.000000000,38748.000000000,1,YM
2024-06-10T07:03:21.000000000Z,32,1,80420,38749.000000000,38749.000000000,38749.000000000,38749.000000000,2,YM
2024-06-10T07:03:24.000000000Z,32,1,80420,38750.000000000,38750.000000000,38750.000000000,38750.000000000,2,YM
2024-06-10T07:03:25.000000000Z,32,1,80420,38750.000000000,38750.000000000,38750.000000000,38750.000000000,1,YM
2024-06-10T07:03:28.000000000Z,32,1,80420,38750.000000000,38750.000000000,38750.000000000,38750.000000000,1,YM
2024-06-10T07:03:29.000000000Z,32,1,80420,38750.000000000,38750.000000000,38750.000000000,38750.000000000,3,YM
2024-06-10T07:03:30.000000000Z,32,1,80420,38750.000000000,38750.000000000,38750.000000000,38750.000000000,4,YM
2024-06-10T07:03:31.000000000Z,32,1,80420,38748.000000000,38749.000000000,38748.000000000,38748.000000000,3,YM
2024-06-10T07:03:33.000000000Z,32,1,80420,38747.000000000,38747.000000000,38747.000000000,38747.000000000,5,YM
2024-06-10T07:03:35.000000000Z,32,1,80420,38747.000000000,38750.000000000,38747.000000000,38749.000000000,7,YM
2024-06-10T07:03:36.000000000Z,32,1,80420,38748.000000000,38748.000000000,38748.000000000,38748.000000000,4,YM
2024-06-10T07:03:38.000000000Z,32,1,80420,38749.000000000,38749.000000000,38749.000000000,38749.000000000,1,YM
2024-06-10T07:03:39.000000000Z,32,1,80420,38750.000000000,38751.000000000,38750.000000000,38751.000000000,2,YM
2024-06-10T07:03:40.000000000Z,32,1,80420,38750.000000000,38750.000000000,38750.000000000,38750.000000000,1,YM
2024-06-10T07:03:41.000000000Z,32,1,80420,38749.000000000,38750.000000000,38749.000000000,38750.000000000,4,YM
2024-06-10T07:03:47.000000000Z,32,1,80420,38745.000000000,38745.000000000,38741.000000000,38743.000000000,15,YM
2024-06-10T07:03:48.000000000Z,32,1,80420,38744.000000000,38744.000000000,38743.000000000,38743.000000000,7,YM
2024-06-10T07:03:49.000000000Z,32,1,80420,38744.000000000,38744.000000000,38744.000000000,38744.000000000,2,YM
2024-06-10T07:03:51.000000000Z,32,1,80420,38743.000000000,38744.000000000,38743.000000000,38744.000000000,5,YM
2024-06-10T07:03:53.000000000Z,32,1,80420,38745.000000000,38745.000000000,38745.000000000,38745.000000000,2,YM
2024-06-10T07:03:56.000000000Z,32,1,80420,38747.000000000,38748.000000000,38747.000000000,38748.000000000,5,YM
2024-06-10T07:03:59.000000000Z,32,1,80420,38747.000000000,38748.000000000,38747.000000000,38748.000000000,2,YM
2024-06-10T07:04:00.000000000Z,32,1,80420,38750.000000000,38750.000000000,38750.000000000,38750.000000000,1,YM
2024-06-10T07:04:02.000000000Z,32,1,80420,38750.000000000,38750.000000000,38750.000000000,38750.000000000,3,YM
2024-06-10T07:04:03.000000000Z,32,1,80420,38751.000000000,38751.000000000,38751.000000000,38751.000000000,1,YM
2024-06-10T07:04:04.000000000Z,32,1,80420,38751.000000000,38751.000000000,38750.000000000,38750.000000000,5,YM
2024-06-10T07:04:06.000000000Z,32,1,80420,38750.000000000,38750.000000000,38750.000000000,38750.000000000,1,YM
2024-06-10T07:04:08.000000000Z,32,1,80420,38751.000000000,38752.000000000,38751.000000000,38751.000000000,3,YM
2024-06-10T07:04:09.000000000Z,32,1,80420,38753.000000000,38753.000000000,38753.000000000,38753.000000000,7,YM
2024-06-10T07:04:10.000000000Z,32,1,80420,38751.000000000,38751.000000000,38751.000000000,38751.000000000,1,YM
2024-06-10T07:04:14.000000000Z,32,1,80420,38755.000000000,38757.000000000,38755.000000000,38757.000000000,6,YM
2024-06-10T07:04:16.000000000Z,32,1,80420,38754.000000000,38754.000000000,38754.000000000,38754.000000000,1,YM
2024-06-10T07:04:21.000000000Z,32,1,80420,38754.000000000,38754.000000000,38754.000000000,38754.000000000,1,YM
2024-06-10T07:04:23.000000000Z,32,1,80420,38753.000000000,38753.000000000,38751.000000000,38751.000000000,7,YM
2024-06-10T07:04:28.000000000Z,32,1,80420,38756.000000000,38757.000000000,38756.000000000,38757.000000000,3,YM
2024-06-10T07:04:30.000000000Z,32,1,80420,38757.000000000,38757.000000000,38756.000000000,38756.000000000,4,YM
2024-06-10T07:04:32.000000000Z,32,1,80420,38758.000000000,38761.000000000,38758.000000000,38759.000000000,4,YM
2024-06-10T07:04:34.000000000Z,32,1,80420,38760.000000000,38760.000000000,38760.000000000,38760.000000000,1,YM
2024-06-10T07:04:35.000000000Z,32,1,80420,38760.000000000,38760.000000000,38760.000000000,38760.000000000,3,YM
2024-06-10T07:04:36.000000000Z,32,1,80420,38759.000000000,38761.000000000,38759.000000000,38761.000000000,4,YM
2024-06-10T07:04:40.000000000Z,32,1,80420,38763.000000000,38763.000000000,38763.000000000,38763.000000000,4,YM
2024-06-10T07:04:41.000000000Z,32,1,80420,38764.000000000,38764.000000000,38764.000000000,38764.000000000,2,YM
2024-06-10T07:04:43.000000000Z,32,1,80420,38766.000000000,38766.000000000,38766.000000000,38766.000000000,1,YM
2024-06-10T07:04:44.000000000Z,32,1,80420,38768.000000000,38768.000000000,38768.000000000,38768.000000000,1,YM
2024-06-10T07:04:45.000000000Z,32,1,80420,38767.000000000,38767.000000000,38767.000000000,38767.000000000,2,YM
2024-06-10T07:04:48.000000000Z,32,1,80420,38764.000000000,38764.000000000,38764.000000000,38764.000000000,2,YM
2024-06-10T07:04:49.000000000Z,32,1,80420,38764.000000000,38764.000000000,38764.000000000,38764.000000000,1,YM
2024-06-10T07:04:50.000000000Z,32,1,80420,38764.000000000,38767.000000000,38764.000000000,38767.000000000,9,YM
2024-06-10T07:04:51.000000000Z,32,1,80420,38766.000000000,38766.000000000,38766.000000000,38766.000000000,2,YM
2024-06-10T07:04:53.000000000Z,32,1,80420,38767.000000000,38768.000000000,38767.000000000,38768.000000000,2,YM
2024-06-10T07:04:58.000000000Z,32,1,80420,38767.000000000,38767.000000000,38767.000000000,38767.000000000,3,YM
2024-06-10T07:04:59.000000000Z,32,1,80420,38765.000000000,38765.000000000,38765.000000000,38765.000000000,1,YM
2024-06-10T07:05:00.000000000Z,32,1,80420,38764.000000000,38764.000000000,38764.000000000,38764.000000000,3,YM
2024-06-10T07:05:02.000000000Z,32,1,80420,38765.000000000,38765.000000000,38765.000000000,38765.000000000,5,YM
2024-06-10T07:05:03.000000000Z,32,1,80420,38765.000000000,38765.000000000,38765.000000000,38765.000000000,1,YM
2024-06-10T07:05:04.000000000Z,32,1,80420,38768.000000000,38768.000000000,38768.000000000,38768.000000000,2,YM
2024-06-10T07:05:05.000000000Z,32,1,80420,38770.000000000,38770.000000000,38770.000000000,38770.000000000,1,YM
2024-06-10T07:05:06.000000000Z,32,1,80420,38771.000000000,38772.000000000,38771.000000000,38772.000000000,2,YM
2024-06-10T07:05:07.000000000Z,32,1,80420,38771.000000000,38772.000000000,38770.000000000,38772.000000000,6,YM
2024-06-10T07:05:09.000000000Z,32,1,80420,38769.000000000,38769.000000000,38769.000000000,38769.000000000,4,YM
2024-06-10T07:05:10.000000000Z,32,1,80420,38767.000000000,38767.000000000,38767.000000000,38767.000000000,5,YM
2024-06-10T07:05:12.000000000Z,32,1,80420,38768.000000000,38768.000000000,38768.000000000,38768.000000000,1,YM
2024-06-10T07:05:13.000000000Z,32,1,80420,38769.000000000,38769.000000000,38769.000000000,38769.000000000,1,YM
2024-06-10T07:05:14.000000000Z,32,1,80420,38770.000000000,38770.000000000,38769.000000000,38769.000000000,3,YM
2024-06-10T07:05:15.000000000Z,32,1,80420,38767.000000000,38767.000000000,38767.000000000,38767.000000000,2,YM
2024-06-10T07:05:17.000000000Z,32,1,80420,38767.000000000,38767.000000000,38767.000000000,38767.000000000,1,YM
2024-06-10T07:05:20.000000000Z,32,1,80420,38765.000000000,38765.000000000,38765.000000000,38765.000000000,1,YM
2024-06-10T07:05:24.000000000Z,32,1,80420,38766.000000000,38766.000000000,38766.000000000,38766.000000000,3,YM
2024-06-10T07:05:27.000000000Z,32,1,80420,38765.000000000,38765.000000000,38765.000000000,38765.000000000,1,YM
2024-06-10T07:05:28.000000000Z,32,1,80420,38765.000000000,38765.000000000,38763.000000000,38763.000000000,5,YM
2024-06-10T07:05:29.000000000Z,32,1,80420,38765.000000000,38765.000000000,38765.000000000,38765.000000000,1,YM
2024-06-10T07:05:30.000000000Z,32,1,80420,38763.000000000,38764.000000000,38763.000000000,38764.000000000,10,YM
2024-06-10T07:05:32.000000000Z,32,1,80420,38764.000000000,38765.000000000,38764.000000000,38765.000000000,2,YM
2024-06-10T07:05:33.000000000Z,32,1,80420,38765.000000000,38765.000000000,38765.000000000,38765.000000000,1,YM
2024-06-10T07:05:37.000000000Z,32,1,80420,38767.000000000,38767.000000000,38767.000000000,38767.000000000,1,YM
2024-06-10T07:05:40.000000000Z,32,1,80420,38766.000000000,38767.000000000,38766.000000000,38767.000000000,3,YM
2024-06-10T07:05:41.000000000Z,32,1,80420,38764.000000000,38765.000000000,38764.000000000,38765.000000000,2,YM
2024-06-10T07:05:42.000000000Z,32,1,80420,38765.000000000,38765.000000000,38765.000000000,38765.000000000,2,YM
2024-06-10T07:05:43.000000000Z,32,1,80420,38765.000000000,38765.000000000,38765.000000000,38765.000000000,1,YM
2024-06-10T07:05:47.000000000Z,32,1,80420,38766.000000000,38766.000000000,38765.000000000,38765.000000000,4,YM
2024-06-10T07:05:48.000000000Z,32,1,80420,38766.000000000,38767.000000000,38766.000000000,38767.000000000,2,YM
2024-06-10T07:05:50.000000000Z,32,1,80420,38765.000000000,38765.000000000,38765.000000000,38765.000000000,1,YM
2024-06-10T07:05:56.000000000Z,32,1,80420,38767.000000000,38768.000000000,38767.000000000,38768.000000000,5,YM
2024-06-10T07:05:57.000000000Z,32,1,80420,38769.000000000,38769.000000000,38769.000000000,38769.000000000,2,YM
2024-06-10T07:05:58.000000000Z,32,1,80420,38771.000000000,38773.000000000,38771.000000000,38772.000000000,10,YM
2024-06-10T07:05:59.000000000Z,32,1,80420,38773.000000000,38773.000000000,38771.000000000,38771.000000000,4,YM
2024-06-10T07:06:01.000000000Z,32,1,80420,38771.000000000,38771.000000000,38771.000000000,38771.000000000,1,YM
2024-06-10T07:06:02.000000000Z,32,1,80420,38771.000000000,38771.000000000,38771.000000000,38771.000000000,1,YM
2024-06-10T07:06:07.000000000Z,32,1,80420,38771.000000000,38773.000000000,38771.000000000,38773.000000000,6,YM
2024-06-10T07:06:09.000000000Z,32,1,80420,38773.000000000,38773.000000000,38773.000000000,38773.000000000,2,YM
2024-06-10T07:06:10.000000000Z,32,1,80420,38772.000000000,38772.000000000,38772.000000000,38772.000000000,3,YM
2024-06-10T07:06:13.000000000Z,32,1,80420,38773.000000000,38773.000000000,38773.000000000,38773.000000000,1,YM
2024-06-10T07:06:15.000000000Z,32,1,80420,38771.000000000,38771.000000000,38771.000000000,38771.000000000,1,YM
2024-06-10T07:06:16.000000000Z,32,1,80420,38772.000000000,38772.000000000,38772.000000000,38772.000000000,1,YM
2024-06-10T07:06:17.000000000Z,32,1,80420,38772.000000000,38772.000000000,38772.000000000,38772.000000000,2,YM
2024-06-10T07:06:20.000000000Z,32,1,80420,38771.000000000,38771.000000000,38770.000000000,38770.000000000,10,YM
2024-06-10T07:06:22.000000000Z,32,1,80420,38769.000000000,38769.000000000,38769.000000000,38769.000000000,3,YM
2024-06-10T07:06:23.000000000Z,32,1,80420,38769.000000000,38769.000000000,38768.000000000,38768.000000000,3,YM
2024-06-10T07:06:26.000000000Z,32,1,80420,38768.000000000,38768.000000000,38768.000000000,38768.000000000,1,YM
2024-06-10T07:06:28.000000000Z,32,1,80420,38769.000000000,38769.000000000,38769.000000000,38769.000000000,1,YM
2024-06-10T07:06:30.000000000Z,32,1,80420,38770.000000000,38770.000000000,38770.000000000,38770.000000000,2,YM
2024-06-10T07:06:39.000000000Z,32,1,80420,38769.000000000,38769.000000000,38769.000000000,38769.000000000,3,YM
2024-06-10T07:06:42.000000000Z,32,1,80420,38768.000000000,38768.000000000,38768.000000000,38768.000000000,3,YM
2024-06-10T07:06:45.000000000Z,32,1,80420,38768.000000000,38768.000000000,38768.000000000,38768.000000000,1,YM
2024-06-10T07:06:48.000000000Z,32,1,80420,38769.000000000,38770.000000000,38769.000000000,38770.000000000,2,YM
2024-06-10T07:06:54.000000000Z,32,1,80420,38769.000000000,38769.000000000,38769.000000000,38769.000000000,1,YM
2024-06-10T07:06:58.000000000Z,32,1,80420,38768.000000000,38770.000000000,38768.000000000,38770.000000000,3,YM
2024-06-10T07:06:59.000000000Z,32,1,80420,38772.000000000,38772.000000000,38772.000000000,38772.000000000,1,YM
2024-06-10T07:07:00.000000000Z,32,1,80420,38773.000000000,38773.000000000,38772.000000000,38772.000000000,5,YM
2024-06-10T07:07:08.000000000Z,32,1,80420,38769.000000000,38769.000000000,38769.000000000,38769.000000000,1,YM
2024-06-10T07:07:09.000000000Z,32,1,80420,38771.000000000,38771.000000000,38771.000000000,38771.000000000,1,YM
2024-06-10T07:07:14.000000000Z,32,1,80420,38768.000000000,38768.000000000,38768.000000000,38768.000000000,1,YM
2024-06-10T07:07:15.000000000Z,32,1,80420,38766.000000000,38766.000000000,38766.000000000,38766.000000000,1,YM
2024-06-10T07:07:21.000000000Z,32,1,80420,38768.000000000,38768.000000000,38768.000000000,38768.000000000,2,YM
2024-06-10T07:07:22.000000000Z,32,1,80420,38768.000000000,38769.000000000,38768.000000000,38769.000000000,4,YM
2024-06-10T07:07:25.000000000Z,32,1,80420,38766.000000000,38766.000000000,38766.000000000,38766.000000000,2,YM
2024-06-10T07:07:29.000000000Z,32,1,80420,38765.000000000,38765.000000000,38764.000000000,38764.000000000,3,YM
2024-06-10T07:07:30.000000000Z,32,1,80420,38763.000000000,38764.000000000,38763.000000000,38764.000000000,2,YM
2024-06-10T07:07:31.000000000Z,32,1,80420,38765.000000000,38765.000000000,38765.000000000,38765.000000000,1,YM
2024-06-10T07:07:33.000000000Z,32,1,80420,38766.000000000,38766.000000000,38766.000000000,38766.000000000,1,YM
2024-06-10T07:07:34.000000000Z,32,1,80420,38767.000000000,38767.000000000,38767.000000000,38767.000000000,2,YM
2024-06-10T07:07:43.000000000Z,32,1,80420,38767.000000000,38767.000000000,38767.000000000,38767.000000000,3,YM
2024-06-10T07:07:45.000000000Z,32,1,80420,38765.000000000,38765.000000000,38763.000000000,38764.000000000,11,YM
2024-06-10T07:07:56.000000000Z,32,1,80420,38767.000000000,38767.000000000,38766.000000000,38766.000000000,2,YM
2024-06-10T07:08:00.000000000Z,32,1,80420,38767.000000000,38769.000000000,38767.000000000,38769.000000000,6,YM
2024-06-10T07:08:01.000000000Z,32,1,80420,38770.000000000,38770.000000000,38770.000000000,38770.000000000,1,YM
2024-06-10T07:08:03.000000000Z,32,1,80420,38769.000000000,38769.000000000,38769.000000000,38769.000000000,1,YM
2024-06-10T07:08:05.000000000Z,32,1,80420,38767.000000000,38767.000000000,38767.000000000,38767.000000000,2,YM
2024-06-10T07:08:06.000000000Z,32,1,80420,38767.000000000,38767.000000000,38767.000000000,38767.000000000,3,YM
2024-06-10T07:08:08.000000000Z,32,1,80420,38768.000000000,38768.000000000,38768.000000000,38768.000000000,2,YM
2024-06-10T07:08:11.000000000Z,32,1,80420,38766.000000000,38766.000000000,38766.000000000,38766.000000000,1,YM
2024-06-10T07:08:18.000000000Z,32,1,80420,38767.000000000,38767.000000000,38767.000000000,38767.000000000,1,YM
2024-06-10T07:08:20.000000000Z,32,1,80420,38766.000000000,38766.000000000,38766.000000000,38766.000000000,1,YM
2024-06-10T07:08:27.000000000Z,32,1,80420,38766.000000000,38766.000000000,38766.000000000,38766.000000000,2,YM
2024-06-10T07:08:34.000000000Z,32,1,80420,38768.000000000,38768.000000000,38768.000000000,38768.000000000,3,YM
2024-06-10T07:08:35.000000000Z,32,1,80420,38768.000000000,38768.000000000,38768.000000000,38768.000000000,1,YM
2024-06-10T07:08:38.000000000Z,32,1,80420,38769.000000000,38769.000000000,38769.000000000,38769.000000000,1,YM
2024-06-10T07:08:42.000000000Z,32,1,80420,38769.000000000,38769.000000000,38769.000000000,38769.000000000,2,YM
2024-06-10T07:08:45.000000000Z,32,1,80420,38769.000000000,38769.000000000,38768.000000000,38768.000000000,2,YM
2024-06-10T07:08:54.000000000Z,32,1,80420,38770.000000000,38770.000000000,38770.000000000,38770.000000000,2,YM
2024-06-10T07:09:04.000000000Z,32,1,80420,38770.000000000,38772.000000000,38770.000000000,38772.000000000,2,YM
2024-06-10T07:09:07.000000000Z,32,1,80420,38771.000000000,38771.000000000,38771.000000000,38771.000000000,2,YM
2024-06-10T07:09:10.000000000Z,32,1,80420,38771.000000000,38771.000000000,38771.000000000,38771.000000000,1,YM
2024-06-10T07:09:15.000000000Z,32,1,80420,38772.000000000,38772.000000000,38772.000000000,38772.000000000,2,YM
2024-06-10T07:09:17.000000000Z,32,1,80420,38773.000000000,38773.000000000,38773.000000000,38773.000000000,2,YM
2024-06-10T07:09:18.000000000Z,32,1,80420,38774.000000000,38774.000000000,38773.000000000,38773.000000000,4,YM
2024-06-10T07:09:20.000000000Z,32,1,80420,38771.000000000,38771.000000000,38771.000000000,38771.000000000,3,YM
2024-06-10T07:09:21.000000000Z,32,1,80420,38772.000000000,38772.000000000,38772.000000000,38772.000000000,2,YM
2024-06-10T07:09:23.000000000Z,32,1,80420,38772.000000000,38772.000000000,38772.000000000,38772.000000000,1,YM
2024-06-10T07:09:29.000000000Z,32,1,80420,38773.000000000,38773.000000000,38773.000000000,38773.000000000,2,YM
2024-06-10T07:09:30.000000000Z,32,1,80420,38772.000000000,38772.000000000,38772.000000000,38772.000000000,1,YM
2024-06-10T07:09:32.000000000Z,32,1,80420,38771.000000000,38771.000000000,38771.000000000,38771.000000000,1,YM
2024-06-10T07:09:33.000000000Z,32,1,80420,38770.000000000,38770.000000000,38770.000000000,38770.000000000,1,YM
2024-06-10T07:09:39.000000000Z,32,1,80420,38771.000000000,38771.000000000,38771.000000000,38771.000000000,1,YM
2024-06-10T07:09:40.000000000Z,32,1,80420,38771.000000000,38771.000000000,38771.000000000,38771.000000000,1,YM
2024-06-10T07:09:46.000000000Z,32,1,80420,38770.000000000,38770.000000000,38770.000000000,38770.000000000,2,YM
2024-06-10T07:09:47.000000000Z,32,1,80420,38771.000000000,38771.000000000,38769.000000000,38769.000000000,4,YM
2024-06-10T07:09:48.000000000Z,32,1,80420,38771.000000000,38771.000000000,38771.000000000,38771.000000000,1,YM
2024-06-10T07:09:54.000000000Z,32,1,80420,38769.000000000,38769.000000000,38769.000000000,38769.000000000,1,YM
2024-06-10T07:09:59.000000000Z,32,1,80420,38767.000000000,38767.000000000,38767.000000000,38767.000000000,1,YM
2024-06-10T07:10:00.000000000Z,32,1,80420,38765.000000000,38766.000000000,38765.000000000,38766.000000000,3,YM
2024-06-10T07:10:05.000000000Z,32,1,80420,38765.000000000,38765.000000000,38765.000000000,38765.000000000,4,YM
2024-06-10T07:10:08.000000000Z,32,1,80420,38764.000000000,38764.000000000,38764.000000000,38764.000000000,3,YM
2024-06-10T07:10:10.000000000Z,32,1,80420,38764.000000000,38764.000000000,38763.000000000,38763.000000000,4,YM
2024-06-10T07:10:11.000000000Z,32,1,80420,38764.000000000,38765.000000000,38764.000000000,38765.000000000,2,YM
2024-06-10T07:10:14.000000000Z,32,1,80420,38765.000000000,38765.000000000,38765.000000000,38765.000000000,1,YM
2024-06-10T07:10:15.000000000Z,32,1,80420,38768.000000000,38768.000000000,38768.000000000,38768.000000000,6,YM
2024-06-10T07:10:17.000000000Z,32,1,80420,38768.000000000,38768.000000000,38768.000000000,38768.000000000,3,YM
2024-06-10T07:10:18.000000000Z,32,1,80420,38769.000000000,38769.000000000,38769.000000000,38769.000000000,2,YM
2024-06-10T07:10:21.000000000Z,32,1,80420,38767.000000000,38767.000000000,38767.000000000,38767.000000000,1,YM
2024-06-10T07:10:25.000000000Z,32,1,80420,38768.000000000,38768.000000000,38768.000000000,38768.000000000,2,YM
2024-06-10T07:10:27.000000000Z,32,1,80420,38768.000000000,38768.000000000,38768.000000000,38768.000000000,1,YM
2024-06-10T07:10:28.000000000Z,32,1,80420,38770.000000000,38770.000000000,38770.000000000,38770.000000000,1,YM
2024-06-10T07:10:29.000000000Z,32,1,80420,38769.000000000,38769.000000000,38769.000000000,38769.000000000,1,YM
2024-06-10T07:10:32.000000000Z,32,1,80420,38767.000000000,38767.000000000,38767.000000000,38767.000000000,1,YM
2024-06-10T07:10:33.000000000Z,32,1,80420,38769.000000000,38769.000000000,38769.000000000,38769.000000000,2,YM
2024-06-10T07:10:35.000000000Z,32,1,80420,38767.000000000,38767.000000000,38767.000000000,38767.000000000,1,YM
2024-06-10T07:10:40.000000000Z,32,1,80420,38765.000000000,38765.000000000,38765.000000000,38765.000000000,1,YM
2024-06-10T07:10:45.000000000Z,32,1,80420,38765.000000000,38765.000000000,38765.000000000,38765.000000000,2,YM
2024-06-10T07:10:48.000000000Z,32,1,80420,38765.000000000,38765.000000000,38765.000000000,38765.000000000,1,YM
2024-06-10T07:10:53.000000000Z,32,1,80420,38765.000000000,38765.000000000,38765.000000000,38765.000000000,1,YM
2024-06-10T07:10:56.000000000Z,32,1,80420,38764.000000000,38764.000000000,38764.000000000,38764.000000000,1,YM
2024-06-10T07:11:00.000000000Z,32,1,80420,38766.000000000,38767.000000000,38766.000000000,38766.000000000,6,YM
2024-06-10T07:11:01.000000000Z,32,1,80420,38765.000000000,38765.000000000,38765.000000000,38765.000000000,1,YM
2024-06-10T07:11:02.000000000Z,32,1,80420,38764.000000000,38764.000000000,38764.000000000,38764.000000000,2,YM
2024-06-10T07:11:03.000000000Z,32,1,80420,38764.000000000,38764.000000000,38764.000000000,38764.000000000,1,YM
2024-06-10T07:11:06.000000000Z,32,1,80420,38762.000000000,38763.000000000,38761.000000000,38763.000000000,7,YM
2024-06-10T07:11:07.000000000Z,32,1,80420,38763.000000000,38764.000000000,38763.000000000,38764.000000000,5,YM
2024-06-10T07:11:09.000000000Z,32,1,80420,38763.000000000,38763.000000000,38763.000000000,38763.000000000,1,YM
2024-06-10T07:11:10.000000000Z,32,1,80420,38764.000000000,38764.000000000,38764.000000000,38764.000000000,1,YM
2024-06-10T07:11:11.000000000Z,32,1,80420,38763.000000000,38763.000000000,38763.000000000,38763.000000000,3,YM
2024-06-10T07:11:12.000000000Z,32,1,80420,38762.000000000,38762.000000000,38762.000000000,38762.000000000,2,YM
2024-06-10T07:11:19.000000000Z,32,1,80420,38762.000000000,38762.000000000,38762.000000000,38762.000000000,2,YM
2024-06-10T07:11:20.000000000Z,32,1,80420,38761.000000000,38761.000000000,38761.000000000,38761.000000000,1,YM
2024-06-10T07:11:22.000000000Z,32,1,80420,38764.000000000,38766.000000000,38764.000000000,38766.000000000,6,YM
2024-06-10T07:11:24.000000000Z,32,1,80420,38766.000000000,38766.000000000,38765.000000000,38765.000000000,2,YM
2024-06-10T07:11:26.000000000Z,32,1,80420,38766.000000000,38766.000000000,38766.000000000,38766.000000000,2,YM
2024-06-10T07:11:27.000000000Z,32,1,80420,38766.000000000,38766.000000000,38766.000000000,38766.000000000,1,YM
2024-06-10T07:11:32.000000000Z,32,1,80420,38765.000000000,38765.000000000,38765.000000000,38765.000000000,1,YM
2024-06-10T07:11:33.000000000Z,32,1,80420,38767.000000000,38767.000000000,38767.000000000,38767.000000000,2,YM
2024-06-10T07:11:34.000000000Z,32,1,80420,38767.000000000,38767.000000000,38766.000000000,38766.000000000,3,YM
2024-06-10T07:11:35.000000000Z,32,1,80420,38765.000000000,38765.000000000,38765.000000000,38765.000000000,1,YM
2024-06-10T07:11:38.000000000Z,32,1,80420,38764.000000000,38764.000000000,38762.000000000,38764.000000000,6,YM
2024-06-10T07:11:39.000000000Z,32,1,80420,38762.000000000,38762.000000000,38762.000000000,38762.000000000,1,YM
2024-06-10T07:11:40.000000000Z,32,1,80420,38762.000000000,38762.000000000,38762.000000000,38762.000000000,2,YM
2024-06-10T07:11:46.000000000Z,32,1,80420,38763.000000000,38763.000000000,38761.000000000,38761.000000000,2,YM
2024-06-10T07:11:47.000000000Z,32,1,80420,38760.000000000,38760.000000000,38760.000000000,38760.000000000,1,YM
2024-06-10T07:11:49.000000000Z,32,1,80420,38761.000000000,38761.000000000,38761.000000000,38761.000000000,1,YM
2024-06-10T07:11:52.000000000Z,32,1,80420,38762.000000000,38762.000000000,38762.000000000,38762.000000000,2,YM
2024-06-10T07:11:53.000000000Z,32,1,80420,38761.000000000,38761.000000000,38761.000000000,38761.000000000,1,YM
2024-06-10T07:11:54.000000000Z,32,1,80420,38762.000000000,38762.000000000,38762.000000000,38762.000000000,2,YM
2024-06-10T07:11:55.000000000Z,32,1,80420,38763.000000000,38763.000000000,38763.000000000,38763.000000000,1,YM
2024-06-10T07:11:56.000000000Z,32,1,80420,38763.000000000,38763.000000000,38763.000000000,38763.000000000,1,YM
2024-06-10T07:11:57.000000000Z,32,1,80420,38762.000000000,38764.000000000,38762.000000000,38764.000000000,4,YM
2024-06-10T07:11:58.000000000Z,32,1,80420,38765.000000000,38765.000000000,38765.000000000,38765.000000000,2,YM
2024-06-10T07:12:00.000000000Z,32,1,80420,38765.000000000,38767.000000000,38765.000000000,38767.000000000,5,YM
2024-06-10T07:12:01.000000000Z,32,1,80420,38767.000000000,38767.000000000,38767.000000000,38767.000000000,1,YM
2024-06-10T07:12:04.000000000Z,32,1,80420,38767.000000000,38767.000000000,38767.000000000,38767.000000000,1,YM
2024-06-10T07:12:05.000000000Z,32,1,80420,38768.000000000,38768.000000000,38767.000000000,38767.000000000,3,YM
2024-06-10T07:12:07.000000000Z,32,1,80420,38769.000000000,38769.000000000,38769.000000000,38769.000000000,1,YM
2024-06-10T07:12:10.000000000Z,32,1,80420,38768.000000000,38768.000000000,38768.000000000,38768.000000000,2,YM
2024-06-10T07:12:11.000000000Z,32,1,80420,38767.000000000,38767.000000000,38767.000000000,38767.000000000,1,YM
2024-06-10T07:12:12.000000000Z,32,1,80420,38767.000000000,38767.000000000,38767.000000000,38767.000000000,1,YM
2024-06-10T07:12:13.000000000Z,32,1,80420,38768.000000000,38768.000000000,38768.000000000,38768.000000000,1,YM
2024-06-10T07:12:17.000000000Z,32,1,80420,38768.000000000,38768.000000000,38766.000000000,38766.000000000,13,YM
2024-06-10T07:12:19.000000000Z,32,1,80420,38767.000000000,38767.000000000,38765.000000000,38765.000000000,3,YM
2024-06-10T07:12:20.000000000Z,32,1,80420,38764.000000000,38764.000000000,38764.000000000,38764.000000000,3,YM
2024-06-10T07:12:23.000000000Z,32,1,80420,38760.000000000,38762.000000000,38760.000000000,38762.000000000,4,YM
2024-06-10T07:12:26.000000000Z,32,1,80420,38758.000000000,38760.000000000,38758.000000000,38760.000000000,7,YM
2024-06-10T07:12:30.000000000Z,32,1,80420,38762.000000000,38762.000000000,38762.000000000,38762.000000000,1,YM
2024-06-10T07:12:32.000000000Z,32,1,80420,38763.000000000,38763.000000000,38763.000000000,38763.000000000,1,YM
2024-06-10T07:12:35.000000000Z,32,1,80420,38764.000000000,38764.000000000,38764.000000000,38764.000000000,1,YM
2024-06-10T07:12:36.000000000Z,32,1,80420,38766.000000000,38766.000000000,38766.000000000,38766.000000000,1,YM
2024-06-10T07:12:39.000000000Z,32,1,80420,38765.000000000,38765.000000000,38765.000000000,38765.000000000,1,YM
2024-06-10T07:12:42.000000000Z,32,1,80420,38763.000000000,38763.000000000,38763.000000000,38763.000000000,1,YM
2024-06-10T07:12:44.000000000Z,32,1,80420,38761.000000000,38761.000000000,38761.000000000,38761.000000000,3,YM
2024-06-10T07:12:45.000000000Z,32,1,80420,38760.000000000,38760.000000000,38760.000000000,38760.000000000,1,YM
2024-06-10T07:12:47.000000000Z,32,1,80420,38759.000000000,38759.000000000,38758.000000000,38758.000000000,3,YM
2024-06-10T07:12:48.000000000Z,32,1,80420,38758.000000000,38759.000000000,38758.000000000,38759.000000000,3,YM
2024-06-10T07:12:53.000000000Z,32,1,80420,38760.000000000,38760.000000000,38760.000000000,38760.000000000,5,YM
2024-06-10T07:12:56.000000000Z,32,1,80420,38760.000000000,38760.000000000,38760.000000000,38760.000000000,2,YM
2024-06-10T07:13:00.000000000Z,32,1,80420,38761.000000000,38763.000000000,38761.000000000,38763.000000000,3,YM
2024-06-10T07:13:02.000000000Z,32,1,80420,38761.000000000,38761.000000000,38761.000000000,38761.000000000,1,YM
2024-06-10T07:13:04.000000000Z,32,1,80420,38761.000000000,38761.000000000,38761.000000000,38761.000000000,2,YM
2024-06-10T07:13:05.000000000Z,32,1,80420,38760.000000000,38761.000000000,38760.000000000,38761.000000000,2,YM
2024-06-10T07:13:18.000000000Z,32,1,80420,38759.000000000,38762.000000000,38759.000000000,38762.000000000,4,YM
2024-06-10T07:13:21.000000000Z,32,1,80420,38759.000000000,38759.000000000,38755.000000000,38755.000000000,14,YM
2024-06-10T07:13:30.000000000Z,32,1,80420,38759.000000000,38759.000000000,38759.000000000,38759.000000000,3,YM
2024-06-10T07:13:33.000000000Z,32,1,80420,38759.000000000,38759.000000000,38759.000000000,38759.000000000,4,YM
2024-06-10T07:13:38.000000000Z,32,1,80420,38758.000000000,38758.000000000,38758.000000000,38758.000000000,2,YM
2024-06-10T07:13:40.000000000Z,32,1,80420,38758.000000000,38758.000000000,38757.000000000,38757.000000000,3,YM
2024-06-10T07:13:43.000000000Z,32,1,80420,38760.000000000,38760.000000000,38760.000000000,38760.000000000,1,YM
2024-06-10T07:13:52.000000000Z,32,1,80420,38758.000000000,38758.000000000,38757.000000000,38757.000000000,2,YM
2024-06-10T07:13:53.000000000Z,32,1,80420,38758.000000000,38758.000000000,38758.000000000,38758.000000000,1,YM
2024-06-10T07:13:58.000000000Z,32,1,80420,38758.000000000,38759.000000000,38758.000000000,38759.000000000,4,YM
2024-06-10T07:13:59.000000000Z,32,1,80420,38760.000000000,38761.000000000,38760.000000000,38761.000000000,2,YM
2024-06-10T07:14:00.000000000Z,32,1,80420,38761.000000000,38761.000000000,38760.000000000,38760.000000000,2,YM
2024-06-10T07:14:04.000000000Z,32,1,80420,38760.000000000,38760.000000000,38759.000000000,38759.000000000,4,YM
2024-06-10T07:14:07.000000000Z,32,1,80420,38759.000000000,38759.000000000,38758.000000000,38758.000000000,3,YM
2024-06-10T07:14:08.000000000Z,32,1,80420,38755.000000000,38755.000000000,38755.000000000,38755.000000000,1,YM
2024-06-10T07:14:09.000000000Z,32,1,80420,38754.000000000,38754.000000000,38754.000000000,38754.000000000,1,YM
2024-06-10T07:14:13.000000000Z,32,1,80420,38755.000000000,38755.000000000,38755.000000000,38755.000000000,1,YM
2024-06-10T07:14:15.000000000Z,32,1,80420,38758.000000000,38758.000000000,38758.000000000,38758.000000000,1,YM
2024-06-10T07:14:17.000000000Z,32,1,80420,38759.000000000,38759.000000000,38759.000000000,38759.000000000,1,YM
2024-06-10T07:14:22.000000000Z,32,1,80420,38759.000000000,38759.000000000,38759.000000000,38759.000000000,1,YM
2024-06-10T07:14:24.000000000Z,32,1,80420,38760.000000000,38761.000000000,38760.000000000,38761.000000000,2,YM
2024-06-10T07:14:25.000000000Z,32,1,80420,38761.000000000,38761.000000000,38761.000000000,38761.000000000,1,YM
2024-06-10T07:14:27.000000000Z,32,1,80420,38761.000000000,38761.000000000,38761.000000000,38761.000000000,1,YM
2024-06-10T07:14:29.000000000Z,32,1,80420,38761.000000000,38761.000000000,38761.000000000,38761.000000000,1,YM
2024-06-10T07:14:30.000000000Z,32,1,80420,38761.000000000,38761.000000000,38761.000000000,38761.000000000,2,YM
2024-06-10T07:14:32.000000000Z,32,1,80420,38762.000000000,38762.000000000,38762.000000000,38762.000000000,2,YM
2024-06-10T07:14:34.000000000Z,32,1,80420,38761.000000000,38761.000000000,38761.000000000,38761.000000000,2,YM
2024-06-10T07:14:35.000000000Z,32,1,80420,38762.000000000,38762.000000000,38762.000000000,38762.000000000,1,YM
2024-06-10T07:14:36.000000000Z,32,1,80420,38763.000000000,38763.000000000,38763.000000000,38763.000000000,1,YM
2024-06-10T07:14:37.000000000Z,32,1,80420,38764.000000000,38764.000000000,38764.000000000,38764.000000000,2,YM
2024-06-10T07:14:38.000000000Z,32,1,80420,38764.000000000,38764.000000000,38763.000000000,38763.000000000,2,YM
2024-06-10T07:14:39.000000000Z,32,1,80420,38764.000000000,38764.000000000,38763.000000000,38763.000000000,3,YM
2024-06-10T07:14:42.000000000Z,32,1,80420,38764.000000000,38764.000000000,38762.000000000,38762.000000000,6,YM
2024-06-10T07:14:44.000000000Z,32,1,80420,38761.000000000,38761.000000000,38761.000000000,38761.000000000,1,YM
2024-06-10T07:14:45.000000000Z,32,1,80420,38760.000000000,38760.000000000,38760.000000000,38760.000000000,2,YM
2024-06-10T07:14:47.000000000Z,32,1,80420,38761.000000000,38761.000000000,38761.000000000,38761.000000000,2,YM
2024-06-10T07:14:48.000000000Z,32,1,80420,38762.000000000,38762.000000000,38762.000000000,38762.000000000,1,YM
2024-06-10T07:14:49.000000000Z,32,1,80420,38762.000000000,38762.000000000,38762.000000000,38762.000000000,2,YM
2024-06-10T07:14:50.000000000Z,32,1,80420,38763.000000000,38763.000000000,38763.000000000,38763.000000000,1,YM
2024-06-10T07:14:51.000000000Z,32,1,80420,38763.000000000,38764.000000000,38763.000000000,38764.000000000,4,YM
2024-06-10T07:14:53.000000000Z,32,1,80420,38767.000000000,38767.000000000,38767.000000000,38767.000000000,2,YM
2024-06-10T07:14:56.000000000Z,32,1,80420,38766.000000000,38766.000000000,38765.000000000,38765.000000000,5,YM
2024-06-10T07:15:00.000000000Z,32,1,80420,38764.000000000,38764.000000000,38764.000000000,38764.000000000,5,YM
2024-06-10T07:15:01.000000000Z,32,1,80420,38763.000000000,38765.000000000,38763.000000000,38765.000000000,3,YM
2024-06-10T07:15:02.000000000Z,32,1,80420,38764.000000000,38764.000000000,38764.000000000,38764.000000000,2,YM
2024-06-10T07:15:03.000000000Z,32,1,80420,38765.000000000,38766.000000000,38765.000000000,38766.000000000,3,YM
2024-06-10T07:15:05.000000000Z,32,1,80420,38767.000000000,38768.000000000,38767.000000000,38768.000000000,2,YM
2024-06-10T07:15:07.000000000Z,32,1,80420,38767.000000000,38767.000000000,38767.000000000,38767.000000000,2,YM
2024-06-10T07:15:10.000000000Z,32,1,80420,38768.000000000,38768.000000000,38768.000000000,38768.000000000,2,YM
2024-06-10T07:15:14.000000000Z,32,1,80420,38767.000000000,38767.000000000,38767.000000000,38767.000000000,2,YM
2024-06-10T07:15:21.000000000Z,32,1,80420,38767.000000000,38768.000000000,38767.000000000,38768.000000000,2,YM
2024-06-10T07:15:23.000000000Z,32,1,80420,38767.000000000,38767.000000000,38766.000000000,38766.000000000,3,YM
2024-06-10T07:15:26.000000000Z,32,1,80420,38768.000000000,38768.000000000,38768.000000000,38768.000000000,1,YM
2024-06-10T07:15:28.000000000Z,32,1,80420,38766.000000000,38766.000000000,38766.000000000,38766.000000000,1,YM
2024-06-10T07:15:31.000000000Z,32,1,80420,38768.000000000,38768.000000000,38766.000000000,38766.000000000,2,YM
2024-06-10T07:15:38.000000000Z,32,1,80420,38767.000000000,38768.000000000,38767.000000000,38768.000000000,3,YM
2024-06-10T07:15:39.000000000Z,32,1,80420,38769.000000000,38769.000000000,38769.000000000,38769.000000000,1,YM
2024-06-10T07:15:43.000000000Z,32,1,80420,38770.000000000,38771.000000000,38770.000000000,38771.000000000,6,YM
2024-06-10T07:15:44.000000000Z,32,1,80420,38770.000000000,38770.000000000,38770.000000000,38770.000000000,2,YM
2024-06-10T07:15:46.000000000Z,32,1,80420,38770.000000000,38770.000000000,38770.000000000,38770.000000000,1,YM
2024-06-10T07:15:50.000000000Z,32,1,80420,38771.000000000,38771.000000000,38771.000000000,38771.000000000,2,YM
2024-06-10T07:15:51.000000000Z,32,1,80420,38770.000000000,38770.000000000,38769.000000000,38769.000000000,5,YM
2024-06-10T07:15:52.000000000Z,32,1,80420,38770.000000000,38772.000000000,38770.000000000,38772.000000000,2,YM
2024-06-10T07:15:54.000000000Z,32,1,80420,38774.000000000,38774.000000000,38774.000000000,38774.000000000,1,YM
2024-06-10T07:15:57.000000000Z,32,1,80420,38774.000000000,38774.000000000,38774.000000000,38774.000000000,1,YM
2024-06-10T07:16:00.000000000Z,32,1,80420,38774.000000000,38774.000000000,38774.000000000,38774.000000000,4,YM
2024-06-10T07:16:01.000000000Z,32,1,80420,38774.000000000,38774.000000000,38774.000000000,38774.000000000,2,YM
2024-06-10T07:16:03.000000000Z,32,1,80420,38774.000000000,38774.000000000,38774.000000000,38774.000000000,1,YM
2024-06-10T07:16:06.000000000Z,32,1,80420,38775.000000000,38775.000000000,38775.000000000,38775.000000000,1,YM
2024-06-10T07:16:08.000000000Z,32,1,80420,38773.000000000,38773.000000000,38772.000000000,38772.000000000,2,YM
2024-06-10T07:16:09.000000000Z,32,1,80420,38772.000000000,38772.000000000,38769.000000000,38769.000000000,8,YM
2024-06-10T07:16:10.000000000Z,32,1,80420,38768.000000000,38768.000000000,38768.000000000,38768.000000000,2,YM
2024-06-10T07:16:18.000000000Z,32,1,80420,38770.000000000,38770.000000000,38768.000000000,38768.000000000,3,YM
2024-06-10T07:16:20.000000000Z,32,1,80420,38768.000000000,38768.000000000,38768.000000000,38768.000000000,1,YM
2024-06-10T07:16:25.000000000Z,32,1,80420,38767.000000000,38767.000000000,38767.000000000,38767.000000000,1,YM
2024-06-10T07:16:28.000000000Z,32,1,80420,38768.000000000,38768.000000000,38768.000000000,38768.000000000,1,YM
2024-06-10T07:16:32.000000000Z,32,1,80420,38765.000000000,38765.000000000,38765.000000000,38765.000000000,1,YM
2024-06-10T07:16:33.000000000Z,32,1,80420,38764.000000000,38764.000000000,38764.000000000,38764.000000000,3,YM
2024-06-10T07:16:35.000000000Z,32,1,80420,38762.000000000,38762.000000000,38762.000000000,38762.000000000,1,YM
2024-06-10T07:16:37.000000000Z,32,1,80420,38763.000000000,38763.000000000,38763.000000000,38763.000000000,1,YM
2024-06-10T07:16:41.000000000Z,32,1,80420,38761.000000000,38762.000000000,38761.000000000,38762.000000000,5,YM
2024-06-10T07:16:42.000000000Z,32,1,80420,38762.000000000,38762.000000000,38762.000000000,38762.000000000,1,YM
2024-06-10T07:16:43.000000000Z,32,1,80420,38763.000000000,38763.000000000,38763.000000000,38763.000000000,1,YM
2024-06-10T07:16:44.000000000Z,32,1,80420,38763.000000000,38763.000000000,38763.000000000,38763.000000000,1,YM
2024-06-10T07:16:46.000000000Z,32,1,80420,38764.000000000,38764.000000000,38764.000000000,38764.000000000,1,YM
2024-06-10T07:16:47.000000000Z,32,1,80420,38763.000000000,38763.000000000,38763.000000000,38763.000000000,1,YM
2024-06-10T07:16:48.000000000Z,32,1,80420,38762.000000000,38762.000000000,38762.000000000,38762.000000000,1,YM
2024-06-10T07:16:49.000000000Z,32,1,80420,38760.000000000,38760.000000000,38760.000000000,38760.000000000,1,YM
2024-06-10T07:16:50.000000000Z,32,1,80420,38762.000000000,38762.000000000,38762.000000000,38762.000000000,1,YM
2024-06-10T07:16:52.000000000Z,32,1,80420,38762.000000000,38762.000000000,38762.000000000,38762.000000000,1,YM
2024-06-10T07:16:53.000000000Z,32,1,80420,38762.000000000,38762.000000000,38762.000000000,38762.000000000,2,YM
2024-06-10T07:16:57.000000000Z,32,1,80420,38764.000000000,38764.000000000,38763.000000000,38763.000000000,2,YM
2024-06-10T07:17:00.000000000Z,32,1,80420,38761.000000000,38761.000000000,38760.000000000,38761.000000000,3,YM
2024-06-10T07:17:01.000000000Z,32,1,80420,38762.000000000,38763.000000000,38762.000000000,38762.000000000,10,YM
2024-06-10T07:17:02.000000000Z,32,1,80420,38761.000000000,38761.000000000,38761.000000000,38761.000000000,1,YM
2024-06-10T07:17:04.000000000Z,32,1,80420,38759.000000000,38759.000000000,38759.000000000,38759.000000000,2,YM
2024-06-10T07:17:06.000000000Z,32,1,80420,38762.000000000,38762.000000000,38762.000000000,38762.000000000,1,YM
2024-06-10T07:17:19.000000000Z,32,1,80420,38760.000000000,38760.000000000,38760.000000000,38760.000000000,1,YM
2024-06-10T07:17:20.000000000Z,32,1,80420,38759.000000000,38760.000000000,38759.000000000,38760.000000000,3,YM
2024-06-10T07:17:23.000000000Z,32,1,80420,38758.000000000,38758.000000000,38758.000000000,38758.000000000,1,YM
2024-06-10T07:17:24.000000000Z,32,1,80420,38757.000000000,38757.000000000,38757.000000000,38757.000000000,1,YM
2024-06-10T07:17:25.000000000Z,32,1,80420,38757.000000000,38757.000000000,38756.000000000,38756.000000000,3,YM
2024-06-10T07:17:26.000000000Z,32,1,80420,38756.000000000,38756.000000000,38756.000000000,38756.000000000,1,YM
2024-06-10T07:17:27.000000000Z,32,1,80420,38755.000000000,38755.000000000,38755.000000000,38755.000000000,1,YM
2024-06-10T07:17:31.000000000Z,32,1,80420,38757.000000000,38757.000000000,38757.000000000,38757.000000000,1,YM
2024-06-10T07:17:32.000000000Z,32,1,80420,38756.000000000,38756.000000000,38756.000000000,38756.000000000,2,YM
2024-06-10T07:17:33.000000000Z,32,1,80420,38754.000000000,38754.000000000,38754.000000000,38754.000000000,1,YM
2024-06-10T07:17:36.000000000Z,32,1,80420,38753.000000000,38754.000000000,38753.000000000,38754.000000000,2,YM
2024-06-10T07:17:37.000000000Z,32,1,80420,38754.000000000,38754.000000000,38754.000000000,38754.000000000,6,YM
2024-06-10T07:17:40.000000000Z,32,1,80420,38753.000000000,38753.000000000,38753.000000000,38753.000000000,1,YM
2024-06-10T07:17:44.000000000Z,32,1,80420,38753.000000000,38753.000000000,38752.000000000,38752.000000000,4,YM
2024-06-10T07:17:45.000000000Z,32,1,80420,38751.000000000,38751.000000000,38751.000000000,38751.000000000,6,YM
2024-06-10T07:17:49.000000000Z,32,1,80420,38752.000000000,38752.000000000,38752.000000000,38752.000000000,1,YM
2024-06-10T07:17:55.000000000Z,32,1,80420,38753.000000000,38753.000000000,38753.000000000,38753.000000000,1,YM
2024-06-10T07:18:00.000000000Z,32,1,80420,38753.000000000,38753.000000000,38752.000000000,38752.000000000,2,YM
2024-06-10T07:18:01.000000000Z,32,1,80420,38752.000000000,38752.000000000,38750.000000000,38750.000000000,6,YM
2024-06-10T07:18:02.000000000Z,32,1,80420,38750.000000000,38750.000000000,38748.000000000,38748.000000000,9,YM
2024-06-10T07:18:05.000000000Z,32,1,80420,38750.000000000,38750.000000000,38750.000000000,38750.000000000,1,YM
2024-06-10T07:18:06.000000000Z,32,1,80420,38750.000000000,38750.000000000,38750.000000000,38750.000000000,2,YM
2024-06-10T07:18:07.000000000Z,32,1,80420,38748.000000000,38748.000000000,38748.000000000,38748.000000000,5,YM
2024-06-10T07:18:10.000000000Z,32,1,80420,38747.000000000,38747.000000000,38747.000000000,38747.000000000,1,YM
2024-06-10T07:18:12.000000000Z,32,1,80420,38749.000000000,38749.000000000,38749.000000000,38749.000000000,1,YM
2024-06-10T07:18:14.000000000Z,32,1,80420,38750.000000000,38751.000000000,38750.000000000,38750.000000000,8,YM
2024-06-10T07:18:15.000000000Z,32,1,80420,38751.000000000,38751.000000000,38750.000000000,38750.000000000,4,YM
2024-06-10T07:18:16.000000000Z,32,1,80420,38750.000000000,38750.000000000,38749.000000000,38749.000000000,2,YM
2024-06-10T07:18:19.000000000Z,32,1,80420,38748.000000000,38748.000000000,38748.000000000,38748.000000000,2,YM
2024-06-10T07:18:20.000000000Z,32,1,80420,38749.000000000,38749.000000000,38749.000000000,38749.000000000,2,YM
2024-06-10T07:18:22.000000000Z,32,1,80420,38749.000000000,38749.000000000,38749.000000000,38749.000000000,3,YM
2024-06-10T07:18:23.000000000Z,32,1,80420,38748.000000000,38748.000000000,38748.000000000,38748.000000000,1,YM
2024-06-10T07:18:26.000000000Z,32,1,80420,38749.000000000,38751.000000000,38749.000000000,38751.000000000,2,YM
2024-06-10T07:18:32.000000000Z,32,1,80420,38751.000000000,38751.000000000,38751.000000000,38751.000000000,1,YM
2024-06-10T07:18:34.000000000Z,32,1,80420,38751.000000000,38751.000000000,38751.000000000,38751.000000000,1,YM
2024-06-10T07:18:35.000000000Z,32,1,80420,38752.000000000,38752.000000000,38752.000000000,38752.000000000,1,YM
2024-06-10T07:18:36.000000000Z,32,1,80420,38752.000000000,38752.000000000,38752.000000000,38752.000000000,1,YM
2024-06-10T07:18:39.000000000Z,32,1,80420,38752.000000000,38752.000000000,38752.000000000,38752.000000000,2,YM
2024-06-10T07:18:41.000000000Z,32,1,80420,38751.000000000,38751.000000000,38751.000000000,38751.000000000,1,YM
2024-06-10T07:18:42.000000000Z,32,1,80420,38752.000000000,38752.000000000,38752.000000000,38752.000000000,2,YM
2024-06-10T07:18:45.000000000Z,32,1,80420,38753.000000000,38753.000000000,38753.000000000,38753.000000000,2,YM
2024-06-10T07:18:46.000000000Z,32,1,80420,38754.000000000,38754.000000000,38754.000000000,38754.000000000,2,YM
2024-06-10T07:18:48.000000000Z,32,1,80420,38754.000000000,38754.000000000,38753.000000000,38753.000000000,4,YM
2024-06-10T07:18:54.000000000Z,32,1,80420,38754.000000000,38755.000000000,38754.000000000,38755.000000000,4,YM
2024-06-10T07:18:56.000000000Z,32,1,80420,38753.000000000,38755.000000000,38753.000000000,38755.000000000,6,YM
2024-06-10T07:18:57.000000000Z,32,1,80420,38755.000000000,38755.000000000,38755.000000000,38755.000000000,3,YM
2024-06-10T07:18:59.000000000Z,32,1,80420,38754.000000000,38754.000000000,38754.000000000,38754.000000000,1,YM
2024-06-10T07:19:00.000000000Z,32,1,80420,38753.000000000,38753.000000000,38753.000000000,38753.000000000,1,YM
2024-06-10T07:19:02.000000000Z,32,1,80420,38754.000000000,38754.000000000,38754.000000000,38754.000000000,18,YM
2024-06-10T07:19:03.000000000Z,32,1,80420,38753.000000000,38753.000000000,38753.000000000,38753.000000000,2,YM
2024-06-10T07:19:04.000000000Z,32,1,80420,38753.000000000,38753.000000000,38753.000000000,38753.000000000,1,YM
2024-06-10T07:19:05.000000000Z,32,1,80420,38753.000000000,38753.000000000,38753.000000000,38753.000000000,2,YM
2024-06-10T07:19:06.000000000Z,32,1,80420,38753.000000000,38753.000000000,38753.000000000,38753.000000000,1,YM
2024-06-10T07:19:08.000000000Z,32,1,80420,38752.000000000,38752.000000000,38752.000000000,38752.000000000,1,YM
2024-06-10T07:19:09.000000000Z,32,1,80420,38754.000000000,38754.000000000,38754.000000000,38754.000000000,1,YM
2024-06-10T07:19:10.000000000Z,32,1,80420,38752.000000000,38752.000000000,38752.000000000,38752.000000000,1,YM
2024-06-10T07:19:14.000000000Z,32,1,80420,38753.000000000,38753.000000000,38753.000000000,38753.000000000,1,YM
2024-06-10T07:19:15.000000000Z,32,1,80420,38754.000000000,38755.000000000,38754.000000000,38755.000000000,3,YM
2024-06-10T07:19:16.000000000Z,32,1,80420,38754.000000000,38754.000000000,38754.000000000,38754.000000000,2,YM
2024-06-10T07:19:20.000000000Z,32,1,80420,38753.000000000,38753.000000000,38752.000000000,38753.000000000,7,YM
2024-06-10T07:19:21.000000000Z,32,1,80420,38754.000000000,38754.000000000,38753.000000000,38753.000000000,3,YM
2024-06-10T07:19:24.000000000Z,32,1,80420,38754.000000000,38754.000000000,38754.000000000,38754.000000000,6,YM
2024-06-10T07:19:27.000000000Z,32,1,80420,38753.000000000,38753.000000000,38753.000000000,38753.000000000,1,YM
2024-06-10T07:19:28.000000000Z,32,1,80420,38752.000000000,38752.000000000,38752.000000000,38752.000000000,1,YM
2024-06-10T07:19:30.000000000Z,32,1,80420,38752.000000000,38752.000000000,38752.000000000,38752.000000000,1,YM
2024-06-10T07:19:31.000000000Z,32,1,80420,38751.000000000,38751.000000000,38751.000000000,38751.000000000,7,YM
2024-06-10T07:19:33.000000000Z,32,1,80420,38752.000000000,38752.000000000,38752.000000000,38752.000000000,1,YM
2024-06-10T07:19:38.000000000Z,32,1,80420,38752.000000000,38752.000000000,38752.000000000,38752.000000000,1,YM
2024-06-10T07:19:40.000000000Z,32,1,80420,38751.000000000,38752.000000000,38751.000000000,38751.000000000,4,YM
2024-06-10T07:19:45.000000000Z,32,1,80420,38752.000000000,38752.000000000,38752.000000000,38752.000000000,1,YM
2024-06-10T07:19:48.000000000Z,32,1,80420,38752.000000000,38752.000000000,38752.000000000,38752.000000000,1,YM
2024-06-10T07:19:49.000000000Z,32,1,80420,38752.000000000,38752.000000000,38752.000000000,38752.000000000,1,YM
2024-06-10T07:19:50.000000000Z,32,1,80420,38751.000000000,38751.000000000,38751.000000000,38751.000000000,2,YM
2024-06-10T07:19:51.000000000Z,32,1,80420,38754.000000000,38754.000000000,38754.000000000,38754.000000000,1,YM
2024-06-10T07:19:55.000000000Z,32,1,80420,38754.000000000,38754.000000000,38754.000000000,38754.000000000,1,YM
2024-06-10T07:19:56.000000000Z,32,1,80420,38754.000000000,38754.000000000,38754.000000000,38754.000000000,1,YM
2024-06-10T07:20:02.000000000Z,32,1,80420,38752.000000000,38752.000000000,38752.000000000,38752.000000000,1,YM
2024-06-10T07:20:05.000000000Z,32,1,80420,38753.000000000,38753.000000000,38753.000000000,38753.000000000,1,YM
2024-06-10T07:20:06.000000000Z,32,1,80420,38754.000000000,38754.000000000,38754.000000000,38754.000000000,1,YM
2024-06-10T07:20:07.000000000Z,32,1,80420,38755.000000000,38756.000000000,38755.000000000,38756.000000000,3,YM
2024-06-10T07:20:08.000000000Z,32,1,80420,38757.000000000,38758.000000000,38757.000000000,38758.000000000,10,YM
2024-06-10T07:20:09.000000000Z,32,1,80420,38757.000000000,38757.000000000,38757.000000000,38757.000000000,2,YM
2024-06-10T07:20:11.000000000Z,32,1,80420,38758.000000000,38758.000000000,38758.000000000,38758.000000000,1,YM
2024-06-10T07:20:12.000000000Z,32,1,80420,38759.000000000,38759.000000000,38759.000000000,38759.000000000,4,YM
2024-06-10T07:20:17.000000000Z,32,1,80420,38757.000000000,38757.000000000,38757.000000000,38757.000000000,2,YM
2024-06-10T07:20:20.000000000Z,32,1,80420,38757.000000000,38758.000000000,38757.000000000,38758.000000000,4,YM
2024-06-10T07:20:23.000000000Z,32,1,80420,38760.000000000,38760.000000000,38760.000000000,38760.000000000,3,YM
2024-06-10T07:20:24.000000000Z,32,1,80420,38759.000000000,38759.000000000,38759.000000000,38759.000000000,1,YM
2024-06-10T07:20:27.000000000Z,32,1,80420,38761.000000000,38761.000000000,38761.000000000,38761.000000000,1,YM
2024-06-10T07:20:30.000000000Z,32,1,80420,38761.000000000,38761.000000000,38760.000000000,38761.000000000,6,YM
2024-06-10T07:20:31.000000000Z,32,1,80420,38762.000000000,38762.000000000,38762.000000000,38762.000000000,1,YM
2024-06-10T07:20:32.000000000Z,32,1,80420,38762.000000000,38762.000000000,38762.000000000,38762.000000000,1,YM
2024-06-10T07:20:33.000000000Z,32,1,80420,38762.000000000,38762.000000000,38760.000000000,38760.000000000,9,YM
2024-06-10T07:20:34.000000000Z,32,1,80420,38759.000000000,38759.000000000,38759.000000000,38759.000000000,1,YM
2024-06-10T07:20:36.000000000Z,32,1,80420,38759.000000000,38759.000000000,38759.000000000,38759.000000000,2,YM
2024-06-10T07:20:41.000000000Z,32,1,80420,38758.000000000,38758.000000000,38757.000000000,38757.000000000,4,YM
2024-06-10T07:20:42.000000000Z,32,1,80420,38758.000000000,38758.000000000,38758.000000000,38758.000000000,1,YM
2024-06-10T07:20:47.000000000Z,32,1,80420,38759.000000000,38759.000000000,38759.000000000,38759.000000000,3,YM
2024-06-10T07:20:49.000000000Z,32,1,80420,38759.000000000,38759.000000000,38759.000000000,38759.000000000,1,YM
2024-06-10T07:20:50.000000000Z,32,1,80420,38759.000000000,38759.000000000,38759.000000000,38759.000000000,1,YM
2024-06-10T07:20:51.000000000Z,32,1,80420,38760.000000000,38760.000000000,38760.000000000,38760.000000000,2,YM
2024-06-10T07:20:53.000000000Z,32,1,80420,38760.000000000,38760.000000000,38760.000000000,38760.000000000,1,YM
2024-06-10T07:20:54.000000000Z,32,1,80420,38760.000000000,38760.000000000,38760.000000000,38760.000000000,1,YM
2024-06-10T07:20:58.000000000Z,32,1,80420,38762.000000000,38762.000000000,38762.000000000,38762.000000000,1,YM
2024-06-10T07:21:00.000000000Z,32,1,80420,38762.000000000,38762.000000000,38762.000000000,38762.000000000,4,YM
2024-06-10T07:21:03.000000000Z,32,1,80420,38763.000000000,38763.000000000,38763.000000000,38763.000000000,4,YM
2024-06-10T07:21:04.000000000Z,32,1,80420,38762.000000000,38763.000000000,38762.000000000,38762.000000000,3,YM
2024-06-10T07:21:06.000000000Z,32,1,80420,38763.000000000,38764.000000000,38763.000000000,38764.000000000,2,YM
2024-06-10T07:21:07.000000000Z,32,1,80420,38765.000000000,38765.000000000,38765.000000000,38765.000000000,4,YM
2024-06-10T07:21:08.000000000Z,32,1,80420,38765.000000000,38765.000000000,38765.000000000,38765.000000000,1,YM
2024-06-10T07:21:09.000000000Z,32,1,80420,38766.000000000,38766.000000000,38766.000000000,38766.000000000,4,YM
2024-06-10T07:21:10.000000000Z,32,1,80420,38765.000000000,38767.000000000,38765.000000000,38766.000000000,3,YM
2024-06-10T07:21:16.000000000Z,32,1,80420,38765.000000000,38765.000000000,38764.000000000,38764.000000000,3,YM
2024-06-10T07:21:17.000000000Z,32,1,80420,38765.000000000,38765.000000000,38765.000000000,38765.000000000,1,YM
2024-06-10T07:21:20.000000000Z,32,1,80420,38763.000000000,38763.000000000,38763.000000000,38763.000000000,1,YM
2024-06-10T07:21:22.000000000Z,32,1,80420,38764.000000000,38764.000000000,38764.000000000,38764.000000000,3,YM
2024-06-10T07:21:25.000000000Z,32,1,80420,38765.000000000,38765.000000000,38765.000000000,38765.000000000,1,YM
2024-06-10T07:21:26.000000000Z,32,1,80420,38766.000000000,38767.000000000,38766.000000000,38767.000000000,4,YM
2024-06-10T07:21:27.000000000Z,32,1,80420,38767.000000000,38767.000000000,38767.000000000,38767.000000000,1,YM
2024-06-10T07:21:29.000000000Z,32,1,80420,38767.000000000,38768.000000000,38767.000000000,38768.000000000,4,YM
2024-06-10T07:21:34.000000000Z,32,1,80420,38766.000000000,38766.000000000,38766.000000000,38766.000000000,2,YM
2024-06-10T07:21:37.000000000Z,32,1,80420,38765.000000000,38765.000000000,38765.000000000,38765.000000000,2,YM
2024-06-10T07:21:41.000000000Z,32,1,80420,38765.000000000,38765.000000000,38765.000000000,38765.000000000,5,YM
2024-06-10T07:21:45.000000000Z,32,1,80420,38767.000000000,38767.000000000,38767.000000000,38767.000000000,4,YM
2024-06-10T07:21:47.000000000Z,32,1,80420,38767.000000000,38767.000000000,38767.000000000,38767.000000000,3,YM
2024-06-10T07:21:50.000000000Z,32,1,80420,38767.000000000,38767.000000000,38766.000000000,38766.000000000,2,YM
2024-06-10T07:21:52.000000000Z,32,1,80420,38765.000000000,38765.000000000,38765.000000000,38765.000000000,1,YM
2024-06-10T07:21:53.000000000Z,32,1,80420,38765.000000000,38765.000000000,38765.000000000,38765.000000000,1,YM
2024-06-10T07:21:56.000000000Z,32,1,80420,38766.000000000,38766.000000000,38766.000000000,38766.000000000,1,YM
2024-06-10T07:21:58.000000000Z,32,1,80420,38768.000000000,38769.000000000,38768.000000000,38769.000000000,3,YM
2024-06-10T07:21:59.000000000Z,32,1,80420,38768.000000000,38768.000000000,38768.000000000,38768.000000000,2,YM
2024-06-10T07:22:00.000000000Z,32,1,80420,38768.000000000,38770.000000000,38768.000000000,38770.000000000,5,YM
2024-06-10T07:22:01.000000000Z,32,1,80420,38771.000000000,38771.000000000,38771.000000000,38771.000000000,2,YM
2024-06-10T07:22:03.000000000Z,32,1,80420,38770.000000000,38770.000000000,38770.000000000,38770.000000000,2,YM
2024-06-10T07:22:04.000000000Z,32,1,80420,38771.000000000,38771.000000000,38771.000000000,38771.000000000,3,YM
2024-06-10T07:22:06.000000000Z,32,1,80420,38771.000000000,38772.000000000,38771.000000000,38772.000000000,3,YM
2024-06-10T07:22:10.000000000Z,32,1,80420,38771.000000000,38772.000000000,38771.000000000,38772.000000000,2,YM
2024-06-10T07:22:14.000000000Z,32,1,80420,38772.000000000,38773.000000000,38772.000000000,38772.000000000,8,YM
2024-06-10T07:22:18.000000000Z,32,1,80420,38774.000000000,38774.000000000,38774.000000000,38774.000000000,1,YM
2024-06-10T07:22:20.000000000Z,32,1,80420,38774.000000000,38774.000000000,38774.000000000,38774.000000000,1,YM
2024-06-10T07:22:22.000000000Z,32,1,80420,38773.000000000,38773.000000000,38771.000000000,38771.000000000,24,YM
2024-06-10T07:22:25.000000000Z,32,1,80420,38771.000000000,38772.000000000,38771.000000000,38772.000000000,4,YM
2024-06-10T07:22:30.000000000Z,32,1,80420,38770.000000000,38770.000000000,38770.000000000,38770.000000000,1,YM
2024-06-10T07:22:31.000000000Z,32,1,80420,38772.000000000,38772.000000000,38771.000000000,38772.000000000,9,YM
2024-06-10T07:22:32.000000000Z,32,1,80420,38774.000000000,38774.000000000,38774.000000000,38774.000000000,2,YM
2024-06-10T07:22:33.000000000Z,32,1,80420,38773.000000000,38773.000000000,38773.000000000,38773.000000000,1,YM
2024-06-10T07:22:37.000000000Z,32,1,80420,38770.000000000,38770.000000000,38770.000000000,38770.000000000,2,YM
2024-06-10T07:22:40.000000000Z,32,1,80420,38773.000000000,38773.000000000,38772.000000000,38773.000000000,5,YM
2024-06-10T07:22:41.000000000Z,32,1,80420,38773.000000000,38774.000000000,38773.000000000,38774.000000000,3,YM
2024-06-10T07:22:44.000000000Z,32,1,80420,38775.000000000,38775.000000000,38775.000000000,38775.000000000,2,YM
2024-06-10T07:22:45.000000000Z,32,1,80420,38775.000000000,38776.000000000,38775.000000000,38775.000000000,5,YM
2024-06-10T07:22:49.000000000Z,32,1,80420,38774.000000000,38774.000000000,38774.000000000,38774.000000000,1,YM
2024-06-10T07:22:51.000000000Z,32,1,80420,38773.000000000,38774.000000000,38773.000000000,38774.000000000,3,YM
2024-06-10T07:22:52.000000000Z,32,1,80420,38775.000000000,38775.000000000,38774.000000000,38774.000000000,4,YM
2024-06-10T07:22:54.000000000Z,32,1,80420,38774.000000000,38775.000000000,38773.000000000,38775.000000000,5,YM
2024-06-10T07:22:57.000000000Z,32,1,80420,38774.000000000,38774.000000000,38774.000000000,38774.000000000,3,YM
2024-06-10T07:22:58.000000000Z,32,1,80420,38774.000000000,38774.000000000,38774.000000000,38774.000000000,5,YM
2024-06-10T07:22:59.000000000Z,32,1,80420,38773.000000000,38773.000000000,38773.000000000,38773.000000000,2,YM
2024-06-10T07:23:00.000000000Z,32,1,80420,38772.000000000,38773.000000000,38772.000000000,38773.000000000,6,YM
2024-06-10T07:23:05.000000000Z,32,1,80420,38773.000000000,38773.000000000,38773.000000000,38773.000000000,2,YM
2024-06-10T07:23:06.000000000Z,32,1,80420,38772.000000000,38773.000000000,38772.000000000,38773.000000000,3,YM
2024-06-10T07:23:07.000000000Z,32,1,80420,38773.000000000,38773.000000000,38773.000000000,38773.000000000,1,YM
2024-06-10T07:23:14.000000000Z,32,1,80420,38773.000000000,38773.000000000,38773.000000000,38773.000000000,6,YM
2024-06-10T07:23:15.000000000Z,32,1,80420,38774.000000000,38775.000000000,38773.000000000,38775.000000000,15,YM
2024-06-10T07:23:16.000000000Z,32,1,80420,38775.000000000,38775.000000000,38775.000000000,38775.000000000,8,YM
2024-06-10T07:23:18.000000000Z,32,1,80420,38777.000000000,38777.000000000,38777.000000000,38777.000000000,1,YM
2024-06-10T07:23:19.000000000Z,32,1,80420,38776.000000000,38776.000000000,38776.000000000,38776.000000000,2,YM
2024-06-10T07:23:20.000000000Z,32,1,80420,38777.000000000,38777.000000000,38777.000000000,38777.000000000,1,YM
2024-06-10T07:23:24.000000000Z,32,1,80420,38777.000000000,38777.000000000,38777.000000000,38777.000000000,1,YM
2024-06-10T07:23:28.000000000Z,32,1,80420,38779.000000000,38779.000000000,38779.000000000,38779.000000000,2,YM
2024-06-10T07:23:30.000000000Z,32,1,80420,38778.000000000,38778.000000000,38778.000000000,38778.000000000,1,YM
2024-06-10T07:23:32.000000000Z,32,1,80420,38778.000000000,38778.000000000,38778.000000000,38778.000000000,1,YM
2024-06-10T07:23:36.000000000Z,32,1,80420,38779.000000000,38779.000000000,38779.000000000,38779.000000000,2,YM
2024-06-10T07:23:40.000000000Z,32,1,80420,38776.000000000,38776.000000000,38776.000000000,38776.000000000,1,YM
2024-06-10T07:23:42.000000000Z,32,1,80420,38776.000000000,38776.000000000,38776.000000000,38776.000000000,1,YM
2024-06-10T07:23:45.000000000Z,32,1,80420,38776.000000000,38776.000000000,38776.000000000,38776.000000000,1,YM
2024-06-10T07:23:50.000000000Z,32,1,80420,38777.000000000,38777.000000000,38777.000000000,38777.000000000,3,YM
2024-06-10T07:23:51.000000000Z,32,1,80420,38778.000000000,38778.000000000,38778.000000000,38778.000000000,2,YM
2024-06-10T07:23:52.000000000Z,32,1,80420,38775.000000000,38775.000000000,38775.000000000,38775.000000000,3,YM
2024-06-10T07:23:57.000000000Z,32,1,80420,38774.000000000,38774.000000000,38774.000000000,38774.000000000,1,YM
2024-06-10T07:24:00.000000000Z,32,1,80420,38773.000000000,38773.000000000,38773.000000000,38773.000000000,1,YM
2024-06-10T07:24:01.000000000Z,32,1,80420,38774.000000000,38774.000000000,38774.000000000,38774.000000000,2,YM
2024-06-10T07:24:04.000000000Z,32,1,80420,38773.000000000,38774.000000000,38773.000000000,38774.000000000,2,YM
2024-06-10T07:24:05.000000000Z,32,1,80420,38775.000000000,38776.000000000,38775.000000000,38776.000000000,2,YM
2024-06-10T07:24:07.000000000Z,32,1,80420,38775.000000000,38777.000000000,38775.000000000,38777.000000000,3,YM
2024-06-10T07:24:09.000000000Z,32,1,80420,38779.000000000,38779.000000000,38779.000000000,38779.000000000,2,YM
2024-06-10T07:24:14.000000000Z,32,1,80420,38780.000000000,38780.000000000,38780.000000000,38780.000000000,1,YM
2024-06-10T07:24:15.000000000Z,32,1,80420,38781.000000000,38781.000000000,38781.000000000,38781.000000000,4,YM
2024-06-10T07:24:17.000000000Z,32,1,80420,38781.000000000,38781.000000000,38781.000000000,38781.000000000,2,YM
2024-06-10T07:24:18.000000000Z,32,1,80420,38781.000000000,38781.000000000,38779.000000000,38779.000000000,6,YM
2024-06-10T07:24:23.000000000Z,32,1,80420,38780.000000000,38780.000000000,38780.000000000,38780.000000000,1,YM
2024-06-10T07:24:24.000000000Z,32,1,80420,38780.000000000,38780.000000000,38780.000000000,38780.000000000,1,YM
2024-06-10T07:24:26.000000000Z,32,1,80420,38781.000000000,38783.000000000,38781.000000000,38783.000000000,6,YM
2024-06-10T07:24:28.000000000Z,32,1,80420,38783.000000000,38783.000000000,38783.000000000,38783.000000000,4,YM
2024-06-10T07:24:29.000000000Z,32,1,80420,38784.000000000,38784.000000000,38784.000000000,38784.000000000,1,YM
2024-06-10T07:24:33.000000000Z,32,1,80420,38784.000000000,38784.000000000,38784.000000000,38784.000000000,3,YM
2024-06-10T07:24:36.000000000Z,32,1,80420,38784.000000000,38784.000000000,38784.000000000,38784.000000000,1,YM
2024-06-10T07:24:38.000000000Z,32,1,80420,38784.000000000,38784.000000000,38784.000000000,38784.000000000,2,YM
2024-06-10T07:24:41.000000000Z,32,1,80420,38783.000000000,38784.000000000,38783.000000000,38784.000000000,2,YM
2024-06-10T07:24:43.000000000Z,32,1,80420,38784.000000000,38784.000000000,38784.000000000,38784.000000000,1,YM
2024-06-10T07:24:44.000000000Z,32,1,80420,38784.000000000,38784.000000000,38784.000000000,38784.000000000,1,YM
2024-06-10T07:24:48.000000000Z,32,1,80420,38784.000000000,38784.000000000,38784.000000000,38784.000000000,2,YM
2024-06-10T07:24:49.000000000Z,32,1,80420,38785.000000000,38785.000000000,38784.000000000,38784.000000000,13,YM
2024-06-10T07:24:51.000000000Z,32,1,80420,38784.000000000,38784.000000000,38784.000000000,38784.000000000,1,YM
2024-06-10T07:24:53.000000000Z,32,1,80420,38782.000000000,38782.000000000,38782.000000000,38782.000000000,1,YM
2024-06-10T07:24:54.000000000Z,32,1,80420,38783.000000000,38783.000000000,38783.000000000,38783.000000000,1,YM
2024-06-10T07:24:58.000000000Z,32,1,80420,38784.000000000,38784.000000000,38784.000000000,38784.000000000,2,YM
2024-06-10T07:25:00.000000000Z,32,1,80420,38783.000000000,38785.000000000,38783.000000000,38785.000000000,6,YM
2024-06-10T07:25:04.000000000Z,32,1,80420,38784.000000000,38784.000000000,38784.000000000,38784.000000000,2,YM
2024-06-10T07:25:07.000000000Z,32,1,80420,38785.000000000,38785.000000000,38785.000000000,38785.000000000,1,YM
2024-06-10T07:25:09.000000000Z,32,1,80420,38784.000000000,38784.000000000,38784.000000000,38784.000000000,5,YM
2024-06-10T07:25:12.000000000Z,32,1,80420,38783.000000000,38783.000000000,38783.000000000,38783.000000000,1,YM
2024-06-10T07:25:13.000000000Z,32,1,80420,38781.000000000,38781.000000000,38781.000000000,38781.000000000,1,YM
2024-06-10T07:25:15.000000000Z,32,1,80420,38781.000000000,38781.000000000,38781.000000000,38781.000000000,1,YM
2024-06-10T07:25:18.000000000Z,32,1,80420,38781.000000000,38781.000000000,38781.000000000,38781.000000000,1,YM
2024-06-10T07:25:19.000000000Z,32,1,80420,38781.000000000,38781.000000000,38781.000000000,38781.000000000,1,YM
2024-06-10T07:25:21.000000000Z,32,1,80420,38781.000000000,38782.000000000,38781.000000000,38781.000000000,3,YM
2024-06-10T07:25:24.000000000Z,32,1,80420,38782.000000000,38782.000000000,38781.000000000,38781.000000000,3,YM
2024-06-10T07:25:29.000000000Z,32,1,80420,38781.000000000,38781.000000000,38781.000000000,38781.000000000,1,YM
2024-06-10T07:25:32.000000000Z,32,1,80420,38781.000000000,38781.000000000,38781.000000000,38781.000000000,1,YM
2024-06-10T07:25:35.000000000Z,32,1,80420,38782.000000000,38782.000000000,38782.000000000,38782.000000000,1,YM
2024-06-10T07:25:40.000000000Z,32,1,80420,38780.000000000,38781.000000000,38780.000000000,38781.000000000,2,YM
2024-06-10T07:25:41.000000000Z,32,1,80420,38781.000000000,38781.000000000,38781.000000000,38781.000000000,2,YM
2024-06-10T07:25:47.000000000Z,32,1,80420,38779.000000000,38780.000000000,38779.000000000,38780.000000000,4,YM
2024-06-10T07:25:49.000000000Z,32,1,80420,38778.000000000,38778.000000000,38778.000000000,38778.000000000,1,YM
2024-06-10T07:25:53.000000000Z,32,1,80420,38779.000000000,38779.000000000,38779.000000000,38779.000000000,2,YM
2024-06-10T07:25:54.000000000Z,32,1,80420,38778.000000000,38778.000000000,38777.000000000,38777.000000000,2,YM
2024-06-10T07:25:55.000000000Z,32,1,80420,38779.000000000,38779.000000000,38779.000000000,38779.000000000,1,YM
2024-06-10T07:25:56.000000000Z,32,1,80420,38778.000000000,38778.000000000,38778.000000000,38778.000000000,1,YM
2024-06-10T07:26:03.000000000Z,32,1,80420,38776.000000000,38776.000000000,38776.000000000,38776.000000000,1,YM
2024-06-10T07:26:05.000000000Z,32,1,80420,38778.000000000,38778.000000000,38777.000000000,38777.000000000,10,YM
2024-06-10T07:26:07.000000000Z,32,1,80420,38778.000000000,38778.000000000,38777.000000000,38777.000000000,8,YM
2024-06-10T07:26:08.000000000Z,32,1,80420,38778.000000000,38778.000000000,38778.000000000,38778.000000000,1,YM
2024-06-10T07:26:12.000000000Z,32,1,80420,38777.000000000,38777.000000000,38777.000000000,38777.000000000,1,YM
2024-06-10T07:26:16.000000000Z,32,1,80420,38778.000000000,38778.000000000,38778.000000000,38778.000000000,1,YM
2024-06-10T07:26:17.000000000Z,32,1,80420,38777.000000000,38777.000000000,38777.000000000,38777.000000000,4,YM
2024-06-10T07:26:19.000000000Z,32,1,80420,38777.000000000,38779.000000000,38777.000000000,38779.000000000,11,YM
2024-06-10T07:26:27.000000000Z,32,1,80420,38782.000000000,38782.000000000,38782.000000000,38782.000000000,1,YM
2024-06-10T07:26:28.000000000Z,32,1,80420,38783.000000000,38783.000000000,38783.000000000,38783.000000000,2,YM
2024-06-10T07:26:29.000000000Z,32,1,80420,38785.000000000,38785.000000000,38784.000000000,38784.000000000,2,YM
2024-06-10T07:26:35.000000000Z,32,1,80420,38784.000000000,38784.000000000,38784.000000000,38784.000000000,1,YM
2024-06-10T07:26:37.000000000Z,32,1,80420,38784.000000000,38784.000000000,38784.000000000,38784.000000000,1,YM
2024-06-10T07:26:38.000000000Z,32,1,80420,38785.000000000,38785.000000000,38785.000000000,38785.000000000,2,YM
2024-06-10T07:26:43.000000000Z,32,1,80420,38784.000000000,38784.000000000,38783.000000000,38783.000000000,3,YM
2024-06-10T07:26:49.000000000Z,32,1,80420,38780.000000000,38780.000000000,38780.000000000,38780.000000000,2,YM
2024-06-10T07:26:50.000000000Z,32,1,80420,38781.000000000,38781.000000000,38781.000000000,38781.000000000,3,YM
2024-06-10T07:26:52.000000000Z,32,1,80420,38779.000000000,38779.000000000,38779.000000000,38779.000000000,2,YM
2024-06-10T07:26:56.000000000Z,32,1,80420,38779.000000000,38779.000000000,38779.000000000,38779.000000000,1,YM
2024-06-10T07:27:06.000000000Z,32,1,80420,38776.000000000,38776.000000000,38774.000000000,38774.000000000,4,YM
2024-06-10T07:27:14.000000000Z,32,1,80420,38776.000000000,38776.000000000,38775.000000000,38775.000000000,3,YM
2024-06-10T07:27:16.000000000Z,32,1,80420,38776.000000000,38776.000000000,38776.000000000,38776.000000000,1,YM
2024-06-10T07:27:17.000000000Z,32,1,80420,38777.000000000,38777.000000000,38777.000000000,38777.000000000,1,YM
2024-06-10T07:27:21.000000000Z,32,1,80420,38776.000000000,38776.000000000,38776.000000000,38776.000000000,2,YM
2024-06-10T07:27:22.000000000Z,32,1,80420,38775.000000000,38777.000000000,38775.000000000,38777.000000000,7,YM
2024-06-10T07:27:25.000000000Z,32,1,80420,38777.000000000,38777.000000000,38777.000000000,38777.000000000,1,YM
2024-06-10T07:27:30.000000000Z,32,1,80420,38778.000000000,38778.000000000,38778.000000000,38778.000000000,3,YM
2024-06-10T07:27:35.000000000Z,32,1,80420,38779.000000000,38779.000000000,38779.000000000,38779.000000000,2,YM
2024-06-10T07:27:40.000000000Z,32,1,80420,38778.000000000,38781.000000000,38777.000000000,38781.000000000,5,YM
2024-06-10T07:27:44.000000000Z,32,1,80420,38778.000000000,38779.000000000,38778.000000000,38779.000000000,6,YM
2024-06-10T07:27:50.000000000Z,32,1,80420,38779.000000000,38779.000000000,38779.000000000,38779.000000000,2,YM
2024-06-10T07:27:52.000000000Z,32,1,80420,38779.000000000,38779.000000000,38779.000000000,38779.000000000,2,YM
2024-06-10T07:27:59.000000000Z,32,1,80420,38780.000000000,38780.000000000,38780.000000000,38780.000000000,2,YM
2024-06-10T07:28:00.000000000Z,32,1,80420,38781.000000000,38781.000000000,38780.000000000,38780.000000000,2,YM
2024-06-10T07:28:01.000000000Z,32,1,80420,38781.000000000,38781.000000000,38781.000000000,38781.000000000,2,YM
2024-06-10T07:28:04.000000000Z,32,1,80420,38780.000000000,38780.000000000,38780.000000000,38780.000000000,2,YM
2024-06-10T07:28:05.000000000Z,32,1,80420,38780.000000000,38780.000000000,38780.000000000,38780.000000000,2,YM
2024-06-10T07:28:06.000000000Z,32,1,80420,38779.000000000,38779.000000000,38776.000000000,38776.000000000,15,YM
2024-06-10T07:28:09.000000000Z,32,1,80420,38778.000000000,38778.000000000,38778.000000000,38778.000000000,3,YM
2024-06-10T07:28:10.000000000Z,32,1,80420,38780.000000000,38780.000000000,38780.000000000,38780.000000000,2,YM
2024-06-10T07:28:13.000000000Z,32,1,80420,38781.000000000,38781.000000000,38781.000000000,38781.000000000,5,YM
2024-06-10T07:28:15.000000000Z,32,1,80420,38781.000000000,38781.000000000,38781.000000000,38781.000000000,1,YM
2024-06-10T07:28:18.000000000Z,32,1,80420,38780.000000000,38780.000000000,38780.000000000,38780.000000000,1,YM
2024-06-10T07:28:23.000000000Z,32,1,80420,38782.000000000,38783.000000000,38782.000000000,38783.000000000,8,YM
2024-06-10T07:28:30.000000000Z,32,1,80420,38784.000000000,38784.000000000,38784.000000000,38784.000000000,1,YM
2024-06-10T07:28:31.000000000Z,32,1,80420,38785.000000000,38785.000000000,38785.000000000,38785.000000000,3,YM
2024-06-10T07:28:32.000000000Z,32,1,80420,38785.000000000,38785.000000000,38785.000000000,38785.000000000,1,YM
2024-06-10T07:28:34.000000000Z,32,1,80420,38785.000000000,38785.000000000,38785.000000000,38785.000000000,1,YM
2024-06-10T07:28:37.000000000Z,32,1,80420,38785.000000000,38785.000000000,38785.000000000,38785.000000000,1,YM
2024-06-10T07:28:39.000000000Z,32,1,80420,38785.000000000,38785.000000000,38785.000000000,38785.000000000,4,YM
2024-06-10T07:28:43.000000000Z,32,1,80420,38785.000000000,38785.000000000,38785.000000000,38785.000000000,2,YM
2024-06-10T07:28:44.000000000Z,32,1,80420,38786.000000000,38786.000000000,38786.000000000,38786.000000000,4,YM
2024-06-10T07:28:48.000000000Z,32,1,80420,38787.000000000,38787.000000000,38787.000000000,38787.000000000,2,YM
2024-06-10T07:28:49.000000000Z,32,1,80420,38787.000000000,38787.000000000,38786.000000000,38786.000000000,2,YM
2024-06-10T07:28:50.000000000Z,32,1,80420,38785.000000000,38788.000000000,38785.000000000,38788.000000000,11,YM
2024-06-10T07:28:54.000000000Z,32,1,80420,38788.000000000,38789.000000000,38788.000000000,38789.000000000,3,YM
2024-06-10T07:28:56.000000000Z,32,1,80420,38790.000000000,38790.000000000,38790.000000000,38790.000000000,1,YM
2024-06-10T07:28:57.000000000Z,32,1,80420,38790.000000000,38790.000000000,38790.000000000,38790.000000000,3,YM
2024-06-10T07:28:59.000000000Z,32,1,80420,38791.000000000,38791.000000000,38791.000000000,38791.000000000,1,YM
2024-06-10T07:29:00.000000000Z,32,1,80420,38790.000000000,38791.000000000,38790.000000000,38791.000000000,2,YM
2024-06-10T07:29:01.000000000Z,32,1,80420,38791.000000000,38791.000000000,38791.000000000,38791.000000000,2,YM
2024-06-10T07:29:02.000000000Z,32,1,80420,38791.000000000,38791.000000000,38791.000000000,38791.000000000,1,YM
2024-06-10T07:29:03.000000000Z,32,1,80420,38792.000000000,38793.000000000,38792.000000000,38793.000000000,5,YM
2024-06-10T07:29:07.000000000Z,32,1,80420,38793.000000000,38793.000000000,38793.000000000,38793.000000000,1,YM
2024-06-10T07:29:09.000000000Z,32,1,80420,38794.000000000,38794.000000000,38794.000000000,38794.000000000,2,YM
2024-06-10T07:29:10.000000000Z,32,1,80420,38794.000000000,38794.000000000,38794.000000000,38794.000000000,1,YM
2024-06-10T07:29:11.000000000Z,32,1,80420,38794.000000000,38794.000000000,38794.000000000,38794.000000000,2,YM
2024-06-10T07:29:13.000000000Z,32,1,80420,38795.000000000,38795.000000000,38795.000000000,38795.000000000,5,YM
2024-06-10T07:29:14.000000000Z,32,1,80420,38796.000000000,38797.000000000,38796.000000000,38797.000000000,5,YM
2024-06-10T07:29:15.000000000Z,32,1,80420,38796.000000000,38797.000000000,38796.000000000,38797.000000000,4,YM
2024-06-10T07:29:17.000000000Z,32,1,80420,38797.000000000,38797.000000000,38797.000000000,38797.000000000,1,YM
2024-06-10T07:29:18.000000000Z,32,1,80420,38798.000000000,38799.000000000,38798.000000000,38799.000000000,4,YM
2024-06-10T07:29:19.000000000Z,32,1,80420,38799.000000000,38799.000000000,38798.000000000,38798.000000000,3,YM
2024-06-10T07:29:20.000000000Z,32,1,80420,38797.000000000,38797.000000000,38797.000000000,38797.000000000,1,YM
2024-06-10T07:29:22.000000000Z,32,1,80420,38798.000000000,38799.000000000,38797.000000000,38797.000000000,4,YM
2024-06-10T07:29:23.000000000Z,32,1,80420,38795.000000000,38797.000000000,38795.000000000,38797.000000000,3,YM
2024-06-10T07:29:24.000000000Z,32,1,80420,38798.000000000,38798.000000000,38798.000000000,38798.000000000,1,YM
2024-06-10T07:29:25.000000000Z,32,1,80420,38796.000000000,38796.000000000,38796.000000000,38796.000000000,2,YM
2024-06-10T07:29:26.000000000Z,32,1,80420,38797.000000000,38797.000000000,38796.000000000,38796.000000000,3,YM
2024-06-10T07:29:30.000000000Z,32,1,80420,38796.000000000,38796.000000000,38796.000000000,38796.000000000,2,YM
2024-06-10T07:29:31.000000000Z,32,1,80420,38795.000000000,38795.000000000,38795.000000000,38795.000000000,2,YM
2024-06-10T07:29:32.000000000Z,32,1,80420,38795.000000000,38795.000000000,38795.000000000,38795.000000000,1,YM
2024-06-10T07:29:33.000000000Z,32,1,80420,38793.000000000,38797.000000000,38793.000000000,38797.000000000,18,YM
2024-06-10T07:29:34.000000000Z,32,1,80420,38797.000000000,38797.000000000,38797.000000000,38797.000000000,2,YM
2024-06-10T07:29:35.000000000Z,32,1,80420,38797.000000000,38797.000000000,38797.000000000,38797.000000000,3,YM
2024-06-10T07:29:36.000000000Z,32,1,80420,38798.000000000,38798.000000000,38798.000000000,38798.000000000,1,YM
2024-06-10T07:29:39.000000000Z,32,1,80420,38798.000000000,38798.000000000,38797.000000000,38798.000000000,13,YM
2024-06-10T07:29:42.000000000Z,32,1,80420,38798.000000000,38798.000000000,38798.000000000,38798.000000000,2,YM
2024-06-10T07:29:44.000000000Z,32,1,80420,38800.000000000,38801.000000000,38800.000000000,38800.000000000,12,YM
2024-06-10T07:29:47.000000000Z,32,1,80420,38800.000000000,38800.000000000,38800.000000000,38800.000000000,1,YM
2024-06-10T07:29:49.000000000Z,32,1,80420,38799.000000000,38799.000000000,38799.000000000,38799.000000000,8,YM
2024-06-10T07:29:50.000000000Z,32,1,80420,38800.000000000,38800.000000000,38800.000000000,38800.000000000,2,YM
2024-06-10T07:29:51.000000000Z,32,1,80420,38800.000000000,38800.000000000,38799.000000000,38799.000000000,2,YM
2024-06-10T07:29:52.000000000Z,32,1,80420,38800.000000000,38800.000000000,38797.000000000,38797.000000000,9,YM
2024-06-10T07:29:53.000000000Z,32,1,80420,38796.000000000,38796.000000000,38796.000000000,38796.000000000,2,YM
2024-06-10T07:29:54.000000000Z,32,1,80420,38795.000000000,38795.000000000,38795.000000000,38795.000000000,1,YM
2024-06-10T07:29:59.000000000Z,32,1,80420,38794.000000000,38794.000000000,38794.000000000,38794.000000000,4,YM
2024-06-10T07:30:00.000000000Z,32,1,80420,38795.000000000,38796.000000000,38795.000000000,38796.000000000,7,YM
2024-06-10T07:30:05.000000000Z,32,1,80420,38794.000000000,38794.000000000,38794.000000000,38794.000000000,2,YM
2024-06-10T07:30:06.000000000Z,32,1,80420,38793.000000000,38793.000000000,38793.000000000,38793.000000000,1,YM
2024-06-10T07:30:08.000000000Z,32,1,80420,38792.000000000,38792.000000000,38792.000000000,38792.000000000,1,YM
2024-06-10T07:30:10.000000000Z,32,1,80420,38792.000000000,38792.000000000,38792.000000000,38792.000000000,1,YM
2024-06-10T07:30:11.000000000Z,32,1,80420,38789.000000000,38789.000000000,38788.000000000,38788.000000000,6,YM
2024-06-10T07:30:12.000000000Z,32,1,80420,38788.000000000,38788.000000000,38788.000000000,38788.000000000,2,YM
2024-06-10T07:30:13.000000000Z,32,1,80420,38789.000000000,38789.000000000,38789.000000000,38789.000000000,1,YM
2024-06-10T07:30:15.000000000Z,32,1,80420,38789.000000000,38789.000000000,38789.000000000,38789.000000000,1,YM
2024-06-10T07:30:18.000000000Z,32,1,80420,38790.000000000,38790.000000000,38790.000000000,38790.000000000,1,YM
2024-06-10T07:30:19.000000000Z,32,1,80420,38791.000000000,38791.000000000,38790.000000000,38790.000000000,2,YM
2024-06-10T07:30:20.000000000Z,32,1,80420,38790.000000000,38791.000000000,38789.000000000,38791.000000000,3,YM
2024-06-10T07:30:21.000000000Z,32,1,80420,38791.000000000,38791.000000000,38791.000000000,38791.000000000,2,YM
2024-06-10T07:30:23.000000000Z,32,1,80420,38791.000000000,38791.000000000,38791.000000000,38791.000000000,2,YM
2024-06-10T07:30:25.000000000Z,32,1,80420,38788.000000000,38788.000000000,38788.000000000,38788.000000000,1,YM
2024-06-10T07:30:26.000000000Z,32,1,80420,38787.000000000,38787.000000000,38786.000000000,38786.000000000,2,YM
2024-06-10T07:30:27.000000000Z,32,1,80420,38786.000000000,38786.000000000,38786.000000000,38786.000000000,2,YM
2024-06-10T07:30:32.000000000Z,32,1,80420,38785.000000000,38787.000000000,38785.000000000,38787.000000000,4,YM
2024-06-10T07:30:35.000000000Z,32,1,80420,38788.000000000,38788.000000000,38788.000000000,38788.000000000,6,YM
2024-06-10T07:30:36.000000000Z,32,1,80420,38787.000000000,38787.000000000,38787.000000000,38787.000000000,1,YM
2024-06-10T07:30:37.000000000Z,32,1,80420,38787.000000000,38790.000000000,38787.000000000,38789.000000000,21,YM
2024-06-10T07:30:39.000000000Z,32,1,80420,38790.000000000,38790.000000000,38790.000000000,38790.000000000,2,YM
2024-06-10T07:30:40.000000000Z,32,1,80420,38789.000000000,38789.000000000,38789.000000000,38789.000000000,1,YM
2024-06-10T07:30:45.000000000Z,32,1,80420,38791.000000000,38791.000000000,38791.000000000,38791.000000000,3,YM
2024-06-10T07:30:46.000000000Z,32,1,80420,38790.000000000,38790.000000000,38789.000000000,38789.000000000,3,YM
2024-06-10T07:30:47.000000000Z,32,1,80420,38789.000000000,38789.000000000,38789.000000000,38789.000000000,1,YM
2024-06-10T07:30:52.000000000Z,32,1,80420,38788.000000000,38788.000000000,38788.000000000,38788.000000000,1,YM
2024-06-10T07:30:54.000000000Z,32,1,80420,38789.000000000,38793.000000000,38789.000000000,38793.000000000,6,YM
2024-06-10T07:30:55.000000000Z,32,1,80420,38792.000000000,38792.000000000,38792.000000000,38792.000000000,1,YM
2024-06-10T07:31:00.000000000Z,32,1,80420,38792.000000000,38792.000000000,38792.000000000,38792.000000000,2,YM
2024-06-10T07:31:02.000000000Z,32,1,80420,38792.000000000,38792.000000000,38792.000000000,38792.000000000,1,YM
2024-06-10T07:31:04.000000000Z,32,1,80420,38790.000000000,38790.000000000,38789.000000000,38789.000000000,4,YM
2024-06-10T07:31:08.000000000Z,32,1,80420,38789.000000000,38789.000000000,38789.000000000,38789.000000000,1,YM
2024-06-10T07:31:10.000000000Z,32,1,80420,38789.000000000,38789.000000000,38789.000000000,38789.000000000,1,YM
2024-06-10T07:31:14.000000000Z,32,1,80420,38788.000000000,38788.000000000,38788.000000000,38788.000000000,2,YM
2024-06-10T07:31:15.000000000Z,32,1,80420,38788.000000000,38788.000000000,38788.000000000,38788.000000000,1,YM
2024-06-10T07:31:16.000000000Z,32,1,80420,38787.000000000,38787.000000000,38787.000000000,38787.000000000,2,YM
2024-06-10T07:31:17.000000000Z,32,1,80420,38788.000000000,38788.000000000,38788.000000000,38788.000000000,1,YM
2024-06-10T07:31:20.000000000Z,32,1,80420,38786.000000000,38786.000000000,38785.000000000,38785.000000000,5,YM
2024-06-10T07:31:22.000000000Z,32,1,80420,38786.000000000,38786.000000000,38785.000000000,38785.000000000,3,YM
2024-06-10T07:31:23.000000000Z,32,1,80420,38786.000000000,38786.000000000,38786.000000000,38786.000000000,1,YM
2024-06-10T07:31:24.000000000Z,32,1,80420,38787.000000000,38787.000000000,38787.000000000,38787.000000000,1,YM
2024-06-10T07:31:25.000000000Z,32,1,80420,38789.000000000,38790.000000000,38789.000000000,38790.000000000,3,YM
2024-06-10T07:31:27.000000000Z,32,1,80420,38791.000000000,38791.000000000,38791.000000000,38791.000000000,4,YM
2024-06-10T07:31:31.000000000Z,32,1,80420,38788.000000000,38788.000000000,38788.000000000,38788.000000000,1,YM
2024-06-10T07:31:34.000000000Z,32,1,80420,38788.000000000,38788.000000000,38788.000000000,38788.000000000,1,YM
2024-06-10T07:31:35.000000000Z,32,1,80420,38788.000000000,38788.000000000,38788.000000000,38788.000000000,1,YM
2024-06-10T07:31:38.000000000Z,32,1,80420,38788.000000000,38788.000000000,38788.000000000,38788.000000000,1,YM
2024-06-10T07:31:40.000000000Z,32,1,80420,38787.000000000,38788.000000000,38787.000000000,38788.000000000,3,YM
2024-06-10T07:31:41.000000000Z,32,1,80420,38786.000000000,38786.000000000,38786.000000000,38786.000000000,2,YM
2024-06-10T07:31:46.000000000Z,32,1,80420,38787.000000000,38787.000000000,38787.000000000,38787.000000000,1,YM
2024-06-10T07:31:47.000000000Z,32,1,80420,38788.000000000,38788.000000000,38788.000000000,38788.000000000,2,YM
2024-06-10T07:31:48.000000000Z,32,1,80420,38790.000000000,38791.000000000,38790.000000000,38791.000000000,2,YM
2024-06-10T07:31:50.000000000Z,32,1,80420,38792.000000000,38792.000000000,38792.000000000,38792.000000000,1,YM
2024-06-10T07:31:51.000000000Z,32,1,80420,38793.000000000,38793.000000000,38793.000000000,38793.000000000,2,YM
2024-06-10T07:31:53.000000000Z,32,1,80420,38795.000000000,38795.000000000,38793.000000000,38794.000000000,10,YM
2024-06-10T07:31:56.000000000Z,32,1,80420,38794.000000000,38798.000000000,38794.000000000,38798.000000000,7,YM
2024-06-10T07:31:58.000000000Z,32,1,80420,38798.000000000,38798.000000000,38798.000000000,38798.000000000,1,YM
2024-06-10T07:31:59.000000000Z,32,1,80420,38797.000000000,38797.000000000,38796.000000000,38796.000000000,2,YM
2024-06-10T07:32:00.000000000Z,32,1,80420,38797.000000000,38797.000000000,38796.000000000,38797.000000000,3,YM
2024-06-10T07:32:02.000000000Z,32,1,80420,38797.000000000,38797.000000000,38797.000000000,38797.000000000,1,YM
2024-06-10T07:32:03.000000000Z,32,1,80420,38798.000000000,38798.000000000,38798.000000000,38798.000000000,3,YM
2024-06-10T07:32:04.000000000Z,32,1,80420,38799.000000000,38799.000000000,38799.000000000,38799.000000000,2,YM
2024-06-10T07:32:05.000000000Z,32,1,80420,38798.000000000,38798.000000000,38798.000000000,38798.000000000,2,YM
2024-06-10T07:32:09.000000000Z,32,1,80420,38797.000000000,38797.000000000,38797.000000000,38797.000000000,1,YM
2024-06-10T07:32:23.000000000Z,32,1,80420,38797.000000000,38797.000000000,38797.000000000,38797.000000000,2,YM
2024-06-10T07:32:30.000000000Z,32,1,80420,38798.000000000,38799.000000000,38798.000000000,38799.000000000,2,YM
2024-06-10T07:32:40.000000000Z,32,1,80420,38798.000000000,38798.000000000,38798.000000000,38798.000000000,1,YM
2024-06-10T07:32:41.000000000Z,32,1,80420,38799.000000000,38799.000000000,38798.000000000,38798.000000000,3,YM
2024-06-10T07:32:42.000000000Z,32,1,80420,38797.000000000,38797.000000000,38797.000000000,38797.000000000,1,YM
2024-06-10T07:32:43.000000000Z,32,1,80420,38796.000000000,38796.000000000,38796.000000000,38796.000000000,2,YM
2024-06-10T07:32:47.000000000Z,32,1,80420,38796.000000000,38796.000000000,38796.000000000,38796.000000000,3,YM
2024-06-10T07:32:49.000000000Z,32,1,80420,38796.000000000,38798.000000000,38796.000000000,38798.000000000,4,YM
2024-06-10T07:32:51.000000000Z,32,1,80420,38798.000000000,38798.000000000,38798.000000000,38798.000000000,1,YM
2024-06-10T07:32:54.000000000Z,32,1,80420,38798.000000000,38798.000000000,38798.000000000,38798.000000000,2,YM
2024-06-10T07:33:01.000000000Z,32,1,80420,38797.000000000,38797.000000000,38797.000000000,38797.000000000,2,YM
2024-06-10T07:33:02.000000000Z,32,1,80420,38797.000000000,38797.000000000,38797.000000000,38797.000000000,1,YM
2024-06-10T07:33:03.000000000Z,32,1,80420,38798.000000000,38801.000000000,38798.000000000,38801.000000000,8,YM
2024-06-10T07:33:05.000000000Z,32,1,80420,38799.000000000,38799.000000000,38799.000000000,38799.000000000,2,YM
2024-06-10T07:33:06.000000000Z,32,1,80420,38800.000000000,38800.000000000,38800.000000000,38800.000000000,2,YM
2024-06-10T07:33:10.000000000Z,32,1,80420,38799.000000000,38799.000000000,38799.000000000,38799.000000000,1,YM
2024-06-10T07:33:22.000000000Z,32,1,80420,38802.000000000,38802.000000000,38802.000000000,38802.000000000,1,YM
2024-06-10T07:33:25.000000000Z,32,1,80420,38802.000000000,38802.000000000,38802.000000000,38802.000000000,5,YM
2024-06-10T07:33:37.000000000Z,32,1,80420,38802.000000000,38802.000000000,38801.000000000,38801.000000000,7,YM
2024-06-10T07:33:42.000000000Z,32,1,80420,38800.000000000,38800.000000000,38800.000000000,38800.000000000,2,YM
2024-06-10T07:33:46.000000000Z,32,1,80420,38800.000000000,38800.000000000,38800.000000000,38800.000000000,3,YM
2024-06-10T07:33:50.000000000Z,32,1,80420,38803.000000000,38803.000000000,38803.000000000,38803.000000000,1,YM
2024-06-10T07:33:51.000000000Z,32,1,80420,38802.000000000,38802.000000000,38802.000000000,38802.000000000,1,YM
2024-06-10T07:33:56.000000000Z,32,1,80420,38801.000000000,38801.000000000,38801.000000000,38801.000000000,1,YM
2024-06-10T07:34:00.000000000Z,32,1,80420,38800.000000000,38800.000000000,38800.000000000,38800.000000000,1,YM
2024-06-10T07:34:05.000000000Z,32,1,80420,38796.000000000,38796.000000000,38796.000000000,38796.000000000,2,YM
2024-06-10T07:34:08.000000000Z,32,1,80420,38794.000000000,38794.000000000,38794.000000000,38794.000000000,1,YM
2024-06-10T07:34:09.000000000Z,32,1,80420,38795.000000000,38797.000000000,38795.000000000,38797.000000000,2,YM
2024-06-10T07:34:13.000000000Z,32,1,80420,38796.000000000,38796.000000000,38796.000000000,38796.000000000,3,YM
2024-06-10T07:34:18.000000000Z,32,1,80420,38797.000000000,38797.000000000,38797.000000000,38797.000000000,1,YM
2024-06-10T07:34:19.000000000Z,32,1,80420,38797.000000000,38797.000000000,38797.000000000,38797.000000000,3,YM
2024-06-10T07:34:24.000000000Z,32,1,80420,38796.000000000,38798.000000000,38795.000000000,38798.000000000,6,YM
2024-06-10T07:34:25.000000000Z,32,1,80420,38798.000000000,38798.000000000,38798.000000000,38798.000000000,1,YM
2024-06-10T07:34:27.000000000Z,32,1,80420,38799.000000000,38799.000000000,38799.000000000,38799.000000000,1,YM
2024-06-10T07:34:28.000000000Z,32,1,80420,38800.000000000,38800.000000000,38800.000000000,38800.000000000,1,YM
2024-06-10T07:34:31.000000000Z,32,1,80420,38801.000000000,38801.000000000,38801.000000000,38801.000000000,1,YM
2024-06-10T07:34:35.000000000Z,32,1,80420,38801.000000000,38801.000000000,38801.000000000,38801.000000000,2,YM
2024-06-10T07:34:36.000000000Z,32,1,80420,38801.000000000,38803.000000000,38801.000000000,38803.000000000,4,YM
2024-06-10T07:34:37.000000000Z,32,1,80420,38801.000000000,38801.000000000,38801.000000000,38801.000000000,2,YM
2024-06-10T07:34:40.000000000Z,32,1,80420,38799.000000000,38799.000000000,38799.000000000,38799.000000000,1,YM
2024-06-10T07:34:41.000000000Z,32,1,80420,38799.000000000,38799.000000000,38799.000000000,38799.000000000,1,YM
2024-06-10T07:34:43.000000000Z,32,1,80420,38801.000000000,38802.000000000,38801.000000000,38801.000000000,8,YM
2024-06-10T07:34:49.000000000Z,32,1,80420,38799.000000000,38799.000000000,38799.000000000,38799.000000000,1,YM
2024-06-10T07:34:51.000000000Z,32,1,80420,38798.000000000,38798.000000000,38798.000000000,38798.000000000,2,YM
2024-06-10T07:34:53.000000000Z,32,1,80420,38798.000000000,38799.000000000,38798.000000000,38799.000000000,6,YM
2024-06-10T07:34:56.000000000Z,32,1,80420,38799.000000000,38799.000000000,38799.000000000,38799.000000000,1,YM
2024-06-10T07:34:57.000000000Z,32,1,80420,38799.000000000,38799.000000000,38799.000000000,38799.000000000,1,YM
2024-06-10T07:34:58.000000000Z,32,1,80420,38800.000000000,38800.000000000,38800.000000000,38800.000000000,1,YM
2024-06-10T07:35:00.000000000Z,32,1,80420,38801.000000000,38801.000000000,38801.000000000,38801.000000000,1,YM
2024-06-10T07:35:01.000000000Z,32,1,80420,38801.000000000,38801.000000000,38797.000000000,38797.000000000,11,YM
2024-06-10T07:35:02.000000000Z,32,1,80420,38796.000000000,38796.000000000,38796.000000000,38796.000000000,7,YM
2024-06-10T07:35:03.000000000Z,32,1,80420,38796.000000000,38797.000000000,38796.000000000,38797.000000000,4,YM
2024-06-10T07:35:04.000000000Z,32,1,80420,38797.000000000,38797.000000000,38797.000000000,38797.000000000,1,YM
2024-06-10T07:35:05.000000000Z,32,1,80420,38798.000000000,38798.000000000,38798.000000000,38798.000000000,2,YM
2024-06-10T07:35:06.000000000Z,32,1,80420,38798.000000000,38798.000000000,38798.000000000,38798.000000000,2,YM
2024-06-10T07:35:07.000000000Z,32,1,80420,38797.000000000,38797.000000000,38796.000000000,38796.000000000,7,YM
2024-06-10T07:35:08.000000000Z,32,1,80420,38795.000000000,38795.000000000,38795.000000000,38795.000000000,1,YM
2024-06-10T07:35:17.000000000Z,32,1,80420,38799.000000000,38799.000000000,38799.000000000,38799.000000000,2,YM
2024-06-10T07:35:18.000000000Z,32,1,80420,38801.000000000,38801.000000000,38801.000000000,38801.000000000,1,YM
2024-06-10T07:35:19.000000000Z,32,1,80420,38801.000000000,38801.000000000,38801.000000000,38801.000000000,2,YM
2024-06-10T07:35:22.000000000Z,32,1,80420,38802.000000000,38802.000000000,38802.000000000,38802.000000000,2,YM
2024-06-10T07:35:23.000000000Z,32,1,80420,38803.000000000,38803.000000000,38803.000000000,38803.000000000,2,YM
2024-06-10T07:35:35.000000000Z,32,1,80420,38804.000000000,38804.000000000,38804.000000000,38804.000000000,2,YM
2024-06-10T07:35:36.000000000Z,32,1,80420,38803.000000000,38803.000000000,38803.000000000,38803.000000000,1,YM
2024-06-10T07:35:40.000000000Z,32,1,80420,38803.000000000,38803.000000000,38803.000000000,38803.000000000,1,YM
2024-06-10T07:35:49.000000000Z,32,1,80420,38803.000000000,38804.000000000,38803.000000000,38804.000000000,3,YM
2024-06-10T07:35:56.000000000Z,32,1,80420,38805.000000000,38806.000000000,38805.000000000,38806.000000000,4,YM
2024-06-10T07:36:00.000000000Z,32,1,80420,38805.000000000,38805.000000000,38805.000000000,38805.000000000,1,YM
2024-06-10T07:36:03.000000000Z,32,1,80420,38806.000000000,38806.000000000,38806.000000000,38806.000000000,1,YM
2024-06-10T07:36:05.000000000Z,32,1,80420,38807.000000000,38807.000000000,38807.000000000,38807.000000000,2,YM
2024-06-10T07:36:10.000000000Z,32,1,80420,38805.000000000,38805.000000000,38805.000000000,38805.000000000,2,YM
2024-06-10T07:36:20.000000000Z,32,1,80420,38804.000000000,38805.000000000,38804.000000000,38804.000000000,4,YM
2024-06-10T07:36:22.000000000Z,32,1,80420,38804.000000000,38804.000000000,38804.000000000,38804.000000000,1,YM
2024-06-10T07:36:24.000000000Z,32,1,80420,38802.000000000,38802.000000000,38802.000000000,38802.000000000,2,YM
2024-06-10T07:36:27.000000000Z,32,1,80420,38799.000000000,38799.000000000,38799.000000000,38799.000000000,1,YM
2024-06-10T07:36:32.000000000Z,32,1,80420,38797.000000000,38797.000000000,38797.000000000,38797.000000000,1,YM
2024-06-10T07:36:34.000000000Z,32,1,80420,38797.000000000,38797.000000000,38797.000000000,38797.000000000,1,YM
2024-06-10T07:36:35.000000000Z,32,1,80420,38798.000000000,38798.000000000,38798.000000000,38798.000000000,1,YM
2024-06-10T07:36:40.000000000Z,32,1,80420,38798.000000000,38798.000000000,38798.000000000,38798.000000000,1,YM
2024-06-10T07:36:46.000000000Z,32,1,80420,38794.000000000,38794.000000000,38794.000000000,38794.000000000,1,YM
2024-06-10T07:36:47.000000000Z,32,1,80420,38795.000000000,38795.000000000,38795.000000000,38795.000000000,1,YM
2024-06-10T07:36:55.000000000Z,32,1,80420,38793.000000000,38793.000000000,38793.000000000,38793.000000000,1,YM
2024-06-10T07:36:57.000000000Z,32,1,80420,38793.000000000,38793.000000000,38792.000000000,38792.000000000,2,YM
2024-06-10T07:36:58.000000000Z,32,1,80420,38790.000000000,38790.000000000,38790.000000000,38790.000000000,1,YM
2024-06-10T07:36:59.000000000Z,32,1,80420,38791.000000000,38793.000000000,38791.000000000,38793.000000000,8,YM
2024-06-10T07:37:00.000000000Z,32,1,80420,38794.000000000,38794.000000000,38792.000000000,38792.000000000,2,YM
2024-06-10T07:37:02.000000000Z,32,1,80420,38791.000000000,38791.000000000,38791.000000000,38791.000000000,1,YM
2024-06-10T07:37:07.000000000Z,32,1,80420,38790.000000000,38790.000000000,38790.000000000,38790.000000000,2,YM
2024-06-10T07:37:08.000000000Z,32,1,80420,38791.000000000,38791.000000000,38791.000000000,38791.000000000,1,YM
2024-06-10T07:37:09.000000000Z,32,1,80420,38792.000000000,38792.000000000,38792.000000000,38792.000000000,1,YM
2024-06-10T07:37:12.000000000Z,32,1,80420,38790.000000000,38793.000000000,38790.000000000,38793.000000000,5,YM
2024-06-10T07:37:15.000000000Z,32,1,80420,38794.000000000,38794.000000000,38794.000000000,38794.000000000,1,YM
2024-06-10T07:37:20.000000000Z,32,1,80420,38793.000000000,38793.000000000,38793.000000000,38793.000000000,1,YM
2024-06-10T07:37:21.000000000Z,32,1,80420,38792.000000000,38792.000000000,38791.000000000,38791.000000000,4,YM
2024-06-10T07:37:27.000000000Z,32,1,80420,38788.000000000,38788.000000000,38788.000000000,38788.000000000,3,YM
2024-06-10T07:37:30.000000000Z,32,1,80420,38788.000000000,38788.000000000,38787.000000000,38787.000000000,3,YM
2024-06-10T07:37:31.000000000Z,32,1,80420,38786.000000000,38786.000000000,38786.000000000,38786.000000000,7,YM
2024-06-10T07:37:32.000000000Z,32,1,80420,38785.000000000,38785.000000000,38784.000000000,38784.000000000,4,YM
2024-06-10T07:37:33.000000000Z,32,1,80420,38786.000000000,38786.000000000,38786.000000000,38786.000000000,2,YM
2024-06-10T07:37:34.000000000Z,32,1,80420,38786.000000000,38786.000000000,38786.000000000,38786.000000000,5,YM
2024-06-10T07:37:36.000000000Z,32,1,80420,38785.000000000,38785.000000000,38785.000000000,38785.000000000,3,YM
2024-06-10T07:37:37.000000000Z,32,1,80420,38784.000000000,38784.000000000,38784.000000000,38784.000000000,1,YM
2024-06-10T07:37:38.000000000Z,32,1,80420,38784.000000000,38784.000000000,38783.000000000,38783.000000000,2,YM
2024-06-10T07:37:39.000000000Z,32,1,80420,38782.000000000,38782.000000000,38782.000000000,38782.000000000,1,YM
2024-06-10T07:37:41.000000000Z,32,1,80420,38783.000000000,38783.000000000,38783.000000000,38783.000000000,4,YM
2024-06-10T07:37:42.000000000Z,32,1,80420,38782.000000000,38782.000000000,38782.000000000,38782.000000000,1,YM
2024-06-10T07:37:43.000000000Z,32,1,80420,38783.000000000,38784.000000000,38783.000000000,38784.000000000,2,YM
2024-06-10T07:37:49.000000000Z,32,1,80420,38786.000000000,38787.000000000,38786.000000000,38787.000000000,2,YM
2024-06-10T07:37:56.000000000Z,32,1,80420,38786.000000000,38786.000000000,38786.000000000,38786.000000000,1,YM
2024-06-10T07:37:57.000000000Z,32,1,80420,38786.000000000,38786.000000000,38786.000000000,38786.000000000,1,YM
2024-06-10T07:38:00.000000000Z,32,1,80420,38787.000000000,38789.000000000,38786.000000000,38786.000000000,4,YM
2024-06-10T07:38:01.000000000Z,32,1,80420,38786.000000000,38787.000000000,38786.000000000,38787.000000000,4,YM
2024-06-10T07:38:03.000000000Z,32,1,80420,38788.000000000,38788.000000000,38788.000000000,38788.000000000,2,YM
2024-06-10T07:38:06.000000000Z,32,1,80420,38785.000000000,38785.000000000,38785.000000000,38785.000000000,1,YM
2024-06-10T07:38:07.000000000Z,32,1,80420,38785.000000000,38785.000000000,38785.000000000,38785.000000000,1,YM
2024-06-10T07:38:11.000000000Z,32,1,80420,38785.000000000,38785.000000000,38785.000000000,38785.000000000,2,YM
2024-06-10T07:38:12.000000000Z,32,1,80420,38786.000000000,38786.000000000,38786.000000000,38786.000000000,1,YM
2024-06-10T07:38:13.000000000Z,32,1,80420,38784.000000000,38784.000000000,38783.000000000,38783.000000000,3,YM
2024-06-10T07:38:17.000000000Z,32,1,80420,38781.000000000,38781.000000000,38781.000000000,38781.000000000,1,YM
2024-06-10T07:38:18.000000000Z,32,1,80420,38781.000000000,38781.000000000,38781.000000000,38781.000000000,1,YM
2024-06-10T07:38:20.000000000Z,32,1,80420,38783.000000000,38783.000000000,38783.000000000,38783.000000000,2,YM
2024-06-10T07:38:22.000000000Z,32,1,80420,38784.000000000,38784.000000000,38784.000000000,38784.000000000,2,YM
2024-06-10T07:38:23.000000000Z,32,1,80420,38783.000000000,38783.000000000,38782.000000000,38782.000000000,6,YM
2024-06-10T07:38:24.000000000Z,32,1,80420,38781.000000000,38781.000000000,38781.000000000,38781.000000000,4,YM
2024-06-10T07:38:25.000000000Z,32,1,80420,38781.000000000,38782.000000000,38781.000000000,38782.000000000,3,YM
2024-06-10T07:38:29.000000000Z,32,1,80420,38782.000000000,38782.000000000,38782.000000000,38782.000000000,2,YM
2024-06-10T07:38:30.000000000Z,32,1,80420,38783.000000000,38783.000000000,38783.000000000,38783.000000000,2,YM
2024-06-10T07:38:35.000000000Z,32,1,80420,38785.000000000,38786.000000000,38785.000000000,38786.000000000,2,YM
2024-06-10T07:38:41.000000000Z,32,1,80420,38790.000000000,38790.000000000,38790.000000000,38790.000000000,1,YM
2024-06-10T07:38:47.000000000Z,32,1,80420,38790.000000000,38790.000000000,38790.000000000,38790.000000000,1,YM
2024-06-10T07:38:55.000000000Z,32,1,80420,38792.000000000,38793.000000000,38792.000000000,38793.000000000,4,YM
2024-06-10T07:39:00.000000000Z,32,1,80420,38794.000000000,38795.000000000,38794.000000000,38795.000000000,2,YM
2024-06-10T07:39:02.000000000Z,32,1,80420,38795.000000000,38795.000000000,38795.000000000,38795.000000000,4,YM
2024-06-10T07:39:04.000000000Z,32,1,80420,38797.000000000,38797.000000000,38797.000000000,38797.000000000,1,YM
2024-06-10T07:39:07.000000000Z,32,1,80420,38796.000000000,38796.000000000,38796.000000000,38796.000000000,1,YM
2024-06-10T07:39:16.000000000Z,32,1,80420,38797.000000000,38797.000000000,38797.000000000,38797.000000000,3,YM
2024-06-10T07:39:17.000000000Z,32,1,80420,38798.000000000,38798.000000000,38795.000000000,38795.000000000,4,YM
2024-06-10T07:39:18.000000000Z,32,1,80420,38795.000000000,38795.000000000,38795.000000000,38795.000000000,1,YM
2024-06-10T07:39:20.000000000Z,32,1,80420,38796.000000000,38796.000000000,38796.000000000,38796.000000000,1,YM
2024-06-10T07:39:22.000000000Z,32,1,80420,38793.000000000,38793.000000000,38793.000000000,38793.000000000,1,YM
2024-06-10T07:39:24.000000000Z,32,1,80420,38792.000000000,38792.000000000,38790.000000000,38790.000000000,7,YM
2024-06-10T07:39:26.000000000Z,32,1,80420,38790.000000000,38790.000000000,38789.000000000,38789.000000000,2,YM
2024-06-10T07:39:29.000000000Z,32,1,80420,38788.000000000,38789.000000000,38788.000000000,38789.000000000,3,YM
2024-06-10T07:39:31.000000000Z,32,1,80420,38788.000000000,38790.000000000,38788.000000000,38790.000000000,7,YM
2024-06-10T07:39:32.000000000Z,32,1,80420,38789.000000000,38789.000000000,38789.000000000,38789.000000000,1,YM
2024-06-10T07:39:42.000000000Z,32,1,80420,38792.000000000,38792.000000000,38792.000000000,38792.000000000,2,YM
2024-06-10T07:39:49.000000000Z,32,1,80420,38794.000000000,38794.000000000,38793.000000000,38793.000000000,3,YM
2024-06-10T07:39:50.000000000Z,32,1,80420,38791.000000000,38791.000000000,38791.000000000,38791.000000000,1,YM
2024-06-10T07:40:00.000000000Z,32,1,80420,38792.000000000,38792.000000000,38792.000000000,38792.000000000,1,YM
2024-06-10T07:40:04.000000000Z,32,1,80420,38793.000000000,38793.000000000,38793.000000000,38793.000000000,1,YM
2024-06-10T07:40:09.000000000Z,32,1,80420,38793.000000000,38793.000000000,38793.000000000,38793.000000000,1,YM
2024-06-10T07:40:14.000000000Z,32,1,80420,38792.000000000,38792.000000000,38792.000000000,38792.000000000,1,YM
2024-06-10T07:40:20.000000000Z,32,1,80420,38791.000000000,38791.000000000,38791.000000000,38791.000000000,1,YM
2024-06-10T07:40:21.000000000Z,32,1,80420,38790.000000000,38790.000000000,38790.000000000,38790.000000000,1,YM
2024-06-10T07:40:25.000000000Z,32,1,80420,38790.000000000,38790.000000000,38790.000000000,38790.000000000,3,YM
2024-06-10T07:40:26.000000000Z,32,1,80420,38790.000000000,38790.000000000,38790.000000000,38790.000000000,3,YM
2024-06-10T07:40:35.000000000Z,32,1,80420,38789.000000000,38789.000000000,38789.000000000,38789.000000000,2,YM
2024-06-10T07:40:40.000000000Z,32,1,80420,38789.000000000,38789.000000000,38789.000000000,38789.000000000,1,YM
2024-06-10T07:40:45.000000000Z,32,1,80420,38790.000000000,38790.000000000,38790.000000000,38790.000000000,1,YM
2024-06-10T07:40:53.000000000Z,32,1,80420,38791.000000000,38791.000000000,38791.000000000,38791.000000000,3,YM
2024-06-10T07:41:00.000000000Z,32,1,80420,38790.000000000,38790.000000000,38790.000000000,38790.000000000,1,YM
2024-06-10T07:41:02.000000000Z,32,1,80420,38791.000000000,38791.000000000,38791.000000000,38791.000000000,1,YM
2024-06-10T07:41:11.000000000Z,32,1,80420,38789.000000000,38789.000000000,38789.000000000,38789.000000000,1,YM
2024-06-10T07:41:17.000000000Z,32,1,80420,38790.000000000,38790.000000000,38790.000000000,38790.000000000,1,YM
2024-06-10T07:41:22.000000000Z,32,1,80420,38789.000000000,38789.000000000,38789.000000000,38789.000000000,1,YM
2024-06-10T07:41:23.000000000Z,32,1,80420,38791.000000000,38791.000000000,38791.000000000,38791.000000000,2,YM
2024-06-10T07:41:37.000000000Z,32,1,80420,38791.000000000,38791.000000000,38791.000000000,38791.000000000,1,YM
2024-06-10T07:41:38.000000000Z,32,1,80420,38791.000000000,38791.000000000,38791.000000000,38791.000000000,1,YM
2024-06-10T07:41:40.000000000Z,32,1,80420,38789.000000000,38789.000000000,38789.000000000,38789.000000000,1,YM
2024-06-10T07:41:42.000000000Z,32,1,80420,38790.000000000,38790.000000000,38790.000000000,38790.000000000,1,YM
2024-06-10T07:41:47.000000000Z,32,1,80420,38789.000000000,38789.000000000,38789.000000000,38789.000000000,2,YM
2024-06-10T07:41:51.000000000Z,32,1,80420,38789.000000000,38789.000000000,38789.000000000,38789.000000000,1,YM
2024-06-10T07:41:53.000000000Z,32,1,80420,38790.000000000,38790.000000000,38790.000000000,38790.000000000,1,YM
2024-06-10T07:41:55.000000000Z,32,1,80420,38791.000000000,38791.000000000,38791.000000000,38791.000000000,1,YM
2024-06-10T07:42:00.000000000Z,32,1,80420,38792.000000000,38792.000000000,38792.000000000,38792.000000000,1,YM
2024-06-10T07:42:05.000000000Z,32,1,80420,38791.000000000,38791.000000000,38790.000000000,38790.000000000,2,YM
2024-06-10T07:42:06.000000000Z,32,1,80420,38792.000000000,38792.000000000,38792.000000000,38792.000000000,1,YM
2024-06-10T07:42:08.000000000Z,32,1,80420,38793.000000000,38793.000000000,38793.000000000,38793.000000000,1,YM
2024-06-10T07:42:15.000000000Z,32,1,80420,38793.000000000,38793.000000000,38793.000000000,38793.000000000,2,YM
2024-06-10T07:42:17.000000000Z,32,1,80420,38792.000000000,38793.000000000,38792.000000000,38793.000000000,4,YM
2024-06-10T07:42:21.000000000Z,32,1,80420,38790.000000000,38790.000000000,38790.000000000,38790.000000000,1,YM
2024-06-10T07:42:23.000000000Z,32,1,80420,38790.000000000,38792.000000000,38790.000000000,38792.000000000,15,YM
2024-06-10T07:42:35.000000000Z,32,1,80420,38794.000000000,38794.000000000,38794.000000000,38794.000000000,2,YM
2024-06-10T07:42:40.000000000Z,32,1,80420,38792.000000000,38792.000000000,38792.000000000,38792.000000000,1,YM
2024-06-10T07:42:42.000000000Z,32,1,80420,38795.000000000,38795.000000000,38795.000000000,38795.000000000,3,YM
2024-06-10T07:42:45.000000000Z,32,1,80420,38795.000000000,38795.000000000,38795.000000000,38795.000000000,1,YM
2024-06-10T07:42:46.000000000Z,32,1,80420,38794.000000000,38794.000000000,38793.000000000,38793.000000000,2,YM
2024-06-10T07:42:55.000000000Z,32,1,80420,38794.000000000,38794.000000000,38794.000000000,38794.000000000,1,YM
2024-06-10T07:42:56.000000000Z,32,1,80420,38794.000000000,38794.000000000,38794.000000000,38794.000000000,1,YM
2024-06-10T07:42:57.000000000Z,32,1,80420,38795.000000000,38795.000000000,38795.000000000,38795.000000000,5,YM
2024-06-10T07:42:58.000000000Z,32,1,80420,38796.000000000,38796.000000000,38796.000000000,38796.000000000,2,YM
2024-06-10T07:43:00.000000000Z,32,1,80420,38795.000000000,38795.000000000,38795.000000000,38795.000000000,1,YM
2024-06-10T07:43:01.000000000Z,32,1,80420,38795.000000000,38795.000000000,38795.000000000,38795.000000000,3,YM
2024-06-10T07:43:05.000000000Z,32,1,80420,38796.000000000,38796.000000000,38796.000000000,38796.000000000,1,YM
2024-06-10T07:43:18.000000000Z,32,1,80420,38797.000000000,38797.000000000,38797.000000000,38797.000000000,4,YM
2024-06-10T07:43:28.000000000Z,32,1,80420,38795.000000000,38796.000000000,38795.000000000,38796.000000000,4,YM
2024-06-10T07:43:29.000000000Z,32,1,80420,38794.000000000,38794.000000000,38794.000000000,38794.000000000,1,YM
2024-06-10T07:43:36.000000000Z,32,1,80420,38795.000000000,38795.000000000,38795.000000000,38795.000000000,1,YM
2024-06-10T07:43:37.000000000Z,32,1,80420,38796.000000000,38796.000000000,38796.000000000,38796.000000000,1,YM
2024-06-10T07:43:39.000000000Z,32,1,80420,38795.000000000,38795.000000000,38795.000000000,38795.000000000,5,YM
2024-06-10T07:43:40.000000000Z,32,1,80420,38794.000000000,38794.000000000,38794.000000000,38794.000000000,1,YM
2024-06-10T07:43:47.000000000Z,32,1,80420,38794.000000000,38795.000000000,38794.000000000,38795.000000000,2,YM
2024-06-10T07:43:50.000000000Z,32,1,80420,38795.000000000,38795.000000000,38795.000000000,38795.000000000,1,YM
2024-06-10T07:43:57.000000000Z,32,1,80420,38795.000000000,38795.000000000,38795.000000000,38795.000000000,2,YM
2024-06-10T07:44:00.000000000Z,32,1,80420,38795.000000000,38796.000000000,38795.000000000,38796.000000000,4,YM
2024-06-10T07:44:08.000000000Z,32,1,80420,38795.000000000,38795.000000000,38795.000000000,38795.000000000,2,YM
2024-06-10T07:44:09.000000000Z,32,1,80420,38793.000000000,38793.000000000,38793.000000000,38793.000000000,6,YM
2024-06-10T07:44:13.000000000Z,32,1,80420,38794.000000000,38794.000000000,38794.000000000,38794.000000000,1,YM
2024-06-10T07:44:17.000000000Z,32,1,80420,38793.000000000,38793.000000000,38793.000000000,38793.000000000,1,YM
2024-06-10T07:44:22.000000000Z,32,1,80420,38793.000000000,38793.000000000,38793.000000000,38793.000000000,1,YM
2024-06-10T07:44:26.000000000Z,32,1,80420,38792.000000000,38792.000000000,38792.000000000,38792.000000000,3,YM
2024-06-10T07:44:37.000000000Z,32,1,80420,38794.000000000,38794.000000000,38794.000000000,38794.000000000,2,YM
2024-06-10T07:44:40.000000000Z,32,1,80420,38791.000000000,38791.000000000,38791.000000000,38791.000000000,1,YM
2024-06-10T07:44:44.000000000Z,32,1,80420,38791.000000000,38791.000000000,38791.000000000,38791.000000000,4,YM
2024-06-10T07:44:47.000000000Z,32,1,80420,38791.000000000,38791.000000000,38791.000000000,38791.000000000,1,YM
2024-06-10T07:44:51.000000000Z,32,1,80420,38789.000000000,38789.000000000,38789.000000000,38789.000000000,1,YM
2024-06-10T07:44:56.000000000Z,32,1,80420,38790.000000000,38790.000000000,38790.000000000,38790.000000000,2,YM
2024-06-10T07:44:58.000000000Z,32,1,80420,38788.000000000,38788.000000000,38786.000000000,38787.000000000,9,YM
2024-06-10T07:44:59.000000000Z,32,1,80420,38787.000000000,38787.000000000,38787.000000000,38787.000000000,5,YM
2024-06-10T07:45:04.000000000Z,32,1,80420,38786.000000000,38786.000000000,38786.000000000,38786.000000000,3,YM
2024-06-10T07:45:12.000000000Z,32,1,80420,38787.000000000,38787.000000000,38787.000000000,38787.000000000,2,YM
2024-06-10T07:45:15.000000000Z,32,1,80420,38787.000000000,38787.000000000,38787.000000000,38787.000000000,1,YM
2024-06-10T07:45:16.000000000Z,32,1,80420,38786.000000000,38786.000000000,38786.000000000,38786.000000000,3,YM
2024-06-10T07:45:20.000000000Z,32,1,80420,38785.000000000,38787.000000000,38785.000000000,38787.000000000,3,YM
2024-06-10T07:45:24.000000000Z,32,1,80420,38784.000000000,38784.000000000,38783.000000000,38783.000000000,2,YM
2024-06-10T07:45:25.000000000Z,32,1,80420,38784.000000000,38784.000000000,38784.000000000,38784.000000000,2,YM
2024-06-10T07:45:28.000000000Z,32,1,80420,38785.000000000,38785.000000000,38785.000000000,38785.000000000,1,YM
2024-06-10T07:45:32.000000000Z,32,1,80420,38784.000000000,38784.000000000,38784.000000000,38784.000000000,2,YM
2024-06-10T07:45:33.000000000Z,32,1,80420,38784.000000000,38784.000000000,38784.000000000,38784.000000000,1,YM
2024-06-10T07:45:37.000000000Z,32,1,80420,38784.000000000,38784.000000000,38784.000000000,38784.000000000,1,YM
2024-06-10T07:45:41.000000000Z,32,1,80420,38785.000000000,38785.000000000,38785.000000000,38785.000000000,2,YM
2024-06-10T07:45:44.000000000Z,32,1,80420,38785.000000000,38785.000000000,38785.000000000,38785.000000000,1,YM
2024-06-10T07:46:00.000000000Z,32,1,80420,38784.000000000,38784.000000000,38783.000000000,38783.000000000,2,YM
2024-06-10T07:46:06.000000000Z,32,1,80420,38785.000000000,38785.000000000,38785.000000000,38785.000000000,1,YM
2024-06-10T07:46:11.000000000Z,32,1,80420,38783.000000000,38783.000000000,38783.000000000,38783.000000000,2,YM
2024-06-10T07:46:13.000000000Z,32,1,80420,38782.000000000,38782.000000000,38781.000000000,38781.000000000,9,YM
2024-06-10T07:46:14.000000000Z,32,1,80420,38781.000000000,38781.000000000,38781.000000000,38781.000000000,1,YM
2024-06-10T07:46:15.000000000Z,32,1,80420,38782.000000000,38782.000000000,38782.000000000,38782.000000000,1,YM
2024-06-10T07:46:16.000000000Z,32,1,80420,38782.000000000,38782.000000000,38782.000000000,38782.000000000,2,YM
2024-06-10T07:46:25.000000000Z,32,1,80420,38782.000000000,38782.000000000,38782.000000000,38782.000000000,1,YM
2024-06-10T07:46:26.000000000Z,32,1,80420,38781.000000000,38781.000000000,38781.000000000,38781.000000000,2,YM
2024-06-10T07:46:30.000000000Z,32,1,80420,38781.000000000,38781.000000000,38780.000000000,38780.000000000,5,YM
2024-06-10T07:46:31.000000000Z,32,1,80420,38779.000000000,38780.000000000,38779.000000000,38780.000000000,2,YM
2024-06-10T07:46:32.000000000Z,32,1,80420,38779.000000000,38779.000000000,38779.000000000,38779.000000000,2,YM
2024-06-10T07:46:35.000000000Z,32,1,80420,38778.000000000,38779.000000000,38777.000000000,38779.000000000,4,YM
2024-06-10T07:46:39.000000000Z,32,1,80420,38779.000000000,38779.000000000,38779.000000000,38779.000000000,1,YM
2024-06-10T07:46:40.000000000Z,32,1,80420,38778.000000000,38778.000000000,38778.000000000,38778.000000000,1,YM
2024-06-10T07:46:42.000000000Z,32,1,80420,38780.000000000,38780.000000000,38780.000000000,38780.000000000,1,YM
2024-06-10T07:46:45.000000000Z,32,1,80420,38781.000000000,38781.000000000,38781.000000000,38781.000000000,4,YM
2024-06-10T07:46:46.000000000Z,32,1,80420,38782.000000000,38782.000000000,38781.000000000,38781.000000000,4,YM
2024-06-10T07:46:54.000000000Z,32,1,80420,38783.000000000,38783.000000000,38783.000000000,38783.000000000,1,YM
2024-06-10T07:46:58.000000000Z,32,1,80420,38785.000000000,38786.000000000,38785.000000000,38786.000000000,3,YM
2024-06-10T07:46:59.000000000Z,32,1,80420,38786.000000000,38786.000000000,38786.000000000,38786.000000000,2,YM
2024-06-10T07:47:00.000000000Z,32,1,80420,38787.000000000,38788.000000000,38787.000000000,38788.000000000,3,YM
2024-06-10T07:47:01.000000000Z,32,1,80420,38787.000000000,38787.000000000,38787.000000000,38787.000000000,1,YM
2024-06-10T07:47:03.000000000Z,32,1,80420,38788.000000000,38789.000000000,38788.000000000,38788.000000000,6,YM
2024-06-10T07:47:05.000000000Z,32,1,80420,38788.000000000,38788.000000000,38788.000000000,38788.000000000,3,YM
2024-06-10T07:47:08.000000000Z,32,1,80420,38787.000000000,38787.000000000,38787.000000000,38787.000000000,1,YM
2024-06-10T07:47:09.000000000Z,32,1,80420,38787.000000000,38787.000000000,38787.000000000,38787.000000000,1,YM
2024-06-10T07:47:10.000000000Z,32,1,80420,38786.000000000,38786.000000000,38786.000000000,38786.000000000,1,YM
2024-06-10T07:47:12.000000000Z,32,1,80420,38785.000000000,38785.000000000,38785.000000000,38785.000000000,1,YM
2024-06-10T07:47:15.000000000Z,32,1,80420,38785.000000000,38785.000000000,38785.000000000,38785.000000000,1,YM
2024-06-10T07:47:21.000000000Z,32,1,80420,38783.000000000,38783.000000000,38783.000000000,38783.000000000,1,YM
2024-06-10T07:47:39.000000000Z,32,1,80420,38782.000000000,38782.000000000,38782.000000000,38782.000000000,1,YM
2024-06-10T07:47:40.000000000Z,32,1,80420,38781.000000000,38781.000000000,38781.000000000,38781.000000000,2,YM
2024-06-10T07:47:51.000000000Z,32,1,80420,38786.000000000,38787.000000000,38786.000000000,38787.000000000,3,YM
2024-06-10T07:47:56.000000000Z,32,1,80420,38787.000000000,38788.000000000,38787.000000000,38788.000000000,6,YM
2024-06-10T07:47:58.000000000Z,32,1,80420,38788.000000000,38788.000000000,38788.000000000,38788.000000000,1,YM
2024-06-10T07:48:03.000000000Z,32,1,80420,38788.000000000,38789.000000000,38788.000000000,38789.000000000,2,YM
2024-06-10T07:48:08.000000000Z,32,1,80420,38787.000000000,38787.000000000,38787.000000000,38787.000000000,1,YM
2024-06-10T07:48:10.000000000Z,32,1,80420,38786.000000000,38786.000000000,38786.000000000,38786.000000000,2,YM
2024-06-10T07:48:22.000000000Z,32,1,80420,38786.000000000,38786.000000000,38786.000000000,38786.000000000,1,YM
2024-06-10T07:48:23.000000000Z,32,1,80420,38787.000000000,38787.000000000,38787.000000000,38787.000000000,2,YM
2024-06-10T07:48:25.000000000Z,32,1,80420,38789.000000000,38789.000000000,38789.000000000,38789.000000000,1,YM
2024-06-10T07:48:35.000000000Z,32,1,80420,38789.000000000,38789.000000000,38789.000000000,38789.000000000,2,YM
2024-06-10T07:48:46.000000000Z,32,1,80420,38790.000000000,38790.000000000,38789.000000000,38789.000000000,3,YM
2024-06-10T07:48:55.000000000Z,32,1,80420,38788.000000000,38788.000000000,38788.000000000,38788.000000000,1,YM
2024-06-10T07:48:56.000000000Z,32,1,80420,38788.000000000,38788.000000000,38788.000000000,38788.000000000,2,YM
2024-06-10T07:49:00.000000000Z,32,1,80420,38787.000000000,38787.000000000,38787.000000000,38787.000000000,3,YM
2024-06-10T07:49:02.000000000Z,32,1,80420,38787.000000000,38787.000000000,38787.000000000,38787.000000000,1,YM
2024-06-10T07:49:04.000000000Z,32,1,80420,38788.000000000,38788.000000000,38788.000000000,38788.000000000,2,YM
2024-06-10T07:49:05.000000000Z,32,1,80420,38787.000000000,38787.000000000,38785.000000000,38785.000000000,10,YM
2024-06-10T07:49:06.000000000Z,32,1,80420,38784.000000000,38784.000000000,38784.000000000,38784.000000000,2,YM
2024-06-10T07:49:09.000000000Z,32,1,80420,38783.000000000,38783.000000000,38783.000000000,38783.000000000,1,YM
2024-06-10T07:49:11.000000000Z,32,1,80420,38784.000000000,38786.000000000,38784.000000000,38786.000000000,3,YM
2024-06-10T07:49:17.000000000Z,32,1,80420,38787.000000000,38787.000000000,38787.000000000,38787.000000000,2,YM
2024-06-10T07:49:18.000000000Z,32,1,80420,38787.000000000,38787.000000000,38787.000000000,38787.000000000,1,YM
2024-06-10T07:49:23.000000000Z,32,1,80420,38784.000000000,38784.000000000,38784.000000000,38784.000000000,2,YM
2024-06-10T07:49:24.000000000Z,32,1,80420,38783.000000000,38783.000000000,38783.000000000,38783.000000000,1,YM
2024-06-10T07:49:25.000000000Z,32,1,80420,38782.000000000,38782.000000000,38782.000000000,38782.000000000,1,YM
2024-06-10T07:49:29.000000000Z,32,1,80420,38783.000000000,38785.000000000,38782.000000000,38784.000000000,12,YM
2024-06-10T07:49:41.000000000Z,32,1,80420,38785.000000000,38785.000000000,38784.000000000,38784.000000000,5,YM
2024-06-10T07:49:49.000000000Z,32,1,80420,38782.000000000,38782.000000000,38782.000000000,38782.000000000,1,YM
2024-06-10T07:49:54.000000000Z,32,1,80420,38781.000000000,38781.000000000,38781.000000000,38781.000000000,1,YM
2024-06-10T07:49:56.000000000Z,32,1,80420,38782.000000000,38782.000000000,38782.000000000,38782.000000000,1,YM
2024-06-10T07:49:59.000000000Z,32,1,80420,38781.000000000,38781.000000000,38781.000000000,38781.000000000,1,YM
2024-06-10T07:50:00.000000000Z,32,1,80420,38780.000000000,38780.000000000,38779.000000000,38779.000000000,3,YM
2024-06-10T07:50:02.000000000Z,32,1,80420,38781.000000000,38781.000000000,38781.000000000,38781.000000000,1,YM
2024-06-10T07:50:03.000000000Z,32,1,80420,38780.000000000,38780.000000000,38780.000000000,38780.000000000,2,YM
2024-06-10T07:50:04.000000000Z,32,1,80420,38779.000000000,38779.000000000,38779.000000000,38779.000000000,1,YM
2024-06-10T07:50:05.000000000Z,32,1,80420,38780.000000000,38780.000000000,38780.000000000,38780.000000000,2,YM
2024-06-10T07:50:12.000000000Z,32,1,80420,38779.000000000,38779.000000000,38779.000000000,38779.000000000,1,YM
2024-06-10T07:50:17.000000000Z,32,1,80420,38778.000000000,38778.000000000,38778.000000000,38778.000000000,1,YM
2024-06-10T07:50:20.000000000Z,32,1,80420,38778.000000000,38778.000000000,38777.000000000,38777.000000000,2,YM
2024-06-10T07:50:23.000000000Z,32,1,80420,38776.000000000,38777.000000000,38776.000000000,38777.000000000,3,YM
2024-06-10T07:50:28.000000000Z,32,1,80420,38777.000000000,38777.000000000,38777.000000000,38777.000000000,1,YM
2024-06-10T07:50:31.000000000Z,32,1,80420,38776.000000000,38776.000000000,38776.000000000,38776.000000000,1,YM
2024-06-10T07:50:40.000000000Z,32,1,80420,38776.000000000,38776.000000000,38776.000000000,38776.000000000,1,YM
2024-06-10T07:50:44.000000000Z,32,1,80420,38779.000000000,38779.000000000,38779.000000000,38779.000000000,3,YM
2024-06-10T07:50:54.000000000Z,32,1,80420,38779.000000000,38779.000000000,38779.000000000,38779.000000000,1,YM
2024-06-10T07:50:57.000000000Z,32,1,80420,38780.000000000,38780.000000000,38780.000000000,38780.000000000,1,YM
2024-06-10T07:51:08.000000000Z,32,1,80420,38782.000000000,38782.000000000,38782.000000000,38782.000000000,1,YM
2024-06-10T07:51:14.000000000Z,32,1,80420,38785.000000000,38785.000000000,38785.000000000,38785.000000000,2,YM
2024-06-10T07:51:28.000000000Z,32,1,80420,38786.000000000,38786.000000000,38786.000000000,38786.000000000,2,YM
2024-06-10T07:52:00.000000000Z,32,1,80420,38788.000000000,38788.000000000,38788.000000000,38788.000000000,1,YM
2024-06-10T07:52:11.000000000Z,32,1,80420,38789.000000000,38789.000000000,38789.000000000,38789.000000000,3,YM
2024-06-10T07:52:13.000000000Z,32,1,80420,38789.000000000,38789.000000000,38789.000000000,38789.000000000,2,YM
2024-06-10T07:52:15.000000000Z,32,1,80420,38787.000000000,38787.000000000,38787.000000000,38787.000000000,1,YM
2024-06-10T07:52:21.000000000Z,32,1,80420,38790.000000000,38790.000000000,38790.000000000,38790.000000000,1,YM
2024-06-10T07:52:24.000000000Z,32,1,80420,38789.000000000,38789.000000000,38789.000000000,38789.000000000,1,YM
2024-06-10T07:52:25.000000000Z,32,1,80420,38789.000000000,38789.000000000,38788.000000000,38788.000000000,2,YM
2024-06-10T07:52:33.000000000Z,32,1,80420,38793.000000000,38793.000000000,38793.000000000,38793.000000000,9,YM
2024-06-10T07:52:34.000000000Z,32,1,80420,38794.000000000,38794.000000000,38794.000000000,38794.000000000,1,YM
2024-06-10T07:52:35.000000000Z,32,1,80420,38795.000000000,38797.000000000,38795.000000000,38797.000000000,4,YM
2024-06-10T07:52:36.000000000Z,32,1,80420,38796.000000000,38796.000000000,38796.000000000,38796.000000000,1,YM
2024-06-10T07:52:38.000000000Z,32,1,80420,38797.000000000,38797.000000000,38797.000000000,38797.000000000,1,YM
2024-06-10T07:52:39.000000000Z,32,1,80420,38796.000000000,38796.000000000,38796.000000000,38796.000000000,1,YM
2024-06-10T07:52:40.000000000Z,32,1,80420,38795.000000000,38795.000000000,38795.000000000,38795.000000000,1,YM
2024-06-10T07:52:44.000000000Z,32,1,80420,38797.000000000,38797.000000000,38797.000000000,38797.000000000,1,YM
2024-06-10T07:52:52.000000000Z,32,1,80420,38796.000000000,38796.000000000,38796.000000000,38796.000000000,1,YM
2024-06-10T07:52:57.000000000Z,32,1,80420,38797.000000000,38797.000000000,38797.000000000,38797.000000000,1,YM
2024-06-10T07:52:58.000000000Z,32,1,80420,38799.000000000,38799.000000000,38799.000000000,38799.000000000,1,YM
2024-06-10T07:53:00.000000000Z,32,1,80420,38798.000000000,38799.000000000,38798.000000000,38799.000000000,2,YM
2024-06-10T07:53:01.000000000Z,32,1,80420,38799.000000000,38799.000000000,38799.000000000,38799.000000000,2,YM
2024-06-10T07:53:02.000000000Z,32,1,80420,38800.000000000,38800.000000000,38799.000000000,38799.000000000,4,YM
2024-06-10T07:53:04.000000000Z,32,1,80420,38801.000000000,38801.000000000,38801.000000000,38801.000000000,2,YM
2024-06-10T07:53:05.000000000Z,32,1,80420,38802.000000000,38802.000000000,38802.000000000,38802.000000000,1,YM
2024-06-10T07:53:06.000000000Z,32,1,80420,38803.000000000,38803.000000000,38803.000000000,38803.000000000,1,YM
2024-06-10T07:53:08.000000000Z,32,1,80420,38804.000000000,38804.000000000,38804.000000000,38804.000000000,2,YM
2024-06-10T07:53:10.000000000Z,32,1,80420,38804.000000000,38804.000000000,38804.000000000,38804.000000000,1,YM
2024-06-10T07:53:11.000000000Z,32,1,80420,38805.000000000,38805.000000000,38805.000000000,38805.000000000,3,YM
2024-06-10T07:53:12.000000000Z,32,1,80420,38804.000000000,38804.000000000,38804.000000000,38804.000000000,2,YM
2024-06-10T07:53:13.000000000Z,32,1,80420,38805.000000000,38805.000000000,38805.000000000,38805.000000000,1,YM
2024-06-10T07:53:15.000000000Z,32,1,80420,38804.000000000,38804.000000000,38804.000000000,38804.000000000,1,YM
2024-06-10T07:53:18.000000000Z,32,1,80420,38802.000000000,38802.000000000,38802.000000000,38802.000000000,1,YM
2024-06-10T07:53:19.000000000Z,32,1,80420,38803.000000000,38803.000000000,38803.000000000,38803.000000000,1,YM
2024-06-10T07:53:24.000000000Z,32,1,80420,38803.000000000,38803.000000000,38803.000000000,38803.000000000,1,YM
2024-06-10T07:53:26.000000000Z,32,1,80420,38804.000000000,38804.000000000,38804.000000000,38804.000000000,2,YM
2024-06-10T07:53:28.000000000Z,32,1,80420,38804.000000000,38804.000000000,38804.000000000,38804.000000000,1,YM
2024-06-10T07:53:35.000000000Z,32,1,80420,38805.000000000,38805.000000000,38805.000000000,38805.000000000,1,YM
2024-06-10T07:53:36.000000000Z,32,1,80420,38804.000000000,38804.000000000,38804.000000000,38804.000000000,2,YM
2024-06-10T07:53:40.000000000Z,32,1,80420,38803.000000000,38803.000000000,38803.000000000,38803.000000000,2,YM
2024-06-10T07:53:44.000000000Z,32,1,80420,38802.000000000,38802.000000000,38802.000000000,38802.000000000,1,YM
2024-06-10T07:53:52.000000000Z,32,1,80420,38804.000000000,38804.000000000,38804.000000000,38804.000000000,4,YM
2024-06-10T07:54:05.000000000Z,32,1,80420,38803.000000000,38803.000000000,38803.000000000,38803.000000000,3,YM
2024-06-10T07:54:07.000000000Z,32,1,80420,38802.000000000,38802.000000000,38802.000000000,38802.000000000,1,YM
2024-06-10T07:54:11.000000000Z,32,1,80420,38801.000000000,38801.000000000,38801.000000000,38801.000000000,2,YM
2024-06-10T07:54:14.000000000Z,32,1,80420,38802.000000000,38802.000000000,38802.000000000,38802.000000000,1,YM
2024-06-10T07:54:15.000000000Z,32,1,80420,38800.000000000,38800.000000000,38800.000000000,38800.000000000,2,YM
2024-06-10T07:54:26.000000000Z,32,1,80420,38798.000000000,38798.000000000,38798.000000000,38798.000000000,1,YM
2024-06-10T07:54:33.000000000Z,32,1,80420,38798.000000000,38798.000000000,38797.000000000,38797.000000000,3,YM
2024-06-10T07:54:44.000000000Z,32,1,80420,38801.000000000,38801.000000000,38801.000000000,38801.000000000,1,YM
2024-06-10T07:54:45.000000000Z,32,1,80420,38800.000000000,38800.000000000,38800.000000000,38800.000000000,1,YM
2024-06-10T07:54:49.000000000Z,32,1,80420,38800.000000000,38800.000000000,38800.000000000,38800.000000000,1,YM
2024-06-10T07:54:53.000000000Z,32,1,80420,38799.000000000,38802.000000000,38799.000000000,38802.000000000,5,YM
2024-06-10T07:54:58.000000000Z,32,1,80420,38801.000000000,38801.000000000,38801.000000000,38801.000000000,1,YM
2024-06-10T07:55:01.000000000Z,32,1,80420,38802.000000000,38802.000000000,38800.000000000,38800.000000000,2,YM
2024-06-10T07:55:04.000000000Z,32,1,80420,38800.000000000,38800.000000000,38800.000000000,38800.000000000,2,YM
2024-06-10T07:55:08.000000000Z,32,1,80420,38800.000000000,38800.000000000,38800.000000000,38800.000000000,2,YM
2024-06-10T07:55:11.000000000Z,32,1,80420,38802.000000000,38802.000000000,38802.000000000,38802.000000000,1,YM
2024-06-10T07:55:13.000000000Z,32,1,80420,38802.000000000,38802.000000000,38801.000000000,38801.000000000,2,YM
2024-06-10T07:55:25.000000000Z,32,1,80420,38801.000000000,38801.000000000,38801.000000000,38801.000000000,1,YM
2024-06-10T07:55:29.000000000Z,32,1,80420,38800.000000000,38800.000000000,38800.000000000,38800.000000000,1,YM
2024-06-10T07:55:34.000000000Z,32,1,80420,38798.000000000,38798.000000000,38798.000000000,38798.000000000,2,YM
2024-06-10T07:55:37.000000000Z,32,1,80420,38797.000000000,38797.000000000,38796.000000000,38797.000000000,6,YM
2024-06-10T07:55:41.000000000Z,32,1,80420,38796.000000000,38796.000000000,38796.000000000,38796.000000000,1,YM
2024-06-10T07:55:43.000000000Z,32,1,80420,38795.000000000,38795.000000000,38795.000000000,38795.000000000,3,YM
2024-06-10T07:55:45.000000000Z,32,1,80420,38796.000000000,38797.000000000,38796.000000000,38797.000000000,3,YM
2024-06-10T07:55:49.000000000Z,32,1,80420,38798.000000000,38798.000000000,38798.000000000,38798.000000000,2,YM
2024-06-10T07:55:50.000000000Z,32,1,80420,38798.000000000,38798.000000000,38798.000000000,38798.000000000,3,YM
2024-06-10T07:55:54.000000000Z,32,1,80420,38798.000000000,38798.000000000,38798.000000000,38798.000000000,1,YM
2024-06-10T07:55:55.000000000Z,32,1,80420,38799.000000000,38799.000000000,38799.000000000,38799.000000000,2,YM
2024-06-10T07:55:59.000000000Z,32,1,80420,38800.000000000,38800.000000000,38800.000000000,38800.000000000,1,YM
2024-06-10T07:56:05.000000000Z,32,1,80420,38800.000000000,38800.000000000,38800.000000000,38800.000000000,2,YM
2024-06-10T07:56:11.000000000Z,32,1,80420,38799.000000000,38799.000000000,38799.000000000,38799.000000000,1,YM
2024-06-10T07:56:18.000000000Z,32,1,80420,38798.000000000,38798.000000000,38796.000000000,38796.000000000,6,YM
2024-06-10T07:56:22.000000000Z,32,1,80420,38796.000000000,38796.000000000,38796.000000000,38796.000000000,1,YM
2024-06-10T07:56:29.000000000Z,32,1,80420,38797.000000000,38797.000000000,38797.000000000,38797.000000000,2,YM
2024-06-10T07:56:38.000000000Z,32,1,80420,38799.000000000,38799.000000000,38799.000000000,38799.000000000,2,YM
2024-06-10T07:56:40.000000000Z,32,1,80420,38799.000000000,38799.000000000,38799.000000000,38799.000000000,1,YM
2024-06-10T07:56:42.000000000Z,32,1,80420,38800.000000000,38800.000000000,38800.000000000,38800.000000000,2,YM
2024-06-10T07:56:56.000000000Z,32,1,80420,38800.000000000,38800.000000000,38800.000000000,38800.000000000,1,YM
2024-06-10T07:57:02.000000000Z,32,1,80420,38801.000000000,38801.000000000,38801.000000000,38801.000000000,1,YM
2024-06-10T07:57:08.000000000Z,32,1,80420,38801.000000000,38801.000000000,38801.000000000,38801.000000000,2,YM
2024-06-10T07:57:13.000000000Z,32,1,80420,38800.000000000,38800.000000000,38799.000000000,38799.000000000,6,YM
2024-06-10T07:57:18.000000000Z,32,1,80420,38796.000000000,38797.000000000,38796.000000000,38797.000000000,3,YM
2024-06-10T07:57:19.000000000Z,32,1,80420,38798.000000000,38798.000000000,38798.000000000,38798.000000000,1,YM
2024-06-10T07:57:21.000000000Z,32,1,80420,38798.000000000,38798.000000000,38798.000000000,38798.000000000,1,YM
2024-06-10T07:57:26.000000000Z,32,1,80420,38798.000000000,38798.000000000,38798.000000000,38798.000000000,1,YM
2024-06-10T07:57:28.000000000Z,32,1,80420,38799.000000000,38799.000000000,38799.000000000,38799.000000000,2,YM
2024-06-10T07:57:33.000000000Z,32,1,80420,38797.000000000,38797.000000000,38797.000000000,38797.000000000,1,YM
2024-06-10T07:57:34.000000000Z,32,1,80420,38797.000000000,38797.000000000,38797.000000000,38797.000000000,2,YM
2024-06-10T07:57:38.000000000Z,32,1,80420,38797.000000000,38797.000000000,38797.000000000,38797.000000000,2,YM
2024-06-10T07:57:40.000000000Z,32,1,80420,38796.000000000,38797.000000000,38796.000000000,38797.000000000,2,YM
2024-06-10T07:57:49.000000000Z,32,1,80420,38800.000000000,38800.000000000,38799.000000000,38799.000000000,3,YM
2024-06-10T07:57:56.000000000Z,32,1,80420,38798.000000000,38798.000000000,38798.000000000,38798.000000000,1,YM
2024-06-10T07:57:58.000000000Z,32,1,80420,38800.000000000,38800.000000000,38800.000000000,38800.000000000,1,YM
2024-06-10T07:58:01.000000000Z,32,1,80420,38799.000000000,38799.000000000,38799.000000000,38799.000000000,2,YM
2024-06-10T07:58:05.000000000Z,32,1,80420,38798.000000000,38798.000000000,38798.000000000,38798.000000000,1,YM
2024-06-10T07:58:07.000000000Z,32,1,80420,38798.000000000,38798.000000000,38798.000000000,38798.000000000,1,YM
2024-06-10T07:58:09.000000000Z,32,1,80420,38799.000000000,38799.000000000,38799.000000000,38799.000000000,1,YM
2024-06-10T07:58:12.000000000Z,32,1,80420,38796.000000000,38796.000000000,38796.000000000,38796.000000000,2,YM
2024-06-10T07:58:15.000000000Z,32,1,80420,38794.000000000,38794.000000000,38794.000000000,38794.000000000,1,YM
2024-06-10T07:58:22.000000000Z,32,1,80420,38795.000000000,38795.000000000,38795.000000000,38795.000000000,1,YM
2024-06-10T07:58:26.000000000Z,32,1,80420,38794.000000000,38794.000000000,38794.000000000,38794.000000000,2,YM
2024-06-10T07:58:38.000000000Z,32,1,80420,38797.000000000,38797.000000000,38797.000000000,38797.000000000,1,YM
2024-06-10T07:58:40.000000000Z,32,1,80420,38796.000000000,38796.000000000,38796.000000000,38796.000000000,1,YM
2024-06-10T07:58:43.000000000Z,32,1,80420,38797.000000000,38797.000000000,38797.000000000,38797.000000000,1,YM
2024-06-10T07:58:52.000000000Z,32,1,80420,38798.000000000,38798.000000000,38798.000000000,38798.000000000,2,YM
2024-06-10T07:59:03.000000000Z,32,1,80420,38798.000000000,38798.000000000,38798.000000000,38798.000000000,1,YM
2024-06-10T07:59:07.000000000Z,32,1,80420,38797.000000000,38797.000000000,38797.000000000,38797.000000000,3,YM
2024-06-10T07:59:10.000000000Z,32,1,80420,38796.000000000,38796.000000000,38796.000000000,38796.000000000,2,YM
2024-06-10T07:59:15.000000000Z,32,1,80420,38798.000000000,38798.000000000,38798.000000000,38798.000000000,2,YM
2024-06-10T07:59:19.000000000Z,32,1,80420,38799.000000000,38800.000000000,38799.000000000,38800.000000000,5,YM
2024-06-10T07:59:21.000000000Z,32,1,80420,38799.000000000,38799.000000000,38799.000000000,38799.000000000,2,YM
2024-06-10T07:59:22.000000000Z,32,1,80420,38798.000000000,38798.000000000,38798.000000000,38798.000000000,3,YM
2024-06-10T07:59:26.000000000Z,32,1,80420,38798.000000000,38798.000000000,38798.000000000,38798.000000000,2,YM
2024-06-10T07:59:29.000000000Z,32,1,80420,38797.000000000,38797.000000000,38797.000000000,38797.000000000,1,YM
2024-06-10T07:59:35.000000000Z,32,1,80420,38798.000000000,38798.000000000,38798.000000000,38798.000000000,1,YM
2024-06-10T07:59:40.000000000Z,32,1,80420,38798.000000000,38798.000000000,38798.000000000,38798.000000000,1,YM
2024-06-10T07:59:41.000000000Z,32,1,80420,38799.000000000,38799.000000000,38799.000000000,38799.000000000,1,YM
2024-06-10T07:59:42.000000000Z,32,1,80420,38799.000000000,38799.000000000,38799.000000000,38799.000000000,2,YM
2024-06-10T07:59:52.000000000Z,32,1,80420,38797.000000000,38797.000000000,38797.000000000,38797.000000000,1,YM
2024-06-10T08:00:00.000000000Z,32,1,80420,38795.000000000,38795.000000000,38794.000000000,38795.000000000,16,YM
2024-06-10T08:00:01.000000000Z,32,1,80420,38794.000000000,38794.000000000,38794.000000000,38794.000000000,2,YM
2024-06-10T08:00:02.000000000Z,32,1,80420,38795.000000000,38796.000000000,38795.000000000,38796.000000000,2,YM
2024-06-10T08:00:03.000000000Z,32,1,80420,38799.000000000,38799.000000000,38799.000000000,38799.000000000,1,YM
2024-06-10T08:00:06.000000000Z,32,1,80420,38800.000000000,38800.000000000,38800.000000000,38800.000000000,2,YM
2024-06-10T08:00:08.000000000Z,32,1,80420,38800.000000000,38801.000000000,38800.000000000,38801.000000000,6,YM
2024-06-10T08:00:11.000000000Z,32,1,80420,38802.000000000,38802.000000000,38802.000000000,38802.000000000,3,YM
2024-06-10T08:00:12.000000000Z,32,1,80420,38801.000000000,38802.000000000,38801.000000000,38802.000000000,4,YM
2024-06-10T08:00:13.000000000Z,32,1,80420,38803.000000000,38805.000000000,38803.000000000,38805.000000000,11,YM
2024-06-10T08:00:14.000000000Z,32,1,80420,38805.000000000,38805.000000000,38803.000000000,38803.000000000,4,YM
2024-06-10T08:00:17.000000000Z,32,1,80420,38802.000000000,38803.000000000,38802.000000000,38803.000000000,6,YM
2024-06-10T08:00:18.000000000Z,32,1,80420,38802.000000000,38802.000000000,38802.000000000,38802.000000000,3,YM
2024-06-10T08:00:20.000000000Z,32,1,80420,38800.000000000,38800.000000000,38800.000000000,38800.000000000,1,YM
2024-06-10T08:00:27.000000000Z,32,1,80420,38799.000000000,38799.000000000,38799.000000000,38799.000000000,3,YM
2024-06-10T08:00:28.000000000Z,32,1,80420,38799.000000000,38802.000000000,38799.000000000,38802.000000000,10,YM
2024-06-10T08:00:32.000000000Z,32,1,80420,38801.000000000,38801.000000000,38801.000000000,38801.000000000,2,YM
2024-06-10T08:00:35.000000000Z,32,1,80420,38803.000000000,38805.000000000,38803.000000000,38805.000000000,11,YM
2024-06-10T08:00:36.000000000Z,32,1,80420,38806.000000000,38806.000000000,38806.000000000,38806.000000000,6,YM
2024-06-10T08:00:37.000000000Z,32,1,80420,38805.000000000,38805.000000000,38805.000000000,38805.000000000,2,YM
2024-06-10T08:00:38.000000000Z,32,1,80420,38805.000000000,38805.000000000,38805.000000000,38805.000000000,1,YM
2024-06-10T08:00:41.000000000Z,32,1,80420,38807.000000000,38808.000000000,38807.000000000,38807.000000000,12,YM
2024-06-10T08:00:45.000000000Z,32,1,80420,38805.000000000,38805.000000000,38805.000000000,38805.000000000,2,YM
2024-06-10T08:00:59.000000000Z,32,1,80420,38805.000000000,38805.000000000,38805.000000000,38805.000000000,2,YM
2024-06-10T08:01:00.000000000Z,32,1,80420,38803.000000000,38803.000000000,38803.000000000,38803.000000000,1,YM
2024-06-10T08:01:02.000000000Z,32,1,80420,38802.000000000,38802.000000000,38801.000000000,38801.000000000,13,YM
2024-06-10T08:01:03.000000000Z,32,1,80420,38804.000000000,38804.000000000,38804.000000000,38804.000000000,3,YM
2024-06-10T08:01:04.000000000Z,32,1,80420,38805.000000000,38805.000000000,38805.000000000,38805.000000000,3,YM
2024-06-10T08:01:05.000000000Z,32,1,80420,38804.000000000,38805.000000000,38804.000000000,38805.000000000,7,YM
2024-06-10T08:01:06.000000000Z,32,1,80420,38805.000000000,38805.000000000,38805.000000000,38805.000000000,5,YM
2024-06-10T08:01:11.000000000Z,32,1,80420,38806.000000000,38806.000000000,38806.000000000,38806.000000000,1,YM
2024-06-10T08:01:14.000000000Z,32,1,80420,38806.000000000,38806.000000000,38806.000000000,38806.000000000,1,YM
2024-06-10T08:01:17.000000000Z,32,1,80420,38807.000000000,38807.000000000,38805.000000000,38807.000000000,4,YM
2024-06-10T08:01:18.000000000Z,32,1,80420,38808.000000000,38808.000000000,38808.000000000,38808.000000000,4,YM
2024-06-10T08:01:21.000000000Z,32,1,80420,38807.000000000,38807.000000000,38807.000000000,38807.000000000,1,YM
2024-06-10T08:01:22.000000000Z,32,1,80420,38808.000000000,38808.000000000,38808.000000000,38808.000000000,2,YM
2024-06-10T08:01:24.000000000Z,32,1,80420,38807.000000000,38807.000000000,38807.000000000,38807.000000000,1,YM
2024-06-10T08:01:27.000000000Z,32,1,80420,38806.000000000,38807.000000000,38806.000000000,38807.000000000,4,YM
2024-06-10T08:01:29.000000000Z,32,1,80420,38807.000000000,38808.000000000,38807.000000000,38808.000000000,2,YM
2024-06-10T08:01:32.000000000Z,32,1,80420,38807.000000000,38807.000000000,38807.000000000,38807.000000000,1,YM
2024-06-10T08:01:36.000000000Z,32,1,80420,38809.000000000,38810.000000000,38809.000000000,38810.000000000,7,YM
2024-06-10T08:01:37.000000000Z,32,1,80420,38810.000000000,38810.000000000,38810.000000000,38810.000000000,7,YM
2024-06-10T08:01:39.000000000Z,32,1,80420,38811.000000000,38811.000000000,38811.000000000,38811.000000000,2,YM
2024-06-10T08:01:40.000000000Z,32,1,80420,38812.000000000,38812.000000000,38812.000000000,38812.000000000,1,YM
2024-06-10T08:01:43.000000000Z,32,1,80420,38810.000000000,38810.000000000,38810.000000000,38810.000000000,1,YM
2024-06-10T08:01:48.000000000Z,32,1,80420,38810.000000000,38810.000000000,38810.000000000,38810.000000000,2,YM
2024-06-10T08:01:50.000000000Z,32,1,80420,38811.000000000,38812.000000000,38811.000000000,38812.000000000,5,YM
2024-06-10T08:01:53.000000000Z,32,1,80420,38812.000000000,38813.000000000,38812.000000000,38813.000000000,5,YM
2024-06-10T08:01:55.000000000Z,32,1,80420,38812.000000000,38812.000000000,38812.000000000,38812.000000000,1,YM
2024-06-10T08:02:00.000000000Z,32,1,80420,38812.000000000,38812.000000000,38811.000000000,38811.000000000,4,YM
2024-06-10T08:02:02.000000000Z,32,1,80420,38811.000000000,38811.000000000,38811.000000000,38811.000000000,1,YM
2024-06-10T08:02:05.000000000Z,32,1,80420,38810.000000000,38810.000000000,38810.000000000,38810.000000000,1,YM
2024-06-10T08:02:07.000000000Z,32,1,80420,38809.000000000,38809.000000000,38809.000000000,38809.000000000,1,YM
2024-06-10T08:02:08.000000000Z,32,1,80420,38810.000000000,38810.000000000,38810.000000000,38810.000000000,3,YM
2024-06-10T08:02:11.000000000Z,32,1,80420,38808.000000000,38808.000000000,38808.000000000,38808.000000000,1,YM
2024-06-10T08:02:14.000000000Z,32,1,80420,38805.000000000,38805.000000000,38805.000000000,38805.000000000,2,YM
2024-06-10T08:02:15.000000000Z,32,1,80420,38804.000000000,38805.000000000,38804.000000000,38805.000000000,5,YM
2024-06-10T08:02:19.000000000Z,32,1,80420,38806.000000000,38806.000000000,38806.000000000,38806.000000000,1,YM
2024-06-10T08:02:20.000000000Z,32,1,80420,38805.000000000,38805.000000000,38805.000000000,38805.000000000,2,YM
2024-06-10T08:02:26.000000000Z,32,1,80420,38803.000000000,38803.000000000,38803.000000000,38803.000000000,1,YM
2024-06-10T08:02:28.000000000Z,32,1,80420,38803.000000000,38803.000000000,38803.000000000,38803.000000000,2,YM
2024-06-10T08:02:30.000000000Z,32,1,80420,38802.000000000,38802.000000000,38802.000000000,38802.000000000,3,YM
2024-06-10T08:02:36.000000000Z,32,1,80420,38803.000000000,38803.000000000,38803.000000000,38803.000000000,1,YM
2024-06-10T08:02:41.000000000Z,32,1,80420,38806.000000000,38807.000000000,38806.000000000,38807.000000000,2,YM
2024-06-10T08:02:42.000000000Z,32,1,80420,38807.000000000,38807.000000000,38805.000000000,38805.000000000,7,YM
2024-06-10T08:02:47.000000000Z,32,1,80420,38805.000000000,38805.000000000,38805.000000000,38805.000000000,3,YM
2024-06-10T08:02:48.000000000Z,32,1,80420,38806.000000000,38806.000000000,38806.000000000,38806.000000000,2,YM
2024-06-10T08:02:49.000000000Z,32,1,80420,38806.000000000,38806.000000000,38806.000000000,38806.000000000,1,YM
2024-06-10T08:02:50.000000000Z,32,1,80420,38807.000000000,38807.000000000,38807.000000000,38807.000000000,2,YM
2024-06-10T08:02:51.000000000Z,32,1,80420,38807.000000000,38807.000000000,38806.000000000,38806.000000000,6,YM
2024-06-10T08:02:52.000000000Z,32,1,80420,38805.000000000,38805.000000000,38805.000000000,38805.000000000,1,YM
2024-06-10T08:02:53.000000000Z,32,1,80420,38805.000000000,38805.000000000,38805.000000000,38805.000000000,1,YM
2024-06-10T08:02:54.000000000Z,32,1,80420,38805.000000000,38805.000000000,38805.000000000,38805.000000000,1,YM
2024-06-10T08:02:56.000000000Z,32,1,80420,38806.000000000,38806.000000000,38806.000000000,38806.000000000,1,YM
2024-06-10T08:03:00.000000000Z,32,1,80420,38804.000000000,38804.000000000,38804.000000000,38804.000000000,2,YM
2024-06-10T08:03:02.000000000Z,32,1,80420,38803.000000000,38803.000000000,38802.000000000,38802.000000000,5,YM
2024-06-10T08:03:04.000000000Z,32,1,80420,38805.000000000,38805.000000000,38805.000000000,38805.000000000,3,YM
2024-06-10T08:03:05.000000000Z,32,1,80420,38806.000000000,38806.000000000,38806.000000000,38806.000000000,1,YM
2024-06-10T08:03:06.000000000Z,32,1,80420,38806.000000000,38807.000000000,38806.000000000,38806.000000000,6,YM
2024-06-10T08:03:17.000000000Z,32,1,80420,38808.000000000,38808.000000000,38808.000000000,38808.000000000,3,YM
2024-06-10T08:03:18.000000000Z,32,1,80420,38808.000000000,38808.000000000,38808.000000000,38808.000000000,1,YM
2024-06-10T08:03:19.000000000Z,32,1,80420,38809.000000000,38809.000000000,38809.000000000,38809.000000000,2,YM
2024-06-10T08:03:20.000000000Z,32,1,80420,38810.000000000,38810.000000000,38810.000000000,38810.000000000,2,YM
2024-06-10T08:03:21.000000000Z,32,1,80420,38809.000000000,38809.000000000,38809.000000000,38809.000000000,4,YM
2024-06-10T08:03:22.000000000Z,32,1,80420,38808.000000000,38808.000000000,38808.000000000,38808.000000000,1,YM
2024-06-10T08:03:23.000000000Z,32,1,80420,38809.000000000,38809.000000000,38809.000000000,38809.000000000,3,YM
2024-06-10T08:03:24.000000000Z,32,1,80420,38809.000000000,38809.000000000,38809.000000000,38809.000000000,1,YM
2024-06-10T08:03:25.000000000Z,32,1,80420,38809.000000000,38809.000000000,38809.000000000,38809.000000000,1,YM
2024-06-10T08:03:26.000000000Z,32,1,80420,38808.000000000,38808.000000000,38808.000000000,38808.000000000,1,YM
2024-06-10T08:03:27.000000000Z,32,1,80420,38807.000000000,38807.000000000,38806.000000000,38806.000000000,4,YM
2024-06-10T08:03:30.000000000Z,32,1,80420,38805.000000000,38805.000000000,38805.000000000,38805.000000000,1,YM
2024-06-10T08:03:31.000000000Z,32,1,80420,38805.000000000,38805.000000000,38805.000000000,38805.000000000,2,YM
2024-06-10T08:03:33.000000000Z,32,1,80420,38804.000000000,38804.000000000,38804.000000000,38804.000000000,2,YM
2024-06-10T08:03:35.000000000Z,32,1,80420,38805.000000000,38805.000000000,38805.000000000,38805.000000000,1,YM
2024-06-10T08:03:40.000000000Z,32,1,80420,38804.000000000,38807.000000000,38804.000000000,38807.000000000,10,YM
2024-06-10T08:03:43.000000000Z,32,1,80420,38807.000000000,38807.000000000,38807.000000000,38807.000000000,2,YM
2024-06-10T08:03:44.000000000Z,32,1,80420,38807.000000000,38807.000000000,38807.000000000,38807.000000000,1,YM
2024-06-10T08:03:48.000000000Z,32,1,80420,38808.000000000,38808.000000000,38808.000000000,38808.000000000,1,YM
2024-06-10T08:03:51.000000000Z,32,1,80420,38808.000000000,38808.000000000,38808.000000000,38808.000000000,3,YM
2024-06-10T08:03:52.000000000Z,32,1,80420,38807.000000000,38807.000000000,38807.000000000,38807.000000000,2,YM
2024-06-10T08:03:53.000000000Z,32,1,80420,38809.000000000,38809.000000000,38808.000000000,38808.000000000,8,YM
2024-06-10T08:04:00.000000000Z,32,1,80420,38808.000000000,38808.000000000,38808.000000000,38808.000000000,1,YM
2024-06-10T08:04:01.000000000Z,32,1,80420,38807.000000000,38807.000000000,38807.000000000,38807.000000000,1,YM
2024-06-10T08:04:03.000000000Z,32,1,80420,38807.000000000,38808.000000000,38807.000000000,38808.000000000,7,YM
2024-06-10T08:04:10.000000000Z,32,1,80420,38808.000000000,38808.000000000,38808.000000000,38808.000000000,2,YM
2024-06-10T08:04:12.000000000Z,32,1,80420,38809.000000000,38809.000000000,38809.000000000,38809.000000000,1,YM
2024-06-10T08:04:13.000000000Z,32,1,80420,38809.000000000,38809.000000000,38809.000000000,38809.000000000,2,YM
2024-06-10T08:04:14.000000000Z,32,1,80420,38810.000000000,38810.000000000,38810.000000000,38810.000000000,2,YM
2024-06-10T08:04:17.000000000Z,32,1,80420,38809.000000000,38809.000000000,38809.000000000,38809.000000000,1,YM
2024-06-10T08:04:22.000000000Z,32,1,80420,38809.000000000,38809.000000000,38807.000000000,38807.000000000,8,YM
2024-06-10T08:04:24.000000000Z,32,1,80420,38806.000000000,38806.000000000,38805.000000000,38805.000000000,5,YM
2024-06-10T08:04:28.000000000Z,32,1,80420,38803.000000000,38803.000000000,38802.000000000,38802.000000000,2,YM
2024-06-10T08:04:29.000000000Z,32,1,80420,38801.000000000,38801.000000000,38801.000000000,38801.000000000,2,YM
2024-06-10T08:04:30.000000000Z,32,1,80420,38800.000000000,38801.000000000,38800.000000000,38800.000000000,3,YM
2024-06-10T08:04:32.000000000Z,32,1,80420,38799.000000000,38799.000000000,38799.000000000,38799.000000000,3,YM
2024-06-10T08:04:33.000000000Z,32,1,80420,38799.000000000,38799.000000000,38799.000000000,38799.000000000,1,YM
2024-06-10T08:04:34.000000000Z,32,1,80420,38798.000000000,38798.000000000,38798.000000000,38798.000000000,1,YM
2024-06-10T08:04:35.000000000Z,32,1,80420,38799.000000000,38799.000000000,38799.000000000,38799.000000000,1,YM
2024-06-10T08:04:38.000000000Z,32,1,80420,38798.000000000,38798.000000000,38798.000000000,38798.000000000,2,YM
2024-06-10T08:04:41.000000000Z,32,1,80420,38802.000000000,38802.000000000,38802.000000000,38802.000000000,1,YM
2024-06-10T08:04:45.000000000Z,32,1,80420,38802.000000000,38802.000000000,38802.000000000,38802.000000000,2,YM
2024-06-10T08:04:51.000000000Z,32,1,80420,38804.000000000,38804.000000000,38804.000000000,38804.000000000,1,YM
2024-06-10T08:04:52.000000000Z,32,1,80420,38804.000000000,38804.000000000,38804.000000000,38804.000000000,1,YM
2024-06-10T08:04:53.000000000Z,32,1,80420,38805.000000000,38805.000000000,38805.000000000,38805.000000000,5,YM
2024-06-10T08:04:57.000000000Z,32,1,80420,38804.000000000,38804.000000000,38803.000000000,38803.000000000,5,YM
2024-06-10T08:04:58.000000000Z,32,1,80420,38803.000000000,38803.000000000,38803.000000000,38803.000000000,3,YM
2024-06-10T08:05:00.000000000Z,32,1,80420,38803.000000000,38803.000000000,38803.000000000,38803.000000000,1,YM
2024-06-10T08:05:01.000000000Z,32,1,80420,38804.000000000,38804.000000000,38804.000000000,38804.000000000,2,YM
2024-06-10T08:05:02.000000000Z,32,1,80420,38805.000000000,38805.000000000,38805.000000000,38805.000000000,1,YM
2024-06-10T08:05:05.000000000Z,32,1,80420,38804.000000000,38804.000000000,38803.000000000,38803.000000000,6,YM
2024-06-10T08:05:11.000000000Z,32,1,80420,38804.000000000,38804.000000000,38804.000000000,38804.000000000,1,YM
2024-06-10T08:05:17.000000000Z,32,1,80420,38806.000000000,38807.000000000,38806.000000000,38807.000000000,3,YM
2024-06-10T08:05:18.000000000Z,32,1,80420,38807.000000000,38807.000000000,38807.000000000,38807.000000000,5,YM
2024-06-10T08:05:19.000000000Z,32,1,80420,38807.000000000,38807.000000000,38807.000000000,38807.000000000,4,YM
2024-06-10T08:05:23.000000000Z,32,1,80420,38806.000000000,38806.000000000,38806.000000000,38806.000000000,3,YM
2024-06-10T08:05:30.000000000Z,32,1,80420,38804.000000000,38804.000000000,38803.000000000,38803.000000000,3,YM
2024-06-10T08:05:32.000000000Z,32,1,80420,38802.000000000,38802.000000000,38802.000000000,38802.000000000,1,YM
2024-06-10T08:05:37.000000000Z,32,1,80420,38804.000000000,38804.000000000,38804.000000000,38804.000000000,2,YM
2024-06-10T08:05:40.000000000Z,32,1,80420,38802.000000000,38804.000000000,38802.000000000,38804.000000000,2,YM
2024-06-10T08:05:44.000000000Z,32,1,80420,38805.000000000,38805.000000000,38804.000000000,38804.000000000,3,YM
2024-06-10T08:05:49.000000000Z,32,1,80420,38804.000000000,38804.000000000,38804.000000000,38804.000000000,2,YM
2024-06-10T08:06:01.000000000Z,32,1,80420,38803.000000000,38803.000000000,38803.000000000,38803.000000000,1,YM
2024-06-10T08:06:03.000000000Z,32,1,80420,38804.000000000,38804.000000000,38804.000000000,38804.000000000,1,YM
2024-06-10T08:06:04.000000000Z,32,1,80420,38804.000000000,38804.000000000,38804.000000000,38804.000000000,1,YM
2024-06-10T08:06:06.000000000Z,32,1,80420,38803.000000000,38803.000000000,38800.000000000,38800.000000000,5,YM
2024-06-10T08:06:08.000000000Z,32,1,80420,38800.000000000,38800.000000000,38800.000000000,38800.000000000,2,YM
2024-06-10T08:06:09.000000000Z,32,1,80420,38799.000000000,38799.000000000,38798.000000000,38798.000000000,2,YM
2024-06-10T08:06:11.000000000Z,32,1,80420,38798.000000000,38798.000000000,38798.000000000,38798.000000000,2,YM
2024-06-10T08:06:17.000000000Z,32,1,80420,38799.000000000,38799.000000000,38799.000000000,38799.000000000,4,YM
2024-06-10T08:06:18.000000000Z,32,1,80420,38799.000000000,38799.000000000,38799.000000000,38799.000000000,1,YM
2024-06-10T08:06:20.000000000Z,32,1,80420,38799.000000000,38799.000000000,38799.000000000,38799.000000000,5,YM
2024-06-10T08:06:22.000000000Z,32,1,80420,38800.000000000,38800.000000000,38800.000000000,38800.000000000,2,YM
2024-06-10T08:06:23.000000000Z,32,1,80420,38800.000000000,38800.000000000,38800.000000000,38800.000000000,2,YM
2024-06-10T08:06:25.000000000Z,32,1,80420,38798.000000000,38798.000000000,38798.000000000,38798.000000000,3,YM
2024-06-10T08:06:27.000000000Z,32,1,80420,38799.000000000,38800.000000000,38799.000000000,38800.000000000,2,YM
2024-06-10T08:06:30.000000000Z,32,1,80420,38799.000000000,38800.000000000,38799.000000000,38800.000000000,8,YM
2024-06-10T08:06:40.000000000Z,32,1,80420,38799.000000000,38799.000000000,38799.000000000,38799.000000000,1,YM
2024-06-10T08:06:46.000000000Z,32,1,80420,38800.000000000,38803.000000000,38800.000000000,38803.000000000,10,YM
2024-06-10T08:06:48.000000000Z,32,1,80420,38802.000000000,38802.000000000,38802.000000000,38802.000000000,2,YM
2024-06-10T08:06:50.000000000Z,32,1,80420,38803.000000000,38803.000000000,38803.000000000,38803.000000000,5,YM
2024-06-10T08:06:57.000000000Z,32,1,80420,38804.000000000,38804.000000000,38803.000000000,38803.000000000,7,YM
2024-06-10T08:06:58.000000000Z,32,1,80420,38803.000000000,38804.000000000,38802.000000000,38803.000000000,9,YM
2024-06-10T08:06:59.000000000Z,32,1,80420,38803.000000000,38803.000000000,38803.000000000,38803.000000000,1,YM
2024-06-10T08:07:00.000000000Z,32,1,80420,38803.000000000,38803.000000000,38802.000000000,38802.000000000,3,YM
2024-06-10T08:07:01.000000000Z,32,1,80420,38803.000000000,38804.000000000,38802.000000000,38802.000000000,8,YM
2024-06-10T08:07:02.000000000Z,32,1,80420,38801.000000000,38801.000000000,38799.000000000,38800.000000000,6,YM
2024-06-10T08:07:03.000000000Z,32,1,80420,38798.000000000,38798.000000000,38798.000000000,38798.000000000,1,YM
2024-06-10T08:07:04.000000000Z,32,1,80420,38797.000000000,38797.000000000,38797.000000000,38797.000000000,1,YM
2024-06-10T08:07:05.000000000Z,32,1,80420,38796.000000000,38797.000000000,38796.000000000,38796.000000000,6,YM
2024-06-10T08:07:10.000000000Z,32,1,80420,38796.000000000,38797.000000000,38796.000000000,38797.000000000,11,YM
2024-06-10T08:07:11.000000000Z,32,1,80420,38796.000000000,38796.000000000,38796.000000000,38796.000000000,1,YM
2024-06-10T08:07:19.000000000Z,32,1,80420,38796.000000000,38796.000000000,38796.000000000,38796.000000000,1,YM
2024-06-10T08:07:23.000000000Z,32,1,80420,38795.000000000,38795.000000000,38795.000000000,38795.000000000,1,YM
2024-06-10T08:07:26.000000000Z,32,1,80420,38794.000000000,38794.000000000,38794.000000000,38794.000000000,1,YM
2024-06-10T08:07:28.000000000Z,32,1,80420,38794.000000000,38794.000000000,38794.000000000,38794.000000000,2,YM
2024-06-10T08:07:35.000000000Z,32,1,80420,38796.000000000,38797.000000000,38796.000000000,38797.000000000,4,YM
2024-06-10T08:07:39.000000000Z,32,1,80420,38799.000000000,38799.000000000,38799.000000000,38799.000000000,5,YM
2024-06-10T08:07:44.000000000Z,32,1,80420,38801.000000000,38801.000000000,38801.000000000,38801.000000000,10,YM
2024-06-10T08:07:46.000000000Z,32,1,80420,38801.000000000,38801.000000000,38801.000000000,38801.000000000,3,YM
2024-06-10T08:07:50.000000000Z,32,1,80420,38800.000000000,38800.000000000,38800.000000000,38800.000000000,2,YM
2024-06-10T08:07:52.000000000Z,32,1,80420,38801.000000000,38801.000000000,38801.000000000,38801.000000000,5,YM
2024-06-10T08:07:53.000000000Z,32,1,80420,38802.000000000,38803.000000000,38802.000000000,38803.000000000,6,YM
2024-06-10T08:07:55.000000000Z,32,1,80420,38801.000000000,38801.000000000,38801.000000000,38801.000000000,1,YM
2024-06-10T08:07:57.000000000Z,32,1,80420,38801.000000000,38801.000000000,38801.000000000,38801.000000000,1,YM
2024-06-10T08:07:59.000000000Z,32,1,80420,38801.000000000,38801.000000000,38801.000000000,38801.000000000,2,YM
2024-06-10T08:08:01.000000000Z,32,1,80420,38800.000000000,38800.000000000,38800.000000000,38800.000000000,7,YM
2024-06-10T08:08:02.000000000Z,32,1,80420,38799.000000000,38799.000000000,38799.000000000,38799.000000000,1,YM
2024-06-10T08:08:04.000000000Z,32,1,80420,38798.000000000,38798.000000000,38798.000000000,38798.000000000,1,YM
2024-06-10T08:08:08.000000000Z,32,1,80420,38798.000000000,38798.000000000,38798.000000000,38798.000000000,1,YM
2024-06-10T08:08:13.000000000Z,32,1,80420,38797.000000000,38798.000000000,38797.000000000,38798.000000000,2,YM
2024-06-10T08:08:14.000000000Z,32,1,80420,38798.000000000,38798.000000000,38798.000000000,38798.000000000,4,YM
2024-06-10T08:08:20.000000000Z,32,1,80420,38797.000000000,38797.000000000,38797.000000000,38797.000000000,1,YM
2024-06-10T08:08:21.000000000Z,32,1,80420,38796.000000000,38798.000000000,38796.000000000,38797.000000000,10,YM
2024-06-10T08:08:22.000000000Z,32,1,80420,38799.000000000,38799.000000000,38799.000000000,38799.000000000,2,YM
2024-06-10T08:08:26.000000000Z,32,1,80420,38800.000000000,38801.000000000,38800.000000000,38801.000000000,2,YM
2024-06-10T08:08:31.000000000Z,32,1,80420,38800.000000000,38800.000000000,38800.000000000,38800.000000000,2,YM
2024-06-10T08:08:33.000000000Z,32,1,80420,38800.000000000,38800.000000000,38800.000000000,38800.000000000,2,YM
2024-06-10T08:08:36.000000000Z,32,1,80420,38801.000000000,38801.000000000,38801.000000000,38801.000000000,2,YM
2024-06-10T08:08:38.000000000Z,32,1,80420,38802.000000000,38802.000000000,38802.000000000,38802.000000000,1,YM
2024-06-10T08:08:49.000000000Z,32,1,80420,38801.000000000,38801.000000000,38801.000000000,38801.000000000,2,YM
2024-06-10T08:08:53.000000000Z,32,1,80420,38801.000000000,38801.000000000,38801.000000000,38801.000000000,1,YM
2024-06-10T08:08:57.000000000Z,32,1,80420,38802.000000000,38803.000000000,38802.000000000,38802.000000000,4,YM
2024-06-10T08:08:58.000000000Z,32,1,80420,38801.000000000,38801.000000000,38801.000000000,38801.000000000,1,YM
2024-06-10T08:08:59.000000000Z,32,1,80420,38802.000000000,38802.000000000,38802.000000000,38802.000000000,4,YM
2024-06-10T08:09:01.000000000Z,32,1,80420,38803.000000000,38803.000000000,38803.000000000,38803.000000000,3,YM
2024-06-10T08:09:04.000000000Z,32,1,80420,38804.000000000,38804.000000000,38804.000000000,38804.000000000,1,YM
2024-06-10T08:09:16.000000000Z,32,1,80420,38806.000000000,38806.000000000,38806.000000000,38806.000000000,1,YM
2024-06-10T08:09:18.000000000Z,32,1,80420,38805.000000000,38805.000000000,38805.000000000,38805.000000000,2,YM
2024-06-10T08:09:23.000000000Z,32,1,80420,38805.000000000,38805.000000000,38805.000000000,38805.000000000,1,YM
2024-06-10T08:09:30.000000000Z,32,1,80420,38805.000000000,38806.000000000,38805.000000000,38806.000000000,2,YM
2024-06-10T08:09:31.000000000Z,32,1,80420,38805.000000000,38805.000000000,38805.000000000,38805.000000000,1,YM
2024-06-10T08:09:35.000000000Z,32,1,80420,38805.000000000,38805.000000000,38803.000000000,38803.000000000,10,YM
2024-06-10T08:09:39.000000000Z,32,1,80420,38804.000000000,38804.000000000,38804.000000000,38804.000000000,1,YM
2024-06-10T08:09:40.000000000Z,32,1,80420,38804.000000000,38804.000000000,38804.000000000,38804.000000000,1,YM
2024-06-10T08:09:43.000000000Z,32,1,80420,38804.000000000,38804.000000000,38804.000000000,38804.000000000,1,YM
2024-06-10T08:09:47.000000000Z,32,1,80420,38803.000000000,38803.000000000,38802.000000000,38802.000000000,2,YM
2024-06-10T08:09:48.000000000Z,32,1,80420,38802.000000000,38802.000000000,38802.000000000,38802.000000000,1,YM
2024-06-10T08:09:51.000000000Z,32,1,80420,38801.000000000,38801.000000000,38801.000000000,38801.000000000,1,YM
2024-06-10T08:09:53.000000000Z,32,1,80420,38801.000000000,38801.000000000,38801.000000000,38801.000000000,3,YM
2024-06-10T08:09:56.000000000Z,32,1,80420,38802.000000000,38802.000000000,38802.000000000,38802.000000000,2,YM
2024-06-10T08:10:00.000000000Z,32,1,80420,38801.000000000,38801.000000000,38801.000000000,38801.000000000,2,YM
2024-06-10T08:10:02.000000000Z,32,1,80420,38801.000000000,38801.000000000,38801.000000000,38801.000000000,4,YM
2024-06-10T08:10:03.000000000Z,32,1,80420,38800.000000000,38801.000000000,38800.000000000,38801.000000000,8,YM
2024-06-10T08:10:07.000000000Z,32,1,80420,38802.000000000,38802.000000000,38802.000000000,38802.000000000,2,YM
2024-06-10T08:10:08.000000000Z,32,1,80420,38802.000000000,38802.000000000,38802.000000000,38802.000000000,1,YM
2024-06-10T08:10:11.000000000Z,32,1,80420,38802.000000000,38802.000000000,38802.000000000,38802.000000000,3,YM
2024-06-10T08:10:15.000000000Z,32,1,80420,38802.000000000,38803.000000000,38802.000000000,38803.000000000,4,YM
2024-06-10T08:10:17.000000000Z,32,1,80420,38802.000000000,38802.000000000,38802.000000000,38802.000000000,1,YM
2024-06-10T08:10:18.000000000Z,32,1,80420,38802.000000000,38802.000000000,38802.000000000,38802.000000000,2,YM
2024-06-10T08:10:23.000000000Z,32,1,80420,38804.000000000,38804.000000000,38804.000000000,38804.000000000,3,YM
2024-06-10T08:10:25.000000000Z,32,1,80420,38803.000000000,38803.000000000,38803.000000000,38803.000000000,1,YM
2024-06-10T08:10:29.000000000Z,32,1,80420,38805.000000000,38805.000000000,38805.000000000,38805.000000000,2,YM
2024-06-10T08:10:30.000000000Z,32,1,80420,38806.000000000,38806.000000000,38806.000000000,38806.000000000,1,YM
2024-06-10T08:10:35.000000000Z,32,1,80420,38806.000000000,38806.000000000,38806.000000000,38806.000000000,2,YM
2024-06-10T08:10:36.000000000Z,32,1,80420,38805.000000000,38805.000000000,38805.000000000,38805.000000000,11,YM
2024-06-10T08:10:40.000000000Z,32,1,80420,38805.000000000,38805.000000000,38805.000000000,38805.000000000,1,YM
2024-06-10T08:10:43.000000000Z,32,1,80420,38805.000000000,38805.000000000,38805.000000000,38805.000000000,1,YM
2024-06-10T08:10:45.000000000Z,32,1,80420,38805.000000000,38806.000000000,38805.000000000,38806.000000000,3,YM
2024-06-10T08:10:50.000000000Z,32,1,80420,38806.000000000,38806.000000000,38806.000000000,38806.000000000,1,YM
2024-06-10T08:10:52.000000000Z,32,1,80420,38807.000000000,38807.000000000,38807.000000000,38807.000000000,3,YM
2024-06-10T08:10:53.000000000Z,32,1,80420,38807.000000000,38807.000000000,38807.000000000,38807.000000000,1,YM
2024-06-10T08:11:00.000000000Z,32,1,80420,38806.000000000,38806.000000000,38806.000000000,38806.000000000,1,YM
2024-06-10T08:11:05.000000000Z,32,1,80420,38806.000000000,38806.000000000,38806.000000000,38806.000000000,2,YM
2024-06-10T08:11:12.000000000Z,32,1,80420,38804.000000000,38804.000000000,38804.000000000,38804.000000000,1,YM
2024-06-10T08:11:15.000000000Z,32,1,80420,38804.000000000,38805.000000000,38804.000000000,38805.000000000,4,YM
2024-06-10T08:11:20.000000000Z,32,1,80420,38806.000000000,38806.000000000,38806.000000000,38806.000000000,1,YM
2024-06-10T08:11:27.000000000Z,32,1,80420,38808.000000000,38808.000000000,38808.000000000,38808.000000000,2,YM
2024-06-10T08:11:29.000000000Z,32,1,80420,38807.000000000,38807.000000000,38807.000000000,38807.000000000,2,YM
2024-06-10T08:11:31.000000000Z,32,1,80420,38806.000000000,38806.000000000,38806.000000000,38806.000000000,2,YM
2024-06-10T08:11:32.000000000Z,32,1,80420,38807.000000000,38807.000000000,38806.000000000,38806.000000000,2,YM
2024-06-10T08:11:39.000000000Z,32,1,80420,38808.000000000,38808.000000000,38807.000000000,38807.000000000,2,YM
2024-06-10T08:11:41.000000000Z,32,1,80420,38806.000000000,38806.000000000,38806.000000000,38806.000000000,3,YM
2024-06-10T08:11:43.000000000Z,32,1,80420,38808.000000000,38811.000000000,38808.000000000,38811.000000000,17,YM
2024-06-10T08:11:44.000000000Z,32,1,80420,38810.000000000,38810.000000000,38810.000000000,38810.000000000,1,YM
2024-06-10T08:11:46.000000000Z,32,1,80420,38810.000000000,38810.000000000,38810.000000000,38810.000000000,1,YM
2024-06-10T08:11:52.000000000Z,32,1,80420,38810.000000000,38810.000000000,38810.000000000,38810.000000000,1,YM
2024-06-10T08:11:53.000000000Z,32,1,80420,38809.000000000,38810.000000000,38809.000000000,38810.000000000,2,YM
2024-06-10T08:11:57.000000000Z,32,1,80420,38811.000000000,38811.000000000,38811.000000000,38811.000000000,1,YM
2024-06-10T08:11:59.000000000Z,32,1,80420,38811.000000000,38811.000000000,38810.000000000,38810.000000000,2,YM
2024-06-10T08:12:00.000000000Z,32,1,80420,38810.000000000,38810.000000000,38810.000000000,38810.000000000,2,YM
2024-06-10T08:12:06.000000000Z,32,1,80420,38812.000000000,38812.000000000,38812.000000000,38812.000000000,1,YM
2024-06-10T08:12:12.000000000Z,32,1,80420,38812.000000000,38812.000000000,38812.000000000,38812.000000000,2,YM
2024-06-10T08:12:14.000000000Z,32,1,80420,38811.000000000,38811.000000000,38810.000000000,38810.000000000,5,YM
2024-06-10T08:12:31.000000000Z,32,1,80420,38812.000000000,38812.000000000,38811.000000000,38811.000000000,7,YM
2024-06-10T08:12:33.000000000Z,32,1,80420,38812.000000000,38812.000000000,38812.000000000,38812.000000000,1,YM
2024-06-10T08:12:39.000000000Z,32,1,80420,38813.000000000,38813.000000000,38813.000000000,38813.000000000,1,YM
2024-06-10T08:12:40.000000000Z,32,1,80420,38813.000000000,38813.000000000,38813.000000000,38813.000000000,1,YM
2024-06-10T08:12:44.000000000Z,32,1,80420,38813.000000000,38813.000000000,38809.000000000,38810.000000000,16,YM
2024-06-10T08:12:55.000000000Z,32,1,80420,38812.000000000,38812.000000000,38812.000000000,38812.000000000,1,YM
2024-06-10T08:12:57.000000000Z,32,1,80420,38811.000000000,38811.000000000,38811.000000000,38811.000000000,1,YM
2024-06-10T08:12:59.000000000Z,32,1,80420,38811.000000000,38812.000000000,38809.000000000,38809.000000000,6,YM
2024-06-10T08:13:05.000000000Z,32,1,80420,38808.000000000,38808.000000000,38808.000000000,38808.000000000,1,YM
2024-06-10T08:13:06.000000000Z,32,1,80420,38809.000000000,38809.000000000,38809.000000000,38809.000000000,1,YM
2024-06-10T08:13:09.000000000Z,32,1,80420,38809.000000000,38809.000000000,38809.000000000,38809.000000000,1,YM
2024-06-10T08:13:13.000000000Z,32,1,80420,38809.000000000,38809.000000000,38809.000000000,38809.000000000,1,YM
2024-06-10T08:13:14.000000000Z,32,1,80420,38810.000000000,38810.000000000,38810.000000000,38810.000000000,1,YM
2024-06-10T08:13:16.000000000Z,32,1,80420,38809.000000000,38809.000000000,38809.000000000,38809.000000000,1,YM
2024-06-10T08:13:25.000000000Z,32,1,80420,38809.000000000,38809.000000000,38809.000000000,38809.000000000,1,YM
2024-06-10T08:13:28.000000000Z,32,1,80420,38808.000000000,38808.000000000,38808.000000000,38808.000000000,1,YM
2024-06-10T08:13:35.000000000Z,32,1,80420,38807.000000000,38807.000000000,38806.000000000,38806.000000000,4,YM
2024-06-10T08:13:37.000000000Z,32,1,80420,38805.000000000,38805.000000000,38805.000000000,38805.000000000,1,YM
2024-06-10T08:13:38.000000000Z,32,1,80420,38804.000000000,38804.000000000,38804.000000000,38804.000000000,1,YM
2024-06-10T08:13:42.000000000Z,32,1,80420,38804.000000000,38804.000000000,38804.000000000,38804.000000000,1,YM
2024-06-10T08:13:45.000000000Z,32,1,80420,38804.000000000,38806.000000000,38804.000000000,38806.000000000,4,YM
2024-06-10T08:13:46.000000000Z,32,1,80420,38806.000000000,38806.000000000,38806.000000000,38806.000000000,1,YM
2024-06-10T08:13:50.000000000Z,32,1,80420,38804.000000000,38804.000000000,38804.000000000,38804.000000000,1,YM
2024-06-10T08:14:00.000000000Z,32,1,80420,38804.000000000,38804.000000000,38803.000000000,38803.000000000,3,YM
2024-06-10T08:14:03.000000000Z,32,1,80420,38800.000000000,38800.000000000,38800.000000000,38800.000000000,2,YM
2024-06-10T08:14:06.000000000Z,32,1,80420,38799.000000000,38803.000000000,38799.000000000,38803.000000000,2,YM
2024-06-10T08:14:08.000000000Z,32,1,80420,38802.000000000,38802.000000000,38802.000000000,38802.000000000,1,YM
2024-06-10T08:14:11.000000000Z,32,1,80420,38801.000000000,38801.000000000,38801.000000000,38801.000000000,2,YM
2024-06-10T08:14:14.000000000Z,32,1,80420,38802.000000000,38802.000000000,38802.000000000,38802.000000000,1,YM
2024-06-10T08:14:17.000000000Z,32,1,80420,38801.000000000,38801.000000000,38801.000000000,38801.000000000,1,YM
2024-06-10T08:14:25.000000000Z,32,1,80420,38803.000000000,38804.000000000,38803.000000000,38804.000000000,2,YM
2024-06-10T08:14:35.000000000Z,32,1,80420,38805.000000000,38806.000000000,38805.000000000,38806.000000000,6,YM
2024-06-10T08:14:38.000000000Z,32,1,80420,38806.000000000,38806.000000000,38806.000000000,38806.000000000,1,YM
2024-06-10T08:14:39.000000000Z,32,1,80420,38806.000000000,38806.000000000,38806.000000000,38806.000000000,1,YM
2024-06-10T08:14:42.000000000Z,32,1,80420,38805.000000000,38805.000000000,38805.000000000,38805.000000000,2,YM
2024-06-10T08:14:45.000000000Z,32,1,80420,38804.000000000,38804.000000000,38804.000000000,38804.000000000,1,YM
2024-06-10T08:15:01.000000000Z,32,1,80420,38802.000000000,38802.000000000,38802.000000000,38802.000000000,1,YM
2024-06-10T08:15:05.000000000Z,32,1,80420,38801.000000000,38801.000000000,38800.000000000,38800.000000000,11,YM
2024-06-10T08:15:06.000000000Z,32,1,80420,38799.000000000,38799.000000000,38799.000000000,38799.000000000,1,YM
2024-06-10T08:15:09.000000000Z,32,1,80420,38798.000000000,38800.000000000,38798.000000000,38800.000000000,8,YM
2024-06-10T08:15:10.000000000Z,32,1,80420,38800.000000000,38801.000000000,38800.000000000,38800.000000000,13,YM
2024-06-10T08:15:12.000000000Z,32,1,80420,38799.000000000,38800.000000000,38799.000000000,38800.000000000,3,YM
2024-06-10T08:15:20.000000000Z,32,1,80420,38799.000000000,38799.000000000,38799.000000000,38799.000000000,2,YM
2024-06-10T08:15:25.000000000Z,32,1,80420,38801.000000000,38801.000000000,38801.000000000,38801.000000000,1,YM
2024-06-10T08:15:28.000000000Z,32,1,80420,38800.000000000,38800.000000000,38800.000000000,38800.000000000,4,YM
2024-06-10T08:15:29.000000000Z,32,1,80420,38798.000000000,38798.000000000,38798.000000000,38798.000000000,1,YM
2024-06-10T08:15:30.000000000Z,32,1,80420,38799.000000000,38799.000000000,38799.000000000,38799.000000000,1,YM
2024-06-10T08:15:37.000000000Z,32,1,80420,38797.000000000,38797.000000000,38797.000000000,38797.000000000,1,YM
2024-06-10T08:15:44.000000000Z,32,1,80420,38796.000000000,38796.000000000,38796.000000000,38796.000000000,3,YM
2024-06-10T08:15:52.000000000Z,32,1,80420,38799.000000000,38799.000000000,38799.000000000,38799.000000000,2,YM
2024-06-10T08:15:58.000000000Z,32,1,80420,38800.000000000,38800.000000000,38800.000000000,38800.000000000,1,YM
2024-06-10T08:16:00.000000000Z,32,1,80420,38799.000000000,38799.000000000,38799.000000000,38799.000000000,1,YM
2024-06-10T08:16:09.000000000Z,32,1,80420,38801.000000000,38802.000000000,38801.000000000,38802.000000000,2,YM
2024-06-10T08:16:11.000000000Z,32,1,80420,38802.000000000,38802.000000000,38801.000000000,38802.000000000,7,YM
2024-06-10T08:16:15.000000000Z,32,1,80420,38803.000000000,38803.000000000,38803.000000000,38803.000000000,1,YM
2024-06-10T08:16:22.000000000Z,32,1,80420,38803.000000000,38803.000000000,38803.000000000,38803.000000000,3,YM
2024-06-10T08:16:24.000000000Z,32,1,80420,38802.000000000,38802.000000000,38802.000000000,38802.000000000,1,YM
2024-06-10T08:16:25.000000000Z,32,1,80420,38801.000000000,38801.000000000,38801.000000000,38801.000000000,4,YM
2024-06-10T08:16:35.000000000Z,32,1,80420,38797.000000000,38797.000000000,38797.000000000,38797.000000000,1,YM
2024-06-10T08:16:40.000000000Z,32,1,80420,38796.000000000,38796.000000000,38796.000000000,38796.000000000,1,YM
2024-06-10T08:16:42.000000000Z,32,1,80420,38795.000000000,38795.000000000,38795.000000000,38795.000000000,2,YM
2024-06-10T08:16:46.000000000Z,32,1,80420,38794.000000000,38794.000000000,38794.000000000,38794.000000000,1,YM
2024-06-10T08:16:47.000000000Z,32,1,80420,38794.000000000,38794.000000000,38794.000000000,38794.000000000,1,YM
2024-06-10T08:17:00.000000000Z,32,1,80420,38793.000000000,38793.000000000,38791.000000000,38791.000000000,3,YM
2024-06-10T08:17:03.000000000Z,32,1,80420,38792.000000000,38792.000000000,38792.000000000,38792.000000000,1,YM
2024-06-10T08:17:04.000000000Z,32,1,80420,38790.000000000,38792.000000000,38790.000000000,38792.000000000,3,YM
2024-06-10T08:17:14.000000000Z,32,1,80420,38791.000000000,38791.000000000,38791.000000000,38791.000000000,2,YM
2024-06-10T08:17:16.000000000Z,32,1,80420,38791.000000000,38791.000000000,38791.000000000,38791.000000000,1,YM
2024-06-10T08:17:17.000000000Z,32,1,80420,38790.000000000,38790.000000000,38790.000000000,38790.000000000,1,YM
2024-06-10T08:17:18.000000000Z,32,1,80420,38791.000000000,38791.000000000,38791.000000000,38791.000000000,1,YM
2024-06-10T08:17:19.000000000Z,32,1,80420,38790.000000000,38790.000000000,38790.000000000,38790.000000000,1,YM
2024-06-10T08:17:20.000000000Z,32,1,80420,38789.000000000,38789.000000000,38788.000000000,38789.000000000,5,YM
2024-06-10T08:17:23.000000000Z,32,1,80420,38789.000000000,38789.000000000,38787.000000000,38787.000000000,3,YM
2024-06-10T08:17:24.000000000Z,32,1,80420,38787.000000000,38789.000000000,38787.000000000,38789.000000000,2,YM
2024-06-10T08:17:33.000000000Z,32,1,80420,38788.000000000,38788.000000000,38788.000000000,38788.000000000,2,YM
2024-06-10T08:17:50.000000000Z,32,1,80420,38789.000000000,38789.000000000,38789.000000000,38789.000000000,1,YM
2024-06-10T08:17:58.000000000Z,32,1,80420,38789.000000000,38789.000000000,38789.000000000,38789.000000000,1,YM
2024-06-10T08:18:00.000000000Z,32,1,80420,38788.000000000,38788.000000000,38788.000000000,38788.000000000,2,YM
2024-06-10T08:18:02.000000000Z,32,1,80420,38787.000000000,38787.000000000,38787.000000000,38787.000000000,1,YM
2024-06-10T08:18:12.000000000Z,32,1,80420,38789.000000000,38795.000000000,38789.000000000,38793.000000000,29,YM
2024-06-10T08:18:13.000000000Z,32,1,80420,38794.000000000,38794.000000000,38794.000000000,38794.000000000,2,YM
2024-06-10T08:18:14.000000000Z,32,1,80420,38794.000000000,38798.000000000,38793.000000000,38798.000000000,45,YM
2024-06-10T08:18:15.000000000Z,32,1,80420,38798.000000000,38798.000000000,38795.000000000,38795.000000000,6,YM
2024-06-10T08:18:16.000000000Z,32,1,80420,38796.000000000,38799.000000000,38796.000000000,38798.000000000,22,YM
2024-06-10T08:18:17.000000000Z,32,1,80420,38797.000000000,38797.000000000,38797.000000000,38797.000000000,3,YM
2024-06-10T08:18:18.000000000Z,32,1,80420,38797.000000000,38800.000000000,38797.000000000,38798.000000000,21,YM
2024-06-10T08:18:19.000000000Z,32,1,80420,38798.000000000,38798.000000000,38798.000000000,38798.000000000,1,YM
2024-06-10T08:18:20.000000000Z,32,1,80420,38797.000000000,38797.000000000,38797.000000000,38797.000000000,2,YM
2024-06-10T08:18:22.000000000Z,32,1,80420,38796.000000000,38796.000000000,38796.000000000,38796.000000000,2,YM
2024-06-10T08:18:23.000000000Z,32,1,80420,38797.000000000,38797.000000000,38797.000000000,38797.000000000,1,YM
2024-06-10T08:18:24.000000000Z,32,1,80420,38798.000000000,38799.000000000,38798.000000000,38799.000000000,2,YM
2024-06-10T08:18:25.000000000Z,32,1,80420,38800.000000000,38800.000000000,38800.000000000,38800.000000000,1,YM
2024-06-10T08:18:26.000000000Z,32,1,80420,38798.000000000,38798.000000000,38798.000000000,38798.000000000,2,YM
2024-06-10T08:18:28.000000000Z,32,1,80420,38800.000000000,38800.000000000,38800.000000000,38800.000000000,1,YM
2024-06-10T08:18:29.000000000Z,32,1,80420,38799.000000000,38799.000000000,38799.000000000,38799.000000000,1,YM
2024-06-10T08:18:30.000000000Z,32,1,80420,38799.000000000,38799.000000000,38799.000000000,38799.000000000,2,YM
2024-06-10T08:18:32.000000000Z,32,1,80420,38799.000000000,38799.000000000,38799.000000000,38799.000000000,5,YM
2024-06-10T08:18:35.000000000Z,32,1,80420,38799.000000000,38799.000000000,38799.000000000,38799.000000000,1,YM
2024-06-10T08:18:36.000000000Z,32,1,80420,38798.000000000,38798.000000000,38798.000000000,38798.000000000,1,YM
2024-06-10T08:18:39.000000000Z,32,1,80420,38799.000000000,38800.000000000,38799.000000000,38799.000000000,7,YM
2024-06-10T08:18:40.000000000Z,32,1,80420,38799.000000000,38799.000000000,38799.000000000,38799.000000000,1,YM
2024-06-10T08:18:43.000000000Z,32,1,80420,38799.000000000,38799.000000000,38799.000000000,38799.000000000,3,YM
2024-06-10T08:18:45.000000000Z,32,1,80420,38799.000000000,38799.000000000,38798.000000000,38798.000000000,2,YM
2024-06-10T08:18:46.000000000Z,32,1,80420,38797.000000000,38797.000000000,38797.000000000,38797.000000000,4,YM
2024-06-10T08:18:47.000000000Z,32,1,80420,38795.000000000,38795.000000000,38795.000000000,38795.000000000,1,YM
2024-06-10T08:18:48.000000000Z,32,1,80420,38797.000000000,38797.000000000,38797.000000000,38797.000000000,2,YM
2024-06-10T08:18:55.000000000Z,32,1,80420,38800.000000000,38800.000000000,38799.000000000,38799.000000000,3,YM
2024-06-10T08:19:00.000000000Z,32,1,80420,38796.000000000,38798.000000000,38796.000000000,38797.000000000,7,YM
2024-06-10T08:19:01.000000000Z,32,1,80420,38796.000000000,38798.000000000,38796.000000000,38798.000000000,4,YM
2024-06-10T08:19:02.000000000Z,32,1,80420,38796.000000000,38796.000000000,38794.000000000,38794.000000000,2,YM
2024-06-10T08:19:03.000000000Z,32,1,80420,38795.000000000,38796.000000000,38795.000000000,38796.000000000,3,YM
2024-06-10T08:19:04.000000000Z,32,1,80420,38795.000000000,38796.000000000,38795.000000000,38796.000000000,3,YM
2024-06-10T08:19:08.000000000Z,32,1,80420,38796.000000000,38796.000000000,38796.000000000,38796.000000000,1,YM
2024-06-10T08:19:10.000000000Z,32,1,80420,38795.000000000,38795.000000000,38795.000000000,38795.000000000,2,YM
2024-06-10T08:19:12.000000000Z,32,1,80420,38796.000000000,38796.000000000,38796.000000000,38796.000000000,1,YM
2024-06-10T08:19:15.000000000Z,32,1,80420,38797.000000000,38797.000000000,38797.000000000,38797.000000000,4,YM
2024-06-10T08:19:18.000000000Z,32,1,80420,38797.000000000,38797.000000000,38795.000000000,38796.000000000,5,YM
2024-06-10T08:19:21.000000000Z,32,1,80420,38795.000000000,38795.000000000,38795.000000000,38795.000000000,4,YM
2024-06-10T08:19:24.000000000Z,32,1,80420,38796.000000000,38796.000000000,38795.000000000,38795.000000000,3,YM
2024-06-10T08:19:26.000000000Z,32,1,80420,38796.000000000,38796.000000000,38795.000000000,38795.000000000,4,YM
2024-06-10T08:19:28.000000000Z,32,1,80420,38796.000000000,38796.000000000,38796.000000000,38796.000000000,1,YM
2024-06-10T08:19:33.000000000Z,32,1,80420,38797.000000000,38797.000000000,38797.000000000,38797.000000000,1,YM
2024-06-10T08:19:36.000000000Z,32,1,80420,38797.000000000,38797.000000000,38797.000000000,38797.000000000,1,YM
2024-06-10T08:19:38.000000000Z,32,1,80420,38797.000000000,38797.000000000,38796.000000000,38797.000000000,4,YM
2024-06-10T08:19:42.000000000Z,32,1,80420,38797.000000000,38797.000000000,38797.000000000,38797.000000000,2,YM
2024-06-10T08:19:49.000000000Z,32,1,80420,38797.000000000,38797.000000000,38797.000000000,38797.000000000,1,YM
2024-06-10T08:19:54.000000000Z,32,1,80420,38797.000000000,38797.000000000,38797.000000000,38797.000000000,3,YM
2024-06-10T08:19:57.000000000Z,32,1,80420,38798.000000000,38799.000000000,38796.000000000,38796.000000000,9,YM
2024-06-10T08:20:00.000000000Z,32,1,80420,38798.000000000,38799.000000000,38798.000000000,38799.000000000,4,YM
2024-06-10T08:20:02.000000000Z,32,1,80420,38800.000000000,38800.000000000,38800.000000000,38800.000000000,1,YM
2024-06-10T08:20:03.000000000Z,32,1,80420,38801.000000000,38801.000000000,38801.000000000,38801.000000000,1,YM
2024-06-10T08:20:06.000000000Z,32,1,80420,38799.000000000,38799.000000000,38799.000000000,38799.000000000,3,YM
2024-06-10T08:20:08.000000000Z,32,1,80420,38800.000000000,38800.000000000,38800.000000000,38800.000000000,1,YM
2024-06-10T08:20:11.000000000Z,32,1,80420,38799.000000000,38800.000000000,38799.000000000,38800.000000000,4,YM
2024-06-10T08:20:12.000000000Z,32,1,80420,38801.000000000,38801.000000000,38801.000000000,38801.000000000,1,YM
2024-06-10T08:20:14.000000000Z,32,1,80420,38801.000000000,38801.000000000,38800.000000000,38800.000000000,4,YM
2024-06-10T08:20:21.000000000Z,32,1,80420,38802.000000000,38802.000000000,38802.000000000,38802.000000000,1,YM
2024-06-10T08:20:22.000000000Z,32,1,80420,38802.000000000,38802.000000000,38802.000000000,38802.000000000,2,YM
2024-06-10T08:20:23.000000000Z,32,1,80420,38803.000000000,38803.000000000,38803.000000000,38803.000000000,1,YM
2024-06-10T08:20:30.000000000Z,32,1,80420,38802.000000000,38802.000000000,38802.000000000,38802.000000000,4,YM
2024-06-10T08:20:32.000000000Z,32,1,80420,38802.000000000,38802.000000000,38802.000000000,38802.000000000,2,YM
2024-06-10T08:20:33.000000000Z,32,1,80420,38803.000000000,38803.000000000,38803.000000000,38803.000000000,5,YM
2024-06-10T08:20:41.000000000Z,32,1,80420,38804.000000000,38804.000000000,38804.000000000,38804.000000000,1,YM
2024-06-10T08:20:42.000000000Z,32,1,80420,38806.000000000,38807.000000000,38806.000000000,38806.000000000,11,YM
2024-06-10T08:20:44.000000000Z,32,1,80420,38807.000000000,38808.000000000,38807.000000000,38808.000000000,4,YM
2024-06-10T08:20:47.000000000Z,32,1,80420,38806.000000000,38806.000000000,38806.000000000,38806.000000000,1,YM
2024-06-10T08:20:50.000000000Z,32,1,80420,38805.000000000,38805.000000000,38805.000000000,38805.000000000,1,YM
2024-06-10T08:20:52.000000000Z,32,1,80420,38806.000000000,38806.000000000,38806.000000000,38806.000000000,2,YM
2024-06-10T08:20:57.000000000Z,32,1,80420,38806.000000000,38806.000000000,38806.000000000,38806.000000000,2,YM
2024-06-10T08:20:58.000000000Z,32,1,80420,38803.000000000,38803.000000000,38803.000000000,38803.000000000,2,YM
2024-06-10T08:21:00.000000000Z,32,1,80420,38803.000000000,38803.000000000,38803.000000000,38803.000000000,2,YM
2024-06-10T08:21:01.000000000Z,32,1,80420,38803.000000000,38805.000000000,38803.000000000,38803.000000000,10,YM
2024-06-10T08:21:02.000000000Z,32,1,80420,38803.000000000,38804.000000000,38803.000000000,38804.000000000,2,YM
2024-06-10T08:21:06.000000000Z,32,1,80420,38805.000000000,38805.000000000,38805.000000000,38805.000000000,2,YM
2024-06-10T08:21:07.000000000Z,32,1,80420,38806.000000000,38806.000000000,38806.000000000,38806.000000000,1,YM
2024-06-10T08:21:11.000000000Z,32,1,80420,38805.000000000,38806.000000000,38805.000000000,38806.000000000,3,YM
2024-06-10T08:21:12.000000000Z,32,1,80420,38807.000000000,38807.000000000,38807.000000000,38807.000000000,1,YM
2024-06-10T08:21:13.000000000Z,32,1,80420,38806.000000000,38806.000000000,38806.000000000,38806.000000000,1,YM
2024-06-10T08:21:20.000000000Z,32,1,80420,38804.000000000,38804.000000000,38803.000000000,38803.000000000,5,YM
2024-06-10T08:21:22.000000000Z,32,1,80420,38803.000000000,38803.000000000,38803.000000000,38803.000000000,1,YM
2024-06-10T08:21:27.000000000Z,32,1,80420,38803.000000000,38803.000000000,38803.000000000,38803.000000000,1,YM
2024-06-10T08:21:29.000000000Z,32,1,80420,38802.000000000,38802.000000000,38802.000000000,38802.000000000,1,YM
2024-06-10T08:21:32.000000000Z,32,1,80420,38801.000000000,38801.000000000,38801.000000000,38801.000000000,1,YM
2024-06-10T08:21:34.000000000Z,32,1,80420,38801.000000000,38803.000000000,38801.000000000,38803.000000000,8,YM
2024-06-10T08:21:41.000000000Z,32,1,80420,38800.000000000,38800.000000000,38800.000000000,38800.000000000,1,YM
2024-06-10T08:21:45.000000000Z,32,1,80420,38801.000000000,38801.000000000,38801.000000000,38801.000000000,1,YM
2024-06-10T08:21:56.000000000Z,32,1,80420,38802.000000000,38802.000000000,38802.000000000,38802.000000000,2,YM
2024-06-10T08:22:00.000000000Z,32,1,80420,38801.000000000,38801.000000000,38801.000000000,38801.000000000,3,YM
2024-06-10T08:22:01.000000000Z,32,1,80420,38803.000000000,38803.000000000,38803.000000000,38803.000000000,1,YM
2024-06-10T08:22:03.000000000Z,32,1,80420,38802.000000000,38802.000000000,38802.000000000,38802.000000000,1,YM
2024-06-10T08:22:05.000000000Z,32,1,80420,38801.000000000,38801.000000000,38801.000000000,38801.000000000,2,YM
2024-06-10T08:22:06.000000000Z,32,1,80420,38799.000000000,38799.000000000,38799.000000000,38799.000000000,1,YM
2024-06-10T08:22:08.000000000Z,32,1,80420,38798.000000000,38798.000000000,38797.000000000,38798.000000000,6,YM
2024-06-10T08:22:20.000000000Z,32,1,80420,38797.000000000,38797.000000000,38797.000000000,38797.000000000,2,YM
2024-06-10T08:22:21.000000000Z,32,1,80420,38796.000000000,38796.000000000,38795.000000000,38795.000000000,3,YM
2024-06-10T08:22:31.000000000Z,32,1,80420,38794.000000000,38795.000000000,38794.000000000,38795.000000000,5,YM
2024-06-10T08:22:34.000000000Z,32,1,80420,38797.000000000,38797.000000000,38797.000000000,38797.000000000,1,YM
2024-06-10T08:22:35.000000000Z,32,1,80420,38796.000000000,38796.000000000,38796.000000000,38796.000000000,1,YM
2024-06-10T08:22:50.000000000Z,32,1,80420,38797.000000000,38797.000000000,38797.000000000,38797.000000000,2,YM
2024-06-10T08:22:53.000000000Z,32,1,80420,38797.000000000,38797.000000000,38797.000000000,38797.000000000,2,YM
2024-06-10T08:22:57.000000000Z,32,1,80420,38798.000000000,38798.000000000,38798.000000000,38798.000000000,1,YM
2024-06-10T08:23:00.000000000Z,32,1,80420,38797.000000000,38797.000000000,38796.000000000,38796.000000000,2,YM
2024-06-10T08:23:03.000000000Z,32,1,80420,38796.000000000,38796.000000000,38796.000000000,38796.000000000,1,YM
2024-06-10T08:23:05.000000000Z,32,1,80420,38796.000000000,38796.000000000,38796.000000000,38796.000000000,4,YM
2024-06-10T08:23:12.000000000Z,32,1,80420,38797.000000000,38797.000000000,38797.000000000,38797.000000000,1,YM
2024-06-10T08:23:19.000000000Z,32,1,80420,38795.000000000,38796.000000000,38795.000000000,38796.000000000,2,YM
2024-06-10T08:23:20.000000000Z,32,1,80420,38796.000000000,38796.000000000,38796.000000000,38796.000000000,1,YM
2024-06-10T08:23:22.000000000Z,32,1,80420,38797.000000000,38797.000000000,38797.000000000,38797.000000000,1,YM
2024-06-10T08:23:28.000000000Z,32,1,80420,38798.000000000,38798.000000000,38796.000000000,38796.000000000,4,YM
2024-06-10T08:23:34.000000000Z,32,1,80420,38797.000000000,38797.000000000,38797.000000000,38797.000000000,1,YM
2024-06-10T08:23:39.000000000Z,32,1,80420,38798.000000000,38798.000000000,38797.000000000,38798.000000000,9,YM
2024-06-10T08:23:40.000000000Z,32,1,80420,38798.000000000,38799.000000000,38798.000000000,38798.000000000,4,YM
2024-06-10T08:23:42.000000000Z,32,1,80420,38798.000000000,38798.000000000,38798.000000000,38798.000000000,1,YM
2024-06-10T08:23:45.000000000Z,32,1,80420,38797.000000000,38797.000000000,38797.000000000,38797.000000000,1,YM
2024-06-10T08:23:55.000000000Z,32,1,80420,38798.000000000,38798.000000000,38798.000000000,38798.000000000,1,YM
2024-06-10T08:24:00.000000000Z,32,1,80420,38797.000000000,38797.000000000,38797.000000000,38797.000000000,4,YM
2024-06-10T08:24:03.000000000Z,32,1,80420,38799.000000000,38799.000000000,38799.000000000,38799.000000000,1,YM
2024-06-10T08:24:10.000000000Z,32,1,80420,38798.000000000,38798.000000000,38798.000000000,38798.000000000,1,YM
2024-06-10T08:24:16.000000000Z,32,1,80420,38800.000000000,38800.000000000,38800.000000000,38800.000000000,2,YM
2024-06-10T08:24:23.000000000Z,32,1,80420,38798.000000000,38798.000000000,38798.000000000,38798.000000000,2,YM
2024-06-10T08:24:35.000000000Z,32,1,80420,38798.000000000,38798.000000000,38798.000000000,38798.000000000,1,YM
2024-06-10T08:24:36.000000000Z,32,1,80420,38798.000000000,38798.000000000,38797.000000000,38797.000000000,2,YM
2024-06-10T08:24:43.000000000Z,32,1,80420,38801.000000000,38801.000000000,38800.000000000,38800.000000000,6,YM
2024-06-10T08:24:50.000000000Z,32,1,80420,38800.000000000,38800.000000000,38800.000000000,38800.000000000,2,YM
2024-06-10T08:24:51.000000000Z,32,1,80420,38799.000000000,38799.000000000,38799.000000000,38799.000000000,5,YM
2024-06-10T08:24:56.000000000Z,32,1,80420,38798.000000000,38798.000000000,38798.000000000,38798.000000000,1,YM
2024-06-10T08:25:00.000000000Z,32,1,80420,38799.000000000,38799.000000000,38795.000000000,38795.000000000,7,YM
2024-06-10T08:25:02.000000000Z,32,1,80420,38796.000000000,38796.000000000,38796.000000000,38796.000000000,3,YM
2024-06-10T08:25:06.000000000Z,32,1,80420,38796.000000000,38796.000000000,38796.000000000,38796.000000000,1,YM
2024-06-10T08:25:07.000000000Z,32,1,80420,38796.000000000,38796.000000000,38796.000000000,38796.000000000,1,YM
2024-06-10T08:25:08.000000000Z,32,1,80420,38795.000000000,38795.000000000,38795.000000000,38795.000000000,1,YM
2024-06-10T08:25:18.000000000Z,32,1,80420,38793.000000000,38793.000000000,38793.000000000,38793.000000000,2,YM
2024-06-10T08:25:19.000000000Z,32,1,80420,38792.000000000,38792.000000000,38792.000000000,38792.000000000,1,YM
2024-06-10T08:25:29.000000000Z,32,1,80420,38791.000000000,38791.000000000,38791.000000000,38791.000000000,1,YM
2024-06-10T08:25:36.000000000Z,32,1,80420,38791.000000000,38791.000000000,38791.000000000,38791.000000000,1,YM
2024-06-10T08:25:38.000000000Z,32,1,80420,38791.000000000,38791.000000000,38791.000000000,38791.000000000,1,YM
2024-06-10T08:25:51.000000000Z,32,1,80420,38790.000000000,38790.000000000,38790.000000000,38790.000000000,2,YM
2024-06-10T08:25:52.000000000Z,32,1,80420,38790.000000000,38790.000000000,38790.000000000,38790.000000000,1,YM
2024-06-10T08:25:57.000000000Z,32,1,80420,38791.000000000,38791.000000000,38791.000000000,38791.000000000,1,YM
2024-06-10T08:26:00.000000000Z,32,1,80420,38791.000000000,38791.000000000,38791.000000000,38791.000000000,1,YM
2024-06-10T08:26:03.000000000Z,32,1,80420,38793.000000000,38793.000000000,38792.000000000,38792.000000000,5,YM
2024-06-10T08:26:05.000000000Z,32,1,80420,38792.000000000,38792.000000000,38792.000000000,38792.000000000,1,YM
2024-06-10T08:26:28.000000000Z,32,1,80420,38793.000000000,38793.000000000,38793.000000000,38793.000000000,2,YM
2024-06-10T08:26:29.000000000Z,32,1,80420,38794.000000000,38794.000000000,38794.000000000,38794.000000000,1,YM
2024-06-10T08:26:33.000000000Z,32,1,80420,38796.000000000,38796.000000000,38796.000000000,38796.000000000,1,YM
2024-06-10T08:26:47.000000000Z,32,1,80420,38798.000000000,38800.000000000,38798.000000000,38800.000000000,6,YM
2024-06-10T08:26:48.000000000Z,32,1,80420,38800.000000000,38800.000000000,38800.000000000,38800.000000000,1,YM
2024-06-10T08:26:50.000000000Z,32,1,80420,38799.000000000,38800.000000000,38799.000000000,38800.000000000,2,YM
2024-06-10T08:26:56.000000000Z,32,1,80420,38799.000000000,38799.000000000,38799.000000000,38799.000000000,4,YM
2024-06-10T08:27:00.000000000Z,32,1,80420,38797.000000000,38797.000000000,38797.000000000,38797.000000000,2,YM
2024-06-10T08:27:03.000000000Z,32,1,80420,38796.000000000,38796.000000000,38796.000000000,38796.000000000,1,YM
2024-06-10T08:27:05.000000000Z,32,1,80420,38797.000000000,38797.000000000,38797.000000000,38797.000000000,1,YM
2024-06-10T08:27:12.000000000Z,32,1,80420,38798.000000000,38798.000000000,38798.000000000,38798.000000000,2,YM
2024-06-10T08:27:16.000000000Z,32,1,80420,38799.000000000,38799.000000000,38798.000000000,38799.000000000,11,YM
2024-06-10T08:27:29.000000000Z,32,1,80420,38797.000000000,38797.000000000,38797.000000000,38797.000000000,3,YM
2024-06-10T08:27:32.000000000Z,32,1,80420,38795.000000000,38795.000000000,38795.000000000,38795.000000000,1,YM
2024-06-10T08:27:38.000000000Z,32,1,80420,38792.000000000,38792.000000000,38792.000000000,38792.000000000,1,YM
2024-06-10T08:27:39.000000000Z,32,1,80420,38792.000000000,38792.000000000,38792.000000000,38792.000000000,1,YM
2024-06-10T08:27:41.000000000Z,32,1,80420,38791.000000000,38791.000000000,38791.000000000,38791.000000000,2,YM
2024-06-10T08:27:45.000000000Z,32,1,80420,38790.000000000,38790.000000000,38790.000000000,38790.000000000,1,YM
2024-06-10T08:27:47.000000000Z,32,1,80420,38790.000000000,38790.000000000,38790.000000000,38790.000000000,1,YM
2024-06-10T08:27:52.000000000Z,32,1,80420,38790.000000000,38790.000000000,38790.000000000,38790.000000000,2,YM
2024-06-10T08:28:00.000000000Z,32,1,80420,38788.000000000,38788.000000000,38788.000000000,38788.000000000,3,YM
2024-06-10T08:28:01.000000000Z,32,1,80420,38789.000000000,38789.000000000,38789.000000000,38789.000000000,1,YM
2024-06-10T08:28:02.000000000Z,32,1,80420,38789.000000000,38789.000000000,38789.000000000,38789.000000000,1,YM
2024-06-10T08:28:10.000000000Z,32,1,80420,38787.000000000,38787.000000000,38786.000000000,38786.000000000,2,YM
2024-06-10T08:28:30.000000000Z,32,1,80420,38785.000000000,38785.000000000,38785.000000000,38785.000000000,3,YM
2024-06-10T08:28:38.000000000Z,32,1,80420,38787.000000000,38787.000000000,38787.000000000,38787.000000000,2,YM
2024-06-10T08:28:40.000000000Z,32,1,80420,38786.000000000,38786.000000000,38786.000000000,38786.000000000,3,YM
2024-06-10T08:28:41.000000000Z,32,1,80420,38785.000000000,38786.000000000,38785.000000000,38786.000000000,3,YM
2024-06-10T08:28:43.000000000Z,32,1,80420,38787.000000000,38787.000000000,38787.000000000,38787.000000000,1,YM
2024-06-10T08:28:49.000000000Z,32,1,80420,38786.000000000,38786.000000000,38786.000000000,38786.000000000,1,YM
2024-06-10T08:28:51.000000000Z,32,1,80420,38787.000000000,38788.000000000,38787.000000000,38788.000000000,10,YM
2024-06-10T08:28:53.000000000Z,32,1,80420,38788.000000000,38788.000000000,38788.000000000,38788.000000000,1,YM
2024-06-10T08:28:55.000000000Z,32,1,80420,38788.000000000,38788.000000000,38788.000000000,38788.000000000,1,YM
2024-06-10T08:29:00.000000000Z,32,1,80420,38789.000000000,38790.000000000,38789.000000000,38789.000000000,3,YM
2024-06-10T08:29:02.000000000Z,32,1,80420,38787.000000000,38787.000000000,38787.000000000,38787.000000000,3,YM
2024-06-10T08:29:09.000000000Z,32,1,80420,38787.000000000,38787.000000000,38787.000000000,38787.000000000,2,YM
2024-06-10T08:29:14.000000000Z,32,1,80420,38786.000000000,38786.000000000,38786.000000000,38786.000000000,1,YM
2024-06-10T08:29:17.000000000Z,32,1,80420,38784.000000000,38784.000000000,38781.000000000,38781.000000000,6,YM
2024-06-10T08:29:19.000000000Z,32,1,80420,38781.000000000,38781.000000000,38781.000000000,38781.000000000,1,YM
2024-06-10T08:29:30.000000000Z,32,1,80420,38781.000000000,38781.000000000,38781.000000000,38781.000000000,1,YM
2024-06-10T08:29:35.000000000Z,32,1,80420,38781.000000000,38781.000000000,38781.000000000,38781.000000000,1,YM
2024-06-10T08:29:37.000000000Z,32,1,80420,38780.000000000,38780.000000000,38780.000000000,38780.000000000,1,YM
2024-06-10T08:29:38.000000000Z,32,1,80420,38781.000000000,38781.000000000,38781.000000000,38781.000000000,1,YM
2024-06-10T08:29:39.000000000Z,32,1,80420,38780.000000000,38780.000000000,38779.000000000,38779.000000000,4,YM
2024-06-10T08:29:40.000000000Z,32,1,80420,38780.000000000,38780.000000000,38780.000000000,38780.000000000,2,YM
2024-06-10T08:29:41.000000000Z,32,1,80420,38781.000000000,38781.000000000,38781.000000000,38781.000000000,4,YM
2024-06-10T08:29:44.000000000Z,32,1,80420,38781.000000000,38781.000000000,38781.000000000,38781.000000000,1,YM
2024-06-10T08:29:45.000000000Z,32,1,80420,38780.000000000,38780.000000000,38780.000000000,38780.000000000,1,YM
2024-06-10T08:30:00.000000000Z,32,1,80420,38778.000000000,38778.000000000,38777.000000000,38777.000000000,4,YM
2024-06-10T08:30:01.000000000Z,32,1,80420,38778.000000000,38778.000000000,38778.000000000,38778.000000000,1,YM
2024-06-10T08:30:03.000000000Z,32,1,80420,38777.000000000,38777.000000000,38777.000000000,38777.000000000,1,YM
2024-06-10T08:30:04.000000000Z,32,1,80420,38778.000000000,38778.000000000,38778.000000000,38778.000000000,1,YM
2024-06-10T08:30:05.000000000Z,32,1,80420,38777.000000000,38777.000000000,38777.000000000,38777.000000000,1,YM
2024-06-10T08:30:06.000000000Z,32,1,80420,38779.000000000,38780.000000000,38779.000000000,38780.000000000,2,YM
2024-06-10T08:30:07.000000000Z,32,1,80420,38780.000000000,38780.000000000,38780.000000000,38780.000000000,1,YM
2024-06-10T08:30:09.000000000Z,32,1,80420,38780.000000000,38780.000000000,38780.000000000,38780.000000000,1,YM
2024-06-10T08:30:13.000000000Z,32,1,80420,38781.000000000,38781.000000000,38781.000000000,38781.000000000,1,YM
2024-06-10T08:30:18.000000000Z,32,1,80420,38781.000000000,38781.000000000,38781.000000000,38781.000000000,1,YM
2024-06-10T08:30:21.000000000Z,32,1,80420,38778.000000000,38778.000000000,38778.000000000,38778.000000000,1,YM
2024-06-10T08:30:24.000000000Z,32,1,80420,38779.000000000,38779.000000000,38779.000000000,38779.000000000,2,YM
2024-06-10T08:30:28.000000000Z,32,1,80420,38777.000000000,38777.000000000,38777.000000000,38777.000000000,1,YM
2024-06-10T08:30:33.000000000Z,32,1,80420,38777.000000000,38777.000000000,38777.000000000,38777.000000000,1,YM
2024-06-10T08:30:36.000000000Z,32,1,80420,38778.000000000,38779.000000000,38778.000000000,38779.000000000,2,YM
2024-06-10T08:30:37.000000000Z,32,1,80420,38778.000000000,38778.000000000,38778.000000000,38778.000000000,2,YM
2024-06-10T08:30:45.000000000Z,32,1,80420,38777.000000000,38779.000000000,38777.000000000,38779.000000000,5,YM
2024-06-10T08:30:58.000000000Z,32,1,80420,38780.000000000,38780.000000000,38780.000000000,38780.000000000,1,YM
2024-06-10T08:31:00.000000000Z,32,1,80420,38781.000000000,38782.000000000,38781.000000000,38782.000000000,8,YM
2024-06-10T08:31:09.000000000Z,32,1,80420,38779.000000000,38779.000000000,38779.000000000,38779.000000000,4,YM
2024-06-10T08:31:10.000000000Z,32,1,80420,38778.000000000,38778.000000000,38778.000000000,38778.000000000,3,YM
2024-06-10T08:31:11.000000000Z,32,1,80420,38779.000000000,38779.000000000,38779.000000000,38779.000000000,1,YM
2024-06-10T08:31:21.000000000Z,32,1,80420,38781.000000000,38781.000000000,38781.000000000,38781.000000000,1,YM
2024-06-10T08:31:30.000000000Z,32,1,80420,38780.000000000,38780.000000000,38780.000000000,38780.000000000,1,YM
2024-06-10T08:31:32.000000000Z,32,1,80420,38783.000000000,38784.000000000,38783.000000000,38783.000000000,3,YM
2024-06-10T08:31:35.000000000Z,32,1,80420,38783.000000000,38783.000000000,38783.000000000,38783.000000000,2,YM
2024-06-10T08:31:42.000000000Z,32,1,80420,38780.000000000,38780.000000000,38780.000000000,38780.000000000,1,YM
2024-06-10T08:31:43.000000000Z,32,1,80420,38780.000000000,38780.000000000,38780.000000000,38780.000000000,1,YM
2024-06-10T08:31:47.000000000Z,32,1,80420,38780.000000000,38780.000000000,38779.000000000,38779.000000000,4,YM
2024-06-10T08:31:52.000000000Z,32,1,80420,38780.000000000,38780.000000000,38780.000000000,38780.000000000,1,YM
2024-06-10T08:31:59.000000000Z,32,1,80420,38782.000000000,38782.000000000,38782.000000000,38782.000000000,1,YM
2024-06-10T08:32:01.000000000Z,32,1,80420,38781.000000000,38781.000000000,38781.000000000,38781.000000000,1,YM
2024-06-10T08:32:03.000000000Z,32,1,80420,38782.000000000,38782.000000000,38782.000000000,38782.000000000,2,YM
2024-06-10T08:32:05.000000000Z,32,1,80420,38782.000000000,38782.000000000,38782.000000000,38782.000000000,2,YM
2024-06-10T08:32:15.000000000Z,32,1,80420,38780.000000000,38780.000000000,38780.000000000,38780.000000000,1,YM
2024-06-10T08:32:25.000000000Z,32,1,80420,38779.000000000,38779.000000000,38779.000000000,38779.000000000,1,YM
2024-06-10T08:32:26.000000000Z,32,1,80420,38779.000000000,38779.000000000,38779.000000000,38779.000000000,1,YM
2024-06-10T08:32:43.000000000Z,32,1,80420,38781.000000000,38781.000000000,38781.000000000,38781.000000000,1,YM
2024-06-10T08:32:55.000000000Z,32,1,80420,38784.000000000,38784.000000000,38784.000000000,38784.000000000,1,YM
2024-06-10T08:33:00.000000000Z,32,1,80420,38783.000000000,38783.000000000,38782.000000000,38782.000000000,7,YM
2024-06-10T08:33:06.000000000Z,32,1,80420,38781.000000000,38781.000000000,38781.000000000,38781.000000000,1,YM
2024-06-10T08:33:12.000000000Z,32,1,80420,38781.000000000,38781.000000000,38781.000000000,38781.000000000,3,YM
2024-06-10T08:33:20.000000000Z,32,1,80420,38781.000000000,38781.000000000,38780.000000000,38780.000000000,3,YM
2024-06-10T08:33:22.000000000Z,32,1,80420,38780.000000000,38780.000000000,38780.000000000,38780.000000000,1,YM
2024-06-10T08:33:33.000000000Z,32,1,80420,38783.000000000,38783.000000000,38783.000000000,38783.000000000,1,YM
2024-06-10T08:33:35.000000000Z,32,1,80420,38782.000000000,38782.000000000,38781.000000000,38781.000000000,4,YM
2024-06-10T08:33:37.000000000Z,32,1,80420,38783.000000000,38783.000000000,38783.000000000,38783.000000000,1,YM
2024-06-10T08:33:58.000000000Z,32,1,80420,38782.000000000,38782.000000000,38782.000000000,38782.000000000,1,YM
2024-06-10T08:34:00.000000000Z,32,1,80420,38779.000000000,38779.000000000,38779.000000000,38779.000000000,4,YM
2024-06-10T08:34:04.000000000Z,32,1,80420,38778.000000000,38780.000000000,38778.000000000,38780.000000000,2,YM
2024-06-10T08:34:07.000000000Z,32,1,80420,38784.000000000,38784.000000000,38784.000000000,38784.000000000,1,YM
2024-06-10T08:34:11.000000000Z,32,1,80420,38785.000000000,38785.000000000,38785.000000000,38785.000000000,1,YM
2024-06-10T08:34:14.000000000Z,32,1,80420,38785.000000000,38785.000000000,38785.000000000,38785.000000000,1,YM
2024-06-10T08:34:18.000000000Z,32,1,80420,38786.000000000,38786.000000000,38786.000000000,38786.000000000,1,YM
2024-06-10T08:34:22.000000000Z,32,1,80420,38786.000000000,38786.000000000,38786.000000000,38786.000000000,2,YM
2024-06-10T08:34:25.000000000Z,32,1,80420,38785.000000000,38785.000000000,38785.000000000,38785.000000000,1,YM
2024-06-10T08:34:48.000000000Z,32,1,80420,38784.000000000,38784.000000000,38784.000000000,38784.000000000,2,YM
2024-06-10T08:34:52.000000000Z,32,1,80420,38784.000000000,38784.000000000,38784.000000000,38784.000000000,2,YM
2024-06-10T08:34:55.000000000Z,32,1,80420,38786.000000000,38786.000000000,38786.000000000,38786.000000000,1,YM
2024-06-10T08:34:56.000000000Z,32,1,80420,38787.000000000,38787.000000000,38787.000000000,38787.000000000,1,YM
2024-06-10T08:35:00.000000000Z,32,1,80420,38787.000000000,38787.000000000,38786.000000000,38786.000000000,3,YM
2024-06-10T08:35:01.000000000Z,32,1,80420,38787.000000000,38787.000000000,38786.000000000,38786.000000000,4,YM
2024-06-10T08:35:02.000000000Z,32,1,80420,38788.000000000,38789.000000000,38788.000000000,38789.000000000,12,YM
2024-06-10T08:35:04.000000000Z,32,1,80420,38787.000000000,38787.000000000,38787.000000000,38787.000000000,1,YM
2024-06-10T08:35:05.000000000Z,32,1,80420,38787.000000000,38787.000000000,38787.000000000,38787.000000000,3,YM
2024-06-10T08:35:13.000000000Z,32,1,80420,38787.000000000,38787.000000000,38787.000000000,38787.000000000,2,YM
2024-06-10T08:35:15.000000000Z,32,1,80420,38786.000000000,38786.000000000,38786.000000000,38786.000000000,3,YM
2024-06-10T08:35:19.000000000Z,32,1,80420,38788.000000000,38788.000000000,38788.000000000,38788.000000000,1,YM
2024-06-10T08:35:21.000000000Z,32,1,80420,38789.000000000,38789.000000000,38789.000000000,38789.000000000,6,YM
2024-06-10T08:35:26.000000000Z,32,1,80420,38787.000000000,38787.000000000,38787.000000000,38787.000000000,2,YM
2024-06-10T08:35:30.000000000Z,32,1,80420,38785.000000000,38785.000000000,38785.000000000,38785.000000000,1,YM
2024-06-10T08:35:40.000000000Z,32,1,80420,38786.000000000,38788.000000000,38785.000000000,38786.000000000,18,YM
2024-06-10T08:35:48.000000000Z,32,1,80420,38785.000000000,38785.000000000,38784.000000000,38784.000000000,4,YM
2024-06-10T08:35:51.000000000Z,32,1,80420,38783.000000000,38783.000000000,38783.000000000,38783.000000000,2,YM
2024-06-10T08:36:00.000000000Z,32,1,80420,38783.000000000,38783.000000000,38783.000000000,38783.000000000,2,YM
2024-06-10T08:36:02.000000000Z,32,1,80420,38781.000000000,38781.000000000,38781.000000000,38781.000000000,1,YM
2024-06-10T08:36:04.000000000Z,32,1,80420,38780.000000000,38780.000000000,38780.000000000,38780.000000000,1,YM
2024-06-10T08:36:05.000000000Z,32,1,80420,38780.000000000,38780.000000000,38780.000000000,38780.000000000,2,YM
2024-06-10T08:36:09.000000000Z,32,1,80420,38779.000000000,38779.000000000,38779.000000000,38779.000000000,3,YM
2024-06-10T08:36:10.000000000Z,32,1,80420,38779.000000000,38779.000000000,38779.000000000,38779.000000000,6,YM
2024-06-10T08:36:11.000000000Z,32,1,80420,38778.000000000,38778.000000000,38777.000000000,38777.000000000,2,YM
2024-06-10T08:36:12.000000000Z,32,1,80420,38778.000000000,38778.000000000,38778.000000000,38778.000000000,1,YM
2024-06-10T08:36:16.000000000Z,32,1,80420,38778.000000000,38778.000000000,38778.000000000,38778.000000000,1,YM
2024-06-10T08:36:21.000000000Z,32,1,80420,38777.000000000,38777.000000000,38775.000000000,38775.000000000,2,YM
2024-06-10T08:36:22.000000000Z,32,1,80420,38775.000000000,38775.000000000,38775.000000000,38775.000000000,1,YM
2024-06-10T08:36:36.000000000Z,32,1,80420,38778.000000000,38778.000000000,38778.000000000,38778.000000000,2,YM
2024-06-10T08:36:40.000000000Z,32,1,80420,38776.000000000,38776.000000000,38776.000000000,38776.000000000,1,YM
2024-06-10T08:36:42.000000000Z,32,1,80420,38776.000000000,38776.000000000,38776.000000000,38776.000000000,1,YM
2024-06-10T08:36:43.000000000Z,32,1,80420,38777.000000000,38778.000000000,38777.000000000,38778.000000000,2,YM
2024-06-10T08:36:53.000000000Z,32,1,80420,38778.000000000,38778.000000000,38778.000000000,38778.000000000,1,YM
2024-06-10T08:36:55.000000000Z,32,1,80420,38779.000000000,38780.000000000,38779.000000000,38780.000000000,2,YM
2024-06-10T08:37:00.000000000Z,32,1,80420,38779.000000000,38779.000000000,38779.000000000,38779.000000000,4,YM
2024-06-10T08:37:03.000000000Z,32,1,80420,38779.000000000,38779.000000000,38779.000000000,38779.000000000,1,YM
2024-06-10T08:37:06.000000000Z,32,1,80420,38779.000000000,38779.000000000,38779.000000000,38779.000000000,1,YM
2024-06-10T08:37:07.000000000Z,32,1,80420,38779.000000000,38779.000000000,38779.000000000,38779.000000000,1,YM
2024-06-10T08:37:23.000000000Z,32,1,80420,38779.000000000,38779.000000000,38779.000000000,38779.000000000,4,YM
2024-06-10T08:37:33.000000000Z,32,1,80420,38780.000000000,38781.000000000,38779.000000000,38781.000000000,6,YM
2024-06-10T08:37:38.000000000Z,32,1,80420,38778.000000000,38778.000000000,38778.000000000,38778.000000000,1,YM
2024-06-10T08:37:47.000000000Z,32,1,80420,38780.000000000,38780.000000000,38780.000000000,38780.000000000,1,YM
2024-06-10T08:37:56.000000000Z,32,1,80420,38779.000000000,38779.000000000,38778.000000000,38778.000000000,2,YM
2024-06-10T08:38:00.000000000Z,32,1,80420,38777.000000000,38777.000000000,38777.000000000,38777.000000000,1,YM
2024-06-10T08:38:03.000000000Z,32,1,80420,38777.000000000,38777.000000000,38777.000000000,38777.000000000,1,YM
2024-06-10T08:38:04.000000000Z,32,1,80420,38776.000000000,38776.000000000,38776.000000000,38776.000000000,1,YM
2024-06-10T08:38:08.000000000Z,32,1,80420,38778.000000000,38778.000000000,38778.000000000,38778.000000000,2,YM
2024-06-10T08:38:18.000000000Z,32,1,80420,38777.000000000,38777.000000000,38777.000000000,38777.000000000,1,YM
2024-06-10T08:38:19.000000000Z,32,1,80420,38778.000000000,38778.000000000,38778.000000000,38778.000000000,1,YM
2024-06-10T08:38:33.000000000Z,32,1,80420,38778.000000000,38778.000000000,38778.000000000,38778.000000000,4,YM
2024-06-10T08:38:34.000000000Z,32,1,80420,38777.000000000,38777.000000000,38777.000000000,38777.000000000,5,YM
2024-06-10T08:38:40.000000000Z,32,1,80420,38778.000000000,38778.000000000,38777.000000000,38777.000000000,2,YM
2024-06-10T08:38:43.000000000Z,32,1,80420,38778.000000000,38778.000000000,38778.000000000,38778.000000000,1,YM
2024-06-10T08:38:56.000000000Z,32,1,80420,38780.000000000,38780.000000000,38780.000000000,38780.000000000,2,YM
2024-06-10T08:38:57.000000000Z,32,1,80420,38779.000000000,38779.000000000,38779.000000000,38779.000000000,2,YM
2024-06-10T08:39:00.000000000Z,32,1,80420,38778.000000000,38778.000000000,38778.000000000,38778.000000000,1,YM
2024-06-10T08:39:04.000000000Z,32,1,80420,38779.000000000,38780.000000000,38779.000000000,38780.000000000,2,YM
2024-06-10T08:39:05.000000000Z,32,1,80420,38781.000000000,38781.000000000,38781.000000000,38781.000000000,2,YM
2024-06-10T08:39:07.000000000Z,32,1,80420,38782.000000000,38782.000000000,38780.000000000,38781.000000000,7,YM
2024-06-10T08:39:10.000000000Z,32,1,80420,38779.000000000,38779.000000000,38778.000000000,38778.000000000,4,YM
2024-06-10T08:39:13.000000000Z,32,1,80420,38776.000000000,38776.000000000,38776.000000000,38776.000000000,1,YM
2024-06-10T08:39:14.000000000Z,32,1,80420,38775.000000000,38775.000000000,38775.000000000,38775.000000000,3,YM
2024-06-10T08:39:28.000000000Z,32,1,80420,38776.000000000,38777.000000000,38776.000000000,38777.000000000,4,YM
2024-06-10T08:39:29.000000000Z,32,1,80420,38776.000000000,38777.000000000,38776.000000000,38777.000000000,4,YM
2024-06-10T08:39:31.000000000Z,32,1,80420,38775.000000000,38775.000000000,38775.000000000,38775.000000000,2,YM
2024-06-10T08:39:34.000000000Z,32,1,80420,38774.000000000,38774.000000000,38774.000000000,38774.000000000,2,YM
2024-06-10T08:39:35.000000000Z,32,1,80420,38775.000000000,38775.000000000,38775.000000000,38775.000000000,2,YM
2024-06-10T08:39:36.000000000Z,32,1,80420,38774.000000000,38774.000000000,38774.000000000,38774.000000000,1,YM
2024-06-10T08:39:37.000000000Z,32,1,80420,38775.000000000,38775.000000000,38775.000000000,38775.000000000,1,YM
2024-06-10T08:39:41.000000000Z,32,1,80420,38776.000000000,38776.000000000,38776.000000000,38776.000000000,3,YM
2024-06-10T08:39:42.000000000Z,32,1,80420,38776.000000000,38777.000000000,38776.000000000,38777.000000000,2,YM
2024-06-10T08:39:43.000000000Z,32,1,80420,38776.000000000,38776.000000000,38776.000000000,38776.000000000,2,YM
2024-06-10T08:39:44.000000000Z,32,1,80420,38777.000000000,38777.000000000,38777.000000000,38777.000000000,1,YM
2024-06-10T08:39:46.000000000Z,32,1,80420,38777.000000000,38777.000000000,38777.000000000,38777.000000000,1,YM
2024-06-10T08:39:47.000000000Z,32,1,80420,38778.000000000,38778.000000000,38778.000000000,38778.000000000,3,YM
2024-06-10T08:40:01.000000000Z,32,1,80420,38777.000000000,38777.000000000,38777.000000000,38777.000000000,1,YM
2024-06-10T08:40:13.000000000Z,32,1,80420,38776.000000000,38776.000000000,38776.000000000,38776.000000000,4,YM
2024-06-10T08:40:14.000000000Z,32,1,80420,38775.000000000,38775.000000000,38775.000000000,38775.000000000,2,YM
2024-06-10T08:40:20.000000000Z,32,1,80420,38776.000000000,38776.000000000,38776.000000000,38776.000000000,1,YM
2024-06-10T08:40:29.000000000Z,32,1,80420,38777.000000000,38777.000000000,38777.000000000,38777.000000000,1,YM
2024-06-10T08:40:30.000000000Z,32,1,80420,38776.000000000,38776.000000000,38776.000000000,38776.000000000,1,YM
2024-06-10T08:40:31.000000000Z,32,1,80420,38777.000000000,38777.000000000,38777.000000000,38777.000000000,1,YM
2024-06-10T08:40:40.000000000Z,32,1,80420,38778.000000000,38778.000000000,38778.000000000,38778.000000000,4,YM
2024-06-10T08:40:41.000000000Z,32,1,80420,38777.000000000,38778.000000000,38777.000000000,38778.000000000,9,YM
2024-06-10T08:40:45.000000000Z,32,1,80420,38778.000000000,38778.000000000,38778.000000000,38778.000000000,1,YM
2024-06-10T08:40:47.000000000Z,32,1,80420,38777.000000000,38777.000000000,38777.000000000,38777.000000000,1,YM
2024-06-10T08:40:50.000000000Z,32,1,80420,38778.000000000,38778.000000000,38778.000000000,38778.000000000,1,YM
2024-06-10T08:40:52.000000000Z,32,1,80420,38776.000000000,38776.000000000,38775.000000000,38775.000000000,4,YM
2024-06-10T08:40:56.000000000Z,32,1,80420,38775.000000000,38775.000000000,38775.000000000,38775.000000000,2,YM
2024-06-10T08:40:57.000000000Z,32,1,80420,38776.000000000,38776.000000000,38776.000000000,38776.000000000,1,YM
2024-06-10T08:41:00.000000000Z,32,1,80420,38773.000000000,38774.000000000,38773.000000000,38774.000000000,4,YM
2024-06-10T08:41:07.000000000Z,32,1,80420,38773.000000000,38773.000000000,38773.000000000,38773.000000000,1,YM
2024-06-10T08:41:11.000000000Z,32,1,80420,38773.000000000,38773.000000000,38773.000000000,38773.000000000,1,YM
2024-06-10T08:41:13.000000000Z,32,1,80420,38774.000000000,38774.000000000,38774.000000000,38774.000000000,1,YM
2024-06-10T08:41:20.000000000Z,32,1,80420,38775.000000000,38775.000000000,38775.000000000,38775.000000000,1,YM
2024-06-10T08:41:32.000000000Z,32,1,80420,38775.000000000,38775.000000000,38775.000000000,38775.000000000,1,YM
2024-06-10T08:41:35.000000000Z,32,1,80420,38774.000000000,38774.000000000,38774.000000000,38774.000000000,1,YM
2024-06-10T08:41:40.000000000Z,32,1,80420,38774.000000000,38774.000000000,38773.000000000,38773.000000000,4,YM
2024-06-10T08:41:45.000000000Z,32,1,80420,38774.000000000,38774.000000000,38774.000000000,38774.000000000,1,YM
2024-06-10T08:41:46.000000000Z,32,1,80420,38774.000000000,38776.000000000,38774.000000000,38776.000000000,11,YM
2024-06-10T08:41:47.000000000Z,32,1,80420,38775.000000000,38775.000000000,38774.000000000,38774.000000000,8,YM
2024-06-10T08:41:49.000000000Z,32,1,80420,38775.000000000,38775.000000000,38775.000000000,38775.000000000,1,YM
2024-06-10T08:41:50.000000000Z,32,1,80420,38775.000000000,38776.000000000,38775.000000000,38776.000000000,2,YM
2024-06-10T08:42:03.000000000Z,32,1,80420,38775.000000000,38775.000000000,38775.000000000,38775.000000000,1,YM
2024-06-10T08:42:09.000000000Z,32,1,80420,38774.000000000,38774.000000000,38774.000000000,38774.000000000,1,YM
2024-06-10T08:42:11.000000000Z,32,1,80420,38774.000000000,38774.000000000,38774.000000000,38774.000000000,4,YM
2024-06-10T08:42:12.000000000Z,32,1,80420,38776.000000000,38776.000000000,38776.000000000,38776.000000000,1,YM
2024-06-10T08:42:19.000000000Z,32,1,80420,38775.000000000,38775.000000000,38773.000000000,38773.000000000,2,YM
2024-06-10T08:42:20.000000000Z,32,1,80420,38773.000000000,38773.000000000,38773.000000000,38773.000000000,1,YM
2024-06-10T08:42:22.000000000Z,32,1,80420,38774.000000000,38774.000000000,38774.000000000,38774.000000000,3,YM
2024-06-10T08:42:41.000000000Z,32,1,80420,38773.000000000,38773.000000000,38773.000000000,38773.000000000,1,YM
2024-06-10T08:42:43.000000000Z,32,1,80420,38772.000000000,38772.000000000,38772.000000000,38772.000000000,1,YM
2024-06-10T08:42:50.000000000Z,32,1,80420,38771.000000000,38771.000000000,38771.000000000,38771.000000000,1,YM
2024-06-10T08:42:52.000000000Z,32,1,80420,38770.000000000,38770.000000000,38770.000000000,38770.000000000,1,YM
2024-06-10T08:42:54.000000000Z,32,1,80420,38771.000000000,38771.000000000,38771.000000000,38771.000000000,3,YM
2024-06-10T08:43:02.000000000Z,32,1,80420,38771.000000000,38771.000000000,38769.000000000,38769.000000000,7,YM
2024-06-10T08:43:05.000000000Z,32,1,80420,38771.000000000,38771.000000000,38771.000000000,38771.000000000,1,YM
2024-06-10T08:43:18.000000000Z,32,1,80420,38772.000000000,38772.000000000,38772.000000000,38772.000000000,3,YM
2024-06-10T08:43:38.000000000Z,32,1,80420,38772.000000000,38772.000000000,38772.000000000,38772.000000000,3,YM
2024-06-10T08:43:40.000000000Z,32,1,80420,38772.000000000,38772.000000000,38772.000000000,38772.000000000,2,YM
2024-06-10T08:43:43.000000000Z,32,1,80420,38772.000000000,38772.000000000,38772.000000000,38772.000000000,1,YM
2024-06-10T08:43:45.000000000Z,32,1,80420,38773.000000000,38773.000000000,38773.000000000,38773.000000000,2,YM
2024-06-10T08:43:47.000000000Z,32,1,80420,38772.000000000,38772.000000000,38772.000000000,38772.000000000,1,YM
2024-06-10T08:43:48.000000000Z,32,1,80420,38771.000000000,38771.000000000,38770.000000000,38771.000000000,9,YM
2024-06-10T08:43:49.000000000Z,32,1,80420,38770.000000000,38770.000000000,38770.000000000,38770.000000000,2,YM
2024-06-10T08:43:52.000000000Z,32,1,80420,38771.000000000,38771.000000000,38771.000000000,38771.000000000,1,YM
2024-06-10T08:43:54.000000000Z,32,1,80420,38772.000000000,38772.000000000,38772.000000000,38772.000000000,1,YM
2024-06-10T08:43:55.000000000Z,32,1,80420,38773.000000000,38773.000000000,38773.000000000,38773.000000000,1,YM
2024-06-10T08:43:59.000000000Z,32,1,80420,38773.000000000,38773.000000000,38773.000000000,38773.000000000,1,YM
2024-06-10T08:44:02.000000000Z,32,1,80420,38774.000000000,38775.000000000,38773.000000000,38773.000000000,3,YM
2024-06-10T08:44:03.000000000Z,32,1,80420,38774.000000000,38774.000000000,38774.000000000,38774.000000000,1,YM
2024-06-10T08:44:06.000000000Z,32,1,80420,38775.000000000,38775.000000000,38775.000000000,38775.000000000,1,YM
2024-06-10T08:44:19.000000000Z,32,1,80420,38774.000000000,38774.000000000,38774.000000000,38774.000000000,1,YM
2024-06-10T08:44:28.000000000Z,32,1,80420,38774.000000000,38774.000000000,38772.000000000,38773.000000000,9,YM
2024-06-10T08:44:29.000000000Z,32,1,80420,38772.000000000,38772.000000000,38770.000000000,38770.000000000,12,YM
2024-06-10T08:44:33.000000000Z,32,1,80420,38772.000000000,38772.000000000,38772.000000000,38772.000000000,1,YM
2024-06-10T08:44:34.000000000Z,32,1,80420,38773.000000000,38773.000000000,38773.000000000,38773.000000000,1,YM
2024-06-10T08:44:38.000000000Z,32,1,80420,38769.000000000,38769.000000000,38769.000000000,38769.000000000,3,YM
2024-06-10T08:44:48.000000000Z,32,1,80420,38770.000000000,38770.000000000,38770.000000000,38770.000000000,2,YM
2024-06-10T08:44:49.000000000Z,32,1,80420,38769.000000000,38769.000000000,38769.000000000,38769.000000000,1,YM
2024-06-10T08:44:53.000000000Z,32,1,80420,38769.000000000,38769.000000000,38769.000000000,38769.000000000,1,YM
2024-06-10T08:44:59.000000000Z,32,1,80420,38768.000000000,38770.000000000,38768.000000000,38770.000000000,3,YM
2024-06-10T08:45:00.000000000Z,32,1,80420,38768.000000000,38768.000000000,38768.000000000,38768.000000000,2,YM
2024-06-10T08:45:01.000000000Z,32,1,80420,38767.000000000,38768.000000000,38767.000000000,38768.000000000,5,YM
2024-06-10T08:45:03.000000000Z,32,1,80420,38768.000000000,38768.000000000,38768.000000000,38768.000000000,1,YM
2024-06-10T08:45:08.000000000Z,32,1,80420,38768.000000000,38768.000000000,38768.000000000,38768.000000000,1,YM
2024-06-10T08:45:09.000000000Z,32,1,80420,38767.000000000,38767.000000000,38767.000000000,38767.000000000,1,YM
2024-06-10T08:45:10.000000000Z,32,1,80420,38769.000000000,38769.000000000,38769.000000000,38769.000000000,1,YM
2024-06-10T08:45:13.000000000Z,32,1,80420,38769.000000000,38770.000000000,38769.000000000,38770.000000000,4,YM
2024-06-10T08:45:19.000000000Z,32,1,80420,38768.000000000,38768.000000000,38768.000000000,38768.000000000,1,YM
2024-06-10T08:45:20.000000000Z,32,1,80420,38769.000000000,38769.000000000,38768.000000000,38768.000000000,5,YM
2024-06-10T08:45:22.000000000Z,32,1,80420,38768.000000000,38768.000000000,38767.000000000,38767.000000000,2,YM
2024-06-10T08:45:25.000000000Z,32,1,80420,38768.000000000,38768.000000000,38768.000000000,38768.000000000,1,YM
2024-06-10T08:45:29.000000000Z,32,1,80420,38767.000000000,38767.000000000,38767.000000000,38767.000000000,1,YM
2024-06-10T08:45:30.000000000Z,32,1,80420,38767.000000000,38767.000000000,38767.000000000,38767.000000000,1,YM
2024-06-10T08:46:00.000000000Z,32,1,80420,38768.000000000,38770.000000000,38768.000000000,38770.000000000,3,YM
2024-06-10T08:46:07.000000000Z,32,1,80420,38769.000000000,38769.000000000,38769.000000000,38769.000000000,1,YM
2024-06-10T08:46:13.000000000Z,32,1,80420,38771.000000000,38771.000000000,38771.000000000,38771.000000000,1,YM
2024-06-10T08:46:16.000000000Z,32,1,80420,38769.000000000,38769.000000000,38766.000000000,38766.000000000,9,YM
2024-06-10T08:46:18.000000000Z,32,1,80420,38766.000000000,38766.000000000,38766.000000000,38766.000000000,4,YM
2024-06-10T08:46:19.000000000Z,32,1,80420,38765.000000000,38765.000000000,38765.000000000,38765.000000000,8,YM
2024-06-10T08:46:20.000000000Z,32,1,80420,38763.000000000,38763.000000000,38763.000000000,38763.000000000,7,YM
2024-06-10T08:46:21.000000000Z,32,1,80420,38763.000000000,38763.000000000,38761.000000000,38761.000000000,3,YM
2024-06-10T08:46:22.000000000Z,32,1,80420,38761.000000000,38761.000000000,38761.000000000,38761.000000000,2,YM
2024-06-10T08:46:26.000000000Z,32,1,80420,38762.000000000,38763.000000000,38762.000000000,38763.000000000,4,YM
2024-06-10T08:46:37.000000000Z,32,1,80420,38761.000000000,38762.000000000,38761.000000000,38762.000000000,6,YM
2024-06-10T08:46:40.000000000Z,32,1,80420,38763.000000000,38763.000000000,38763.000000000,38763.000000000,1,YM
2024-06-10T08:46:48.000000000Z,32,1,80420,38764.000000000,38764.000000000,38764.000000000,38764.000000000,3,YM
2024-06-10T08:46:53.000000000Z,32,1,80420,38765.000000000,38765.000000000,38764.000000000,38765.000000000,5,YM
2024-06-10T08:46:54.000000000Z,32,1,80420,38764.000000000,38764.000000000,38764.000000000,38764.000000000,1,YM
2024-06-10T08:46:56.000000000Z,32,1,80420,38763.000000000,38763.000000000,38763.000000000,38763.000000000,1,YM
2024-06-10T08:47:01.000000000Z,32,1,80420,38762.000000000,38762.000000000,38762.000000000,38762.000000000,3,YM
2024-06-10T08:47:02.000000000Z,32,1,80420,38761.000000000,38761.000000000,38761.000000000,38761.000000000,1,YM
2024-06-10T08:47:12.000000000Z,32,1,80420,38760.000000000,38761.000000000,38760.000000000,38761.000000000,10,YM
2024-06-10T08:47:22.000000000Z,32,1,80420,38762.000000000,38762.000000000,38762.000000000,38762.000000000,1,YM
2024-06-10T08:47:28.000000000Z,32,1,80420,38762.000000000,38762.000000000,38762.000000000,38762.000000000,2,YM
2024-06-10T08:47:32.000000000Z,32,1,80420,38763.000000000,38763.000000000,38763.000000000,38763.000000000,2,YM
2024-06-10T08:47:38.000000000Z,32,1,80420,38766.000000000,38766.000000000,38765.000000000,38765.000000000,12,YM
2024-06-10T08:47:41.000000000Z,32,1,80420,38766.000000000,38766.000000000,38766.000000000,38766.000000000,1,YM
2024-06-10T08:47:46.000000000Z,32,1,80420,38765.000000000,38765.000000000,38765.000000000,38765.000000000,1,YM
2024-06-10T08:47:47.000000000Z,32,1,80420,38766.000000000,38766.000000000,38766.000000000,38766.000000000,1,YM
2024-06-10T08:47:50.000000000Z,32,1,80420,38764.000000000,38764.000000000,38764.000000000,38764.000000000,3,YM
2024-06-10T08:47:58.000000000Z,32,1,80420,38763.000000000,38763.000000000,38763.000000000,38763.000000000,3,YM
2024-06-10T08:48:00.000000000Z,32,1,80420,38762.000000000,38762.000000000,38762.000000000,38762.000000000,2,YM
2024-06-10T08:48:09.000000000Z,32,1,80420,38762.000000000,38762.000000000,38762.000000000,38762.000000000,1,YM
2024-06-10T08:48:10.000000000Z,32,1,80420,38762.000000000,38762.000000000,38762.000000000,38762.000000000,1,YM
2024-06-10T08:48:14.000000000Z,32,1,80420,38762.000000000,38762.000000000,38762.000000000,38762.000000000,1,YM
2024-06-10T08:48:25.000000000Z,32,1,80420,38760.000000000,38760.000000000,38760.000000000,38760.000000000,1,YM
2024-06-10T08:48:26.000000000Z,32,1,80420,38761.000000000,38761.000000000,38761.000000000,38761.000000000,2,YM
2024-06-10T08:48:31.000000000Z,32,1,80420,38760.000000000,38760.000000000,38760.000000000,38760.000000000,1,YM
2024-06-10T08:48:33.000000000Z,32,1,80420,38760.000000000,38760.000000000,38759.000000000,38759.000000000,2,YM
2024-06-10T08:48:37.000000000Z,32,1,80420,38760.000000000,38760.000000000,38760.000000000,38760.000000000,5,YM
2024-06-10T08:48:54.000000000Z,32,1,80420,38759.000000000,38759.000000000,38759.000000000,38759.000000000,1,YM
2024-06-10T08:49:04.000000000Z,32,1,80420,38758.000000000,38758.000000000,38758.000000000,38758.000000000,2,YM
2024-06-10T08:49:10.000000000Z,32,1,80420,38758.000000000,38758.000000000,38758.000000000,38758.000000000,1,YM
2024-06-10T08:49:17.000000000Z,32,1,80420,38758.000000000,38759.000000000,38758.000000000,38759.000000000,3,YM
2024-06-10T08:49:20.000000000Z,32,1,80420,38758.000000000,38758.000000000,38758.000000000,38758.000000000,1,YM
2024-06-10T08:49:27.000000000Z,32,1,80420,38756.000000000,38756.000000000,38755.000000000,38756.000000000,5,YM
2024-06-10T08:49:30.000000000Z,32,1,80420,38757.000000000,38757.000000000,38757.000000000,38757.000000000,3,YM
2024-06-10T08:49:33.000000000Z,32,1,80420,38760.000000000,38760.000000000,38760.000000000,38760.000000000,2,YM
2024-06-10T08:49:35.000000000Z,32,1,80420,38759.000000000,38759.000000000,38759.000000000,38759.000000000,2,YM
2024-06-10T08:49:50.000000000Z,32,1,80420,38758.000000000,38758.000000000,38758.000000000,38758.000000000,1,YM
2024-06-10T08:49:55.000000000Z,32,1,80420,38758.000000000,38758.000000000,38757.000000000,38757.000000000,3,YM
2024-06-10T08:50:05.000000000Z,32,1,80420,38757.000000000,38757.000000000,38757.000000000,38757.000000000,2,YM
2024-06-10T08:50:08.000000000Z,32,1,80420,38756.000000000,38758.000000000,38756.000000000,38757.000000000,4,YM
2024-06-10T08:50:13.000000000Z,32,1,80420,38759.000000000,38759.000000000,38759.000000000,38759.000000000,2,YM
2024-06-10T08:50:19.000000000Z,32,1,80420,38760.000000000,38760.000000000,38760.000000000,38760.000000000,1,YM
2024-06-10T08:50:28.000000000Z,32,1,80420,38760.000000000,38760.000000000,38760.000000000,38760.000000000,2,YM
2024-06-10T08:50:34.000000000Z,32,1,80420,38760.000000000,38760.000000000,38760.000000000,38760.000000000,1,YM
2024-06-10T08:50:38.000000000Z,32,1,80420,38760.000000000,38760.000000000,38760.000000000,38760.000000000,2,YM
2024-06-10T08:50:40.000000000Z,32,1,80420,38759.000000000,38762.000000000,38759.000000000,38762.000000000,10,YM
2024-06-10T08:50:42.000000000Z,32,1,80420,38762.000000000,38762.000000000,38762.000000000,38762.000000000,1,YM
2024-06-10T08:50:43.000000000Z,32,1,80420,38762.000000000,38762.000000000,38762.000000000,38762.000000000,3,YM
2024-06-10T08:50:45.000000000Z,32,1,80420,38762.000000000,38762.000000000,38762.000000000,38762.000000000,1,YM
2024-06-10T08:50:51.000000000Z,32,1,80420,38761.000000000,38761.000000000,38761.000000000,38761.000000000,1,YM
2024-06-10T08:51:00.000000000Z,32,1,80420,38758.000000000,38758.000000000,38758.000000000,38758.000000000,2,YM
2024-06-10T08:51:06.000000000Z,32,1,80420,38759.000000000,38759.000000000,38759.000000000,38759.000000000,1,YM
2024-06-10T08:51:08.000000000Z,32,1,80420,38760.000000000,38760.000000000,38760.000000000,38760.000000000,1,YM
2024-06-10T08:51:13.000000000Z,32,1,80420,38760.000000000,38760.000000000,38760.000000000,38760.000000000,1,YM
2024-06-10T08:51:19.000000000Z,32,1,80420,38761.000000000,38761.000000000,38761.000000000,38761.000000000,3,YM
2024-06-10T08:51:40.000000000Z,32,1,80420,38762.000000000,38762.000000000,38761.000000000,38761.000000000,2,YM
2024-06-10T08:51:42.000000000Z,32,1,80420,38761.000000000,38761.000000000,38761.000000000,38761.000000000,1,YM
2024-06-10T08:51:43.000000000Z,32,1,80420,38760.000000000,38760.000000000,38760.000000000,38760.000000000,3,YM
2024-06-10T08:52:01.000000000Z,32,1,80420,38758.000000000,38758.000000000,38758.000000000,38758.000000000,1,YM
2024-06-10T08:52:06.000000000Z,32,1,80420,38759.000000000,38759.000000000,38759.000000000,38759.000000000,3,YM
2024-06-10T08:52:10.000000000Z,32,1,80420,38759.000000000,38759.000000000,38759.000000000,38759.000000000,1,YM
2024-06-10T08:52:14.000000000Z,32,1,80420,38757.000000000,38757.000000000,38757.000000000,38757.000000000,1,YM
2024-06-10T08:52:17.000000000Z,32,1,80420,38758.000000000,38758.000000000,38758.000000000,38758.000000000,1,YM
2024-06-10T08:52:20.000000000Z,32,1,80420,38760.000000000,38760.000000000,38760.000000000,38760.000000000,2,YM
2024-06-10T08:52:27.000000000Z,32,1,80420,38757.000000000,38757.000000000,38757.000000000,38757.000000000,2,YM
2024-06-10T08:52:33.000000000Z,32,1,80420,38758.000000000,38758.000000000,38758.000000000,38758.000000000,1,YM
2024-06-10T08:52:35.000000000Z,32,1,80420,38759.000000000,38760.000000000,38759.000000000,38760.000000000,3,YM
2024-06-10T08:52:47.000000000Z,32,1,80420,38758.000000000,38758.000000000,38758.000000000,38758.000000000,1,YM
2024-06-10T08:53:06.000000000Z,32,1,80420,38758.000000000,38758.000000000,38758.000000000,38758.000000000,1,YM
2024-06-10T08:53:07.000000000Z,32,1,80420,38757.000000000,38757.000000000,38756.000000000,38756.000000000,6,YM
2024-06-10T08:53:09.000000000Z,32,1,80420,38757.000000000,38757.000000000,38757.000000000,38757.000000000,1,YM
2024-06-10T08:53:10.000000000Z,32,1,80420,38757.000000000,38757.000000000,38757.000000000,38757.000000000,1,YM
2024-06-10T08:53:12.000000000Z,32,1,80420,38758.000000000,38758.000000000,38758.000000000,38758.000000000,1,YM
2024-06-10T08:53:13.000000000Z,32,1,80420,38759.000000000,38759.000000000,38759.000000000,38759.000000000,3,YM
2024-06-10T08:53:14.000000000Z,32,1,80420,38760.000000000,38760.000000000,38760.000000000,38760.000000000,2,YM
2024-06-10T08:53:21.000000000Z,32,1,80420,38759.000000000,38759.000000000,38759.000000000,38759.000000000,2,YM
2024-06-10T08:53:22.000000000Z,32,1,80420,38760.000000000,38760.000000000,38760.000000000,38760.000000000,2,YM
2024-06-10T08:53:26.000000000Z,32,1,80420,38763.000000000,38763.000000000,38763.000000000,38763.000000000,2,YM
2024-06-10T08:53:29.000000000Z,32,1,80420,38760.000000000,38760.000000000,38760.000000000,38760.000000000,1,YM
2024-06-10T08:53:30.000000000Z,32,1,80420,38759.000000000,38759.000000000,38759.000000000,38759.000000000,1,YM
2024-06-10T08:53:36.000000000Z,32,1,80420,38758.000000000,38758.000000000,38757.000000000,38757.000000000,2,YM
2024-06-10T08:53:39.000000000Z,32,1,80420,38756.000000000,38756.000000000,38756.000000000,38756.000000000,3,YM
2024-06-10T08:53:50.000000000Z,32,1,80420,38754.000000000,38754.000000000,38754.000000000,38754.000000000,1,YM
2024-06-10T08:54:03.000000000Z,32,1,80420,38754.000000000,38754.000000000,38754.000000000,38754.000000000,1,YM
2024-06-10T08:54:08.000000000Z,32,1,80420,38753.000000000,38753.000000000,38753.000000000,38753.000000000,3,YM
2024-06-10T08:54:10.000000000Z,32,1,80420,38752.000000000,38752.000000000,38752.000000000,38752.000000000,2,YM
2024-06-10T08:54:12.000000000Z,32,1,80420,38753.000000000,38753.000000000,38751.000000000,38751.000000000,7,YM
2024-06-10T08:54:13.000000000Z,32,1,80420,38751.000000000,38751.000000000,38751.000000000,38751.000000000,1,YM
2024-06-10T08:54:18.000000000Z,32,1,80420,38751.000000000,38751.000000000,38751.000000000,38751.000000000,1,YM
2024-06-10T08:54:19.000000000Z,32,1,80420,38751.000000000,38751.000000000,38751.000000000,38751.000000000,1,YM
2024-06-10T08:54:24.000000000Z,32,1,80420,38751.000000000,38751.000000000,38751.000000000,38751.000000000,1,YM
2024-06-10T08:54:25.000000000Z,32,1,80420,38752.000000000,38752.000000000,38752.000000000,38752.000000000,1,YM
2024-06-10T08:54:27.000000000Z,32,1,80420,38753.000000000,38753.000000000,38753.000000000,38753.000000000,2,YM
2024-06-10T08:54:29.000000000Z,32,1,80420,38753.000000000,38753.000000000,38753.000000000,38753.000000000,3,YM
2024-06-10T08:54:30.000000000Z,32,1,80420,38754.000000000,38754.000000000,38754.000000000,38754.000000000,1,YM
2024-06-10T08:54:31.000000000Z,32,1,80420,38753.000000000,38754.000000000,38753.000000000,38754.000000000,9,YM
2024-06-10T08:54:34.000000000Z,32,1,80420,38755.000000000,38755.000000000,38755.000000000,38755.000000000,2,YM
2024-06-10T08:54:35.000000000Z,32,1,80420,38756.000000000,38756.000000000,38756.000000000,38756.000000000,1,YM
2024-06-10T08:54:36.000000000Z,32,1,80420,38756.000000000,38757.000000000,38756.000000000,38757.000000000,2,YM
2024-06-10T08:54:39.000000000Z,32,1,80420,38756.000000000,38756.000000000,38756.000000000,38756.000000000,1,YM
2024-06-10T08:54:42.000000000Z,32,1,80420,38754.000000000,38754.000000000,38754.000000000,38754.000000000,3,YM
2024-06-10T08:54:51.000000000Z,32,1,80420,38751.000000000,38751.000000000,38751.000000000,38751.000000000,1,YM
2024-06-10T08:54:54.000000000Z,32,1,80420,38751.000000000,38751.000000000,38751.000000000,38751.000000000,1,YM
2024-06-10T08:54:57.000000000Z,32,1,80420,38752.000000000,38752.000000000,38752.000000000,38752.000000000,2,YM
2024-06-10T08:55:00.000000000Z,32,1,80420,38754.000000000,38755.000000000,38753.000000000,38753.000000000,8,YM
2024-06-10T08:55:03.000000000Z,32,1,80420,38753.000000000,38753.000000000,38753.000000000,38753.000000000,2,YM
2024-06-10T08:55:05.000000000Z,32,1,80420,38754.000000000,38754.000000000,38754.000000000,38754.000000000,2,YM
2024-06-10T08:55:08.000000000Z,32,1,80420,38754.000000000,38754.000000000,38753.000000000,38753.000000000,2,YM
2024-06-10T08:55:10.000000000Z,32,1,80420,38752.000000000,38752.000000000,38752.000000000,38752.000000000,1,YM
2024-06-10T08:55:12.000000000Z,32,1,80420,38752.000000000,38752.000000000,38752.000000000,38752.000000000,2,YM
2024-06-10T08:55:17.000000000Z,32,1,80420,38751.000000000,38751.000000000,38751.000000000,38751.000000000,1,YM
2024-06-10T08:55:24.000000000Z,32,1,80420,38750.000000000,38750.000000000,38750.000000000,38750.000000000,2,YM
2024-06-10T08:55:31.000000000Z,32,1,80420,38749.000000000,38751.000000000,38749.000000000,38751.000000000,2,YM
2024-06-10T08:55:32.000000000Z,32,1,80420,38750.000000000,38750.000000000,38750.000000000,38750.000000000,1,YM
2024-06-10T08:55:33.000000000Z,32,1,80420,38749.000000000,38749.000000000,38749.000000000,38749.000000000,1,YM
2024-06-10T08:55:38.000000000Z,32,1,80420,38748.000000000,38748.000000000,38747.000000000,38747.000000000,2,YM
2024-06-10T08:55:41.000000000Z,32,1,80420,38746.000000000,38746.000000000,38746.000000000,38746.000000000,2,YM
2024-06-10T08:55:44.000000000Z,32,1,80420,38747.000000000,38747.000000000,38747.000000000,38747.000000000,1,YM
2024-06-10T08:55:46.000000000Z,32,1,80420,38749.000000000,38749.000000000,38749.000000000,38749.000000000,2,YM
2024-06-10T08:55:48.000000000Z,32,1,80420,38750.000000000,38750.000000000,38750.000000000,38750.000000000,3,YM
2024-06-10T08:55:51.000000000Z,32,1,80420,38752.000000000,38752.000000000,38752.000000000,38752.000000000,4,YM
2024-06-10T08:55:54.000000000Z,32,1,80420,38753.000000000,38753.000000000,38753.000000000,38753.000000000,2,YM
2024-06-10T08:55:56.000000000Z,32,1,80420,38754.000000000,38754.000000000,38754.000000000,38754.000000000,4,YM
2024-06-10T08:55:57.000000000Z,32,1,80420,38755.000000000,38755.000000000,38755.000000000,38755.000000000,2,YM
2024-06-10T08:55:58.000000000Z,32,1,80420,38755.000000000,38755.000000000,38755.000000000,38755.000000000,1,YM
2024-06-10T08:55:59.000000000Z,32,1,80420,38755.000000000,38755.000000000,38755.000000000,38755.000000000,2,YM
2024-06-10T08:56:01.000000000Z,32,1,80420,38755.000000000,38755.000000000,38754.000000000,38754.000000000,3,YM
2024-06-10T08:56:02.000000000Z,32,1,80420,38755.000000000,38755.000000000,38755.000000000,38755.000000000,2,YM
2024-06-10T08:56:05.000000000Z,32,1,80420,38756.000000000,38756.000000000,38756.000000000,38756.000000000,2,YM
2024-06-10T08:56:06.000000000Z,32,1,80420,38756.000000000,38756.000000000,38756.000000000,38756.000000000,3,YM
2024-06-10T08:56:07.000000000Z,32,1,80420,38756.000000000,38757.000000000,38756.000000000,38757.000000000,2,YM
2024-06-10T08:56:09.000000000Z,32,1,80420,38756.000000000,38756.000000000,38756.000000000,38756.000000000,1,YM
2024-06-10T08:56:18.000000000Z,32,1,80420,38756.000000000,38756.000000000,38756.000000000,38756.000000000,1,YM
2024-06-10T08:56:20.000000000Z,32,1,80420,38755.000000000,38755.000000000,38755.000000000,38755.000000000,2,YM
2024-06-10T08:56:21.000000000Z,32,1,80420,38755.000000000,38755.000000000,38755.000000000,38755.000000000,1,YM
2024-06-10T08:56:23.000000000Z,32,1,80420,38753.000000000,38753.000000000,38753.000000000,38753.000000000,1,YM
2024-06-10T08:56:42.000000000Z,32,1,80420,38752.000000000,38752.000000000,38750.000000000,38750.000000000,3,YM
2024-06-10T08:56:50.000000000Z,32,1,80420,38749.000000000,38749.000000000,38749.000000000,38749.000000000,1,YM
2024-06-10T08:56:52.000000000Z,32,1,80420,38749.000000000,38749.000000000,38749.000000000,38749.000000000,1,YM
2024-06-10T08:56:53.000000000Z,32,1,80420,38750.000000000,38750.000000000,38750.000000000,38750.000000000,5,YM
2024-06-10T08:57:01.000000000Z,32,1,80420,38750.000000000,38750.000000000,38749.000000000,38750.000000000,7,YM
2024-06-10T08:57:03.000000000Z,32,1,80420,38749.000000000,38750.000000000,38749.000000000,38750.000000000,4,YM
2024-06-10T08:57:10.000000000Z,32,1,80420,38749.000000000,38749.000000000,38748.000000000,38748.000000000,2,YM
2024-06-10T08:57:12.000000000Z,32,1,80420,38749.000000000,38749.000000000,38749.000000000,38749.000000000,2,YM
2024-06-10T08:57:23.000000000Z,32,1,80420,38748.000000000,38748.000000000,38748.000000000,38748.000000000,1,YM
2024-06-10T08:57:25.000000000Z,32,1,80420,38748.000000000,38748.000000000,38748.000000000,38748.000000000,1,YM
2024-06-10T08:57:30.000000000Z,32,1,80420,38747.000000000,38747.000000000,38747.000000000,38747.000000000,1,YM
2024-06-10T08:57:40.000000000Z,32,1,80420,38748.000000000,38749.000000000,38747.000000000,38749.000000000,3,YM
2024-06-10T08:57:43.000000000Z,32,1,80420,38747.000000000,38747.000000000,38747.000000000,38747.000000000,1,YM
2024-06-10T08:57:46.000000000Z,32,1,80420,38747.000000000,38747.000000000,38747.000000000,38747.000000000,1,YM
2024-06-10T08:57:52.000000000Z,32,1,80420,38746.000000000,38746.000000000,38746.000000000,38746.000000000,1,YM
2024-06-10T08:57:56.000000000Z,32,1,80420,38745.000000000,38745.000000000,38745.000000000,38745.000000000,4,YM
2024-06-10T08:57:58.000000000Z,32,1,80420,38745.000000000,38745.000000000,38745.000000000,38745.000000000,1,YM
2024-06-10T08:58:05.000000000Z,32,1,80420,38746.000000000,38746.000000000,38746.000000000,38746.000000000,3,YM
2024-06-10T08:58:07.000000000Z,32,1,80420,38746.000000000,38746.000000000,38743.000000000,38743.000000000,17,YM
2024-06-10T08:58:08.000000000Z,32,1,80420,38741.000000000,38742.000000000,38741.000000000,38742.000000000,7,YM
2024-06-10T08:58:09.000000000Z,32,1,80420,38741.000000000,38741.000000000,38741.000000000,38741.000000000,1,YM
2024-06-10T08:58:12.000000000Z,32,1,80420,38740.000000000,38741.000000000,38739.000000000,38741.000000000,6,YM
2024-06-10T08:58:18.000000000Z,32,1,80420,38739.000000000,38739.000000000,38738.000000000,38738.000000000,5,YM
2024-06-10T08:58:20.000000000Z,32,1,80420,38739.000000000,38739.000000000,38739.000000000,38739.000000000,1,YM
2024-06-10T08:58:22.000000000Z,32,1,80420,38739.000000000,38739.000000000,38739.000000000,38739.000000000,1,YM
2024-06-10T08:58:25.000000000Z,32,1,80420,38739.000000000,38739.000000000,38739.000000000,38739.000000000,1,YM
2024-06-10T08:58:28.000000000Z,32,1,80420,38741.000000000,38745.000000000,38741.000000000,38745.000000000,20,YM
2024-06-10T08:58:33.000000000Z,32,1,80420,38744.000000000,38744.000000000,38744.000000000,38744.000000000,1,YM
2024-06-10T08:58:38.000000000Z,32,1,80420,38745.000000000,38745.000000000,38745.000000000,38745.000000000,2,YM
2024-06-10T08:58:39.000000000Z,32,1,80420,38745.000000000,38745.000000000,38745.000000000,38745.000000000,2,YM
2024-06-10T08:58:47.000000000Z,32,1,80420,38745.000000000,38746.000000000,38745.000000000,38745.000000000,5,YM
2024-06-10T08:58:49.000000000Z,32,1,80420,38745.000000000,38745.000000000,38743.000000000,38743.000000000,4,YM
2024-06-10T08:58:50.000000000Z,32,1,80420,38743.000000000,38743.000000000,38743.000000000,38743.000000000,1,YM
2024-06-10T08:58:51.000000000Z,32,1,80420,38743.000000000,38745.000000000,38743.000000000,38745.000000000,9,YM
2024-06-10T08:58:54.000000000Z,32,1,80420,38744.000000000,38744.000000000,38744.000000000,38744.000000000,4,YM
2024-06-10T08:58:59.000000000Z,32,1,80420,38745.000000000,38745.000000000,38745.000000000,38745.000000000,2,YM
2024-06-10T08:59:00.000000000Z,32,1,80420,38744.000000000,38744.000000000,38744.000000000,38744.000000000,2,YM
2024-06-10T08:59:01.000000000Z,32,1,80420,38744.000000000,38744.000000000,38744.000000000,38744.000000000,4,YM
2024-06-10T08:59:10.000000000Z,32,1,80420,38746.000000000,38746.000000000,38746.000000000,38746.000000000,2,YM
2024-06-10T08:59:17.000000000Z,32,1,80420,38745.000000000,38745.000000000,38745.000000000,38745.000000000,2,YM
2024-06-10T08:59:18.000000000Z,32,1,80420,38747.000000000,38747.000000000,38747.000000000,38747.000000000,2,YM
2024-06-10T08:59:23.000000000Z,32,1,80420,38746.000000000,38746.000000000,38746.000000000,38746.000000000,1,YM
2024-06-10T08:59:25.000000000Z,32,1,80420,38746.000000000,38746.000000000,38746.000000000,38746.000000000,1,YM
2024-06-10T08:59:27.000000000Z,32,1,80420,38745.000000000,38747.000000000,38745.000000000,38747.000000000,3,YM
2024-06-10T08:59:31.000000000Z,32,1,80420,38747.000000000,38747.000000000,38746.000000000,38746.000000000,4,YM
2024-06-10T08:59:32.000000000Z,32,1,80420,38747.000000000,38747.000000000,38747.000000000,38747.000000000,1,YM
2024-06-10T08:59:38.000000000Z,32,1,80420,38746.000000000,38746.000000000,38746.000000000,38746.000000000,1,YM
2024-06-10T08:59:40.000000000Z,32,1,80420,38747.000000000,38747.000000000,38747.000000000,38747.000000000,2,YM
2024-06-10T08:59:41.000000000Z,32,1,80420,38746.000000000,38746.000000000,38746.000000000,38746.000000000,1,YM
2024-06-10T08:59:44.000000000Z,32,1,80420,38747.000000000,38747.000000000,38747.000000000,38747.000000000,2,YM
2024-06-10T08:59:51.000000000Z,32,1,80420,38747.000000000,38747.000000000,38747.000000000,38747.000000000,4,YM
2024-06-10T08:59:53.000000000Z,32,1,80420,38747.000000000,38747.000000000,38747.000000000,38747.000000000,2,YM
2024-06-10T08:59:58.000000000Z,32,1,80420,38747.000000000,38747.000000000,38747.000000000,38747.000000000,1,YM
2024-06-10T09:00:00.000000000Z,32,1,80420,38746.000000000,38746.000000000,38746.000000000,38746.000000000,1,YM
2024-06-10T09:00:01.000000000Z,32,1,80420,38748.000000000,38748.000000000,38748.000000000,38748.000000000,4,YM
2024-06-10T09:00:02.000000000Z,32,1,80420,38747.000000000,38747.000000000,38747.000000000,38747.000000000,1,YM
2024-06-10T09:00:03.000000000Z,32,1,80420,38747.000000000,38747.000000000,38747.000000000,38747.000000000,3,YM
2024-06-10T09:00:10.000000000Z,32,1,80420,38746.000000000,38746.000000000,38746.000000000,38746.000000000,1,YM
2024-06-10T09:00:16.000000000Z,32,1,80420,38747.000000000,38748.000000000,38747.000000000,38748.000000000,5,YM
2024-06-10T09:00:17.000000000Z,32,1,80420,38748.000000000,38749.000000000,38748.000000000,38749.000000000,6,YM
2024-06-10T09:00:18.000000000Z,32,1,80420,38749.000000000,38749.000000000,38749.000000000,38749.000000000,5,YM
2024-06-10T09:00:19.000000000Z,32,1,80420,38750.000000000,38750.000000000,38748.000000000,38748.000000000,4,YM
2024-06-10T09:00:25.000000000Z,32,1,80420,38749.000000000,38750.000000000,38749.000000000,38750.000000000,4,YM
2024-06-10T09:00:26.000000000Z,32,1,80420,38749.000000000,38749.000000000,38748.000000000,38748.000000000,6,YM
2024-06-10T09:00:31.000000000Z,32,1,80420,38748.000000000,38748.000000000,38748.000000000,38748.000000000,1,YM
2024-06-10T09:00:41.000000000Z,32,1,80420,38748.000000000,38748.000000000,38748.000000000,38748.000000000,1,YM
2024-06-10T09:00:42.000000000Z,32,1,80420,38749.000000000,38750.000000000,38749.000000000,38750.000000000,4,YM
2024-06-10T09:00:44.000000000Z,32,1,80420,38750.000000000,38750.000000000,38750.000000000,38750.000000000,2,YM
2024-06-10T09:00:45.000000000Z,32,1,80420,38749.000000000,38749.000000000,38749.000000000,38749.000000000,1,YM
2024-06-10T09:00:48.000000000Z,32,1,80420,38750.000000000,38751.000000000,38750.000000000,38751.000000000,2,YM
2024-06-10T09:00:50.000000000Z,32,1,80420,38751.000000000,38751.000000000,38751.000000000,38751.000000000,2,YM
2024-06-10T09:00:52.000000000Z,32,1,80420,38752.000000000,38752.000000000,38751.000000000,38751.000000000,7,YM
2024-06-10T09:00:57.000000000Z,32,1,80420,38751.000000000,38751.000000000,38751.000000000,38751.000000000,1,YM
2024-06-10T09:00:58.000000000Z,32,1,80420,38751.000000000,38752.000000000,38751.000000000,38752.000000000,3,YM
2024-06-10T09:00:59.000000000Z,32,1,80420,38753.000000000,38753.000000000,38752.000000000,38752.000000000,6,YM
2024-06-10T09:01:00.000000000Z,32,1,80420,38750.000000000,38750.000000000,38750.000000000,38750.000000000,4,YM
2024-06-10T09:01:06.000000000Z,32,1,80420,38749.000000000,38749.000000000,38749.000000000,38749.000000000,1,YM
2024-06-10T09:01:08.000000000Z,32,1,80420,38750.000000000,38752.000000000,38750.000000000,38752.000000000,5,YM
2024-06-10T09:01:18.000000000Z,32,1,80420,38750.000000000,38750.000000000,38750.000000000,38750.000000000,2,YM
2024-06-10T09:01:21.000000000Z,32,1,80420,38751.000000000,38751.000000000,38751.000000000,38751.000000000,1,YM
2024-06-10T09:01:23.000000000Z,32,1,80420,38749.000000000,38749.000000000,38749.000000000,38749.000000000,1,YM
2024-06-10T09:01:26.000000000Z,32,1,80420,38750.000000000,38750.000000000,38750.000000000,38750.000000000,1,YM
2024-06-10T09:01:33.000000000Z,32,1,80420,38750.000000000,38751.000000000,38750.000000000,38751.000000000,2,YM
2024-06-10T09:01:36.000000000Z,32,1,80420,38752.000000000,38752.000000000,38752.000000000,38752.000000000,4,YM
2024-06-10T09:01:40.000000000Z,32,1,80420,38749.000000000,38749.000000000,38749.000000000,38749.000000000,1,YM
2024-06-10T09:01:41.000000000Z,32,1,80420,38748.000000000,38748.000000000,38748.000000000,38748.000000000,1,YM
2024-06-10T09:01:45.000000000Z,32,1,80420,38746.000000000,38746.000000000,38746.000000000,38746.000000000,1,YM
2024-06-10T09:01:51.000000000Z,32,1,80420,38746.000000000,38746.000000000,38746.000000000,38746.000000000,3,YM
2024-06-10T09:01:53.000000000Z,32,1,80420,38746.000000000,38746.000000000,38746.000000000,38746.000000000,2,YM
2024-06-10T09:01:54.000000000Z,32,1,80420,38746.000000000,38747.000000000,38746.000000000,38747.000000000,2,YM
2024-06-10T09:01:57.000000000Z,32,1,80420,38748.000000000,38748.000000000,38748.000000000,38748.000000000,1,YM
2024-06-10T09:01:58.000000000Z,32,1,80420,38746.000000000,38746.000000000,38746.000000000,38746.000000000,3,YM
2024-06-10T09:02:01.000000000Z,32,1,80420,38746.000000000,38746.000000000,38746.000000000,38746.000000000,1,YM
2024-06-10T09:02:05.000000000Z,32,1,80420,38747.000000000,38747.000000000,38747.000000000,38747.000000000,1,YM
2024-06-10T09:02:12.000000000Z,32,1,80420,38746.000000000,38746.000000000,38746.000000000,38746.000000000,1,YM
2024-06-10T09:02:13.000000000Z,32,1,80420,38748.000000000,38748.000000000,38748.000000000,38748.000000000,1,YM
2024-06-10T09:02:17.000000000Z,32,1,80420,38749.000000000,38749.000000000,38749.000000000,38749.000000000,1,YM
2024-06-10T09:02:19.000000000Z,32,1,80420,38748.000000000,38748.000000000,38748.000000000,38748.000000000,1,YM
2024-06-10T09:02:20.000000000Z,32,1,80420,38749.000000000,38751.000000000,38749.000000000,38751.000000000,13,YM
2024-06-10T09:02:21.000000000Z,32,1,80420,38752.000000000,38752.000000000,38752.000000000,38752.000000000,2,YM
2024-06-10T09:02:27.000000000Z,32,1,80420,38754.000000000,38754.000000000,38754.000000000,38754.000000000,2,YM
2024-06-10T09:02:29.000000000Z,32,1,80420,38755.000000000,38756.000000000,38755.000000000,38756.000000000,3,YM
2024-06-10T09:02:41.000000000Z,32,1,80420,38751.000000000,38752.000000000,38751.000000000,38752.000000000,4,YM
2024-06-10T09:02:42.000000000Z,32,1,80420,38752.000000000,38752.000000000,38752.000000000,38752.000000000,1,YM
2024-06-10T09:02:46.000000000Z,32,1,80420,38753.000000000,38753.000000000,38753.000000000,38753.000000000,2,YM
2024-06-10T09:02:50.000000000Z,32,1,80420,38753.000000000,38753.000000000,38753.000000000,38753.000000000,1,YM
2024-06-10T09:03:02.000000000Z,32,1,80420,38753.000000000,38753.000000000,38753.000000000,38753.000000000,2,YM
2024-06-10T09:03:08.000000000Z,32,1,80420,38751.000000000,38751.000000000,38751.000000000,38751.000000000,1,YM
2024-06-10T09:03:12.000000000Z,32,1,80420,38752.000000000,38753.000000000,38752.000000000,38753.000000000,2,YM
2024-06-10T09:03:23.000000000Z,32,1,80420,38754.000000000,38754.000000000,38754.000000000,38754.000000000,3,YM
2024-06-10T09:03:29.000000000Z,32,1,80420,38753.000000000,38754.000000000,38753.000000000,38754.000000000,2,YM
2024-06-10T09:03:30.000000000Z,32,1,80420,38752.000000000,38752.000000000,38752.000000000,38752.000000000,1,YM
2024-06-10T09:03:36.000000000Z,32,1,80420,38752.000000000,38752.000000000,38752.000000000,38752.000000000,1,YM
2024-06-10T09:03:59.000000000Z,32,1,80420,38751.000000000,38751.000000000,38751.000000000,38751.000000000,1,YM
2024-06-10T09:04:00.000000000Z,32,1,80420,38750.000000000,38751.000000000,38750.000000000,38751.000000000,2,YM
2024-06-10T09:04:01.000000000Z,32,1,80420,38750.000000000,38750.000000000,38750.000000000,38750.000000000,1,YM
2024-06-10T09:04:08.000000000Z,32,1,80420,38748.000000000,38748.000000000,38748.000000000,38748.000000000,1,YM
2024-06-10T09:04:11.000000000Z,32,1,80420,38746.000000000,38747.000000000,38746.000000000,38747.000000000,3,YM
2024-06-10T09:04:14.000000000Z,32,1,80420,38747.000000000,38747.000000000,38747.000000000,38747.000000000,2,YM
2024-06-10T09:04:17.000000000Z,32,1,80420,38747.000000000,38748.000000000,38747.000000000,38748.000000000,3,YM
2024-06-10T09:04:23.000000000Z,32,1,80420,38748.000000000,38748.000000000,38748.000000000,38748.000000000,2,YM
2024-06-10T09:04:36.000000000Z,32,1,80420,38748.000000000,38748.000000000,38748.000000000,38748.000000000,2,YM
2024-06-10T09:04:38.000000000Z,32,1,80420,38747.000000000,38747.000000000,38747.000000000,38747.000000000,1,YM
2024-06-10T09:04:43.000000000Z,32,1,80420,38745.000000000,38746.000000000,38745.000000000,38746.000000000,5,YM
2024-06-10T09:04:45.000000000Z,32,1,80420,38745.000000000,38745.000000000,38745.000000000,38745.000000000,2,YM
2024-06-10T09:04:46.000000000Z,32,1,80420,38746.000000000,38746.000000000,38746.000000000,38746.000000000,2,YM
2024-06-10T09:04:56.000000000Z,32,1,80420,38745.000000000,38745.000000000,38745.000000000,38745.000000000,1,YM
2024-06-10T09:05:00.000000000Z,32,1,80420,38746.000000000,38746.000000000,38744.000000000,38744.000000000,2,YM
2024-06-10T09:05:05.000000000Z,32,1,80420,38745.000000000,38745.000000000,38745.000000000,38745.000000000,1,YM
2024-06-10T09:05:11.000000000Z,32,1,80420,38744.000000000,38744.000000000,38744.000000000,38744.000000000,1,YM
2024-06-10T09:05:15.000000000Z,32,1,80420,38743.000000000,38743.000000000,38742.000000000,38743.000000000,3,YM
2024-06-10T09:05:22.000000000Z,32,1,80420,38744.000000000,38744.000000000,38744.000000000,38744.000000000,1,YM
2024-06-10T09:05:26.000000000Z,32,1,80420,38744.000000000,38744.000000000,38744.000000000,38744.000000000,1,YM
2024-06-10T09:05:36.000000000Z,32,1,80420,38743.000000000,38743.000000000,38743.000000000,38743.000000000,1,YM
2024-06-10T09:05:40.000000000Z,32,1,80420,38742.000000000,38742.000000000,38742.000000000,38742.000000000,1,YM
2024-06-10T09:05:46.000000000Z,32,1,80420,38742.000000000,38742.000000000,38742.000000000,38742.000000000,1,YM
2024-06-10T09:05:47.000000000Z,32,1,80420,38741.000000000,38741.000000000,38741.000000000,38741.000000000,3,YM
2024-06-10T09:05:49.000000000Z,32,1,80420,38741.000000000,38741.000000000,38741.000000000,38741.000000000,1,YM
2024-06-10T09:05:51.000000000Z,32,1,80420,38740.000000000,38740.000000000,38739.000000000,38739.000000000,2,YM
2024-06-10T09:05:54.000000000Z,32,1,80420,38738.000000000,38738.000000000,38738.000000000,38738.000000000,1,YM
2024-06-10T09:05:55.000000000Z,32,1,80420,38738.000000000,38738.000000000,38738.000000000,38738.000000000,4,YM
2024-06-10T09:06:01.000000000Z,32,1,80420,38737.000000000,38737.000000000,38737.000000000,38737.000000000,1,YM
2024-06-10T09:06:05.000000000Z,32,1,80420,38735.000000000,38736.000000000,38735.000000000,38736.000000000,8,YM
2024-06-10T09:06:08.000000000Z,32,1,80420,38735.000000000,38735.000000000,38735.000000000,38735.000000000,1,YM
2024-06-10T09:06:09.000000000Z,32,1,80420,38736.000000000,38736.000000000,38736.000000000,38736.000000000,1,YM
2024-06-10T09:06:12.000000000Z,32,1,80420,38737.000000000,38737.000000000,38737.000000000,38737.000000000,2,YM
2024-06-10T09:06:20.000000000Z,32,1,80420,38736.000000000,38736.000000000,38735.000000000,38735.000000000,7,YM
2024-06-10T09:06:25.000000000Z,32,1,80420,38735.000000000,38735.000000000,38735.000000000,38735.000000000,2,YM
2024-06-10T09:06:30.000000000Z,32,1,80420,38734.000000000,38734.000000000,38733.000000000,38733.000000000,5,YM
2024-06-10T09:06:31.000000000Z,32,1,80420,38735.000000000,38735.000000000,38735.000000000,38735.000000000,3,YM
2024-06-10T09:06:34.000000000Z,32,1,80420,38735.000000000,38735.000000000,38735.000000000,38735.000000000,1,YM
2024-06-10T09:06:35.000000000Z,32,1,80420,38736.000000000,38736.000000000,38736.000000000,38736.000000000,2,YM
2024-06-10T09:06:39.000000000Z,32,1,80420,38735.000000000,38735.000000000,38735.000000000,38735.000000000,2,YM
2024-06-10T09:06:41.000000000Z,32,1,80420,38736.000000000,38736.000000000,38735.000000000,38735.000000000,4,YM
2024-06-10T09:06:42.000000000Z,32,1,80420,38735.000000000,38735.000000000,38735.000000000,38735.000000000,1,YM
2024-06-10T09:06:46.000000000Z,32,1,80420,38736.000000000,38736.000000000,38736.000000000,38736.000000000,1,YM
2024-06-10T09:06:50.000000000Z,32,1,80420,38736.000000000,38736.000000000,38736.000000000,38736.000000000,1,YM
2024-06-10T09:06:57.000000000Z,32,1,80420,38736.000000000,38736.000000000,38736.000000000,38736.000000000,1,YM
2024-06-10T09:06:58.000000000Z,32,1,80420,38736.000000000,38737.000000000,38736.000000000,38737.000000000,2,YM
2024-06-10T09:07:04.000000000Z,32,1,80420,38737.000000000,38737.000000000,38737.000000000,38737.000000000,2,YM
2024-06-10T09:07:06.000000000Z,32,1,80420,38737.000000000,38737.000000000,38737.000000000,38737.000000000,1,YM
2024-06-10T09:07:08.000000000Z,32,1,80420,38738.000000000,38738.000000000,38738.000000000,38738.000000000,8,YM
2024-06-10T09:07:09.000000000Z,32,1,80420,38737.000000000,38737.000000000,38737.000000000,38737.000000000,1,YM
2024-06-10T09:07:10.000000000Z,32,1,80420,38736.000000000,38736.000000000,38736.000000000,38736.000000000,4,YM
2024-06-10T09:07:19.000000000Z,32,1,80420,38739.000000000,38739.000000000,38739.000000000,38739.000000000,1,YM
2024-06-10T09:07:24.000000000Z,32,1,80420,38739.000000000,38739.000000000,38738.000000000,38738.000000000,2,YM
2024-06-10T09:07:26.000000000Z,32,1,80420,38740.000000000,38740.000000000,38740.000000000,38740.000000000,2,YM
2024-06-10T09:07:36.000000000Z,32,1,80420,38740.000000000,38740.000000000,38740.000000000,38740.000000000,1,YM
2024-06-10T09:07:40.000000000Z,32,1,80420,38739.000000000,38739.000000000,38739.000000000,38739.000000000,2,YM
2024-06-10T09:07:47.000000000Z,32,1,80420,38738.000000000,38738.000000000,38738.000000000,38738.000000000,2,YM
2024-06-10T09:07:51.000000000Z,32,1,80420,38737.000000000,38737.000000000,38737.000000000,38737.000000000,1,YM
2024-06-10T09:08:03.000000000Z,32,1,80420,38739.000000000,38739.000000000,38739.000000000,38739.000000000,1,YM
2024-06-10T09:08:06.000000000Z,32,1,80420,38739.000000000,38739.000000000,38739.000000000,38739.000000000,1,YM
2024-06-10T09:08:07.000000000Z,32,1,80420,38740.000000000,38740.000000000,38740.000000000,38740.000000000,1,YM
2024-06-10T09:08:15.000000000Z,32,1,80420,38741.000000000,38741.000000000,38741.000000000,38741.000000000,3,YM
2024-06-10T09:08:17.000000000Z,32,1,80420,38741.000000000,38741.000000000,38741.000000000,38741.000000000,1,YM
2024-06-10T09:08:21.000000000Z,32,1,80420,38741.000000000,38741.000000000,38741.000000000,38741.000000000,1,YM
2024-06-10T09:08:27.000000000Z,32,1,80420,38742.000000000,38742.000000000,38742.000000000,38742.000000000,1,YM
2024-06-10T09:08:37.000000000Z,32,1,80420,38742.000000000,38742.000000000,38742.000000000,38742.000000000,2,YM
2024-06-10T09:08:38.000000000Z,32,1,80420,38741.000000000,38741.000000000,38741.000000000,38741.000000000,2,YM
2024-06-10T09:08:49.000000000Z,32,1,80420,38740.000000000,38740.000000000,38740.000000000,38740.000000000,1,YM
2024-06-10T09:09:00.000000000Z,32,1,80420,38741.000000000,38742.000000000,38741.000000000,38742.000000000,7,YM
2024-06-10T09:09:01.000000000Z,32,1,80420,38743.000000000,38743.000000000,38743.000000000,38743.000000000,2,YM
2024-06-10T09:09:02.000000000Z,32,1,80420,38742.000000000,38742.000000000,38742.000000000,38742.000000000,1,YM
2024-06-10T09:09:08.000000000Z,32,1,80420,38744.000000000,38745.000000000,38741.000000000,38741.000000000,14,YM
2024-06-10T09:09:10.000000000Z,32,1,80420,38740.000000000,38740.000000000,38740.000000000,38740.000000000,1,YM
2024-06-10T09:09:11.000000000Z,32,1,80420,38742.000000000,38742.000000000,38742.000000000,38742.000000000,2,YM
2024-06-10T09:09:14.000000000Z,32,1,80420,38742.000000000,38742.000000000,38742.000000000,38742.000000000,1,YM
2024-06-10T09:09:23.000000000Z,32,1,80420,38741.000000000,38741.000000000,38741.000000000,38741.000000000,1,YM
2024-06-10T09:09:27.000000000Z,32,1,80420,38742.000000000,38742.000000000,38742.000000000,38742.000000000,1,YM
2024-06-10T09:09:34.000000000Z,32,1,80420,38740.000000000,38740.000000000,38739.000000000,38739.000000000,5,YM
2024-06-10T09:09:38.000000000Z,32,1,80420,38738.000000000,38739.000000000,38738.000000000,38739.000000000,2,YM
2024-06-10T09:09:40.000000000Z,32,1,80420,38739.000000000,38740.000000000,38739.000000000,38739.000000000,3,YM
2024-06-10T09:09:42.000000000Z,32,1,80420,38740.000000000,38740.000000000,38740.000000000,38740.000000000,4,YM
2024-06-10T09:09:46.000000000Z,32,1,80420,38741.000000000,38741.000000000,38741.000000000,38741.000000000,1,YM
2024-06-10T09:09:54.000000000Z,32,1,80420,38742.000000000,38743.000000000,38742.000000000,38743.000000000,2,YM
2024-06-10T09:09:56.000000000Z,32,1,80420,38743.000000000,38743.000000000,38743.000000000,38743.000000000,2,YM
2024-06-10T09:09:57.000000000Z,32,1,80420,38745.000000000,38745.000000000,38745.000000000,38745.000000000,2,YM
2024-06-10T09:09:59.000000000Z,32,1,80420,38744.000000000,38744.000000000,38744.000000000,38744.000000000,2,YM
2024-06-10T09:10:01.000000000Z,32,1,80420,38741.000000000,38741.000000000,38741.000000000,38741.000000000,2,YM
2024-06-10T09:10:09.000000000Z,32,1,80420,38740.000000000,38740.000000000,38740.000000000,38740.000000000,1,YM
2024-06-10T09:10:10.000000000Z,32,1,80420,38741.000000000,38741.000000000,38740.000000000,38740.000000000,3,YM
2024-06-10T09:10:15.000000000Z,32,1,80420,38737.000000000,38737.000000000,38737.000000000,38737.000000000,1,YM
2024-06-10T09:10:20.000000000Z,32,1,80420,38740.000000000,38740.000000000,38740.000000000,38740.000000000,2,YM
2024-06-10T09:10:31.000000000Z,32,1,80420,38740.000000000,38740.000000000,38740.000000000,38740.000000000,2,YM
2024-06-10T09:10:40.000000000Z,32,1,80420,38737.000000000,38737.000000000,38737.000000000,38737.000000000,1,YM
2024-06-10T09:10:42.000000000Z,32,1,80420,38737.000000000,38737.000000000,38737.000000000,38737.000000000,1,YM
2024-06-10T09:10:47.000000000Z,32,1,80420,38738.000000000,38738.000000000,38738.000000000,38738.000000000,3,YM
2024-06-10T09:10:51.000000000Z,32,1,80420,38739.000000000,38739.000000000,38739.000000000,38739.000000000,1,YM
2024-06-10T09:11:10.000000000Z,32,1,80420,38737.000000000,38737.000000000,38737.000000000,38737.000000000,1,YM
2024-06-10T09:11:12.000000000Z,32,1,80420,38737.000000000,38738.000000000,38737.000000000,38738.000000000,3,YM
2024-06-10T09:11:14.000000000Z,32,1,80420,38738.000000000,38738.000000000,38738.000000000,38738.000000000,1,YM
2024-06-10T09:11:15.000000000Z,32,1,80420,38739.000000000,38739.000000000,38739.000000000,38739.000000000,1,YM
2024-06-10T09:11:18.000000000Z,32,1,80420,38738.000000000,38738.000000000,38738.000000000,38738.000000000,1,YM
2024-06-10T09:11:31.000000000Z,32,1,80420,38739.000000000,38739.000000000,38739.000000000,38739.000000000,1,YM
2024-06-10T09:11:37.000000000Z,32,1,80420,38741.000000000,38741.000000000,38741.000000000,38741.000000000,1,YM
2024-06-10T09:12:07.000000000Z,32,1,80420,38742.000000000,38742.000000000,38742.000000000,38742.000000000,1,YM
2024-06-10T09:12:09.000000000Z,32,1,80420,38744.000000000,38744.000000000,38744.000000000,38744.000000000,1,YM
2024-06-10T09:12:24.000000000Z,32,1,80420,38743.000000000,38743.000000000,38742.000000000,38742.000000000,2,YM
2024-06-10T09:12:29.000000000Z,32,1,80420,38742.000000000,38742.000000000,38742.000000000,38742.000000000,1,YM
2024-06-10T09:12:32.000000000Z,32,1,80420,38741.000000000,38741.000000000,38741.000000000,38741.000000000,1,YM
2024-06-10T09:12:35.000000000Z,32,1,80420,38740.000000000,38740.000000000,38740.000000000,38740.000000000,1,YM
2024-06-10T09:12:41.000000000Z,32,1,80420,38740.000000000,38740.000000000,38740.000000000,38740.000000000,1,YM
2024-06-10T09:13:00.000000000Z,32,1,80420,38738.000000000,38738.000000000,38738.000000000,38738.000000000,2,YM
2024-06-10T09:13:05.000000000Z,32,1,80420,38738.000000000,38738.000000000,38738.000000000,38738.000000000,1,YM
2024-06-10T09:13:20.000000000Z,32,1,80420,38738.000000000,38738.000000000,38738.000000000,38738.000000000,5,YM
2024-06-10T09:13:25.000000000Z,32,1,80420,38739.000000000,38739.000000000,38738.000000000,38738.000000000,5,YM
2024-06-10T09:13:30.000000000Z,32,1,80420,38739.000000000,38740.000000000,38739.000000000,38740.000000000,2,YM
2024-06-10T09:13:34.000000000Z,32,1,80420,38740.000000000,38741.000000000,38740.000000000,38741.000000000,6,YM
2024-06-10T09:13:53.000000000Z,32,1,80420,38742.000000000,38742.000000000,38742.000000000,38742.000000000,1,YM
2024-06-10T09:13:55.000000000Z,32,1,80420,38743.000000000,38743.000000000,38743.000000000,38743.000000000,1,YM
2024-06-10T09:13:58.000000000Z,32,1,80420,38743.000000000,38743.000000000,38743.000000000,38743.000000000,1,YM
2024-06-10T09:14:07.000000000Z,32,1,80420,38743.000000000,38743.000000000,38743.000000000,38743.000000000,2,YM
2024-06-10T09:14:08.000000000Z,32,1,80420,38743.000000000,38743.000000000,38743.000000000,38743.000000000,3,YM
2024-06-10T09:14:33.000000000Z,32,1,80420,38742.000000000,38742.000000000,38742.000000000,38742.000000000,4,YM
2024-06-10T09:14:34.000000000Z,32,1,80420,38743.000000000,38743.000000000,38743.000000000,38743.000000000,1,YM
2024-06-10T09:14:40.000000000Z,32,1,80420,38742.000000000,38742.000000000,38742.000000000,38742.000000000,2,YM
2024-06-10T09:14:51.000000000Z,32,1,80420,38743.000000000,38743.000000000,38743.000000000,38743.000000000,1,YM
2024-06-10T09:15:09.000000000Z,32,1,80420,38742.000000000,38742.000000000,38742.000000000,38742.000000000,1,YM
2024-06-10T09:15:16.000000000Z,32,1,80420,38741.000000000,38741.000000000,38741.000000000,38741.000000000,1,YM
2024-06-10T09:15:24.000000000Z,32,1,80420,38741.000000000,38742.000000000,38741.000000000,38742.000000000,3,YM
2024-06-10T09:15:27.000000000Z,32,1,80420,38744.000000000,38744.000000000,38744.000000000,38744.000000000,3,YM
2024-06-10T09:15:28.000000000Z,32,1,80420,38745.000000000,38745.000000000,38745.000000000,38745.000000000,2,YM
2024-06-10T09:15:30.000000000Z,32,1,80420,38746.000000000,38746.000000000,38746.000000000,38746.000000000,2,YM
2024-06-10T09:15:40.000000000Z,32,1,80420,38744.000000000,38746.000000000,38744.000000000,38746.000000000,2,YM
2024-06-10T09:15:41.000000000Z,32,1,80420,38745.000000000,38745.000000000,38745.000000000,38745.000000000,2,YM
2024-06-10T09:15:47.000000000Z,32,1,80420,38746.000000000,38746.000000000,38746.000000000,38746.000000000,1,YM
2024-06-10T09:15:50.000000000Z,32,1,80420,38745.000000000,38747.000000000,38745.000000000,38747.000000000,2,YM
2024-06-10T09:15:56.000000000Z,32,1,80420,38747.000000000,38747.000000000,38747.000000000,38747.000000000,1,YM
2024-06-10T09:15:58.000000000Z,32,1,80420,38747.000000000,38747.000000000,38747.000000000,38747.000000000,3,YM
2024-06-10T09:15:59.000000000Z,32,1,80420,38749.000000000,38749.000000000,38749.000000000,38749.000000000,1,YM
2024-06-10T09:16:00.000000000Z,32,1,80420,38748.000000000,38748.000000000,38748.000000000,38748.000000000,1,YM
2024-06-10T09:16:03.000000000Z,32,1,80420,38746.000000000,38746.000000000,38746.000000000,38746.000000000,2,YM
2024-06-10T09:16:20.000000000Z,32,1,80420,38747.000000000,38748.000000000,38747.000000000,38748.000000000,5,YM
2024-06-10T09:16:22.000000000Z,32,1,80420,38746.000000000,38746.000000000,38746.000000000,38746.000000000,2,YM
2024-06-10T09:16:23.000000000Z,32,1,80420,38747.000000000,38747.000000000,38747.000000000,38747.000000000,1,YM
2024-06-10T09:16:40.000000000Z,32,1,80420,38746.000000000,38746.000000000,38746.000000000,38746.000000000,1,YM
2024-06-10T09:16:50.000000000Z,32,1,80420,38745.000000000,38745.000000000,38745.000000000,38745.000000000,3,YM
2024-06-10T09:16:51.000000000Z,32,1,80420,38745.000000000,38745.000000000,38745.000000000,38745.000000000,1,YM
2024-06-10T09:16:52.000000000Z,32,1,80420,38746.000000000,38746.000000000,38746.000000000,38746.000000000,1,YM
2024-06-10T09:17:01.000000000Z,32,1,80420,38746.000000000,38746.000000000,38746.000000000,38746.000000000,2,YM
2024-06-10T09:17:02.000000000Z,32,1,80420,38744.000000000,38744.000000000,38744.000000000,38744.000000000,3,YM
2024-06-10T09:17:07.000000000Z,32,1,80420,38744.000000000,38744.000000000,38744.000000000,38744.000000000,2,YM
2024-06-10T09:17:10.000000000Z,32,1,80420,38743.000000000,38743.000000000,38743.000000000,38743.000000000,1,YM
2024-06-10T09:17:11.000000000Z,32,1,80420,38745.000000000,38745.000000000,38745.000000000,38745.000000000,1,YM
2024-06-10T09:17:17.000000000Z,32,1,80420,38746.000000000,38746.000000000,38746.000000000,38746.000000000,1,YM
2024-06-10T09:17:31.000000000Z,32,1,80420,38744.000000000,38744.000000000,38744.000000000,38744.000000000,3,YM
2024-06-10T09:17:39.000000000Z,32,1,80420,38745.000000000,38745.000000000,38744.000000000,38744.000000000,2,YM
2024-06-10T09:17:40.000000000Z,32,1,80420,38743.000000000,38743.000000000,38743.000000000,38743.000000000,1,YM
2024-06-10T09:17:46.000000000Z,32,1,80420,38743.000000000,38743.000000000,38743.000000000,38743.000000000,1,YM
2024-06-10T09:18:02.000000000Z,32,1,80420,38744.000000000,38744.000000000,38743.000000000,38743.000000000,2,YM
2024-06-10T09:18:04.000000000Z,32,1,80420,38743.000000000,38743.000000000,38743.000000000,38743.000000000,1,YM
2024-06-10T09:18:06.000000000Z,32,1,80420,38744.000000000,38744.000000000,38744.000000000,38744.000000000,1,YM
2024-06-10T09:18:13.000000000Z,32,1,80420,38744.000000000,38744.000000000,38744.000000000,38744.000000000,2,YM
2024-06-10T09:18:22.000000000Z,32,1,80420,38742.000000000,38743.000000000,38742.000000000,38743.000000000,5,YM
2024-06-10T09:18:25.000000000Z,32,1,80420,38743.000000000,38743.000000000,38743.000000000,38743.000000000,2,YM
2024-06-10T09:18:31.000000000Z,32,1,80420,38742.000000000,38742.000000000,38742.000000000,38742.000000000,1,YM
2024-06-10T09:18:33.000000000Z,32,1,80420,38744.000000000,38744.000000000,38744.000000000,38744.000000000,1,YM
2024-06-10T09:18:36.000000000Z,32,1,80420,38744.000000000,38744.000000000,38744.000000000,38744.000000000,1,YM
2024-06-10T09:18:41.000000000Z,32,1,80420,38743.000000000,38743.000000000,38743.000000000,38743.000000000,1,YM
2024-06-10T09:18:42.000000000Z,32,1,80420,38744.000000000,38744.000000000,38744.000000000,38744.000000000,2,YM
2024-06-10T09:18:48.000000000Z,32,1,80420,38744.000000000,38745.000000000,38744.000000000,38745.000000000,2,YM
2024-06-10T09:18:55.000000000Z,32,1,80420,38743.000000000,38743.000000000,38743.000000000,38743.000000000,2,YM
2024-06-10T09:18:56.000000000Z,32,1,80420,38743.000000000,38743.000000000,38743.000000000,38743.000000000,1,YM
2024-06-10T09:19:00.000000000Z,32,1,80420,38743.000000000,38743.000000000,38743.000000000,38743.000000000,1,YM
2024-06-10T09:19:04.000000000Z,32,1,80420,38742.000000000,38743.000000000,38742.000000000,38743.000000000,2,YM
2024-06-10T09:19:16.000000000Z,32,1,80420,38744.000000000,38744.000000000,38744.000000000,38744.000000000,2,YM
2024-06-10T09:19:18.000000000Z,32,1,80420,38742.000000000,38742.000000000,38741.000000000,38741.000000000,3,YM
2024-06-10T09:19:23.000000000Z,32,1,80420,38742.000000000,38742.000000000,38742.000000000,38742.000000000,1,YM
2024-06-10T09:19:26.000000000Z,32,1,80420,38744.000000000,38745.000000000,38744.000000000,38745.000000000,8,YM
2024-06-10T09:19:27.000000000Z,32,1,80420,38746.000000000,38746.000000000,38746.000000000,38746.000000000,2,YM
2024-06-10T09:19:30.000000000Z,32,1,80420,38746.000000000,38746.000000000,38746.000000000,38746.000000000,1,YM
2024-06-10T09:19:32.000000000Z,32,1,80420,38746.000000000,38746.000000000,38746.000000000,38746.000000000,1,YM
2024-06-10T09:19:35.000000000Z,32,1,80420,38745.000000000,38745.000000000,38745.000000000,38745.000000000,1,YM
2024-06-10T09:19:37.000000000Z,32,1,80420,38744.000000000,38745.000000000,38744.000000000,38745.000000000,5,YM
2024-06-10T09:19:41.000000000Z,32,1,80420,38744.000000000,38744.000000000,38744.000000000,38744.000000000,1,YM
2024-06-10T09:19:53.000000000Z,32,1,80420,38743.000000000,38743.000000000,38743.000000000,38743.000000000,1,YM
2024-06-10T09:19:54.000000000Z,32,1,80420,38742.000000000,38742.000000000,38742.000000000,38742.000000000,2,YM
2024-06-10T09:20:05.000000000Z,32,1,80420,38740.000000000,38740.000000000,38739.000000000,38739.000000000,9,YM
2024-06-10T09:20:06.000000000Z,32,1,80420,38740.000000000,38740.000000000,38740.000000000,38740.000000000,1,YM
2024-06-10T09:20:08.000000000Z,32,1,80420,38741.000000000,38742.000000000,38741.000000000,38742.000000000,4,YM
2024-06-10T09:20:10.000000000Z,32,1,80420,38742.000000000,38742.000000000,38742.000000000,38742.000000000,1,YM
2024-06-10T09:20:28.000000000Z,32,1,80420,38746.000000000,38746.000000000,38746.000000000,38746.000000000,1,YM
2024-06-10T09:20:31.000000000Z,32,1,80420,38746.000000000,38746.000000000,38746.000000000,38746.000000000,1,YM
2024-06-10T09:20:34.000000000Z,32,1,80420,38746.000000000,38746.000000000,38746.000000000,38746.000000000,2,YM
2024-06-10T09:20:35.000000000Z,32,1,80420,38745.000000000,38745.000000000,38745.000000000,38745.000000000,1,YM
2024-06-10T09:20:39.000000000Z,32,1,80420,38745.000000000,38745.000000000,38745.000000000,38745.000000000,1,YM
2024-06-10T09:20:41.000000000Z,32,1,80420,38745.000000000,38745.000000000,38745.000000000,38745.000000000,2,YM
2024-06-10T09:20:43.000000000Z,32,1,80420,38747.000000000,38747.000000000,38747.000000000,38747.000000000,1,YM
2024-06-10T09:20:48.000000000Z,32,1,80420,38747.000000000,38747.000000000,38747.000000000,38747.000000000,6,YM
2024-06-10T09:20:59.000000000Z,32,1,80420,38745.000000000,38745.000000000,38745.000000000,38745.000000000,1,YM
2024-06-10T09:21:03.000000000Z,32,1,80420,38746.000000000,38747.000000000,38746.000000000,38747.000000000,3,YM
2024-06-10T09:21:11.000000000Z,32,1,80420,38746.000000000,38746.000000000,38746.000000000,38746.000000000,1,YM
2024-06-10T09:21:16.000000000Z,32,1,80420,38746.000000000,38746.000000000,38746.000000000,38746.000000000,2,YM
2024-06-10T09:21:17.000000000Z,32,1,80420,38745.000000000,38745.000000000,38745.000000000,38745.000000000,2,YM
2024-06-10T09:21:18.000000000Z,32,1,80420,38745.000000000,38745.000000000,38745.000000000,38745.000000000,1,YM
2024-06-10T09:21:23.000000000Z,32,1,80420,38744.000000000,38744.000000000,38744.000000000,38744.000000000,2,YM
2024-06-10T09:21:25.000000000Z,32,1,80420,38745.000000000,38745.000000000,38745.000000000,38745.000000000,1,YM
2024-06-10T09:21:27.000000000Z,32,1,80420,38744.000000000,38744.000000000,38744.000000000,38744.000000000,2,YM
2024-06-10T09:21:34.000000000Z,32,1,80420,38743.000000000,38743.000000000,38743.000000000,38743.000000000,1,YM
2024-06-10T09:21:39.000000000Z,32,1,80420,38744.000000000,38744.000000000,38743.000000000,38743.000000000,5,YM
2024-06-10T09:21:40.000000000Z,32,1,80420,38743.000000000,38743.000000000,38743.000000000,38743.000000000,1,YM
2024-06-10T09:21:41.000000000Z,32,1,80420,38742.000000000,38742.000000000,38742.000000000,38742.000000000,1,YM
2024-06-10T09:21:42.000000000Z,32,1,80420,38741.000000000,38741.000000000,38740.000000000,38740.000000000,13,YM
2024-06-10T09:21:43.000000000Z,32,1,80420,38739.000000000,38739.000000000,38739.000000000,38739.000000000,1,YM
2024-06-10T09:21:44.000000000Z,32,1,80420,38738.000000000,38738.000000000,38738.000000000,38738.000000000,1,YM
2024-06-10T09:21:46.000000000Z,32,1,80420,38739.000000000,38739.000000000,38739.000000000,38739.000000000,1,YM
2024-06-10T09:21:47.000000000Z,32,1,80420,38738.000000000,38738.000000000,38738.000000000,38738.000000000,1,YM
2024-06-10T09:21:48.000000000Z,32,1,80420,38738.000000000,38738.000000000,38738.000000000,38738.000000000,3,YM
2024-06-10T09:21:50.000000000Z,32,1,80420,38739.000000000,38739.000000000,38739.000000000,38739.000000000,2,YM
2024-06-10T09:21:51.000000000Z,32,1,80420,38739.000000000,38739.000000000,38738.000000000,38738.000000000,2,YM
2024-06-10T09:21:59.000000000Z,32,1,80420,38736.000000000,38736.000000000,38736.000000000,38736.000000000,2,YM
2024-06-10T09:22:00.000000000Z,32,1,80420,38736.000000000,38736.000000000,38735.000000000,38736.000000000,5,YM
2024-06-10T09:22:04.000000000Z,32,1,80420,38736.000000000,38737.000000000,38736.000000000,38737.000000000,5,YM
2024-06-10T09:22:05.000000000Z,32,1,80420,38736.000000000,38736.000000000,38736.000000000,38736.000000000,2,YM
2024-06-10T09:22:08.000000000Z,32,1,80420,38735.000000000,38735.000000000,38735.000000000,38735.000000000,1,YM
2024-06-10T09:22:09.000000000Z,32,1,80420,38734.000000000,38735.000000000,38734.000000000,38735.000000000,7,YM
2024-06-10T09:22:11.000000000Z,32,1,80420,38735.000000000,38735.000000000,38735.000000000,38735.000000000,7,YM
2024-06-10T09:22:17.000000000Z,32,1,80420,38734.000000000,38734.000000000,38734.000000000,38734.000000000,2,YM
2024-06-10T09:22:18.000000000Z,32,1,80420,38733.000000000,38733.000000000,38732.000000000,38732.000000000,4,YM
2024-06-10T09:22:19.000000000Z,32,1,80420,38732.000000000,38732.000000000,38731.000000000,38731.000000000,2,YM
2024-06-10T09:22:20.000000000Z,32,1,80420,38731.000000000,38731.000000000,38731.000000000,38731.000000000,1,YM
2024-06-10T09:22:21.000000000Z,32,1,80420,38730.000000000,38730.000000000,38729.000000000,38729.000000000,10,YM
2024-06-10T09:22:24.000000000Z,32,1,80420,38730.000000000,38730.000000000,38730.000000000,38730.000000000,2,YM
2024-06-10T09:22:29.000000000Z,32,1,80420,38729.000000000,38729.000000000,38729.000000000,38729.000000000,1,YM
2024-06-10T09:22:30.000000000Z,32,1,80420,38728.000000000,38728.000000000,38721.000000000,38721.000000000,21,YM
2024-06-10T09:22:31.000000000Z,32,1,80420,38722.000000000,38724.000000000,38722.000000000,38723.000000000,6,YM
2024-06-10T09:22:34.000000000Z,32,1,80420,38722.000000000,38722.000000000,38722.000000000,38722.000000000,1,YM
2024-06-10T09:22:35.000000000Z,32,1,80420,38723.000000000,38723.000000000,38723.000000000,38723.000000000,1,YM
2024-06-10T09:22:36.000000000Z,32,1,80420,38721.000000000,38721.000000000,38721.000000000,38721.000000000,1,YM
2024-06-10T09:22:37.000000000Z,32,1,80420,38722.000000000,38722.000000000,38722.000000000,38722.000000000,1,YM
2024-06-10T09:22:39.000000000Z,32,1,80420,38723.000000000,38723.000000000,38723.000000000,38723.000000000,8,YM
2024-06-10T09:22:40.000000000Z,32,1,80420,38724.000000000,38724.000000000,38724.000000000,38724.000000000,1,YM
2024-06-10T09:22:41.000000000Z,32,1,80420,38724.000000000,38724.000000000,38724.000000000,38724.000000000,1,YM
2024-06-10T09:22:44.000000000Z,32,1,80420,38723.000000000,38723.000000000,38723.000000000,38723.000000000,2,YM
2024-06-10T09:22:45.000000000Z,32,1,80420,38724.000000000,38724.000000000,38724.000000000,38724.000000000,2,YM
2024-06-10T09:22:47.000000000Z,32,1,80420,38725.000000000,38727.000000000,38725.000000000,38727.000000000,7,YM
2024-06-10T09:22:48.000000000Z,32,1,80420,38727.000000000,38727.000000000,38727.000000000,38727.000000000,1,YM
2024-06-10T09:22:49.000000000Z,32,1,80420,38728.000000000,38730.000000000,38728.000000000,38730.000000000,8,YM
2024-06-10T09:22:50.000000000Z,32,1,80420,38729.000000000,38729.000000000,38729.000000000,38729.000000000,1,YM
2024-06-10T09:22:52.000000000Z,32,1,80420,38729.000000000,38730.000000000,38729.000000000,38730.000000000,7,YM
2024-06-10T09:22:53.000000000Z,32,1,80420,38731.000000000,38731.000000000,38730.000000000,38731.000000000,4,YM
2024-06-10T09:22:55.000000000Z,32,1,80420,38731.000000000,38731.000000000,38731.000000000,38731.000000000,2,YM
2024-06-10T09:22:56.000000000Z,32,1,80420,38732.000000000,38732.000000000,38731.000000000,38731.000000000,4,YM
2024-06-10T09:22:58.000000000Z,32,1,80420,38732.000000000,38733.000000000,38732.000000000,38733.000000000,2,YM
2024-06-10T09:23:00.000000000Z,32,1,80420,38733.000000000,38733.000000000,38732.000000000,38732.000000000,3,YM
2024-06-10T09:23:03.000000000Z,32,1,80420,38731.000000000,38731.000000000,38731.000000000,38731.000000000,1,YM
2024-06-10T09:23:04.000000000Z,32,1,80420,38730.000000000,38730.000000000,38730.000000000,38730.000000000,1,YM
2024-06-10T09:23:05.000000000Z,32,1,80420,38729.000000000,38729.000000000,38729.000000000,38729.000000000,1,YM
2024-06-10T09:23:06.000000000Z,32,1,80420,38730.000000000,38730.000000000,38730.000000000,38730.000000000,1,YM
2024-06-10T09:23:10.000000000Z,32,1,80420,38729.000000000,38729.000000000,38729.000000000,38729.000000000,1,YM
2024-06-10T09:23:14.000000000Z,32,1,80420,38731.000000000,38731.000000000,38731.000000000,38731.000000000,1,YM
2024-06-10T09:23:19.000000000Z,32,1,80420,38729.000000000,38729.000000000,38729.000000000,38729.000000000,1,YM
2024-06-10T09:23:21.000000000Z,32,1,80420,38730.000000000,38730.000000000,38730.000000000,38730.000000000,1,YM
2024-06-10T09:23:25.000000000Z,32,1,80420,38729.000000000,38729.000000000,38729.000000000,38729.000000000,1,YM
2024-06-10T09:23:40.000000000Z,32,1,80420,38730.000000000,38730.000000000,38730.000000000,38730.000000000,1,YM
2024-06-10T09:23:41.000000000Z,32,1,80420,38730.000000000,38730.000000000,38730.000000000,38730.000000000,1,YM
2024-06-10T09:23:42.000000000Z,32,1,80420,38730.000000000,38732.000000000,38730.000000000,38732.000000000,6,YM
2024-06-10T09:23:44.000000000Z,32,1,80420,38733.000000000,38733.000000000,38733.000000000,38733.000000000,1,YM
2024-06-10T09:23:49.000000000Z,32,1,80420,38733.000000000,38733.000000000,38732.000000000,38732.000000000,3,YM
2024-06-10T09:23:50.000000000Z,32,1,80420,38734.000000000,38735.000000000,38734.000000000,38735.000000000,6,YM
2024-06-10T09:23:52.000000000Z,32,1,80420,38734.000000000,38734.000000000,38734.000000000,38734.000000000,3,YM
2024-06-10T09:23:55.000000000Z,32,1,80420,38732.000000000,38733.000000000,38732.000000000,38733.000000000,2,YM
2024-06-10T09:23:57.000000000Z,32,1,80420,38732.000000000,38732.000000000,38732.000000000,38732.000000000,2,YM
2024-06-10T09:23:59.000000000Z,32,1,80420,38731.000000000,38731.000000000,38731.000000000,38731.000000000,1,YM
2024-06-10T09:24:01.000000000Z,32,1,80420,38730.000000000,38730.000000000,38730.000000000,38730.000000000,1,YM
2024-06-10T09:24:05.000000000Z,32,1,80420,38731.000000000,38731.000000000,38731.000000000,38731.000000000,4,YM
2024-06-10T09:24:12.000000000Z,32,1,80420,38730.000000000,38730.000000000,38729.000000000,38729.000000000,6,YM
2024-06-10T09:24:16.000000000Z,32,1,80420,38728.000000000,38728.000000000,38728.000000000,38728.000000000,3,YM
2024-06-10T09:24:17.000000000Z,32,1,80420,38727.000000000,38727.000000000,38727.000000000,38727.000000000,3,YM
2024-06-10T09:24:52.000000000Z,32,1,80420,38726.000000000,38726.000000000,38726.000000000,38726.000000000,1,YM
2024-06-10T09:25:00.000000000Z,32,1,80420,38725.000000000,38725.000000000,38724.000000000,38725.000000000,4,YM
2024-06-10T09:25:01.000000000Z,32,1,80420,38724.000000000,38724.000000000,38724.000000000,38724.000000000,2,YM
2024-06-10T09:25:02.000000000Z,32,1,80420,38724.000000000,38724.000000000,38724.000000000,38724.000000000,1,YM
2024-06-10T09:25:03.000000000Z,32,1,80420,38722.000000000,38722.000000000,38722.000000000,38722.000000000,1,YM
2024-06-10T09:25:06.000000000Z,32,1,80420,38721.000000000,38721.000000000,38721.000000000,38721.000000000,3,YM
2024-06-10T09:25:12.000000000Z,32,1,80420,38724.000000000,38724.000000000,38724.000000000,38724.000000000,1,YM
2024-06-10T09:25:14.000000000Z,32,1,80420,38723.000000000,38723.000000000,38723.000000000,38723.000000000,2,YM
2024-06-10T09:25:24.000000000Z,32,1,80420,38721.000000000,38721.000000000,38721.000000000,38721.000000000,1,YM
2024-06-10T09:25:26.000000000Z,32,1,80420,38724.000000000,38724.000000000,38724.000000000,38724.000000000,1,YM
2024-06-10T09:25:29.000000000Z,32,1,80420,38725.000000000,38725.000000000,38725.000000000,38725.000000000,3,YM
2024-06-10T09:25:32.000000000Z,32,1,80420,38726.000000000,38727.000000000,38726.000000000,38727.000000000,9,YM
2024-06-10T09:25:35.000000000Z,32,1,80420,38727.000000000,38727.000000000,38726.000000000,38726.000000000,3,YM
2024-06-10T09:25:40.000000000Z,32,1,80420,38726.000000000,38726.000000000,38726.000000000,38726.000000000,1,YM
2024-06-10T09:25:43.000000000Z,32,1,80420,38726.000000000,38726.000000000,38726.000000000,38726.000000000,2,YM
2024-06-10T09:25:48.000000000Z,32,1,80420,38725.000000000,38727.000000000,38724.000000000,38727.000000000,12,YM
2024-06-10T09:25:51.000000000Z,32,1,80420,38724.000000000,38724.000000000,38724.000000000,38724.000000000,1,YM
2024-06-10T09:25:52.000000000Z,32,1,80420,38724.000000000,38724.000000000,38724.000000000,38724.000000000,2,YM
2024-06-10T09:25:57.000000000Z,32,1,80420,38724.000000000,38724.000000000,38724.000000000,38724.000000000,2,YM
2024-06-10T09:25:58.000000000Z,32,1,80420,38725.000000000,38725.000000000,38725.000000000,38725.000000000,1,YM
2024-06-10T09:26:00.000000000Z,32,1,80420,38724.000000000,38725.000000000,38724.000000000,38725.000000000,5,YM
2024-06-10T09:26:02.000000000Z,32,1,80420,38726.000000000,38726.000000000,38725.000000000,38725.000000000,2,YM
2024-06-10T09:26:03.000000000Z,32,1,80420,38725.000000000,38725.000000000,38725.000000000,38725.000000000,6,YM
2024-06-10T09:26:09.000000000Z,32,1,80420,38727.000000000,38727.000000000,38727.000000000,38727.000000000,1,YM
2024-06-10T09:26:12.000000000Z,32,1,80420,38727.000000000,38727.000000000,38727.000000000,38727.000000000,2,YM
2024-06-10T09:26:19.000000000Z,32,1,80420,38725.000000000,38725.000000000,38725.000000000,38725.000000000,1,YM
2024-06-10T09:26:25.000000000Z,32,1,80420,38726.000000000,38726.000000000,38726.000000000,38726.000000000,1,YM
2024-06-10T09:26:28.000000000Z,32,1,80420,38726.000000000,38726.000000000,38726.000000000,38726.000000000,1,YM
2024-06-10T09:26:29.000000000Z,32,1,80420,38727.000000000,38727.000000000,38727.000000000,38727.000000000,2,YM
2024-06-10T09:26:38.000000000Z,32,1,80420,38727.000000000,38727.000000000,38726.000000000,38726.000000000,7,YM
2024-06-10T09:26:40.000000000Z,32,1,80420,38728.000000000,38729.000000000,38728.000000000,38728.000000000,5,YM
2024-06-10T09:26:41.000000000Z,32,1,80420,38729.000000000,38729.000000000,38729.000000000,38729.000000000,2,YM
2024-06-10T09:26:43.000000000Z,32,1,80420,38730.000000000,38730.000000000,38730.000000000,38730.000000000,1,YM
2024-06-10T09:26:45.000000000Z,32,1,80420,38730.000000000,38730.000000000,38730.000000000,38730.000000000,2,YM
2024-06-10T09:26:49.000000000Z,32,1,80420,38730.000000000,38730.000000000,38730.000000000,38730.000000000,2,YM
2024-06-10T09:26:50.000000000Z,32,1,80420,38730.000000000,38730.000000000,38730.000000000,38730.000000000,2,YM
2024-06-10T09:26:51.000000000Z,32,1,80420,38731.000000000,38731.000000000,38731.000000000,38731.000000000,1,YM
2024-06-10T09:26:59.000000000Z,32,1,80420,38731.000000000,38731.000000000,38731.000000000,38731.000000000,1,YM
2024-06-10T09:27:01.000000000Z,32,1,80420,38731.000000000,38731.000000000,38731.000000000,38731.000000000,2,YM
2024-06-10T09:27:05.000000000Z,32,1,80420,38731.000000000,38731.000000000,38731.000000000,38731.000000000,1,YM
2024-06-10T09:27:13.000000000Z,32,1,80420,38730.000000000,38730.000000000,38730.000000000,38730.000000000,2,YM
2024-06-10T09:27:14.000000000Z,32,1,80420,38730.000000000,38730.000000000,38730.000000000,38730.000000000,5,YM
2024-06-10T09:27:18.000000000Z,32,1,80420,38730.000000000,38730.000000000,38730.000000000,38730.000000000,6,YM
2024-06-10T09:27:20.000000000Z,32,1,80420,38730.000000000,38730.000000000,38730.000000000,38730.000000000,1,YM
2024-06-10T09:27:22.000000000Z,32,1,80420,38728.000000000,38728.000000000,38728.000000000,38728.000000000,2,YM
2024-06-10T09:27:24.000000000Z,32,1,80420,38727.000000000,38727.000000000,38727.000000000,38727.000000000,3,YM
2024-06-10T09:27:26.000000000Z,32,1,80420,38728.000000000,38728.000000000,38728.000000000,38728.000000000,2,YM
2024-06-10T09:27:29.000000000Z,32,1,80420,38727.000000000,38727.000000000,38727.000000000,38727.000000000,3,YM
2024-06-10T09:27:30.000000000Z,32,1,80420,38727.000000000,38727.000000000,38727.000000000,38727.000000000,1,YM
2024-06-10T09:27:32.000000000Z,32,1,80420,38726.000000000,38727.000000000,38726.000000000,38727.000000000,2,YM
2024-06-10T09:27:37.000000000Z,32,1,80420,38729.000000000,38729.000000000,38729.000000000,38729.000000000,1,YM
2024-06-10T09:27:38.000000000Z,32,1,80420,38727.000000000,38727.000000000,38727.000000000,38727.000000000,1,YM
2024-06-10T09:27:40.000000000Z,32,1,80420,38728.000000000,38728.000000000,38728.000000000,38728.000000000,1,YM
2024-06-10T09:27:48.000000000Z,32,1,80420,38728.000000000,38728.000000000,38728.000000000,38728.000000000,3,YM
2024-06-10T09:27:50.000000000Z,32,1,80420,38728.000000000,38728.000000000,38728.000000000,38728.000000000,1,YM
2024-06-10T09:27:51.000000000Z,32,1,80420,38729.000000000,38729.000000000,38729.000000000,38729.000000000,1,YM
2024-06-10T09:28:07.000000000Z,32,1,80420,38731.000000000,38733.000000000,38731.000000000,38733.000000000,6,YM
2024-06-10T09:28:08.000000000Z,32,1,80420,38733.000000000,38733.000000000,38733.000000000,38733.000000000,2,YM
2024-06-10T09:28:10.000000000Z,32,1,80420,38732.000000000,38732.000000000,38732.000000000,38732.000000000,1,YM
2024-06-10T09:28:15.000000000Z,32,1,80420,38731.000000000,38731.000000000,38730.000000000,38730.000000000,3,YM
2024-06-10T09:28:24.000000000Z,32,1,80420,38730.000000000,38730.000000000,38730.000000000,38730.000000000,1,YM
2024-06-10T09:28:28.000000000Z,32,1,80420,38729.000000000,38729.000000000,38729.000000000,38729.000000000,2,YM
2024-06-10T09:28:36.000000000Z,32,1,80420,38730.000000000,38730.000000000,38730.000000000,38730.000000000,1,YM
2024-06-10T09:28:37.000000000Z,32,1,80420,38730.000000000,38730.000000000,38730.000000000,38730.000000000,1,YM
2024-06-10T09:28:47.000000000Z,32,1,80420,38731.000000000,38731.000000000,38731.000000000,38731.000000000,2,YM
2024-06-10T09:28:51.000000000Z,32,1,80420,38731.000000000,38731.000000000,38731.000000000,38731.000000000,1,YM
2024-06-10T09:29:00.000000000Z,32,1,80420,38731.000000000,38731.000000000,38730.000000000,38730.000000000,2,YM
2024-06-10T09:29:03.000000000Z,32,1,80420,38732.000000000,38733.000000000,38732.000000000,38733.000000000,6,YM
2024-06-10T09:29:07.000000000Z,32,1,80420,38734.000000000,38734.000000000,38734.000000000,38734.000000000,3,YM
2024-06-10T09:29:08.000000000Z,32,1,80420,38733.000000000,38733.000000000,38733.000000000,38733.000000000,3,YM
2024-06-10T09:29:15.000000000Z,32,1,80420,38733.000000000,38733.000000000,38733.000000000,38733.000000000,1,YM
2024-06-10T09:29:22.000000000Z,32,1,80420,38733.000000000,38734.000000000,38733.000000000,38734.000000000,2,YM
2024-06-10T09:29:29.000000000Z,32,1,80420,38735.000000000,38735.000000000,38735.000000000,38735.000000000,1,YM
2024-06-10T09:29:31.000000000Z,32,1,80420,38735.000000000,38735.000000000,38735.000000000,38735.000000000,3,YM
2024-06-10T09:29:32.000000000Z,32,1,80420,38736.000000000,38736.000000000,38736.000000000,38736.000000000,1,YM
2024-06-10T09:29:36.000000000Z,32,1,80420,38735.000000000,38735.000000000,38735.000000000,38735.000000000,2,YM
2024-06-10T09:29:40.000000000Z,32,1,80420,38734.000000000,38734.000000000,38734.000000000,38734.000000000,1,YM
2024-06-10T09:29:45.000000000Z,32,1,80420,38735.000000000,38735.000000000,38735.000000000,38735.000000000,1,YM
2024-06-10T09:29:46.000000000Z,32,1,80420,38736.000000000,38736.000000000,38736.000000000,38736.000000000,3,YM
2024-06-10T09:29:48.000000000Z,32,1,80420,38735.000000000,38735.000000000,38735.000000000,38735.000000000,2,YM
2024-06-10T09:29:50.000000000Z,32,1,80420,38735.000000000,38735.000000000,38735.000000000,38735.000000000,2,YM
2024-06-10T09:29:54.000000000Z,32,1,80420,38735.000000000,38735.000000000,38735.000000000,38735.000000000,2,YM
2024-06-10T09:29:59.000000000Z,32,1,80420,38735.000000000,38735.000000000,38735.000000000,38735.000000000,1,YM
2024-06-10T09:30:00.000000000Z,32,1,80420,38735.000000000,38735.000000000,38735.000000000,38735.000000000,4,YM
2024-06-10T09:30:01.000000000Z,32,1,80420,38734.000000000,38737.000000000,38734.000000000,38737.000000000,7,YM
2024-06-10T09:30:02.000000000Z,32,1,80420,38738.000000000,38738.000000000,38738.000000000,38738.000000000,2,YM
2024-06-10T09:30:05.000000000Z,32,1,80420,38739.000000000,38739.000000000,38739.000000000,38739.000000000,1,YM
2024-06-10T09:30:07.000000000Z,32,1,80420,38739.000000000,38739.000000000,38739.000000000,38739.000000000,1,YM
2024-06-10T09:30:10.000000000Z,32,1,80420,38738.000000000,38739.000000000,38738.000000000,38739.000000000,3,YM
2024-06-10T09:30:20.000000000Z,32,1,80420,38740.000000000,38740.000000000,38739.000000000,38739.000000000,9,YM
2024-06-10T09:30:21.000000000Z,32,1,80420,38740.000000000,38740.000000000,38740.000000000,38740.000000000,2,YM
2024-06-10T09:30:24.000000000Z,32,1,80420,38740.000000000,38740.000000000,38740.000000000,38740.000000000,1,YM
2024-06-10T09:30:27.000000000Z,32,1,80420,38739.000000000,38739.000000000,38737.000000000,38737.000000000,7,YM
2024-06-10T09:30:32.000000000Z,32,1,80420,38740.000000000,38740.000000000,38740.000000000,38740.000000000,4,YM
2024-06-10T09:30:36.000000000Z,32,1,80420,38739.000000000,38739.000000000,38739.000000000,38739.000000000,1,YM
2024-06-10T09:30:38.000000000Z,32,1,80420,38739.000000000,38739.000000000,38739.000000000,38739.000000000,1,YM
2024-06-10T09:30:40.000000000Z,32,1,80420,38738.000000000,38738.000000000,38738.000000000,38738.000000000,1,YM
2024-06-10T09:30:43.000000000Z,32,1,80420,38740.000000000,38740.000000000,38740.000000000,38740.000000000,4,YM
2024-06-10T09:30:46.000000000Z,32,1,80420,38738.000000000,38738.000000000,38738.000000000,38738.000000000,1,YM
2024-06-10T09:30:48.000000000Z,32,1,80420,38739.000000000,38739.000000000,38739.000000000,38739.000000000,1,YM
2024-06-10T09:30:58.000000000Z,32,1,80420,38739.000000000,38739.000000000,38739.000000000,38739.000000000,2,YM
2024-06-10T09:31:00.000000000Z,32,1,80420,38739.000000000,38739.000000000,38739.000000000,38739.000000000,1,YM
2024-06-10T09:31:07.000000000Z,32,1,80420,38739.000000000,38739.000000000,38739.000000000,38739.000000000,1,YM
2024-06-10T09:31:10.000000000Z,32,1,80420,38740.000000000,38740.000000000,38740.000000000,38740.000000000,3,YM
2024-06-10T09:31:15.000000000Z,32,1,80420,38740.000000000,38740.000000000,38740.000000000,38740.000000000,1,YM
2024-06-10T09:31:20.000000000Z,32,1,80420,38740.000000000,38740.000000000,38740.000000000,38740.000000000,1,YM
2024-06-10T09:31:24.000000000Z,32,1,80420,38741.000000000,38741.000000000,38741.000000000,38741.000000000,1,YM
2024-06-10T09:31:26.000000000Z,32,1,80420,38742.000000000,38742.000000000,38742.000000000,38742.000000000,1,YM
2024-06-10T09:31:31.000000000Z,32,1,80420,38743.000000000,38743.000000000,38743.000000000,38743.000000000,1,YM
2024-06-10T09:31:32.000000000Z,32,1,80420,38742.000000000,38742.000000000,38742.000000000,38742.000000000,2,YM
2024-06-10T09:31:33.000000000Z,32,1,80420,38741.000000000,38741.000000000,38740.000000000,38740.000000000,4,YM
2024-06-10T09:31:54.000000000Z,32,1,80420,38742.000000000,38742.000000000,38742.000000000,38742.000000000,1,YM
2024-06-10T09:31:55.000000000Z,32,1,80420,38743.000000000,38743.000000000,38743.000000000,38743.000000000,2,YM
2024-06-10T09:32:03.000000000Z,32,1,80420,38742.000000000,38742.000000000,38741.000000000,38741.000000000,2,YM
2024-06-10T09:32:04.000000000Z,32,1,80420,38742.000000000,38742.000000000,38742.000000000,38742.000000000,1,YM
2024-06-10T09:32:06.000000000Z,32,1,80420,38743.000000000,38746.000000000,38743.000000000,38746.000000000,5,YM
2024-06-10T09:32:09.000000000Z,32,1,80420,38744.000000000,38744.000000000,38744.000000000,38744.000000000,1,YM
2024-06-10T09:32:10.000000000Z,32,1,80420,38744.000000000,38744.000000000,38744.000000000,38744.000000000,1,YM
2024-06-10T09:32:11.000000000Z,32,1,80420,38743.000000000,38743.000000000,38743.000000000,38743.000000000,1,YM
2024-06-10T09:32:23.000000000Z,32,1,80420,38742.000000000,38742.000000000,38740.000000000,38740.000000000,4,YM
2024-06-10T09:32:24.000000000Z,32,1,80420,38739.000000000,38739.000000000,38739.000000000,38739.000000000,1,YM
2024-06-10T09:32:41.000000000Z,32,1,80420,38744.000000000,38744.000000000,38744.000000000,38744.000000000,1,YM
2024-06-10T09:32:43.000000000Z,32,1,80420,38745.000000000,38745.000000000,38745.000000000,38745.000000000,2,YM
2024-06-10T09:32:44.000000000Z,32,1,80420,38746.000000000,38746.000000000,38746.000000000,38746.000000000,2,YM
2024-06-10T09:32:49.000000000Z,32,1,80420,38747.000000000,38747.000000000,38747.000000000,38747.000000000,1,YM
2024-06-10T09:32:50.000000000Z,32,1,80420,38746.000000000,38746.000000000,38746.000000000,38746.000000000,1,YM
2024-06-10T09:32:57.000000000Z,32,1,80420,38747.000000000,38747.000000000,38747.000000000,38747.000000000,1,YM
2024-06-10T09:33:01.000000000Z,32,1,80420,38745.000000000,38745.000000000,38745.000000000,38745.000000000,1,YM
2024-06-10T09:33:03.000000000Z,32,1,80420,38745.000000000,38745.000000000,38745.000000000,38745.000000000,1,YM
2024-06-10T09:33:04.000000000Z,32,1,80420,38746.000000000,38746.000000000,38746.000000000,38746.000000000,1,YM
2024-06-10T09:33:06.000000000Z,32,1,80420,38746.000000000,38747.000000000,38746.000000000,38747.000000000,2,YM
2024-06-10T09:33:09.000000000Z,32,1,80420,38747.000000000,38747.000000000,38747.000000000,38747.000000000,1,YM
2024-06-10T09:33:10.000000000Z,32,1,80420,38748.000000000,38748.000000000,38748.000000000,38748.000000000,1,YM
2024-06-10T09:33:15.000000000Z,32,1,80420,38748.000000000,38749.000000000,38748.000000000,38749.000000000,3,YM
2024-06-10T09:33:17.000000000Z,32,1,80420,38749.000000000,38749.000000000,38749.000000000,38749.000000000,2,YM
2024-06-10T09:33:18.000000000Z,32,1,80420,38748.000000000,38750.000000000,38748.000000000,38750.000000000,4,YM
2024-06-10T09:33:28.000000000Z,32,1,80420,38748.000000000,38748.000000000,38748.000000000,38748.000000000,2,YM
2024-06-10T09:33:39.000000000Z,32,1,80420,38748.000000000,38750.000000000,38748.000000000,38750.000000000,2,YM
2024-06-10T09:33:40.000000000Z,32,1,80420,38749.000000000,38749.000000000,38749.000000000,38749.000000000,1,YM
2024-06-10T09:33:45.000000000Z,32,1,80420,38750.000000000,38750.000000000,38750.000000000,38750.000000000,1,YM
2024-06-10T09:33:46.000000000Z,32,1,80420,38750.000000000,38750.000000000,38750.000000000,38750.000000000,1,YM
2024-06-10T09:33:47.000000000Z,32,1,80420,38751.000000000,38752.000000000,38751.000000000,38752.000000000,9,YM
2024-06-10T09:33:49.000000000Z,32,1,80420,38753.000000000,38753.000000000,38753.000000000,38753.000000000,2,YM
2024-06-10T09:33:52.000000000Z,32,1,80420,38754.000000000,38754.000000000,38754.000000000,38754.000000000,1,YM
2024-06-10T09:33:53.000000000Z,32,1,80420,38754.000000000,38754.000000000,38754.000000000,38754.000000000,1,YM
2024-06-10T09:34:00.000000000Z,32,1,80420,38753.000000000,38753.000000000,38753.000000000,38753.000000000,2,YM
2024-06-10T09:34:10.000000000Z,32,1,80420,38753.000000000,38754.000000000,38753.000000000,38754.000000000,4,YM
2024-06-10T09:34:11.000000000Z,32,1,80420,38754.000000000,38754.000000000,38754.000000000,38754.000000000,2,YM
2024-06-10T09:34:12.000000000Z,32,1,80420,38751.000000000,38751.000000000,38751.000000000,38751.000000000,1,YM
2024-06-10T09:34:15.000000000Z,32,1,80420,38752.000000000,38752.000000000,38752.000000000,38752.000000000,2,YM
2024-06-10T09:34:20.000000000Z,32,1,80420,38751.000000000,38751.000000000,38751.000000000,38751.000000000,4,YM
2024-06-10T09:34:33.000000000Z,32,1,80420,38751.000000000,38751.000000000,38751.000000000,38751.000000000,8,YM
2024-06-10T09:34:34.000000000Z,32,1,80420,38751.000000000,38751.000000000,38750.000000000,38751.000000000,7,YM
2024-06-10T09:34:40.000000000Z,32,1,80420,38750.000000000,38750.000000000,38750.000000000,38750.000000000,1,YM
2024-06-10T09:34:41.000000000Z,32,1,80420,38751.000000000,38751.000000000,38751.000000000,38751.000000000,1,YM
2024-06-10T09:34:43.000000000Z,32,1,80420,38753.000000000,38753.000000000,38753.000000000,38753.000000000,1,YM
2024-06-10T09:34:44.000000000Z,32,1,80420,38752.000000000,38752.000000000,38752.000000000,38752.000000000,1,YM
2024-06-10T09:34:49.000000000Z,32,1,80420,38750.000000000,38750.000000000,38750.000000000,38750.000000000,4,YM
2024-06-10T09:34:52.000000000Z,32,1,80420,38753.000000000,38753.000000000,38753.000000000,38753.000000000,1,YM
2024-06-10T09:34:56.000000000Z,32,1,80420,38753.000000000,38753.000000000,38753.000000000,38753.000000000,1,YM
2024-06-10T09:35:00.000000000Z,32,1,80420,38754.000000000,38755.000000000,38754.000000000,38754.000000000,7,YM
2024-06-10T09:35:01.000000000Z,32,1,80420,38753.000000000,38753.000000000,38753.000000000,38753.000000000,3,YM
2024-06-10T09:35:04.000000000Z,32,1,80420,38752.000000000,38752.000000000,38751.000000000,38751.000000000,2,YM
2024-06-10T09:35:08.000000000Z,32,1,80420,38752.000000000,38752.000000000,38752.000000000,38752.000000000,3,YM
2024-06-10T09:35:09.000000000Z,32,1,80420,38751.000000000,38751.000000000,38751.000000000,38751.000000000,1,YM
2024-06-10T09:35:11.000000000Z,32,1,80420,38750.000000000,38750.000000000,38750.000000000,38750.000000000,1,YM
2024-06-10T09:35:15.000000000Z,32,1,80420,38750.000000000,38750.000000000,38750.000000000,38750.000000000,3,YM
2024-06-10T09:35:17.000000000Z,32,1,80420,38750.000000000,38750.000000000,38750.000000000,38750.000000000,3,YM
2024-06-10T09:35:21.000000000Z,32,1,80420,38749.000000000,38749.000000000,38749.000000000,38749.000000000,3,YM
2024-06-10T09:35:23.000000000Z,32,1,80420,38748.000000000,38748.000000000,38748.000000000,38748.000000000,1,YM
2024-06-10T09:35:27.000000000Z,32,1,80420,38748.000000000,38748.000000000,38748.000000000,38748.000000000,1,YM
2024-06-10T09:35:32.000000000Z,32,1,80420,38747.000000000,38747.000000000,38747.000000000,38747.000000000,1,YM
2024-06-10T09:35:39.000000000Z,32,1,80420,38747.000000000,38749.000000000,38747.000000000,38748.000000000,7,YM
2024-06-10T09:35:54.000000000Z,32,1,80420,38747.000000000,38747.000000000,38747.000000000,38747.000000000,1,YM
2024-06-10T09:36:09.000000000Z,32,1,80420,38748.000000000,38748.000000000,38748.000000000,38748.000000000,1,YM
2024-06-10T09:36:10.000000000Z,32,1,80420,38747.000000000,38747.000000000,38747.000000000,38747.000000000,2,YM
2024-06-10T09:36:12.000000000Z,32,1,80420,38746.000000000,38746.000000000,38746.000000000,38746.000000000,1,YM
2024-06-10T09:36:13.000000000Z,32,1,80420,38745.000000000,38745.000000000,38745.000000000,38745.000000000,1,YM
2024-06-10T09:36:24.000000000Z,32,1,80420,38743.000000000,38743.000000000,38743.000000000,38743.000000000,1,YM
2024-06-10T09:36:25.000000000Z,32,1,80420,38742.000000000,38742.000000000,38742.000000000,38742.000000000,2,YM
2024-06-10T09:36:30.000000000Z,32,1,80420,38741.000000000,38742.000000000,38741.000000000,38742.000000000,2,YM
2024-06-10T09:36:35.000000000Z,32,1,80420,38741.000000000,38742.000000000,38741.000000000,38742.000000000,3,YM
2024-06-10T09:36:39.000000000Z,32,1,80420,38741.000000000,38741.000000000,38741.000000000,38741.000000000,1,YM
2024-06-10T09:36:48.000000000Z,32,1,80420,38741.000000000,38742.000000000,38741.000000000,38742.000000000,7,YM
2024-06-10T09:36:52.000000000Z,32,1,80420,38743.000000000,38743.000000000,38743.000000000,38743.000000000,2,YM
2024-06-10T09:36:56.000000000Z,32,1,80420,38744.000000000,38744.000000000,38744.000000000,38744.000000000,2,YM
2024-06-10T09:37:00.000000000Z,32,1,80420,38743.000000000,38743.000000000,38742.000000000,38742.000000000,2,YM
2024-06-10T09:37:01.000000000Z,32,1,80420,38743.000000000,38743.000000000,38743.000000000,38743.000000000,1,YM
2024-06-10T09:37:05.000000000Z,32,1,80420,38743.000000000,38743.000000000,38743.000000000,38743.000000000,1,YM
2024-06-10T09:37:07.000000000Z,32,1,80420,38744.000000000,38744.000000000,38744.000000000,38744.000000000,1,YM
2024-06-10T09:37:14.000000000Z,32,1,80420,38744.000000000,38744.000000000,38744.000000000,38744.000000000,1,YM
2024-06-10T09:37:18.000000000Z,32,1,80420,38742.000000000,38742.000000000,38742.000000000,38742.000000000,1,YM
2024-06-10T09:37:19.000000000Z,32,1,80420,38741.000000000,38741.000000000,38741.000000000,38741.000000000,1,YM
2024-06-10T09:37:24.000000000Z,32,1,80420,38742.000000000,38742.000000000,38742.000000000,38742.000000000,1,YM
2024-06-10T09:37:27.000000000Z,32,1,80420,38742.000000000,38742.000000000,38742.000000000,38742.000000000,1,YM
2024-06-10T09:37:36.000000000Z,32,1,80420,38741.000000000,38741.000000000,38741.000000000,38741.000000000,1,YM
2024-06-10T09:37:37.000000000Z,32,1,80420,38742.000000000,38742.000000000,38742.000000000,38742.000000000,4,YM
2024-06-10T09:37:40.000000000Z,32,1,80420,38741.000000000,38741.000000000,38741.000000000,38741.000000000,1,YM
2024-06-10T09:37:46.000000000Z,32,1,80420,38741.000000000,38741.000000000,38741.000000000,38741.000000000,1,YM
2024-06-10T09:37:49.000000000Z,32,1,80420,38742.000000000,38742.000000000,38742.000000000,38742.000000000,1,YM
2024-06-10T09:37:59.000000000Z,32,1,80420,38741.000000000,38741.000000000,38741.000000000,38741.000000000,1,YM
2024-06-10T09:38:04.000000000Z,32,1,80420,38741.000000000,38741.000000000,38741.000000000,38741.000000000,1,YM
2024-06-10T09:38:06.000000000Z,32,1,80420,38742.000000000,38742.000000000,38742.000000000,38742.000000000,3,YM
2024-06-10T09:38:07.000000000Z,32,1,80420,38741.000000000,38741.000000000,38741.000000000,38741.000000000,1,YM
2024-06-10T09:38:12.000000000Z,32,1,80420,38739.000000000,38739.000000000,38739.000000000,38739.000000000,2,YM
2024-06-10T09:38:20.000000000Z,32,1,80420,38738.000000000,38738.000000000,38738.000000000,38738.000000000,1,YM
2024-06-10T09:38:23.000000000Z,32,1,80420,38738.000000000,38738.000000000,38738.000000000,38738.000000000,1,YM
2024-06-10T09:38:26.000000000Z,32,1,80420,38739.000000000,38739.000000000,38739.000000000,38739.000000000,1,YM
2024-06-10T09:38:30.000000000Z,32,1,80420,38739.000000000,38739.000000000,38739.000000000,38739.000000000,2,YM
2024-06-10T09:38:39.000000000Z,32,1,80420,38740.000000000,38741.000000000,38740.000000000,38741.000000000,7,YM
2024-06-10T09:38:40.000000000Z,32,1,80420,38742.000000000,38742.000000000,38742.000000000,38742.000000000,4,YM
2024-06-10T09:38:45.000000000Z,32,1,80420,38741.000000000,38741.000000000,38741.000000000,38741.000000000,2,YM
2024-06-10T09:38:56.000000000Z,32,1,80420,38742.000000000,38742.000000000,38742.000000000,38742.000000000,1,YM
2024-06-10T09:38:57.000000000Z,32,1,80420,38743.000000000,38743.000000000,38743.000000000,38743.000000000,1,YM
2024-06-10T09:39:00.000000000Z,32,1,80420,38743.000000000,38743.000000000,38743.000000000,38743.000000000,1,YM
2024-06-10T09:39:01.000000000Z,32,1,80420,38742.000000000,38742.000000000,38742.000000000,38742.000000000,2,YM
2024-06-10T09:39:10.000000000Z,32,1,80420,38742.000000000,38742.000000000,38742.000000000,38742.000000000,1,YM
2024-06-10T09:39:20.000000000Z,32,1,80420,38743.000000000,38743.000000000,38743.000000000,38743.000000000,2,YM
2024-06-10T09:39:24.000000000Z,32,1,80420,38744.000000000,38744.000000000,38744.000000000,38744.000000000,1,YM
2024-06-10T09:39:29.000000000Z,32,1,80420,38744.000000000,38745.000000000,38743.000000000,38745.000000000,3,YM
2024-06-10T09:39:30.000000000Z,32,1,80420,38745.000000000,38745.000000000,38745.000000000,38745.000000000,5,YM
2024-06-10T09:39:31.000000000Z,32,1,80420,38746.000000000,38746.000000000,38746.000000000,38746.000000000,2,YM
2024-06-10T09:39:39.000000000Z,32,1,80420,38745.000000000,38745.000000000,38745.000000000,38745.000000000,2,YM
2024-06-10T09:39:42.000000000Z,32,1,80420,38747.000000000,38747.000000000,38747.000000000,38747.000000000,1,YM
2024-06-10T09:39:48.000000000Z,32,1,80420,38746.000000000,38747.000000000,38745.000000000,38747.000000000,15,YM
2024-06-10T09:39:56.000000000Z,32,1,80420,38748.000000000,38748.000000000,38748.000000000,38748.000000000,2,YM
2024-06-10T09:39:57.000000000Z,32,1,80420,38749.000000000,38749.000000000,38749.000000000,38749.000000000,2,YM
2024-06-10T09:39:59.000000000Z,32,1,80420,38748.000000000,38750.000000000,38748.000000000,38750.000000000,7,YM
2024-06-10T09:40:00.000000000Z,32,1,80420,38748.000000000,38748.000000000,38748.000000000,38748.000000000,1,YM
2024-06-10T09:40:10.000000000Z,32,1,80420,38748.000000000,38748.000000000,38748.000000000,38748.000000000,1,YM
2024-06-10T09:40:30.000000000Z,32,1,80420,38749.000000000,38749.000000000,38749.000000000,38749.000000000,2,YM
2024-06-10T09:40:46.000000000Z,32,1,80420,38748.000000000,38750.000000000,38747.000000000,38750.000000000,27,YM
2024-06-10T09:40:52.000000000Z,32,1,80420,38751.000000000,38751.000000000,38750.000000000,38750.000000000,9,YM
2024-06-10T09:40:54.000000000Z,32,1,80420,38750.000000000,38750.000000000,38750.000000000,38750.000000000,4,YM
2024-06-10T09:40:58.000000000Z,32,1,80420,38750.000000000,38751.000000000,38750.000000000,38751.000000000,3,YM
2024-06-10T09:40:59.000000000Z,32,1,80420,38750.000000000,38750.000000000,38750.000000000,38750.000000000,4,YM
2024-06-10T09:41:00.000000000Z,32,1,80420,38750.000000000,38750.000000000,38750.000000000,38750.000000000,1,YM
2024-06-10T09:41:10.000000000Z,32,1,80420,38749.000000000,38749.000000000,38749.000000000,38749.000000000,1,YM
2024-06-10T09:41:18.000000000Z,32,1,80420,38748.000000000,38749.000000000,38748.000000000,38749.000000000,16,YM
2024-06-10T09:41:25.000000000Z,32,1,80420,38749.000000000,38749.000000000,38749.000000000,38749.000000000,1,YM
2024-06-10T09:41:27.000000000Z,32,1,80420,38749.000000000,38749.000000000,38749.000000000,38749.000000000,1,YM
2024-06-10T09:41:37.000000000Z,32,1,80420,38749.000000000,38749.000000000,38749.000000000,38749.000000000,1,YM
2024-06-10T09:41:46.000000000Z,32,1,80420,38749.000000000,38749.000000000,38748.000000000,38748.000000000,2,YM
2024-06-10T09:41:49.000000000Z,32,1,80420,38749.000000000,38749.000000000,38749.000000000,38749.000000000,2,YM
2024-06-10T09:41:50.000000000Z,32,1,80420,38749.000000000,38749.000000000,38749.000000000,38749.000000000,2,YM
2024-06-10T09:41:52.000000000Z,32,1,80420,38751.000000000,38752.000000000,38751.000000000,38751.000000000,12,YM
2024-06-10T09:41:53.000000000Z,32,1,80420,38752.000000000,38753.000000000,38751.000000000,38751.000000000,26,YM
2024-06-10T09:41:57.000000000Z,32,1,80420,38751.000000000,38751.000000000,38751.000000000,38751.000000000,2,YM
2024-06-10T09:42:00.000000000Z,32,1,80420,38751.000000000,38751.000000000,38751.000000000,38751.000000000,1,YM
2024-06-10T09:42:01.000000000Z,32,1,80420,38752.000000000,38752.000000000,38750.000000000,38752.000000000,13,YM
2024-06-10T09:42:03.000000000Z,32,1,80420,38751.000000000,38751.000000000,38749.000000000,38749.000000000,15,YM
2024-06-10T09:42:04.000000000Z,32,1,80420,38751.000000000,38751.000000000,38751.000000000,38751.000000000,1,YM
2024-06-10T09:42:05.000000000Z,32,1,80420,38752.000000000,38752.000000000,38752.000000000,38752.000000000,5,YM
2024-06-10T09:42:06.000000000Z,32,1,80420,38754.000000000,38754.000000000,38753.000000000,38753.000000000,5,YM
2024-06-10T09:42:09.000000000Z,32,1,80420,38754.000000000,38754.000000000,38754.000000000,38754.000000000,1,YM
2024-06-10T09:42:13.000000000Z,32,1,80420,38753.000000000,38753.000000000,38753.000000000,38753.000000000,1,YM
2024-06-10T09:42:17.000000000Z,32,1,80420,38752.000000000,38752.000000000,38752.000000000,38752.000000000,2,YM
2024-06-10T09:42:19.000000000Z,32,1,80420,38751.000000000,38751.000000000,38751.000000000,38751.000000000,1,YM
2024-06-10T09:42:21.000000000Z,32,1,80420,38752.000000000,38752.000000000,38752.000000000,38752.000000000,3,YM
2024-06-10T09:42:23.000000000Z,32,1,80420,38751.000000000,38751.000000000,38751.000000000,38751.000000000,2,YM
2024-06-10T09:42:33.000000000Z,32,1,80420,38747.000000000,38747.000000000,38747.000000000,38747.000000000,1,YM
2024-06-10T09:42:36.000000000Z,32,1,80420,38747.000000000,38747.000000000,38747.000000000,38747.000000000,1,YM
2024-06-10T09:42:37.000000000Z,32,1,80420,38746.000000000,38746.000000000,38746.000000000,38746.000000000,2,YM
2024-06-10T09:43:04.000000000Z,32,1,80420,38748.000000000,38748.000000000,38748.000000000,38748.000000000,3,YM
2024-06-10T09:43:10.000000000Z,32,1,80420,38748.000000000,38748.000000000,38748.000000000,38748.000000000,1,YM
2024-06-10T09:43:16.000000000Z,32,1,80420,38749.000000000,38749.000000000,38749.000000000,38749.000000000,2,YM
2024-06-10T09:43:25.000000000Z,32,1,80420,38750.000000000,38750.000000000,38750.000000000,38750.000000000,1,YM
2024-06-10T09:43:43.000000000Z,32,1,80420,38749.000000000,38749.000000000,38749.000000000,38749.000000000,4,YM
2024-06-10T09:44:08.000000000Z,32,1,80420,38747.000000000,38747.000000000,38747.000000000,38747.000000000,1,YM
2024-06-10T09:44:09.000000000Z,32,1,80420,38747.000000000,38747.000000000,38747.000000000,38747.000000000,1,YM
2024-06-10T09:44:10.000000000Z,32,1,80420,38746.000000000,38746.000000000,38746.000000000,38746.000000000,1,YM
2024-06-10T09:44:12.000000000Z,32,1,80420,38746.000000000,38746.000000000,38746.000000000,38746.000000000,8,YM
2024-06-10T09:44:15.000000000Z,32,1,80420,38746.000000000,38746.000000000,38745.000000000,38745.000000000,4,YM
2024-06-10T09:44:17.000000000Z,32,1,80420,38746.000000000,38746.000000000,38746.000000000,38746.000000000,1,YM
2024-06-10T09:44:31.000000000Z,32,1,80420,38741.000000000,38743.000000000,38740.000000000,38742.000000000,7,YM
2024-06-10T09:44:33.000000000Z,32,1,80420,38742.000000000,38742.000000000,38742.000000000,38742.000000000,1,YM
2024-06-10T09:44:34.000000000Z,32,1,80420,38741.000000000,38741.000000000,38740.000000000,38740.000000000,4,YM
2024-06-10T09:44:35.000000000Z,32,1,80420,38742.000000000,38742.000000000,38742.000000000,38742.000000000,1,YM
2024-06-10T09:44:41.000000000Z,32,1,80420,38741.000000000,38741.000000000,38741.000000000,38741.000000000,1,YM
2024-06-10T09:44:46.000000000Z,32,1,80420,38740.000000000,38740.000000000,38740.000000000,38740.000000000,2,YM
2024-06-10T09:44:56.000000000Z,32,1,80420,38740.000000000,38740.000000000,38740.000000000,38740.000000000,1,YM
2024-06-10T09:45:00.000000000Z,32,1,80420,38738.000000000,38740.000000000,38738.000000000,38740.000000000,2,YM
2024-06-10T09:45:08.000000000Z,32,1,80420,38738.000000000,38738.000000000,38738.000000000,38738.000000000,1,YM
2024-06-10T09:45:11.000000000Z,32,1,80420,38737.000000000,38737.000000000,38737.000000000,38737.000000000,1,YM
2024-06-10T09:45:14.000000000Z,32,1,80420,38737.000000000,38737.000000000,38735.000000000,38735.000000000,8,YM
2024-06-10T09:45:15.000000000Z,32,1,80420,38735.000000000,38735.000000000,38735.000000000,38735.000000000,2,YM
2024-06-10T09:45:16.000000000Z,32,1,80420,38734.000000000,38736.000000000,38734.000000000,38736.000000000,21,YM
2024-06-10T09:45:21.000000000Z,32,1,80420,38736.000000000,38736.000000000,38736.000000000,38736.000000000,2,YM
2024-06-10T09:45:28.000000000Z,32,1,80420,38735.000000000,38735.000000000,38735.000000000,38735.000000000,1,YM
2024-06-10T09:45:40.000000000Z,32,1,80420,38735.000000000,38735.000000000,38735.000000000,38735.000000000,1,YM
2024-06-10T09:45:44.000000000Z,32,1,80420,38736.000000000,38736.000000000,38736.000000000,38736.000000000,1,YM
2024-06-10T09:46:05.000000000Z,32,1,80420,38734.000000000,38734.000000000,38734.000000000,38734.000000000,2,YM
2024-06-10T09:46:40.000000000Z,32,1,80420,38734.000000000,38734.000000000,38734.000000000,38734.000000000,1,YM
2024-06-10T09:46:41.000000000Z,32,1,80420,38736.000000000,38736.000000000,38736.000000000,38736.000000000,1,YM
2024-06-10T09:47:00.000000000Z,32,1,80420,38735.000000000,38735.000000000,38735.000000000,38735.000000000,1,YM
2024-06-10T09:47:09.000000000Z,32,1,80420,38733.000000000,38733.000000000,38732.000000000,38732.000000000,2,YM
2024-06-10T09:47:10.000000000Z,32,1,80420,38732.000000000,38732.000000000,38732.000000000,38732.000000000,1,YM
2024-06-10T09:47:16.000000000Z,32,1,80420,38731.000000000,38731.000000000,38731.000000000,38731.000000000,1,YM
2024-06-10T09:47:17.000000000Z,32,1,80420,38730.000000000,38730.000000000,38730.000000000,38730.000000000,6,YM
2024-06-10T09:47:47.000000000Z,32,1,80420,38730.000000000,38730.000000000,38730.000000000,38730.000000000,2,YM
2024-06-10T09:48:00.000000000Z,32,1,80420,38728.000000000,38728.000000000,38728.000000000,38728.000000000,1,YM
2024-06-10T09:48:01.000000000Z,32,1,80420,38726.000000000,38726.000000000,38726.000000000,38726.000000000,1,YM
2024-06-10T09:48:04.000000000Z,32,1,80420,38726.000000000,38727.000000000,38726.000000000,38727.000000000,3,YM
2024-06-10T09:48:10.000000000Z,32,1,80420,38726.000000000,38726.000000000,38726.000000000,38726.000000000,1,YM
2024-06-10T09:48:13.000000000Z,32,1,80420,38727.000000000,38729.000000000,38727.000000000,38729.000000000,7,YM
2024-06-10T09:48:17.000000000Z,32,1,80420,38730.000000000,38730.000000000,38730.000000000,38730.000000000,1,YM
2024-06-10T09:48:19.000000000Z,32,1,80420,38730.000000000,38730.000000000,38730.000000000,38730.000000000,1,YM
2024-06-10T09:48:21.000000000Z,32,1,80420,38730.000000000,38730.000000000,38730.000000000,38730.000000000,1,YM
2024-06-10T09:48:35.000000000Z,32,1,80420,38729.000000000,38729.000000000,38729.000000000,38729.000000000,3,YM
2024-06-10T09:48:40.000000000Z,32,1,80420,38728.000000000,38728.000000000,38728.000000000,38728.000000000,1,YM
2024-06-10T09:48:47.000000000Z,32,1,80420,38730.000000000,38730.000000000,38730.000000000,38730.000000000,2,YM
2024-06-10T09:48:48.000000000Z,32,1,80420,38730.000000000,38730.000000000,38730.000000000,38730.000000000,2,YM
2024-06-10T09:48:50.000000000Z,32,1,80420,38730.000000000,38731.000000000,38730.000000000,38731.000000000,3,YM
2024-06-10T09:48:55.000000000Z,32,1,80420,38732.000000000,38732.000000000,38732.000000000,38732.000000000,2,YM
2024-06-10T09:48:58.000000000Z,32,1,80420,38733.000000000,38733.000000000,38733.000000000,38733.000000000,1,YM
2024-06-10T09:49:10.000000000Z,32,1,80420,38732.000000000,38732.000000000,38732.000000000,38732.000000000,1,YM
2024-06-10T09:49:32.000000000Z,32,1,80420,38731.000000000,38731.000000000,38731.000000000,38731.000000000,1,YM
2024-06-10T09:49:43.000000000Z,32,1,80420,38731.000000000,38731.000000000,38731.000000000,38731.000000000,1,YM
2024-06-10T09:49:44.000000000Z,32,1,80420,38731.000000000,38731.000000000,38731.000000000,38731.000000000,2,YM
2024-06-10T09:49:49.000000000Z,32,1,80420,38733.000000000,38733.000000000,38733.000000000,38733.000000000,1,YM
2024-06-10T09:50:00.000000000Z,32,1,80420,38733.000000000,38733.000000000,38733.000000000,38733.000000000,1,YM
2024-06-10T09:50:04.000000000Z,32,1,80420,38736.000000000,38736.000000000,38735.000000000,38735.000000000,2,YM
2024-06-10T09:50:09.000000000Z,32,1,80420,38737.000000000,38738.000000000,38737.000000000,38738.000000000,3,YM
2024-06-10T09:50:10.000000000Z,32,1,80420,38736.000000000,38736.000000000,38736.000000000,38736.000000000,2,YM
2024-06-10T09:50:11.000000000Z,32,1,80420,38737.000000000,38737.000000000,38735.000000000,38735.000000000,3,YM
2024-06-10T09:50:12.000000000Z,32,1,80420,38734.000000000,38735.000000000,38734.000000000,38735.000000000,2,YM
2024-06-10T09:50:18.000000000Z,32,1,80420,38734.000000000,38734.000000000,38734.000000000,38734.000000000,2,YM
2024-06-10T09:50:24.000000000Z,32,1,80420,38735.000000000,38735.000000000,38735.000000000,38735.000000000,2,YM
2024-06-10T09:50:26.000000000Z,32,1,80420,38734.000000000,38734.000000000,38734.000000000,38734.000000000,1,YM
2024-06-10T09:50:53.000000000Z,32,1,80420,38734.000000000,38734.000000000,38734.000000000,38734.000000000,1,YM
2024-06-10T09:51:00.000000000Z,32,1,80420,38733.000000000,38733.000000000,38733.000000000,38733.000000000,2,YM
2024-06-10T09:51:04.000000000Z,32,1,80420,38734.000000000,38734.000000000,38734.000000000,38734.000000000,1,YM
2024-06-10T09:51:10.000000000Z,32,1,80420,38735.000000000,38735.000000000,38735.000000000,38735.000000000,1,YM
2024-06-10T09:51:22.000000000Z,32,1,80420,38737.000000000,38737.000000000,38737.000000000,38737.000000000,1,YM
2024-06-10T09:51:23.000000000Z,32,1,80420,38737.000000000,38737.000000000,38737.000000000,38737.000000000,1,YM
2024-06-10T09:51:32.000000000Z,32,1,80420,38736.000000000,38736.000000000,38736.000000000,38736.000000000,1,YM
2024-06-10T09:51:42.000000000Z,32,1,80420,38735.000000000,38735.000000000,38735.000000000,38735.000000000,1,YM
2024-06-10T09:51:47.000000000Z,32,1,80420,38736.000000000,38736.000000000,38736.000000000,38736.000000000,1,YM
2024-06-10T09:51:56.000000000Z,32,1,80420,38736.000000000,38736.000000000,38736.000000000,38736.000000000,3,YM
2024-06-10T09:51:57.000000000Z,32,1,80420,38737.000000000,38737.000000000,38736.000000000,38736.000000000,7,YM
2024-06-10T09:51:59.000000000Z,32,1,80420,38736.000000000,38736.000000000,38736.000000000,38736.000000000,1,YM
2024-06-10T09:52:05.000000000Z,32,1,80420,38736.000000000,38736.000000000,38736.000000000,38736.000000000,1,YM
2024-06-10T09:52:07.000000000Z,32,1,80420,38735.000000000,38735.000000000,38735.000000000,38735.000000000,1,YM
2024-06-10T09:52:10.000000000Z,32,1,80420,38737.000000000,38737.000000000,38737.000000000,38737.000000000,1,YM
2024-06-10T09:52:14.000000000Z,32,1,80420,38737.000000000,38737.000000000,38737.000000000,38737.000000000,2,YM
2024-06-10T09:52:18.000000000Z,32,1,80420,38738.000000000,38738.000000000,38737.000000000,38737.000000000,2,YM
2024-06-10T09:52:20.000000000Z,32,1,80420,38738.000000000,38738.000000000,38737.000000000,38737.000000000,4,YM
2024-06-10T09:52:22.000000000Z,32,1,80420,38737.000000000,38738.000000000,38737.000000000,38737.000000000,4,YM
2024-06-10T09:52:23.000000000Z,32,1,80420,38737.000000000,38737.000000000,38737.000000000,38737.000000000,1,YM
2024-06-10T09:52:25.000000000Z,32,1,80420,38737.000000000,38737.000000000,38737.000000000,38737.000000000,2,YM
2024-06-10T09:52:26.000000000Z,32,1,80420,38737.000000000,38737.000000000,38737.000000000,38737.000000000,1,YM
2024-06-10T09:52:29.000000000Z,32,1,80420,38738.000000000,38738.000000000,38738.000000000,38738.000000000,1,YM
2024-06-10T09:52:30.000000000Z,32,1,80420,38738.000000000,38738.000000000,38738.000000000,38738.000000000,2,YM
2024-06-10T09:52:34.000000000Z,32,1,80420,38739.000000000,38739.000000000,38739.000000000,38739.000000000,1,YM
2024-06-10T09:52:39.000000000Z,32,1,80420,38738.000000000,38738.000000000,38738.000000000,38738.000000000,4,YM
2024-06-10T09:52:49.000000000Z,32,1,80420,38738.000000000,38738.000000000,38738.000000000,38738.000000000,1,YM
2024-06-10T09:52:50.000000000Z,32,1,80420,38739.000000000,38739.000000000,38738.000000000,38738.000000000,5,YM
2024-06-10T09:52:53.000000000Z,32,1,80420,38738.000000000,38738.000000000,38738.000000000,38738.000000000,1,YM
2024-06-10T09:53:01.000000000Z,32,1,80420,38738.000000000,38738.000000000,38738.000000000,38738.000000000,1,YM
2024-06-10T09:53:04.000000000Z,32,1,80420,38738.000000000,38738.000000000,38738.000000000,38738.000000000,1,YM
2024-06-10T09:53:06.000000000Z,32,1,80420,38738.000000000,38738.000000000,38738.000000000,38738.000000000,2,YM
2024-06-10T09:53:12.000000000Z,32,1,80420,38738.000000000,38738.000000000,38738.000000000,38738.000000000,1,YM
2024-06-10T09:53:16.000000000Z,32,1,80420,38738.000000000,38738.000000000,38738.000000000,38738.000000000,1,YM
2024-06-10T09:53:17.000000000Z,32,1,80420,38738.000000000,38738.000000000,38738.000000000,38738.000000000,2,YM
2024-06-10T09:53:21.000000000Z,32,1,80420,38738.000000000,38738.000000000,38738.000000000,38738.000000000,2,YM
2024-06-10T09:53:36.000000000Z,32,1,80420,38739.000000000,38739.000000000,38738.000000000,38738.000000000,6,YM
2024-06-10T09:53:38.000000000Z,32,1,80420,38739.000000000,38739.000000000,38739.000000000,38739.000000000,1,YM
2024-06-10T09:53:40.000000000Z,32,1,80420,38738.000000000,38738.000000000,38738.000000000,38738.000000000,1,YM
2024-06-10T09:53:46.000000000Z,32,1,80420,38736.000000000,38736.000000000,38736.000000000,38736.000000000,2,YM
2024-06-10T09:53:53.000000000Z,32,1,80420,38733.000000000,38733.000000000,38733.000000000,38733.000000000,1,YM
2024-06-10T09:53:57.000000000Z,32,1,80420,38733.000000000,38733.000000000,38733.000000000,38733.000000000,3,YM
2024-06-10T09:53:58.000000000Z,32,1,80420,38734.000000000,38734.000000000,38734.000000000,38734.000000000,1,YM
2024-06-10T09:54:01.000000000Z,32,1,80420,38735.000000000,38735.000000000,38735.000000000,38735.000000000,1,YM
2024-06-10T09:54:06.000000000Z,32,1,80420,38735.000000000,38735.000000000,38735.000000000,38735.000000000,2,YM
2024-06-10T09:54:08.000000000Z,32,1,80420,38736.000000000,38736.000000000,38736.000000000,38736.000000000,2,YM
2024-06-10T09:54:13.000000000Z,32,1,80420,38734.000000000,38734.000000000,38733.000000000,38733.000000000,4,YM
2024-06-10T09:54:16.000000000Z,32,1,80420,38734.000000000,38734.000000000,38734.000000000,38734.000000000,1,YM
2024-06-10T09:54:18.000000000Z,32,1,80420,38733.000000000,38733.000000000,38733.000000000,38733.000000000,1,YM
2024-06-10T09:54:23.000000000Z,32,1,80420,38733.000000000,38733.000000000,38733.000000000,38733.000000000,4,YM
2024-06-10T09:54:25.000000000Z,32,1,80420,38734.000000000,38734.000000000,38734.000000000,38734.000000000,1,YM
2024-06-10T09:54:26.000000000Z,32,1,80420,38733.000000000,38733.000000000,38733.000000000,38733.000000000,5,YM
2024-06-10T09:54:36.000000000Z,32,1,80420,38733.000000000,38733.000000000,38733.000000000,38733.000000000,1,YM
2024-06-10T09:54:46.000000000Z,32,1,80420,38732.000000000,38732.000000000,38732.000000000,38732.000000000,4,YM
2024-06-10T09:54:54.000000000Z,32,1,80420,38733.000000000,38733.000000000,38733.000000000,38733.000000000,3,YM
2024-06-10T09:54:55.000000000Z,32,1,80420,38733.000000000,38733.000000000,38733.000000000,38733.000000000,1,YM
2024-06-10T09:54:56.000000000Z,32,1,80420,38733.000000000,38733.000000000,38733.000000000,38733.000000000,1,YM
2024-06-10T09:55:00.000000000Z,32,1,80420,38732.000000000,38732.000000000,38731.000000000,38731.000000000,2,YM
2024-06-10T09:55:24.000000000Z,32,1,80420,38732.000000000,38732.000000000,38732.000000000,38732.000000000,2,YM
2024-06-10T09:55:25.000000000Z,32,1,80420,38731.000000000,38731.000000000,38731.000000000,38731.000000000,2,YM
2024-06-10T09:55:29.000000000Z,32,1,80420,38732.000000000,38732.000000000,38732.000000000,38732.000000000,4,YM
2024-06-10T09:55:30.000000000Z,32,1,80420,38732.000000000,38732.000000000,38731.000000000,38731.000000000,4,YM
2024-06-10T09:55:40.000000000Z,32,1,80420,38731.000000000,38731.000000000,38731.000000000,38731.000000000,1,YM
2024-06-10T09:55:49.000000000Z,32,1,80420,38731.000000000,38731.000000000,38731.000000000,38731.000000000,1,YM
2024-06-10T09:55:56.000000000Z,32,1,80420,38730.000000000,38730.000000000,38730.000000000,38730.000000000,1,YM
2024-06-10T09:56:03.000000000Z,32,1,80420,38730.000000000,38730.000000000,38730.000000000,38730.000000000,2,YM
2024-06-10T09:56:05.000000000Z,32,1,80420,38728.000000000,38728.000000000,38728.000000000,38728.000000000,1,YM
2024-06-10T09:56:07.000000000Z,32,1,80420,38727.000000000,38727.000000000,38727.000000000,38727.000000000,1,YM
2024-06-10T09:56:10.000000000Z,32,1,80420,38728.000000000,38728.000000000,38728.000000000,38728.000000000,1,YM
2024-06-10T09:56:11.000000000Z,32,1,80420,38728.000000000,38728.000000000,38728.000000000,38728.000000000,1,YM
2024-06-10T09:56:14.000000000Z,32,1,80420,38728.000000000,38728.000000000,38728.000000000,38728.000000000,1,YM
2024-06-10T09:56:21.000000000Z,32,1,80420,38729.000000000,38729.000000000,38729.000000000,38729.000000000,1,YM
2024-06-10T09:56:22.000000000Z,32,1,80420,38730.000000000,38730.000000000,38730.000000000,38730.000000000,1,YM
2024-06-10T09:56:24.000000000Z,32,1,80420,38729.000000000,38729.000000000,38729.000000000,38729.000000000,1,YM
2024-06-10T09:56:32.000000000Z,32,1,80420,38730.000000000,38730.000000000,38730.000000000,38730.000000000,2,YM
2024-06-10T09:56:40.000000000Z,32,1,80420,38730.000000000,38730.000000000,38730.000000000,38730.000000000,1,YM
2024-06-10T09:56:46.000000000Z,32,1,80420,38729.000000000,38729.000000000,38729.000000000,38729.000000000,1,YM
2024-06-10T09:56:57.000000000Z,32,1,80420,38728.000000000,38728.000000000,38728.000000000,38728.000000000,1,YM
2024-06-10T09:57:07.000000000Z,32,1,80420,38730.000000000,38730.000000000,38730.000000000,38730.000000000,3,YM
2024-06-10T09:57:15.000000000Z,32,1,80420,38733.000000000,38733.000000000,38732.000000000,38732.000000000,11,YM
2024-06-10T09:57:20.000000000Z,32,1,80420,38732.000000000,38732.000000000,38731.000000000,38731.000000000,4,YM
2024-06-10T09:57:29.000000000Z,32,1,80420,38733.000000000,38733.000000000,38733.000000000,38733.000000000,2,YM
2024-06-10T09:57:32.000000000Z,32,1,80420,38733.000000000,38733.000000000,38732.000000000,38732.000000000,2,YM
2024-06-10T09:57:33.000000000Z,32,1,80420,38733.000000000,38733.000000000,38733.000000000,38733.000000000,1,YM
2024-06-10T09:57:41.000000000Z,32,1,80420,38734.000000000,38735.000000000,38733.000000000,38733.000000000,7,YM
2024-06-10T09:57:43.000000000Z,32,1,80420,38734.000000000,38734.000000000,38734.000000000,38734.000000000,1,YM
2024-06-10T09:57:45.000000000Z,32,1,80420,38735.000000000,38735.000000000,38735.000000000,38735.000000000,10,YM
2024-06-10T09:57:46.000000000Z,32,1,80420,38736.000000000,38736.000000000,38734.000000000,38734.000000000,16,YM
2024-06-10T09:58:00.000000000Z,32,1,80420,38733.000000000,38733.000000000,38733.000000000,38733.000000000,1,YM
2024-06-10T09:58:24.000000000Z,32,1,80420,38732.000000000,38732.000000000,38732.000000000,38732.000000000,2,YM
2024-06-10T09:58:33.000000000Z,32,1,80420,38731.000000000,38731.000000000,38731.000000000,38731.000000000,5,YM
2024-06-10T09:58:46.000000000Z,32,1,80420,38731.000000000,38731.000000000,38731.000000000,38731.000000000,1,YM
2024-06-10T09:59:27.000000000Z,32,1,80420,38734.000000000,38734.000000000,38734.000000000,38734.000000000,2,YM
2024-06-10T09:59:30.000000000Z,32,1,80420,38735.000000000,38735.000000000,38735.000000000,38735.000000000,4,YM
2024-06-10T09:59:39.000000000Z,32,1,80420,38736.000000000,38736.000000000,38735.000000000,38735.000000000,4,YM
2024-06-10T09:59:49.000000000Z,32,1,80420,38736.000000000,38736.000000000,38736.000000000,38736.000000000,3,YM
2024-06-10T09:59:53.000000000Z,32,1,80420,38737.000000000,38737.000000000,38737.000000000,38737.000000000,1,YM
2024-06-10T10:00:00.000000000Z,32,1,80420,38739.000000000,38739.000000000,38739.000000000,38739.000000000,1,YM
2024-06-10T10:00:01.000000000Z,32,1,80420,38738.000000000,38738.000000000,38737.000000000,38737.000000000,7,YM
2024-06-10T10:00:02.000000000Z,32,1,80420,38738.000000000,38738.000000000,38738.000000000,38738.000000000,2,YM
2024-06-10T10:00:08.000000000Z,32,1,80420,38738.000000000,38738.000000000,38738.000000000,38738.000000000,1,YM
2024-06-10T10:00:20.000000000Z,32,1,80420,38738.000000000,38738.000000000,38738.000000000,38738.000000000,2,YM
2024-06-10T10:00:51.000000000Z,32,1,80420,38739.000000000,38739.000000000,38739.000000000,38739.000000000,2,YM
2024-06-10T10:00:59.000000000Z,32,1,80420,38739.000000000,38739.000000000,38739.000000000,38739.000000000,1,YM
2024-06-10T10:01:00.000000000Z,32,1,80420,38738.000000000,38738.000000000,38738.000000000,38738.000000000,1,YM
2024-06-10T10:01:09.000000000Z,32,1,80420,38736.000000000,38737.000000000,38735.000000000,38737.000000000,7,YM
2024-06-10T10:01:13.000000000Z,32,1,80420,38738.000000000,38738.000000000,38738.000000000,38738.000000000,1,YM
2024-06-10T10:01:41.000000000Z,32,1,80420,38735.000000000,38735.000000000,38734.000000000,38734.000000000,2,YM
2024-06-10T10:01:44.000000000Z,32,1,80420,38734.000000000,38734.000000000,38734.000000000,38734.000000000,1,YM
2024-06-10T10:01:54.000000000Z,32,1,80420,38731.000000000,38731.000000000,38731.000000000,38731.000000000,2,YM
2024-06-10T10:01:57.000000000Z,32,1,80420,38730.000000000,38730.000000000,38730.000000000,38730.000000000,1,YM
2024-06-10T10:02:03.000000000Z,32,1,80420,38730.000000000,38730.000000000,38730.000000000,38730.000000000,1,YM
2024-06-10T10:02:04.000000000Z,32,1,80420,38729.000000000,38729.000000000,38727.000000000,38727.000000000,3,YM
2024-06-10T10:02:05.000000000Z,32,1,80420,38726.000000000,38726.000000000,38726.000000000,38726.000000000,1,YM
2024-06-10T10:02:08.000000000Z,32,1,80420,38727.000000000,38727.000000000,38727.000000000,38727.000000000,1,YM
2024-06-10T10:02:38.000000000Z,32,1,80420,38727.000000000,38727.000000000,38727.000000000,38727.000000000,2,YM
2024-06-10T10:02:45.000000000Z,32,1,80420,38726.000000000,38726.000000000,38726.000000000,38726.000000000,2,YM
2024-06-10T10:02:46.000000000Z,32,1,80420,38727.000000000,38727.000000000,38726.000000000,38726.000000000,2,YM
2024-06-10T10:02:47.000000000Z,32,1,80420,38726.000000000,38726.000000000,38726.000000000,38726.000000000,1,YM
2024-06-10T10:02:57.000000000Z,32,1,80420,38727.000000000,38727.000000000,38727.000000000,38727.000000000,2,YM
2024-06-10T10:02:59.000000000Z,32,1,80420,38728.000000000,38733.000000000,38728.000000000,38733.000000000,30,YM
2024-06-10T10:03:00.000000000Z,32,1,80420,38733.000000000,38733.000000000,38732.000000000,38733.000000000,4,YM
2024-06-10T10:03:01.000000000Z,32,1,80420,38734.000000000,38735.000000000,38734.000000000,38735.000000000,10,YM
2024-06-10T10:03:08.000000000Z,32,1,80420,38734.000000000,38734.000000000,38734.000000000,38734.000000000,1,YM
2024-06-10T10:03:09.000000000Z,32,1,80420,38733.000000000,38733.000000000,38731.000000000,38731.000000000,5,YM
2024-06-10T10:03:10.000000000Z,32,1,80420,38732.000000000,38732.000000000,38730.000000000,38730.000000000,5,YM
2024-06-10T10:03:11.000000000Z,32,1,80420,38731.000000000,38731.000000000,38731.000000000,38731.000000000,1,YM
2024-06-10T10:03:15.000000000Z,32,1,80420,38732.000000000,38732.000000000,38731.000000000,38731.000000000,11,YM
2024-06-10T10:03:16.000000000Z,32,1,80420,38730.000000000,38730.000000000,38727.000000000,38727.000000000,11,YM
2024-06-10T10:03:19.000000000Z,32,1,80420,38727.000000000,38728.000000000,38727.000000000,38728.000000000,4,YM
2024-06-10T10:03:20.000000000Z,32,1,80420,38727.000000000,38727.000000000,38727.000000000,38727.000000000,1,YM
2024-06-10T10:03:22.000000000Z,32,1,80420,38726.000000000,38726.000000000,38726.000000000,38726.000000000,1,YM
2024-06-10T10:03:26.000000000Z,32,1,80420,38726.000000000,38726.000000000,38726.000000000,38726.000000000,1,YM
2024-06-10T10:03:28.000000000Z,32,1,80420,38725.000000000,38725.000000000,38725.000000000,38725.000000000,2,YM
2024-06-10T10:03:29.000000000Z,32,1,80420,38725.000000000,38725.000000000,38725.000000000,38725.000000000,1,YM
2024-06-10T10:03:30.000000000Z,32,1,80420,38726.000000000,38726.000000000,38726.000000000,38726.000000000,1,YM
2024-06-10T10:03:38.000000000Z,32,1,80420,38726.000000000,38726.000000000,38726.000000000,38726.000000000,2,YM
2024-06-10T10:03:44.000000000Z,32,1,80420,38726.000000000,38729.000000000,38726.000000000,38729.000000000,6,YM
2024-06-10T10:03:54.000000000Z,32,1,80420,38727.000000000,38727.000000000,38727.000000000,38727.000000000,3,YM
2024-06-10T10:03:55.000000000Z,32,1,80420,38728.000000000,38728.000000000,38728.000000000,38728.000000000,2,YM
2024-06-10T10:04:15.000000000Z,32,1,80420,38729.000000000,38729.000000000,38729.000000000,38729.000000000,4,YM
2024-06-10T10:04:18.000000000Z,32,1,80420,38729.000000000,38729.000000000,38729.000000000,38729.000000000,1,YM
2024-06-10T10:04:40.000000000Z,32,1,80420,38729.000000000,38729.000000000,38729.000000000,38729.000000000,1,YM
2024-06-10T10:04:48.000000000Z,32,1,80420,38733.000000000,38733.000000000,38733.000000000,38733.000000000,1,YM
2024-06-10T10:04:50.000000000Z,32,1,80420,38732.000000000,38732.000000000,38732.000000000,38732.000000000,1,YM
2024-06-10T10:04:51.000000000Z,32,1,80420,38732.000000000,38732.000000000,38732.000000000,38732.000000000,1,YM
2024-06-10T10:04:53.000000000Z,32,1,80420,38733.000000000,38733.000000000,38733.000000000,38733.000000000,1,YM
2024-06-10T10:04:58.000000000Z,32,1,80420,38733.000000000,38733.000000000,38733.000000000,38733.000000000,1,YM
2024-06-10T10:05:01.000000000Z,32,1,80420,38732.000000000,38732.000000000,38732.000000000,38732.000000000,1,YM
2024-06-10T10:05:02.000000000Z,32,1,80420,38733.000000000,38733.000000000,38733.000000000,38733.000000000,1,YM
2024-06-10T10:05:11.000000000Z,32,1,80420,38733.000000000,38733.000000000,38733.000000000,38733.000000000,1,YM
2024-06-10T10:05:16.000000000Z,32,1,80420,38733.000000000,38733.000000000,38733.000000000,38733.000000000,1,YM
2024-06-10T10:05:30.000000000Z,32,1,80420,38734.000000000,38734.000000000,38734.000000000,38734.000000000,1,YM
2024-06-10T10:05:35.000000000Z,32,1,80420,38733.000000000,38733.000000000,38733.000000000,38733.000000000,1,YM
2024-06-10T10:05:37.000000000Z,32,1,80420,38734.000000000,38734.000000000,38734.000000000,38734.000000000,1,YM
2024-06-10T10:06:03.000000000Z,32,1,80420,38735.000000000,38735.000000000,38735.000000000,38735.000000000,1,YM
2024-06-10T10:06:04.000000000Z,32,1,80420,38734.000000000,38735.000000000,38733.000000000,38735.000000000,6,YM
2024-06-10T10:06:07.000000000Z,32,1,80420,38736.000000000,38736.000000000,38736.000000000,38736.000000000,4,YM
2024-06-10T10:06:15.000000000Z,32,1,80420,38736.000000000,38736.000000000,38736.000000000,38736.000000000,1,YM
2024-06-10T10:06:19.000000000Z,32,1,80420,38739.000000000,38739.000000000,38739.000000000,38739.000000000,1,YM
2024-06-10T10:06:20.000000000Z,32,1,80420,38739.000000000,38739.000000000,38739.000000000,38739.000000000,1,YM
2024-06-10T10:06:21.000000000Z,32,1,80420,38739.000000000,38739.000000000,38739.000000000,38739.000000000,1,YM
2024-06-10T10:06:24.000000000Z,32,1,80420,38738.000000000,38738.000000000,38738.000000000,38738.000000000,1,YM
2024-06-10T10:06:28.000000000Z,32,1,80420,38740.000000000,38741.000000000,38740.000000000,38741.000000000,2,YM
2024-06-10T10:06:33.000000000Z,32,1,80420,38740.000000000,38740.000000000,38740.000000000,38740.000000000,1,YM
2024-06-10T10:06:45.000000000Z,32,1,80420,38740.000000000,38740.000000000,38740.000000000,38740.000000000,2,YM
2024-06-10T10:06:58.000000000Z,32,1,80420,38741.000000000,38741.000000000,38741.000000000,38741.000000000,1,YM
2024-06-10T10:07:02.000000000Z,32,1,80420,38743.000000000,38743.000000000,38743.000000000,38743.000000000,1,YM
2024-06-10T10:07:09.000000000Z,32,1,80420,38743.000000000,38744.000000000,38743.000000000,38744.000000000,6,YM
2024-06-10T10:07:10.000000000Z,32,1,80420,38743.000000000,38743.000000000,38743.000000000,38743.000000000,1,YM
2024-06-10T10:07:11.000000000Z,32,1,80420,38743.000000000,38743.000000000,38743.000000000,38743.000000000,1,YM
2024-06-10T10:07:12.000000000Z,32,1,80420,38744.000000000,38744.000000000,38744.000000000,38744.000000000,2,YM
2024-06-10T10:07:15.000000000Z,32,1,80420,38744.000000000,38744.000000000,38744.000000000,38744.000000000,1,YM
2024-06-10T10:07:16.000000000Z,32,1,80420,38745.000000000,38746.000000000,38745.000000000,38746.000000000,3,YM
2024-06-10T10:07:23.000000000Z,32,1,80420,38745.000000000,38745.000000000,38745.000000000,38745.000000000,2,YM
2024-06-10T10:07:25.000000000Z,32,1,80420,38745.000000000,38745.000000000,38744.000000000,38744.000000000,3,YM
2024-06-10T10:07:32.000000000Z,32,1,80420,38746.000000000,38746.000000000,38745.000000000,38745.000000000,3,YM
2024-06-10T10:07:33.000000000Z,32,1,80420,38745.000000000,38745.000000000,38745.000000000,38745.000000000,1,YM
2024-06-10T10:07:38.000000000Z,32,1,80420,38744.000000000,38744.000000000,38744.000000000,38744.000000000,1,YM
2024-06-10T10:07:41.000000000Z,32,1,80420,38743.000000000,38743.000000000,38743.000000000,38743.000000000,2,YM
2024-06-10T10:07:48.000000000Z,32,1,80420,38744.000000000,38744.000000000,38744.000000000,38744.000000000,3,YM
2024-06-10T10:07:51.000000000Z,32,1,80420,38745.000000000,38745.000000000,38745.000000000,38745.000000000,1,YM
2024-06-10T10:08:04.000000000Z,32,1,80420,38745.000000000,38745.000000000,38745.000000000,38745.000000000,1,YM
2024-06-10T10:08:05.000000000Z,32,1,80420,38745.000000000,38745.000000000,38745.000000000,38745.000000000,3,YM
2024-06-10T10:08:07.000000000Z,32,1,80420,38746.000000000,38746.000000000,38745.000000000,38745.000000000,2,YM
2024-06-10T10:08:09.000000000Z,32,1,80420,38745.000000000,38745.000000000,38745.000000000,38745.000000000,1,YM
2024-06-10T10:08:12.000000000Z,32,1,80420,38744.000000000,38744.000000000,38744.000000000,38744.000000000,7,YM
2024-06-10T10:08:16.000000000Z,32,1,80420,38743.000000000,38743.000000000,38743.000000000,38743.000000000,1,YM
2024-06-10T10:08:19.000000000Z,32,1,80420,38744.000000000,38744.000000000,38744.000000000,38744.000000000,1,YM
2024-06-10T10:08:21.000000000Z,32,1,80420,38743.000000000,38743.000000000,38743.000000000,38743.000000000,2,YM
2024-06-10T10:08:26.000000000Z,32,1,80420,38742.000000000,38742.000000000,38742.000000000,38742.000000000,1,YM
2024-06-10T10:08:30.000000000Z,32,1,80420,38742.000000000,38742.000000000,38742.000000000,38742.000000000,1,YM
2024-06-10T10:08:36.000000000Z,32,1,80420,38742.000000000,38742.000000000,38742.000000000,38742.000000000,1,YM
2024-06-10T10:08:46.000000000Z,32,1,80420,38741.000000000,38741.000000000,38741.000000000,38741.000000000,1,YM
2024-06-10T10:09:00.000000000Z,32,1,80420,38741.000000000,38741.000000000,38740.000000000,38740.000000000,5,YM
2024-06-10T10:09:04.000000000Z,32,1,80420,38740.000000000,38740.000000000,38740.000000000,38740.000000000,2,YM
2024-06-10T10:09:07.000000000Z,32,1,80420,38739.000000000,38739.000000000,38739.000000000,38739.000000000,1,YM
2024-06-10T10:09:10.000000000Z,32,1,80420,38740.000000000,38740.000000000,38740.000000000,38740.000000000,4,YM
2024-06-10T10:09:16.000000000Z,32,1,80420,38740.000000000,38740.000000000,38740.000000000,38740.000000000,2,YM
2024-06-10T10:09:29.000000000Z,32,1,80420,38741.000000000,38741.000000000,38741.000000000,38741.000000000,1,YM
2024-06-10T10:09:51.000000000Z,32,1,80420,38742.000000000,38742.000000000,38742.000000000,38742.000000000,1,YM
2024-06-10T10:10:01.000000000Z,32,1,80420,38741.000000000,38741.000000000,38741.000000000,38741.000000000,1,YM
2024-06-10T10:10:16.000000000Z,32,1,80420,38743.000000000,38743.000000000,38742.000000000,38742.000000000,10,YM
2024-06-10T10:10:32.000000000Z,32,1,80420,38744.000000000,38744.000000000,38744.000000000,38744.000000000,1,YM
2024-06-10T10:10:37.000000000Z,32,1,80420,38743.000000000,38743.000000000,38743.000000000,38743.000000000,1,YM
2024-06-10T10:10:41.000000000Z,32,1,80420,38743.000000000,38743.000000000,38743.000000000,38743.000000000,1,YM
2024-06-10T10:10:44.000000000Z,32,1,80420,38743.000000000,38743.000000000,38743.000000000,38743.000000000,1,YM
2024-06-10T10:11:02.000000000Z,32,1,80420,38741.000000000,38741.000000000,38741.000000000,38741.000000000,4,YM
2024-06-10T10:11:06.000000000Z,32,1,80420,38741.000000000,38741.000000000,38741.000000000,38741.000000000,2,YM
2024-06-10T10:11:17.000000000Z,32,1,80420,38742.000000000,38742.000000000,38742.000000000,38742.000000000,2,YM
2024-06-10T10:11:27.000000000Z,32,1,80420,38742.000000000,38742.000000000,38742.000000000,38742.000000000,1,YM
2024-06-10T10:11:28.000000000Z,32,1,80420,38742.000000000,38742.000000000,38742.000000000,38742.000000000,1,YM
2024-06-10T10:11:30.000000000Z,32,1,80420,38741.000000000,38741.000000000,38741.000000000,38741.000000000,1,YM
2024-06-10T10:11:37.000000000Z,32,1,80420,38740.000000000,38740.000000000,38740.000000000,38740.000000000,1,YM
2024-06-10T10:11:39.000000000Z,32,1,80420,38741.000000000,38741.000000000,38741.000000000,38741.000000000,1,YM
2024-06-10T10:11:42.000000000Z,32,1,80420,38740.000000000,38740.000000000,38740.000000000,38740.000000000,1,YM
2024-06-10T10:11:55.000000000Z,32,1,80420,38739.000000000,38739.000000000,38738.000000000,38738.000000000,4,YM
2024-06-10T10:11:59.000000000Z,32,1,80420,38737.000000000,38737.000000000,38737.000000000,38737.000000000,2,YM
2024-06-10T10:12:01.000000000Z,32,1,80420,38737.000000000,38737.000000000,38737.000000000,38737.000000000,2,YM
2024-06-10T10:12:08.000000000Z,32,1,80420,38739.000000000,38739.000000000,38739.000000000,38739.000000000,2,YM
2024-06-10T10:12:09.000000000Z,32,1,80420,38740.000000000,38740.000000000,38740.000000000,38740.000000000,3,YM
2024-06-10T10:12:37.000000000Z,32,1,80420,38742.000000000,38742.000000000,38742.000000000,38742.000000000,1,YM
2024-06-10T10:12:39.000000000Z,32,1,80420,38742.000000000,38742.000000000,38741.000000000,38741.000000000,2,YM
2024-06-10T10:12:42.000000000Z,32,1,80420,38740.000000000,38740.000000000,38740.000000000,38740.000000000,3,YM
2024-06-10T10:12:43.000000000Z,32,1,80420,38739.000000000,38739.000000000,38739.000000000,38739.000000000,1,YM
2024-06-10T10:12:44.000000000Z,32,1,80420,38740.000000000,38740.000000000,38740.000000000,38740.000000000,1,YM
2024-06-10T10:12:46.000000000Z,32,1,80420,38738.000000000,38738.000000000,38738.000000000,38738.000000000,1,YM
2024-06-10T10:12:52.000000000Z,32,1,80420,38738.000000000,38738.000000000,38736.000000000,38736.000000000,3,YM
2024-06-10T10:12:53.000000000Z,32,1,80420,38738.000000000,38738.000000000,38738.000000000,38738.000000000,1,YM
2024-06-10T10:12:59.000000000Z,32,1,80420,38739.000000000,38739.000000000,38738.000000000,38738.000000000,3,YM
2024-06-10T10:13:02.000000000Z,32,1,80420,38738.000000000,38738.000000000,38738.000000000,38738.000000000,1,YM
2024-06-10T10:13:06.000000000Z,32,1,80420,38737.000000000,38738.000000000,38736.000000000,38738.000000000,3,YM
2024-06-10T10:13:07.000000000Z,32,1,80420,38737.000000000,38737.000000000,38737.000000000,38737.000000000,2,YM
2024-06-10T10:13:09.000000000Z,32,1,80420,38737.000000000,38737.000000000,38737.000000000,38737.000000000,3,YM
2024-06-10T10:13:12.000000000Z,32,1,80420,38737.000000000,38737.000000000,38737.000000000,38737.000000000,1,YM
2024-06-10T10:13:15.000000000Z,32,1,80420,38737.000000000,38737.000000000,38737.000000000,38737.000000000,2,YM
2024-06-10T10:13:24.000000000Z,32,1,80420,38736.000000000,38736.000000000,38735.000000000,38735.000000000,4,YM
2024-06-10T10:13:27.000000000Z,32,1,80420,38735.000000000,38735.000000000,38735.000000000,38735.000000000,1,YM
2024-06-10T10:13:31.000000000Z,32,1,80420,38736.000000000,38736.000000000,38736.000000000,38736.000000000,1,YM
2024-06-10T10:13:40.000000000Z,32,1,80420,38734.000000000,38734.000000000,38734.000000000,38734.000000000,6,YM
2024-06-10T10:13:52.000000000Z,32,1,80420,38732.000000000,38732.000000000,38731.000000000,38731.000000000,4,YM
2024-06-10T10:13:53.000000000Z,32,1,80420,38733.000000000,38733.000000000,38733.000000000,38733.000000000,2,YM
2024-06-10T10:13:54.000000000Z,32,1,80420,38734.000000000,38734.000000000,38734.000000000,38734.000000000,1,YM
2024-06-10T10:14:01.000000000Z,32,1,80420,38734.000000000,38734.000000000,38734.000000000,38734.000000000,1,YM
2024-06-10T10:14:17.000000000Z,32,1,80420,38734.000000000,38734.000000000,38734.000000000,38734.000000000,1,YM
2024-06-10T10:14:18.000000000Z,32,1,80420,38733.000000000,38733.000000000,38733.000000000,38733.000000000,1,YM
2024-06-10T10:14:22.000000000Z,32,1,80420,38732.000000000,38732.000000000,38732.000000000,38732.000000000,2,YM
2024-06-10T10:14:24.000000000Z,32,1,80420,38733.000000000,38733.000000000,38732.000000000,38732.000000000,3,YM
2024-06-10T10:14:25.000000000Z,32,1,80420,38731.000000000,38731.000000000,38731.000000000,38731.000000000,2,YM
2024-06-10T10:14:30.000000000Z,32,1,80420,38731.000000000,38731.000000000,38731.000000000,38731.000000000,1,YM
2024-06-10T10:14:32.000000000Z,32,1,80420,38732.000000000,38732.000000000,38732.000000000,38732.000000000,1,YM
2024-06-10T10:14:40.000000000Z,32,1,80420,38732.000000000,38732.000000000,38732.000000000,38732.000000000,1,YM
2024-06-10T10:14:52.000000000Z,32,1,80420,38733.000000000,38733.000000000,38733.000000000,38733.000000000,1,YM
2024-06-10T10:15:13.000000000Z,32,1,80420,38734.000000000,38734.000000000,38734.000000000,38734.000000000,2,YM
2024-06-10T10:15:14.000000000Z,32,1,80420,38734.000000000,38734.000000000,38734.000000000,38734.000000000,2,YM
2024-06-10T10:15:16.000000000Z,32,1,80420,38733.000000000,38733.000000000,38733.000000000,38733.000000000,4,YM
2024-06-10T10:15:22.000000000Z,32,1,80420,38735.000000000,38735.000000000,38735.000000000,38735.000000000,1,YM
2024-06-10T10:15:25.000000000Z,32,1,80420,38735.000000000,38735.000000000,38735.000000000,38735.000000000,1,YM
2024-06-10T10:15:35.000000000Z,32,1,80420,38735.000000000,38735.000000000,38735.000000000,38735.000000000,2,YM
2024-06-10T10:15:36.000000000Z,32,1,80420,38736.000000000,38736.000000000,38736.000000000,38736.000000000,1,YM
2024-06-10T10:15:43.000000000Z,32,1,80420,38736.000000000,38736.000000000,38736.000000000,38736.000000000,1,YM
2024-06-10T10:15:54.000000000Z,32,1,80420,38737.000000000,38738.000000000,38737.000000000,38738.000000000,2,YM
2024-06-10T10:15:56.000000000Z,32,1,80420,38738.000000000,38738.000000000,38738.000000000,38738.000000000,2,YM
2024-06-10T10:15:58.000000000Z,32,1,80420,38740.000000000,38740.000000000,38740.000000000,38740.000000000,3,YM
2024-06-10T10:16:00.000000000Z,32,1,80420,38739.000000000,38739.000000000,38739.000000000,38739.000000000,4,YM
2024-06-10T10:16:01.000000000Z,32,1,80420,38737.000000000,38737.000000000,38736.000000000,38736.000000000,2,YM
2024-06-10T10:16:09.000000000Z,32,1,80420,38736.000000000,38736.000000000,38736.000000000,38736.000000000,2,YM
2024-06-10T10:16:10.000000000Z,32,1,80420,38735.000000000,38736.000000000,38735.000000000,38736.000000000,3,YM
2024-06-10T10:16:11.000000000Z,32,1,80420,38735.000000000,38735.000000000,38735.000000000,38735.000000000,2,YM
2024-06-10T10:16:15.000000000Z,32,1,80420,38736.000000000,38737.000000000,38736.000000000,38737.000000000,3,YM
2024-06-10T10:16:16.000000000Z,32,1,80420,38737.000000000,38738.000000000,38737.000000000,38738.000000000,2,YM
2024-06-10T10:16:31.000000000Z,32,1,80420,38740.000000000,38741.000000000,38740.000000000,38741.000000000,3,YM
2024-06-10T10:16:54.000000000Z,32,1,80420,38740.000000000,38740.000000000,38740.000000000,38740.000000000,1,YM
2024-06-10T10:17:01.000000000Z,32,1,80420,38741.000000000,38741.000000000,38741.000000000,38741.000000000,1,YM
2024-06-10T10:17:04.000000000Z,32,1,80420,38741.000000000,38741.000000000,38741.000000000,38741.000000000,1,YM
2024-06-10T10:17:21.000000000Z,32,1,80420,38743.000000000,38743.000000000,38743.000000000,38743.000000000,2,YM
2024-06-10T10:17:23.000000000Z,32,1,80420,38742.000000000,38742.000000000,38741.000000000,38741.000000000,3,YM
2024-06-10T10:17:34.000000000Z,32,1,80420,38740.000000000,38740.000000000,38740.000000000,38740.000000000,3,YM
2024-06-10T10:17:42.000000000Z,32,1,80420,38741.000000000,38741.000000000,38741.000000000,38741.000000000,2,YM
2024-06-10T10:17:48.000000000Z,32,1,80420,38743.000000000,38743.000000000,38743.000000000,38743.000000000,1,YM
2024-06-10T10:17:49.000000000Z,32,1,80420,38744.000000000,38744.000000000,38744.000000000,38744.000000000,1,YM
2024-06-10T10:18:01.000000000Z,32,1,80420,38743.000000000,38744.000000000,38742.000000000,38744.000000000,8,YM
2024-06-10T10:18:02.000000000Z,32,1,80420,38745.000000000,38745.000000000,38745.000000000,38745.000000000,3,YM
2024-06-10T10:18:05.000000000Z,32,1,80420,38746.000000000,38746.000000000,38746.000000000,38746.000000000,2,YM
2024-06-10T10:18:08.000000000Z,32,1,80420,38745.000000000,38745.000000000,38745.000000000,38745.000000000,1,YM
2024-06-10T10:18:13.000000000Z,32,1,80420,38744.000000000,38744.000000000,38744.000000000,38744.000000000,2,YM
2024-06-10T10:18:37.000000000Z,32,1,80420,38746.000000000,38746.000000000,38746.000000000,38746.000000000,3,YM
2024-06-10T10:18:39.000000000Z,32,1,80420,38746.000000000,38746.000000000,38746.000000000,38746.000000000,1,YM
2024-06-10T10:18:49.000000000Z,32,1,80420,38747.000000000,38747.000000000,38747.000000000,38747.000000000,1,YM
2024-06-10T10:18:51.000000000Z,32,1,80420,38746.000000000,38746.000000000,38746.000000000,38746.000000000,1,YM
2024-06-10T10:18:55.000000000Z,32,1,80420,38743.000000000,38743.000000000,38743.000000000,38743.000000000,1,YM
2024-06-10T10:19:00.000000000Z,32,1,80420,38743.000000000,38743.000000000,38743.000000000,38743.000000000,1,YM
2024-06-10T10:19:23.000000000Z,32,1,80420,38743.000000000,38743.000000000,38743.000000000,38743.000000000,1,YM
2024-06-10T10:19:44.000000000Z,32,1,80420,38744.000000000,38744.000000000,38744.000000000,38744.000000000,1,YM
2024-06-10T10:19:45.000000000Z,32,1,80420,38745.000000000,38745.000000000,38745.000000000,38745.000000000,3,YM
2024-06-10T10:19:58.000000000Z,32,1,80420,38746.000000000,38746.000000000,38746.000000000,38746.000000000,1,YM
2024-06-10T10:20:00.000000000Z,32,1,80420,38746.000000000,38746.000000000,38746.000000000,38746.000000000,1,YM
2024-06-10T10:20:15.000000000Z,32,1,80420,38743.000000000,38743.000000000,38743.000000000,38743.000000000,1,YM
2024-06-10T10:20:18.000000000Z,32,1,80420,38742.000000000,38742.000000000,38742.000000000,38742.000000000,1,YM
2024-06-10T10:20:22.000000000Z,32,1,80420,38741.000000000,38742.000000000,38741.000000000,38742.000000000,5,YM
2024-06-10T10:20:31.000000000Z,32,1,80420,38743.000000000,38743.000000000,38743.000000000,38743.000000000,1,YM
2024-06-10T10:20:40.000000000Z,32,1,80420,38744.000000000,38744.000000000,38744.000000000,38744.000000000,1,YM
2024-06-10T10:20:48.000000000Z,32,1,80420,38743.000000000,38743.000000000,38741.000000000,38741.000000000,6,YM
2024-06-10T10:21:23.000000000Z,32,1,80420,38745.000000000,38745.000000000,38745.000000000,38745.000000000,1,YM
2024-06-10T10:21:24.000000000Z,32,1,80420,38744.000000000,38744.000000000,38744.000000000,38744.000000000,1,YM
2024-06-10T10:21:36.000000000Z,32,1,80420,38745.000000000,38745.000000000,38745.000000000,38745.000000000,1,YM
2024-06-10T10:21:37.000000000Z,32,1,80420,38746.000000000,38746.000000000,38746.000000000,38746.000000000,2,YM
2024-06-10T10:21:48.000000000Z,32,1,80420,38745.000000000,38745.000000000,38745.000000000,38745.000000000,1,YM
2024-06-10T10:21:52.000000000Z,32,1,80420,38747.000000000,38747.000000000,38747.000000000,38747.000000000,1,YM
2024-06-10T10:21:55.000000000Z,32,1,80420,38747.000000000,38747.000000000,38747.000000000,38747.000000000,1,YM
2024-06-10T10:21:59.000000000Z,32,1,80420,38747.000000000,38747.000000000,38747.000000000,38747.000000000,1,YM
2024-06-10T10:22:00.000000000Z,32,1,80420,38747.000000000,38747.000000000,38747.000000000,38747.000000000,1,YM
2024-06-10T10:22:02.000000000Z,32,1,80420,38747.000000000,38747.000000000,38747.000000000,38747.000000000,1,YM
2024-06-10T10:22:13.000000000Z,32,1,80420,38747.000000000,38748.000000000,38747.000000000,38748.000000000,2,YM
2024-06-10T10:22:24.000000000Z,32,1,80420,38748.000000000,38748.000000000,38747.000000000,38747.000000000,2,YM
2024-06-10T10:22:30.000000000Z,32,1,80420,38747.000000000,38747.000000000,38747.000000000,38747.000000000,1,YM
2024-06-10T10:22:31.000000000Z,32,1,80420,38747.000000000,38747.000000000,38747.000000000,38747.000000000,1,YM
2024-06-10T10:22:33.000000000Z,32,1,80420,38747.000000000,38747.000000000,38747.000000000,38747.000000000,1,YM
2024-06-10T10:22:49.000000000Z,32,1,80420,38747.000000000,38747.000000000,38747.000000000,38747.000000000,1,YM
2024-06-10T10:22:54.000000000Z,32,1,80420,38746.000000000,38746.000000000,38746.000000000,38746.000000000,2,YM
2024-06-10T10:22:59.000000000Z,32,1,80420,38748.000000000,38748.000000000,38748.000000000,38748.000000000,2,YM
2024-06-10T10:23:01.000000000Z,32,1,80420,38748.000000000,38748.000000000,38748.000000000,38748.000000000,1,YM
2024-06-10T10:23:08.000000000Z,32,1,80420,38747.000000000,38747.000000000,38747.000000000,38747.000000000,2,YM
2024-06-10T10:23:14.000000000Z,32,1,80420,38747.000000000,38747.000000000,38747.000000000,38747.000000000,1,YM
2024-06-10T10:23:21.000000000Z,32,1,80420,38747.000000000,38747.000000000,38747.000000000,38747.000000000,2,YM
2024-06-10T10:23:25.000000000Z,32,1,80420,38747.000000000,38747.000000000,38747.000000000,38747.000000000,2,YM
2024-06-10T10:23:30.000000000Z,32,1,80420,38748.000000000,38748.000000000,38748.000000000,38748.000000000,1,YM
2024-06-10T10:23:40.000000000Z,32,1,80420,38748.000000000,38748.000000000,38748.000000000,38748.000000000,2,YM
2024-06-10T10:23:46.000000000Z,32,1,80420,38747.000000000,38749.000000000,38746.000000000,38749.000000000,8,YM
2024-06-10T10:23:51.000000000Z,32,1,80420,38748.000000000,38748.000000000,38748.000000000,38748.000000000,1,YM
2024-06-10T10:23:53.000000000Z,32,1,80420,38746.000000000,38746.000000000,38746.000000000,38746.000000000,3,YM
2024-06-10T10:24:00.000000000Z,32,1,80420,38746.000000000,38746.000000000,38746.000000000,38746.000000000,1,YM
2024-06-10T10:24:04.000000000Z,32,1,80420,38747.000000000,38747.000000000,38747.000000000,38747.000000000,1,YM
2024-06-10T10:24:05.000000000Z,32,1,80420,38747.000000000,38747.000000000,38747.000000000,38747.000000000,1,YM
2024-06-10T10:24:27.000000000Z,32,1,80420,38747.000000000,38747.000000000,38747.000000000,38747.000000000,1,YM
2024-06-10T10:24:32.000000000Z,32,1,80420,38748.000000000,38748.000000000,38748.000000000,38748.000000000,1,YM
2024-06-10T10:24:35.000000000Z,32,1,80420,38748.000000000,38748.000000000,38748.000000000,38748.000000000,1,YM
2024-06-10T10:24:38.000000000Z,32,1,80420,38748.000000000,38748.000000000,38748.000000000,38748.000000000,1,YM
2024-06-10T10:24:51.000000000Z,32,1,80420,38748.000000000,38748.000000000,38748.000000000,38748.000000000,1,YM
2024-06-10T10:25:16.000000000Z,32,1,80420,38747.000000000,38747.000000000,38747.000000000,38747.000000000,1,YM
2024-06-10T10:25:17.000000000Z,32,1,80420,38747.000000000,38747.000000000,38747.000000000,38747.000000000,2,YM
2024-06-10T10:25:20.000000000Z,32,1,80420,38748.000000000,38748.000000000,38748.000000000,38748.000000000,1,YM
2024-06-10T10:25:34.000000000Z,32,1,80420,38746.000000000,38746.000000000,38746.000000000,38746.000000000,1,YM
2024-06-10T10:25:35.000000000Z,32,1,80420,38745.000000000,38745.000000000,38745.000000000,38745.000000000,1,YM
2024-06-10T10:25:38.000000000Z,32,1,80420,38746.000000000,38746.000000000,38746.000000000,38746.000000000,1,YM
2024-06-10T10:25:57.000000000Z,32,1,80420,38746.000000000,38746.000000000,38745.000000000,38745.000000000,8,YM
2024-06-10T10:26:00.000000000Z,32,1,80420,38746.000000000,38746.000000000,38746.000000000,38746.000000000,3,YM
2024-06-10T10:26:02.000000000Z,32,1,80420,38747.000000000,38747.000000000,38747.000000000,38747.000000000,1,YM
2024-06-10T10:26:05.000000000Z,32,1,80420,38747.000000000,38747.000000000,38747.000000000,38747.000000000,1,YM
2024-06-10T10:26:14.000000000Z,32,1,80420,38747.000000000,38747.000000000,38747.000000000,38747.000000000,2,YM
2024-06-10T10:26:22.000000000Z,32,1,80420,38747.000000000,38747.000000000,38747.000000000,38747.000000000,1,YM
2024-06-10T10:26:32.000000000Z,32,1,80420,38750.000000000,38751.000000000,38750.000000000,38751.000000000,3,YM
2024-06-10T10:26:38.000000000Z,32,1,80420,38752.000000000,38752.000000000,38752.000000000,38752.000000000,2,YM
2024-06-10T10:26:40.000000000Z,32,1,80420,38751.000000000,38751.000000000,38751.000000000,38751.000000000,4,YM
2024-06-10T10:26:56.000000000Z,32,1,80420,38748.000000000,38748.000000000,38748.000000000,38748.000000000,1,YM
2024-06-10T10:26:59.000000000Z,32,1,80420,38748.000000000,38748.000000000,38748.000000000,38748.000000000,1,YM
2024-06-10T10:27:14.000000000Z,32,1,80420,38746.000000000,38746.000000000,38746.000000000,38746.000000000,5,YM
2024-06-10T10:27:18.000000000Z,32,1,80420,38748.000000000,38748.000000000,38748.000000000,38748.000000000,1,YM
2024-06-10T10:27:34.000000000Z,32,1,80420,38746.000000000,38746.000000000,38746.000000000,38746.000000000,1,YM
2024-06-10T10:27:44.000000000Z,32,1,80420,38746.000000000,38748.000000000,38746.000000000,38748.000000000,3,YM
2024-06-10T10:27:51.000000000Z,32,1,80420,38749.000000000,38749.000000000,38749.000000000,38749.000000000,2,YM
2024-06-10T10:28:20.000000000Z,32,1,80420,38749.000000000,38749.000000000,38748.000000000,38748.000000000,5,YM
2024-06-10T10:28:21.000000000Z,32,1,80420,38748.000000000,38748.000000000,38748.000000000,38748.000000000,1,YM
2024-06-10T10:28:30.000000000Z,32,1,80420,38748.000000000,38748.000000000,38748.000000000,38748.000000000,4,YM
2024-06-10T10:28:46.000000000Z,32,1,80420,38749.000000000,38749.000000000,38749.000000000,38749.000000000,1,YM
2024-06-10T10:29:00.000000000Z,32,1,80420,38749.000000000,38749.000000000,38749.000000000,38749.000000000,1,YM
2024-06-10T10:29:01.000000000Z,32,1,80420,38748.000000000,38748.000000000,38748.000000000,38748.000000000,3,YM
2024-06-10T10:29:13.000000000Z,32,1,80420,38748.000000000,38748.000000000,38748.000000000,38748.000000000,1,YM
2024-06-10T10:29:30.000000000Z,32,1,80420,38750.000000000,38750.000000000,38750.000000000,38750.000000000,3,YM
2024-06-10T10:29:32.000000000Z,32,1,80420,38750.000000000,38751.000000000,38750.000000000,38751.000000000,3,YM
2024-06-10T10:29:35.000000000Z,32,1,80420,38750.000000000,38750.000000000,38750.000000000,38750.000000000,1,YM
2024-06-10T10:29:53.000000000Z,32,1,80420,38750.000000000,38750.000000000,38750.000000000,38750.000000000,3,YM
2024-06-10T10:29:55.000000000Z,32,1,80420,38750.000000000,38750.000000000,38750.000000000,38750.000000000,2,YM
2024-06-10T10:30:06.000000000Z,32,1,80420,38752.000000000,38752.000000000,38752.000000000,38752.000000000,2,YM
2024-06-10T10:30:09.000000000Z,32,1,80420,38753.000000000,38753.000000000,38753.000000000,38753.000000000,2,YM
2024-06-10T10:30:10.000000000Z,32,1,80420,38754.000000000,38755.000000000,38754.000000000,38755.000000000,2,YM
2024-06-10T10:30:17.000000000Z,32,1,80420,38755.000000000,38755.000000000,38755.000000000,38755.000000000,1,YM
2024-06-10T10:30:24.000000000Z,32,1,80420,38754.000000000,38754.000000000,38754.000000000,38754.000000000,3,YM
2024-06-10T10:30:25.000000000Z,32,1,80420,38754.000000000,38755.000000000,38754.000000000,38755.000000000,7,YM
2024-06-10T10:30:38.000000000Z,32,1,80420,38755.000000000,38755.000000000,38755.000000000,38755.000000000,1,YM
2024-06-10T10:30:39.000000000Z,32,1,80420,38754.000000000,38754.000000000,38753.000000000,38753.000000000,3,YM
2024-06-10T10:30:48.000000000Z,32,1,80420,38750.000000000,38750.000000000,38749.000000000,38749.000000000,5,YM
2024-06-10T10:30:57.000000000Z,32,1,80420,38749.000000000,38749.000000000,38749.000000000,38749.000000000,1,YM
2024-06-10T10:31:00.000000000Z,32,1,80420,38749.000000000,38749.000000000,38749.000000000,38749.000000000,1,YM
2024-06-10T10:31:09.000000000Z,32,1,80420,38749.000000000,38749.000000000,38749.000000000,38749.000000000,1,YM
2024-06-10T10:31:12.000000000Z,32,1,80420,38750.000000000,38750.000000000,38750.000000000,38750.000000000,1,YM
2024-06-10T10:31:23.000000000Z,32,1,80420,38750.000000000,38750.000000000,38750.000000000,38750.000000000,3,YM
2024-06-10T10:31:25.000000000Z,32,1,80420,38750.000000000,38750.000000000,38750.000000000,38750.000000000,1,YM
2024-06-10T10:31:33.000000000Z,32,1,80420,38753.000000000,38754.000000000,38753.000000000,38754.000000000,2,YM
2024-06-10T10:31:34.000000000Z,32,1,80420,38753.000000000,38753.000000000,38753.000000000,38753.000000000,1,YM
2024-06-10T10:31:35.000000000Z,32,1,80420,38754.000000000,38754.000000000,38754.000000000,38754.000000000,2,YM
2024-06-10T10:31:56.000000000Z,32,1,80420,38752.000000000,38752.000000000,38752.000000000,38752.000000000,2,YM
2024-06-10T10:31:58.000000000Z,32,1,80420,38753.000000000,38754.000000000,38753.000000000,38754.000000000,3,YM
2024-06-10T10:32:02.000000000Z,32,1,80420,38755.000000000,38755.000000000,38755.000000000,38755.000000000,1,YM
2024-06-10T10:32:04.000000000Z,32,1,80420,38754.000000000,38754.000000000,38754.000000000,38754.000000000,2,YM
2024-06-10T10:32:08.000000000Z,32,1,80420,38756.000000000,38761.000000000,38756.000000000,38761.000000000,13,YM
2024-06-10T10:32:09.000000000Z,32,1,80420,38760.000000000,38761.000000000,38759.000000000,38759.000000000,4,YM
2024-06-10T10:32:11.000000000Z,32,1,80420,38758.000000000,38758.000000000,38758.000000000,38758.000000000,5,YM
2024-06-10T10:32:12.000000000Z,32,1,80420,38759.000000000,38759.000000000,38759.000000000,38759.000000000,1,YM
2024-06-10T10:32:14.000000000Z,32,1,80420,38759.000000000,38759.000000000,38759.000000000,38759.000000000,2,YM
2024-06-10T10:32:15.000000000Z,32,1,80420,38760.000000000,38760.000000000,38757.000000000,38757.000000000,21,YM
2024-06-10T10:32:16.000000000Z,32,1,80420,38759.000000000,38761.000000000,38759.000000000,38760.000000000,10,YM
2024-06-10T10:32:17.000000000Z,32,1,80420,38760.000000000,38760.000000000,38760.000000000,38760.000000000,2,YM
2024-06-10T10:32:18.000000000Z,32,1,80420,38760.000000000,38761.000000000,38760.000000000,38760.000000000,10,YM
2024-06-10T10:32:20.000000000Z,32,1,80420,38759.000000000,38759.000000000,38759.000000000,38759.000000000,1,YM
2024-06-10T10:32:21.000000000Z,32,1,80420,38759.000000000,38759.000000000,38759.000000000,38759.000000000,2,YM
2024-06-10T10:32:23.000000000Z,32,1,80420,38760.000000000,38760.000000000,38760.000000000,38760.000000000,1,YM
2024-06-10T10:32:24.000000000Z,32,1,80420,38760.000000000,38760.000000000,38760.000000000,38760.000000000,1,YM
2024-06-10T10:32:25.000000000Z,32,1,80420,38760.000000000,38760.000000000,38760.000000000,38760.000000000,1,YM
2024-06-10T10:32:27.000000000Z,32,1,80420,38759.000000000,38759.000000000,38759.000000000,38759.000000000,2,YM
2024-06-10T10:32:28.000000000Z,32,1,80420,38760.000000000,38760.000000000,38760.000000000,38760.000000000,1,YM
2024-06-10T10:32:30.000000000Z,32,1,80420,38761.000000000,38762.000000000,38761.000000000,38762.000000000,2,YM
2024-06-10T10:32:36.000000000Z,32,1,80420,38761.000000000,38761.000000000,38761.000000000,38761.000000000,1,YM
2024-06-10T10:32:37.000000000Z,32,1,80420,38762.000000000,38764.000000000,38762.000000000,38764.000000000,4,YM
2024-06-10T10:32:38.000000000Z,32,1,80420,38763.000000000,38763.000000000,38763.000000000,38763.000000000,1,YM
2024-06-10T10:32:40.000000000Z,32,1,80420,38763.000000000,38764.000000000,38763.000000000,38764.000000000,3,YM
2024-06-10T10:32:44.000000000Z,32,1,80420,38765.000000000,38767.000000000,38765.000000000,38765.000000000,18,YM
2024-06-10T10:32:46.000000000Z,32,1,80420,38768.000000000,38768.000000000,38768.000000000,38768.000000000,1,YM
2024-06-10T10:32:50.000000000Z,32,1,80420,38766.000000000,38766.000000000,38766.000000000,38766.000000000,3,YM
2024-06-10T10:32:51.000000000Z,32,1,80420,38765.000000000,38765.000000000,38765.000000000,38765.000000000,4,YM
2024-06-10T10:32:53.000000000Z,32,1,80420,38765.000000000,38765.000000000,38765.000000000,38765.000000000,1,YM
2024-06-10T10:33:00.000000000Z,32,1,80420,38765.000000000,38765.000000000,38765.000000000,38765.000000000,2,YM
2024-06-10T10:33:01.000000000Z,32,1,80420,38764.000000000,38764.000000000,38764.000000000,38764.000000000,2,YM
2024-06-10T10:33:02.000000000Z,32,1,80420,38764.000000000,38765.000000000,38764.000000000,38765.000000000,4,YM
2024-06-10T10:33:04.000000000Z,32,1,80420,38766.000000000,38766.000000000,38766.000000000,38766.000000000,1,YM
2024-06-10T10:33:05.000000000Z,32,1,80420,38767.000000000,38769.000000000,38767.000000000,38769.000000000,13,YM
2024-06-10T10:33:07.000000000Z,32,1,80420,38768.000000000,38768.000000000,38768.000000000,38768.000000000,3,YM
2024-06-10T10:33:13.000000000Z,32,1,80420,38768.000000000,38768.000000000,38768.000000000,38768.000000000,2,YM
2024-06-10T10:33:20.000000000Z,32,1,80420,38768.000000000,38768.000000000,38768.000000000,38768.000000000,3,YM
2024-06-10T10:33:21.000000000Z,32,1,80420,38768.000000000,38768.000000000,38768.000000000,38768.000000000,2,YM
2024-06-10T10:33:22.000000000Z,32,1,80420,38768.000000000,38768.000000000,38768.000000000,38768.000000000,1,YM
2024-06-10T10:33:23.000000000Z,32,1,80420,38769.000000000,38772.000000000,38769.000000000,38772.000000000,9,YM
2024-06-10T10:33:25.000000000Z,32,1,80420,38771.000000000,38771.000000000,38771.000000000,38771.000000000,1,YM
2024-06-10T10:33:26.000000000Z,32,1,80420,38770.000000000,38770.000000000,38770.000000000,38770.000000000,1,YM
2024-06-10T10:33:28.000000000Z,32,1,80420,38771.000000000,38771.000000000,38771.000000000,38771.000000000,1,YM
2024-06-10T10:33:30.000000000Z,32,1,80420,38771.000000000,38771.000000000,38771.000000000,38771.000000000,4,YM
2024-06-10T10:33:44.000000000Z,32,1,80420,38771.000000000,38771.000000000,38771.000000000,38771.000000000,2,YM
2024-06-10T10:33:45.000000000Z,32,1,80420,38770.000000000,38770.000000000,38770.000000000,38770.000000000,2,YM
2024-06-10T10:33:46.000000000Z,32,1,80420,38771.000000000,38771.000000000,38771.000000000,38771.000000000,3,YM
2024-06-10T10:33:48.000000000Z,32,1,80420,38771.000000000,38771.000000000,38771.000000000,38771.000000000,3,YM
2024-06-10T10:33:49.000000000Z,32,1,80420,38770.000000000,38770.000000000,38770.000000000,38770.000000000,2,YM
2024-06-10T10:33:54.000000000Z,32,1,80420,38771.000000000,38771.000000000,38771.000000000,38771.000000000,1,YM
2024-06-10T10:33:59.000000000Z,32,1,80420,38771.000000000,38771.000000000,38771.000000000,38771.000000000,2,YM
2024-06-10T10:34:01.000000000Z,32,1,80420,38770.000000000,38771.000000000,38770.000000000,38771.000000000,4,YM
2024-06-10T10:34:03.000000000Z,32,1,80420,38771.000000000,38771.000000000,38771.000000000,38771.000000000,7,YM
2024-06-10T10:34:04.000000000Z,32,1,80420,38772.000000000,38772.000000000,38772.000000000,38772.000000000,2,YM
2024-06-10T10:34:07.000000000Z,32,1,80420,38772.000000000,38772.000000000,38772.000000000,38772.000000000,3,YM
2024-06-10T10:34:08.000000000Z,32,1,80420,38772.000000000,38772.000000000,38772.000000000,38772.000000000,1,YM
2024-06-10T10:34:10.000000000Z,32,1,80420,38774.000000000,38774.000000000,38774.000000000,38774.000000000,3,YM
2024-06-10T10:34:11.000000000Z,32,1,80420,38773.000000000,38773.000000000,38773.000000000,38773.000000000,1,YM
2024-06-10T10:34:18.000000000Z,32,1,80420,38775.000000000,38775.000000000,38773.000000000,38773.000000000,3,YM
2024-06-10T10:34:24.000000000Z,32,1,80420,38773.000000000,38773.000000000,38773.000000000,38773.000000000,3,YM
2024-06-10T10:34:25.000000000Z,32,1,80420,38774.000000000,38774.000000000,38774.000000000,38774.000000000,2,YM
2024-06-10T10:34:26.000000000Z,32,1,80420,38775.000000000,38775.000000000,38775.000000000,38775.000000000,2,YM
2024-06-10T10:34:29.000000000Z,32,1,80420,38775.000000000,38775.000000000,38775.000000000,38775.000000000,1,YM
2024-06-10T10:34:30.000000000Z,32,1,80420,38776.000000000,38776.000000000,38776.000000000,38776.000000000,1,YM
2024-06-10T10:34:31.000000000Z,32,1,80420,38776.000000000,38776.000000000,38776.000000000,38776.000000000,3,YM
2024-06-10T10:34:32.000000000Z,32,1,80420,38777.000000000,38777.000000000,38777.000000000,38777.000000000,12,YM
2024-06-10T10:34:34.000000000Z,32,1,80420,38778.000000000,38779.000000000,38778.000000000,38779.000000000,4,YM
2024-06-10T10:34:35.000000000Z,32,1,80420,38780.000000000,38781.000000000,38780.000000000,38781.000000000,7,YM
2024-06-10T10:34:37.000000000Z,32,1,80420,38781.000000000,38781.000000000,38780.000000000,38780.000000000,5,YM
2024-06-10T10:34:39.000000000Z,32,1,80420,38781.000000000,38781.000000000,38781.000000000,38781.000000000,2,YM
2024-06-10T10:34:40.000000000Z,32,1,80420,38780.000000000,38780.000000000,38780.000000000,38780.000000000,3,YM
2024-06-10T10:34:43.000000000Z,32,1,80420,38779.000000000,38779.000000000,38779.000000000,38779.000000000,5,YM
2024-06-10T10:34:44.000000000Z,32,1,80420,38780.000000000,38780.000000000,38780.000000000,38780.000000000,1,YM
2024-06-10T10:34:45.000000000Z,32,1,80420,38779.000000000,38779.000000000,38779.000000000,38779.000000000,1,YM
2024-06-10T10:34:46.000000000Z,32,1,80420,38779.000000000,38779.000000000,38779.000000000,38779.000000000,2,YM
2024-06-10T10:34:49.000000000Z,32,1,80420,38779.000000000,38780.000000000,38779.000000000,38780.000000000,4,YM
2024-06-10T10:34:50.000000000Z,32,1,80420,38780.000000000,38780.000000000,38780.000000000,38780.000000000,3,YM
2024-06-10T10:34:51.000000000Z,32,1,80420,38780.000000000,38780.000000000,38780.000000000,38780.000000000,1,YM
2024-06-10T10:34:54.000000000Z,32,1,80420,38780.000000000,38780.000000000,38780.000000000,38780.000000000,3,YM
2024-06-10T10:34:57.000000000Z,32,1,80420,38781.000000000,38782.000000000,38781.000000000,38782.000000000,6,YM
2024-06-10T10:34:58.000000000Z,32,1,80420,38782.000000000,38782.000000000,38782.000000000,38782.000000000,24,YM
2024-06-10T10:34:59.000000000Z,32,1,80420,38783.000000000,38783.000000000,38783.000000000,38783.000000000,1,YM
2024-06-10T10:35:00.000000000Z,32,1,80420,38784.000000000,38785.000000000,38784.000000000,38784.000000000,5,YM
2024-06-10T10:35:01.000000000Z,32,1,80420,38783.000000000,38783.000000000,38783.000000000,38783.000000000,1,YM
2024-06-10T10:35:03.000000000Z,32,1,80420,38785.000000000,38785.000000000,38785.000000000,38785.000000000,1,YM
2024-06-10T10:35:04.000000000Z,32,1,80420,38786.000000000,38786.000000000,38786.000000000,38786.000000000,1,YM
2024-06-10T10:35:07.000000000Z,32,1,80420,38786.000000000,38786.000000000,38786.000000000,38786.000000000,2,YM
2024-06-10T10:35:08.000000000Z,32,1,80420,38786.000000000,38786.000000000,38786.000000000,38786.000000000,1,YM
2024-06-10T10:35:13.000000000Z,32,1,80420,38786.000000000,38786.000000000,38786.000000000,38786.000000000,3,YM
2024-06-10T10:35:16.000000000Z,32,1,80420,38786.000000000,38786.000000000,38786.000000000,38786.000000000,4,YM
2024-06-10T10:35:19.000000000Z,32,1,80420,38787.000000000,38788.000000000,38787.000000000,38788.000000000,6,YM
2024-06-10T10:35:25.000000000Z,32,1,80420,38789.000000000,38789.000000000,38789.000000000,38789.000000000,2,YM
2024-06-10T10:35:26.000000000Z,32,1,80420,38790.000000000,38790.000000000,38790.000000000,38790.000000000,4,YM
2024-06-10T10:35:27.000000000Z,32,1,80420,38791.000000000,38791.000000000,38791.000000000,38791.000000000,2,YM
2024-06-10T10:35:31.000000000Z,32,1,80420,38789.000000000,38789.000000000,38789.000000000,38789.000000000,1,YM
2024-06-10T10:35:43.000000000Z,32,1,80420,38787.000000000,38787.000000000,38786.000000000,38786.000000000,4,YM
2024-06-10T10:35:46.000000000Z,32,1,80420,38785.000000000,38785.000000000,38784.000000000,38784.000000000,5,YM
2024-06-10T10:35:47.000000000Z,32,1,80420,38783.000000000,38783.000000000,38783.000000000,38783.000000000,4,YM
2024-06-10T10:35:48.000000000Z,32,1,80420,38784.000000000,38784.000000000,38784.000000000,38784.000000000,3,YM
2024-06-10T10:35:50.000000000Z,32,1,80420,38783.000000000,38783.000000000,38783.000000000,38783.000000000,1,YM
2024-06-10T10:35:53.000000000Z,32,1,80420,38783.000000000,38783.000000000,38783.000000000,38783.000000000,1,YM
2024-06-10T10:35:54.000000000Z,32,1,80420,38783.000000000,38783.000000000,38782.000000000,38782.000000000,2,YM
2024-06-10T10:35:56.000000000Z,32,1,80420,38784.000000000,38784.000000000,38784.000000000,38784.000000000,1,YM
2024-06-10T10:35:58.000000000Z,32,1,80420,38782.000000000,38782.000000000,38782.000000000,38782.000000000,1,YM
2024-06-10T10:35:59.000000000Z,32,1,80420,38783.000000000,38783.000000000,38783.000000000,38783.000000000,1,YM
2024-06-10T10:36:00.000000000Z,32,1,80420,38783.000000000,38784.000000000,38783.000000000,38784.000000000,4,YM
2024-06-10T10:36:01.000000000Z,32,1,80420,38785.000000000,38785.000000000,38785.000000000,38785.000000000,1,YM
2024-06-10T10:36:05.000000000Z,32,1,80420,38785.000000000,38785.000000000,38785.000000000,38785.000000000,6,YM
2024-06-10T10:36:07.000000000Z,32,1,80420,38787.000000000,38787.000000000,38787.000000000,38787.000000000,2,YM
2024-06-10T10:36:14.000000000Z,32,1,80420,38784.000000000,38784.000000000,38784.000000000,38784.000000000,1,YM
2024-06-10T10:36:15.000000000Z,32,1,80420,38783.000000000,38783.000000000,38783.000000000,38783.000000000,4,YM
2024-06-10T10:36:16.000000000Z,32,1,80420,38782.000000000,38782.000000000,38782.000000000,38782.000000000,2,YM
2024-06-10T10:36:20.000000000Z,32,1,80420,38783.000000000,38783.000000000,38783.000000000,38783.000000000,1,YM
2024-06-10T10:36:21.000000000Z,32,1,80420,38784.000000000,38784.000000000,38784.000000000,38784.000000000,1,YM
2024-06-10T10:36:22.000000000Z,32,1,80420,38784.000000000,38784.000000000,38784.000000000,38784.000000000,1,YM
2024-06-10T10:36:27.000000000Z,32,1,80420,38784.000000000,38784.000000000,38784.000000000,38784.000000000,1,YM
2024-06-10T10:36:28.000000000Z,32,1,80420,38783.000000000,38783.000000000,38783.000000000,38783.000000000,2,YM
2024-06-10T10:36:29.000000000Z,32,1,80420,38781.000000000,38781.000000000,38781.000000000,38781.000000000,1,YM
2024-06-10T10:36:34.000000000Z,32,1,80420,38780.000000000,38780.000000000,38779.000000000,38780.000000000,8,YM
2024-06-10T10:36:37.000000000Z,32,1,80420,38780.000000000,38780.000000000,38780.000000000,38780.000000000,1,YM
2024-06-10T10:36:42.000000000Z,32,1,80420,38778.000000000,38778.000000000,38777.000000000,38777.000000000,6,YM
2024-06-10T10:36:43.000000000Z,32,1,80420,38776.000000000,38776.000000000,38775.000000000,38775.000000000,8,YM
2024-06-10T10:36:44.000000000Z,32,1,80420,38776.000000000,38777.000000000,38776.000000000,38777.000000000,6,YM
2024-06-10T10:36:46.000000000Z,32,1,80420,38778.000000000,38778.000000000,38778.000000000,38778.000000000,1,YM
2024-06-10T10:36:47.000000000Z,32,1,80420,38778.000000000,38778.000000000,38778.000000000,38778.000000000,2,YM
2024-06-10T10:36:50.000000000Z,32,1,80420,38778.000000000,38778.000000000,38778.000000000,38778.000000000,1,YM
2024-06-10T10:36:51.000000000Z,32,1,80420,38779.000000000,38779.000000000,38779.000000000,38779.000000000,1,YM
2024-06-10T10:36:54.000000000Z,32,1,80420,38779.000000000,38780.000000000,38779.000000000,38780.000000000,2,YM
2024-06-10T10:36:55.000000000Z,32,1,80420,38779.000000000,38779.000000000,38779.000000000,38779.000000000,1,YM
2024-06-10T10:37:04.000000000Z,32,1,80420,38777.000000000,38777.000000000,38777.000000000,38777.000000000,2,YM
2024-06-10T10:37:06.000000000Z,32,1,80420,38777.000000000,38778.000000000,38777.000000000,38778.000000000,5,YM
2024-06-10T10:37:27.000000000Z,32,1,80420,38777.000000000,38777.000000000,38777.000000000,38777.000000000,1,YM
2024-06-10T10:37:31.000000000Z,32,1,80420,38776.000000000,38776.000000000,38776.000000000,38776.000000000,1,YM
2024-06-10T10:37:37.000000000Z,32,1,80420,38776.000000000,38776.000000000,38776.000000000,38776.000000000,3,YM
2024-06-10T10:37:39.000000000Z,32,1,80420,38778.000000000,38778.000000000,38778.000000000,38778.000000000,1,YM
2024-06-10T10:37:40.000000000Z,32,1,80420,38779.000000000,38779.000000000,38779.000000000,38779.000000000,2,YM
2024-06-10T10:37:42.000000000Z,32,1,80420,38780.000000000,38780.000000000,38780.000000000,38780.000000000,2,YM
2024-06-10T10:38:00.000000000Z,32,1,80420,38778.000000000,38778.000000000,38777.000000000,38777.000000000,4,YM
2024-06-10T10:38:07.000000000Z,32,1,80420,38776.000000000,38776.000000000,38776.000000000,38776.000000000,1,YM
2024-06-10T10:38:10.000000000Z,32,1,80420,38775.000000000,38775.000000000,38774.000000000,38774.000000000,4,YM
2024-06-10T10:38:14.000000000Z,32,1,80420,38773.000000000,38773.000000000,38773.000000000,38773.000000000,1,YM
2024-06-10T10:38:15.000000000Z,32,1,80420,38773.000000000,38773.000000000,38773.000000000,38773.000000000,1,YM
2024-06-10T10:38:16.000000000Z,32,1,80420,38774.000000000,38774.000000000,38774.000000000,38774.000000000,3,YM
2024-06-10T10:38:22.000000000Z,32,1,80420,38774.000000000,38774.000000000,38774.000000000,38774.000000000,1,YM
2024-06-10T10:38:23.000000000Z,32,1,80420,38774.000000000,38774.000000000,38774.000000000,38774.000000000,1,YM
2024-06-10T10:38:25.000000000Z,32,1,80420,38774.000000000,38774.000000000,38774.000000000,38774.000000000,2,YM
2024-06-10T10:38:28.000000000Z,32,1,80420,38774.000000000,38774.000000000,38774.000000000,38774.000000000,1,YM
2024-06-10T10:38:33.000000000Z,32,1,80420,38771.000000000,38772.000000000,38770.000000000,38772.000000000,8,YM
2024-06-10T10:38:34.000000000Z,32,1,80420,38771.000000000,38771.000000000,38771.000000000,38771.000000000,1,YM
2024-06-10T10:38:36.000000000Z,32,1,80420,38772.000000000,38772.000000000,38772.000000000,38772.000000000,1,YM
2024-06-10T10:38:38.000000000Z,32,1,80420,38771.000000000,38771.000000000,38771.000000000,38771.000000000,4,YM
2024-06-10T10:38:40.000000000Z,32,1,80420,38772.000000000,38772.000000000,38772.000000000,38772.000000000,1,YM
2024-06-10T10:38:48.000000000Z,32,1,80420,38773.000000000,38774.000000000,38773.000000000,38774.000000000,5,YM
2024-06-10T10:38:49.000000000Z,32,1,80420,38774.000000000,38774.000000000,38772.000000000,38772.000000000,3,YM
2024-06-10T10:38:57.000000000Z,32,1,80420,38775.000000000,38775.000000000,38775.000000000,38775.000000000,2,YM
2024-06-10T10:39:02.000000000Z,32,1,80420,38776.000000000,38776.000000000,38776.000000000,38776.000000000,1,YM
2024-06-10T10:39:10.000000000Z,32,1,80420,38775.000000000,38775.000000000,38775.000000000,38775.000000000,2,YM
2024-06-10T10:39:13.000000000Z,32,1,80420,38775.000000000,38775.000000000,38775.000000000,38775.000000000,1,YM
2024-06-10T10:39:20.000000000Z,32,1,80420,38775.000000000,38775.000000000,38775.000000000,38775.000000000,2,YM
2024-06-10T10:39:37.000000000Z,32,1,80420,38772.000000000,38772.000000000,38772.000000000,38772.000000000,1,YM
2024-06-10T10:39:45.000000000Z,32,1,80420,38772.000000000,38772.000000000,38772.000000000,38772.000000000,1,YM
2024-06-10T10:39:50.000000000Z,32,1,80420,38770.000000000,38772.000000000,38770.000000000,38772.000000000,6,YM
2024-06-10T10:39:54.000000000Z,32,1,80420,38774.000000000,38774.000000000,38774.000000000,38774.000000000,1,YM
2024-06-10T10:39:58.000000000Z,32,1,80420,38774.000000000,38774.000000000,38774.000000000,38774.000000000,2,YM
2024-06-10T10:40:03.000000000Z,32,1,80420,38775.000000000,38775.000000000,38775.000000000,38775.000000000,2,YM
2024-06-10T10:40:12.000000000Z,32,1,80420,38774.000000000,38774.000000000,38774.000000000,38774.000000000,3,YM
2024-06-10T10:40:15.000000000Z,32,1,80420,38773.000000000,38773.000000000,38773.000000000,38773.000000000,2,YM
2024-06-10T10:40:17.000000000Z,32,1,80420,38775.000000000,38775.000000000,38775.000000000,38775.000000000,1,YM
2024-06-10T10:40:22.000000000Z,32,1,80420,38774.000000000,38774.000000000,38774.000000000,38774.000000000,1,YM
2024-06-10T10:40:29.000000000Z,32,1,80420,38772.000000000,38772.000000000,38772.000000000,38772.000000000,1,YM
2024-06-10T10:40:34.000000000Z,32,1,80420,38773.000000000,38773.000000000,38773.000000000,38773.000000000,1,YM
2024-06-10T10:40:41.000000000Z,32,1,80420,38774.000000000,38774.000000000,38774.000000000,38774.000000000,2,YM
2024-06-10T10:40:47.000000000Z,32,1,80420,38774.000000000,38774.000000000,38773.000000000,38774.000000000,6,YM
2024-06-10T10:40:48.000000000Z,32,1,80420,38774.000000000,38774.000000000,38772.000000000,38772.000000000,4,YM
2024-06-10T10:40:49.000000000Z,32,1,80420,38773.000000000,38773.000000000,38773.000000000,38773.000000000,1,YM
2024-06-10T10:40:55.000000000Z,32,1,80420,38773.000000000,38773.000000000,38773.000000000,38773.000000000,1,YM
2024-06-10T10:40:57.000000000Z,32,1,80420,38772.000000000,38773.000000000,38771.000000000,38773.000000000,8,YM
2024-06-10T10:41:00.000000000Z,32,1,80420,38772.000000000,38772.000000000,38772.000000000,38772.000000000,4,YM
2024-06-10T10:41:06.000000000Z,32,1,80420,38771.000000000,38771.000000000,38771.000000000,38771.000000000,1,YM
2024-06-10T10:41:07.000000000Z,32,1,80420,38774.000000000,38774.000000000,38774.000000000,38774.000000000,3,YM
2024-06-10T10:41:13.000000000Z,32,1,80420,38773.000000000,38773.000000000,38773.000000000,38773.000000000,1,YM
2024-06-10T10:41:19.000000000Z,32,1,80420,38773.000000000,38773.000000000,38773.000000000,38773.000000000,2,YM
2024-06-10T10:41:20.000000000Z,32,1,80420,38772.000000000,38773.000000000,38772.000000000,38773.000000000,5,YM
2024-06-10T10:41:23.000000000Z,32,1,80420,38775.000000000,38775.000000000,38774.000000000,38774.000000000,3,YM
2024-06-10T10:41:26.000000000Z,32,1,80420,38774.000000000,38774.000000000,38774.000000000,38774.000000000,4,YM
2024-06-10T10:41:27.000000000Z,32,1,80420,38775.000000000,38775.000000000,38775.000000000,38775.000000000,1,YM
2024-06-10T10:41:36.000000000Z,32,1,80420,38775.000000000,38775.000000000,38775.000000000,38775.000000000,2,YM
2024-06-10T10:41:43.000000000Z,32,1,80420,38775.000000000,38775.000000000,38773.000000000,38773.000000000,8,YM
2024-06-10T10:41:50.000000000Z,32,1,80420,38775.000000000,38775.000000000,38775.000000000,38775.000000000,1,YM
2024-06-10T10:41:55.000000000Z,32,1,80420,38774.000000000,38774.000000000,38774.000000000,38774.000000000,1,YM
2024-06-10T10:42:00.000000000Z,32,1,80420,38772.000000000,38773.000000000,38772.000000000,38773.000000000,5,YM
2024-06-10T10:42:02.000000000Z,32,1,80420,38771.000000000,38771.000000000,38771.000000000,38771.000000000,1,YM
2024-06-10T10:42:12.000000000Z,32,1,80420,38770.000000000,38770.000000000,38770.000000000,38770.000000000,10,YM
2024-06-10T10:42:20.000000000Z,32,1,80420,38769.000000000,38769.000000000,38769.000000000,38769.000000000,1,YM
2024-06-10T10:42:21.000000000Z,32,1,80420,38768.000000000,38768.000000000,38768.000000000,38768.000000000,4,YM
2024-06-10T10:42:23.000000000Z,32,1,80420,38767.000000000,38767.000000000,38766.000000000,38766.000000000,3,YM
2024-06-10T10:42:28.000000000Z,32,1,80420,38767.000000000,38769.000000000,38766.000000000,38769.000000000,33,YM
2024-06-10T10:42:31.000000000Z,32,1,80420,38768.000000000,38768.000000000,38768.000000000,38768.000000000,2,YM
2024-06-10T10:42:36.000000000Z,32,1,80420,38769.000000000,38769.000000000,38769.000000000,38769.000000000,1,YM
2024-06-10T10:42:40.000000000Z,32,1,80420,38769.000000000,38769.000000000,38769.000000000,38769.000000000,1,YM
2024-06-10T10:42:42.000000000Z,32,1,80420,38769.000000000,38769.000000000,38769.000000000,38769.000000000,1,YM
2024-06-10T10:42:48.000000000Z,32,1,80420,38770.000000000,38770.000000000,38770.000000000,38770.000000000,2,YM
2024-06-10T10:42:49.000000000Z,32,1,80420,38769.000000000,38771.000000000,38769.000000000,38771.000000000,5,YM
2024-06-10T10:42:59.000000000Z,32,1,80420,38773.000000000,38774.000000000,38773.000000000,38774.000000000,4,YM
2024-06-10T10:43:02.000000000Z,32,1,80420,38774.000000000,38774.000000000,38774.000000000,38774.000000000,1,YM
2024-06-10T10:43:17.000000000Z,32,1,80420,38775.000000000,38775.000000000,38775.000000000,38775.000000000,2,YM
2024-06-10T10:43:19.000000000Z,32,1,80420,38774.000000000,38774.000000000,38773.000000000,38773.000000000,6,YM
2024-06-10T10:43:20.000000000Z,32,1,80420,38774.000000000,38774.000000000,38774.000000000,38774.000000000,1,YM
2024-06-10T10:43:25.000000000Z,32,1,80420,38775.000000000,38775.000000000,38775.000000000,38775.000000000,1,YM
2024-06-10T10:43:34.000000000Z,32,1,80420,38777.000000000,38777.000000000,38777.000000000,38777.000000000,1,YM
2024-06-10T10:43:38.000000000Z,32,1,80420,38778.000000000,38778.000000000,38777.000000000,38777.000000000,2,YM
2024-06-10T10:43:39.000000000Z,32,1,80420,38778.000000000,38778.000000000,38778.000000000,38778.000000000,1,YM
2024-06-10T10:43:44.000000000Z,32,1,80420,38778.000000000,38778.000000000,38778.000000000,38778.000000000,2,YM
2024-06-10T10:43:45.000000000Z,32,1,80420,38777.000000000,38777.000000000,38777.000000000,38777.000000000,2,YM
2024-06-10T10:43:49.000000000Z,32,1,80420,38776.000000000,38776.000000000,38776.000000000,38776.000000000,3,YM
2024-06-10T10:43:50.000000000Z,32,1,80420,38776.000000000,38776.000000000,38776.000000000,38776.000000000,3,YM
2024-06-10T10:43:55.000000000Z,32,1,80420,38777.000000000,38777.000000000,38777.000000000,38777.000000000,1,YM
2024-06-10T10:43:58.000000000Z,32,1,80420,38778.000000000,38778.000000000,38778.000000000,38778.000000000,1,YM
2024-06-10T10:44:00.000000000Z,32,1,80420,38776.000000000,38776.000000000,38776.000000000,38776.000000000,3,YM
2024-06-10T10:44:05.000000000Z,32,1,80420,38778.000000000,38778.000000000,38778.000000000,38778.000000000,2,YM
2024-06-10T10:44:27.000000000Z,32,1,80420,38777.000000000,38777.000000000,38777.000000000,38777.000000000,2,YM
2024-06-10T10:44:32.000000000Z,32,1,80420,38775.000000000,38775.000000000,38775.000000000,38775.000000000,1,YM
2024-06-10T10:44:43.000000000Z,32,1,80420,38772.000000000,38772.000000000,38772.000000000,38772.000000000,1,YM
2024-06-10T10:44:48.000000000Z,32,1,80420,38772.000000000,38772.000000000,38772.000000000,38772.000000000,2,YM
2024-06-10T10:44:56.000000000Z,32,1,80420,38772.000000000,38772.000000000,38772.000000000,38772.000000000,1,YM
2024-06-10T10:45:00.000000000Z,32,1,80420,38773.000000000,38776.000000000,38773.000000000,38776.000000000,15,YM
2024-06-10T10:45:09.000000000Z,32,1,80420,38776.000000000,38776.000000000,38776.000000000,38776.000000000,1,YM
2024-06-10T10:45:11.000000000Z,32,1,80420,38774.000000000,38774.000000000,38774.000000000,38774.000000000,2,YM
2024-06-10T10:45:22.000000000Z,32,1,80420,38777.000000000,38778.000000000,38777.000000000,38778.000000000,2,YM
2024-06-10T10:45:29.000000000Z,32,1,80420,38780.000000000,38780.000000000,38780.000000000,38780.000000000,4,YM
2024-06-10T10:45:36.000000000Z,32,1,80420,38780.000000000,38780.000000000,38780.000000000,38780.000000000,2,YM
2024-06-10T10:45:39.000000000Z,32,1,80420,38779.000000000,38779.000000000,38779.000000000,38779.000000000,2,YM
2024-06-10T10:45:48.000000000Z,32,1,80420,38778.000000000,38778.000000000,38778.000000000,38778.000000000,4,YM
2024-06-10T10:45:50.000000000Z,32,1,80420,38778.000000000,38778.000000000,38778.000000000,38778.000000000,1,YM
2024-06-10T10:45:51.000000000Z,32,1,80420,38779.000000000,38780.000000000,38779.000000000,38780.000000000,4,YM
2024-06-10T10:46:00.000000000Z,32,1,80420,38780.000000000,38780.000000000,38778.000000000,38779.000000000,7,YM
2024-06-10T10:46:04.000000000Z,32,1,80420,38778.000000000,38778.000000000,38778.000000000,38778.000000000,4,YM
2024-06-10T10:46:10.000000000Z,32,1,80420,38780.000000000,38780.000000000,38780.000000000,38780.000000000,1,YM
2024-06-10T10:46:11.000000000Z,32,1,80420,38780.000000000,38780.000000000,38780.000000000,38780.000000000,2,YM
2024-06-10T10:46:14.000000000Z,32,1,80420,38780.000000000,38780.000000000,38780.000000000,38780.000000000,2,YM
2024-06-10T10:46:20.000000000Z,32,1,80420,38780.000000000,38780.000000000,38780.000000000,38780.000000000,1,YM
2024-06-10T10:46:23.000000000Z,32,1,80420,38780.000000000,38780.000000000,38780.000000000,38780.000000000,2,YM
2024-06-10T10:46:28.000000000Z,32,1,80420,38779.000000000,38783.000000000,38779.000000000,38783.000000000,29,YM
2024-06-10T10:46:30.000000000Z,32,1,80420,38784.000000000,38784.000000000,38784.000000000,38784.000000000,1,YM
2024-06-10T10:46:33.000000000Z,32,1,80420,38783.000000000,38783.000000000,38782.000000000,38782.000000000,3,YM
2024-06-10T10:46:35.000000000Z,32,1,80420,38780.000000000,38780.000000000,38780.000000000,38780.000000000,1,YM
2024-06-10T10:46:36.000000000Z,32,1,80420,38780.000000000,38780.000000000,38780.000000000,38780.000000000,1,YM
2024-06-10T10:46:37.000000000Z,32,1,80420,38781.000000000,38781.000000000,38781.000000000,38781.000000000,3,YM
2024-06-10T10:46:44.000000000Z,32,1,80420,38782.000000000,38782.000000000,38782.000000000,38782.000000000,1,YM
2024-06-10T10:46:55.000000000Z,32,1,80420,38783.000000000,38783.000000000,38783.000000000,38783.000000000,4,YM
2024-06-10T10:46:56.000000000Z,32,1,80420,38784.000000000,38784.000000000,38784.000000000,38784.000000000,2,YM
2024-06-10T10:47:01.000000000Z,32,1,80420,38784.000000000,38784.000000000,38784.000000000,38784.000000000,1,YM
2024-06-10T10:47:04.000000000Z,32,1,80420,38783.000000000,38783.000000000,38783.000000000,38783.000000000,1,YM
2024-06-10T10:47:06.000000000Z,32,1,80420,38784.000000000,38784.000000000,38784.000000000,38784.000000000,1,YM
2024-06-10T10:47:11.000000000Z,32,1,80420,38781.000000000,38781.000000000,38781.000000000,38781.000000000,5,YM
2024-06-10T10:47:15.000000000Z,32,1,80420,38780.000000000,38780.000000000,38780.000000000,38780.000000000,2,YM
2024-06-10T10:47:17.000000000Z,32,1,80420,38781.000000000,38781.000000000,38781.000000000,38781.000000000,1,YM
2024-06-10T10:47:25.000000000Z,32,1,80420,38781.000000000,38781.000000000,38781.000000000,38781.000000000,2,YM
2024-06-10T10:47:28.000000000Z,32,1,80420,38781.000000000,38781.000000000,38781.000000000,38781.000000000,2,YM
2024-06-10T10:47:29.000000000Z,32,1,80420,38781.000000000,38781.000000000,38781.000000000,38781.000000000,1,YM
2024-06-10T10:47:34.000000000Z,32,1,80420,38780.000000000,38780.000000000,38780.000000000,38780.000000000,1,YM
2024-06-10T10:47:36.000000000Z,32,1,80420,38782.000000000,38782.000000000,38781.000000000,38781.000000000,2,YM
2024-06-10T10:47:41.000000000Z,32,1,80420,38780.000000000,38780.000000000,38780.000000000,38780.000000000,2,YM
2024-06-10T10:47:42.000000000Z,32,1,80420,38780.000000000,38780.000000000,38780.000000000,38780.000000000,4,YM
2024-06-10T10:47:45.000000000Z,32,1,80420,38781.000000000,38781.000000000,38781.000000000,38781.000000000,2,YM
2024-06-10T10:47:58.000000000Z,32,1,80420,38780.000000000,38780.000000000,38780.000000000,38780.000000000,1,YM
2024-06-10T10:48:00.000000000Z,32,1,80420,38781.000000000,38781.000000000,38781.000000000,38781.000000000,2,YM
2024-06-10T10:48:03.000000000Z,32,1,80420,38781.000000000,38782.000000000,38781.000000000,38782.000000000,2,YM
2024-06-10T10:48:18.000000000Z,32,1,80420,38782.000000000,38782.000000000,38782.000000000,38782.000000000,1,YM
2024-06-10T10:48:29.000000000Z,32,1,80420,38782.000000000,38782.000000000,38782.000000000,38782.000000000,4,YM
2024-06-10T10:48:31.000000000Z,32,1,80420,38781.000000000,38781.000000000,38781.000000000,38781.000000000,1,YM
2024-06-10T10:48:41.000000000Z,32,1,80420,38781.000000000,38781.000000000,38781.000000000,38781.000000000,2,YM
2024-06-10T10:48:43.000000000Z,32,1,80420,38781.000000000,38781.000000000,38780.000000000,38780.000000000,3,YM
2024-06-10T10:48:45.000000000Z,32,1,80420,38779.000000000,38779.000000000,38779.000000000,38779.000000000,2,YM
2024-06-10T10:48:48.000000000Z,32,1,80420,38778.000000000,38778.000000000,38778.000000000,38778.000000000,1,YM
2024-06-10T10:49:00.000000000Z,32,1,80420,38779.000000000,38779.000000000,38778.000000000,38778.000000000,3,YM
2024-06-10T10:49:12.000000000Z,32,1,80420,38777.000000000,38777.000000000,38777.000000000,38777.000000000,1,YM
2024-06-10T10:49:24.000000000Z,32,1,80420,38778.000000000,38778.000000000,38778.000000000,38778.000000000,2,YM
2024-06-10T10:49:28.000000000Z,32,1,80420,38777.000000000,38777.000000000,38777.000000000,38777.000000000,1,YM
2024-06-10T10:49:40.000000000Z,32,1,80420,38775.000000000,38775.000000000,38775.000000000,38775.000000000,3,YM
2024-06-10T10:49:48.000000000Z,32,1,80420,38773.000000000,38774.000000000,38773.000000000,38774.000000000,6,YM
2024-06-10T10:49:54.000000000Z,32,1,80420,38774.000000000,38774.000000000,38774.000000000,38774.000000000,2,YM
2024-06-10T10:50:00.000000000Z,32,1,80420,38775.000000000,38775.000000000,38775.000000000,38775.000000000,3,YM
2024-06-10T10:50:13.000000000Z,32,1,80420,38777.000000000,38777.000000000,38777.000000000,38777.000000000,2,YM
2024-06-10T10:50:15.000000000Z,32,1,80420,38778.000000000,38778.000000000,38778.000000000,38778.000000000,1,YM
2024-06-10T10:50:20.000000000Z,32,1,80420,38778.000000000,38778.000000000,38778.000000000,38778.000000000,2,YM
2024-06-10T10:50:25.000000000Z,32,1,80420,38778.000000000,38778.000000000,38778.000000000,38778.000000000,3,YM
2024-06-10T10:50:30.000000000Z,32,1,80420,38778.000000000,38778.000000000,38778.000000000,38778.000000000,4,YM
2024-06-10T10:50:31.000000000Z,32,1,80420,38779.000000000,38779.000000000,38779.000000000,38779.000000000,2,YM
2024-06-10T10:50:36.000000000Z,32,1,80420,38779.000000000,38779.000000000,38779.000000000,38779.000000000,1,YM
2024-06-10T10:50:45.000000000Z,32,1,80420,38779.000000000,38779.000000000,38779.000000000,38779.000000000,2,YM
2024-06-10T10:50:47.000000000Z,32,1,80420,38778.000000000,38778.000000000,38778.000000000,38778.000000000,1,YM
2024-06-10T10:50:51.000000000Z,32,1,80420,38779.000000000,38779.000000000,38779.000000000,38779.000000000,1,YM
2024-06-10T10:50:56.000000000Z,32,1,80420,38779.000000000,38779.000000000,38779.000000000,38779.000000000,1,YM
2024-06-10T10:51:01.000000000Z,32,1,80420,38780.000000000,38780.000000000,38780.000000000,38780.000000000,4,YM
2024-06-10T10:51:02.000000000Z,32,1,80420,38780.000000000,38780.000000000,38780.000000000,38780.000000000,1,YM
2024-06-10T10:51:17.000000000Z,32,1,80420,38780.000000000,38781.000000000,38780.000000000,38781.000000000,9,YM
2024-06-10T10:51:21.000000000Z,32,1,80420,38781.000000000,38781.000000000,38781.000000000,38781.000000000,1,YM
2024-06-10T10:51:26.000000000Z,32,1,80420,38782.000000000,38782.000000000,38782.000000000,38782.000000000,6,YM
2024-06-10T10:51:31.000000000Z,32,1,80420,38782.000000000,38782.000000000,38782.000000000,38782.000000000,1,YM
2024-06-10T10:51:36.000000000Z,32,1,80420,38783.000000000,38783.000000000,38783.000000000,38783.000000000,3,YM
2024-06-10T10:51:38.000000000Z,32,1,80420,38784.000000000,38784.000000000,38784.000000000,38784.000000000,2,YM
2024-06-10T10:51:46.000000000Z,32,1,80420,38783.000000000,38783.000000000,38783.000000000,38783.000000000,1,YM
2024-06-10T10:51:58.000000000Z,32,1,80420,38783.000000000,38783.000000000,38783.000000000,38783.000000000,1,YM
2024-06-10T10:51:59.000000000Z,32,1,80420,38784.000000000,38784.000000000,38784.000000000,38784.000000000,1,YM
2024-06-10T10:52:00.000000000Z,32,1,80420,38784.000000000,38784.000000000,38784.000000000,38784.000000000,1,YM
2024-06-10T10:52:01.000000000Z,32,1,80420,38783.000000000,38783.000000000,38783.000000000,38783.000000000,3,YM
2024-06-10T10:52:03.000000000Z,32,1,80420,38783.000000000,38783.000000000,38783.000000000,38783.000000000,1,YM
2024-06-10T10:52:08.000000000Z,32,1,80420,38784.000000000,38784.000000000,38784.000000000,38784.000000000,2,YM
2024-06-10T10:52:10.000000000Z,32,1,80420,38784.000000000,38784.000000000,38784.000000000,38784.000000000,1,YM
2024-06-10T10:52:21.000000000Z,32,1,80420,38784.000000000,38784.000000000,38784.000000000,38784.000000000,1,YM
2024-06-10T10:52:23.000000000Z,32,1,80420,38784.000000000,38784.000000000,38784.000000000,38784.000000000,2,YM
2024-06-10T10:52:31.000000000Z,32,1,80420,38784.000000000,38784.000000000,38784.000000000,38784.000000000,2,YM
2024-06-10T10:52:32.000000000Z,32,1,80420,38783.000000000,38783.000000000,38780.000000000,38780.000000000,7,YM
2024-06-10T10:52:41.000000000Z,32,1,80420,38779.000000000,38779.000000000,38779.000000000,38779.000000000,3,YM
2024-06-10T10:52:46.000000000Z,32,1,80420,38776.000000000,38776.000000000,38776.000000000,38776.000000000,2,YM
2024-06-10T10:52:54.000000000Z,32,1,80420,38774.000000000,38774.000000000,38774.000000000,38774.000000000,1,YM
2024-06-10T10:52:55.000000000Z,32,1,80420,38773.000000000,38773.000000000,38773.000000000,38773.000000000,1,YM
2024-06-10T10:52:56.000000000Z,32,1,80420,38775.000000000,38776.000000000,38775.000000000,38776.000000000,8,YM
2024-06-10T10:52:57.000000000Z,32,1,80420,38776.000000000,38776.000000000,38776.000000000,38776.000000000,2,YM
2024-06-10T10:53:00.000000000Z,32,1,80420,38776.000000000,38776.000000000,38776.000000000,38776.000000000,1,YM
2024-06-10T10:53:01.000000000Z,32,1,80420,38776.000000000,38777.000000000,38776.000000000,38777.000000000,6,YM
2024-06-10T10:53:02.000000000Z,32,1,80420,38777.000000000,38777.000000000,38777.000000000,38777.000000000,1,YM
2024-06-10T10:53:03.000000000Z,32,1,80420,38777.000000000,38777.000000000,38777.000000000,38777.000000000,2,YM
2024-06-10T10:53:09.000000000Z,32,1,80420,38775.000000000,38775.000000000,38775.000000000,38775.000000000,1,YM
2024-06-10T10:53:14.000000000Z,32,1,80420,38776.000000000,38776.000000000,38776.000000000,38776.000000000,1,YM
2024-06-10T10:53:17.000000000Z,32,1,80420,38776.000000000,38776.000000000,38776.000000000,38776.000000000,3,YM
2024-06-10T10:53:23.000000000Z,32,1,80420,38775.000000000,38775.000000000,38775.000000000,38775.000000000,1,YM
2024-06-10T10:53:30.000000000Z,32,1,80420,38777.000000000,38777.000000000,38777.000000000,38777.000000000,1,YM
2024-06-10T10:53:38.000000000Z,32,1,80420,38778.000000000,38778.000000000,38778.000000000,38778.000000000,2,YM
2024-06-10T10:53:55.000000000Z,32,1,80420,38778.000000000,38778.000000000,38778.000000000,38778.000000000,2,YM
2024-06-10T10:54:06.000000000Z,32,1,80420,38776.000000000,38776.000000000,38776.000000000,38776.000000000,2,YM
2024-06-10T10:54:07.000000000Z,32,1,80420,38775.000000000,38775.000000000,38775.000000000,38775.000000000,1,YM
2024-06-10T10:54:09.000000000Z,32,1,80420,38775.000000000,38775.000000000,38775.000000000,38775.000000000,1,YM
2024-06-10T10:54:26.000000000Z,32,1,80420,38777.000000000,38777.000000000,38777.000000000,38777.000000000,1,YM
2024-06-10T10:54:38.000000000Z,32,1,80420,38776.000000000,38776.000000000,38776.000000000,38776.000000000,1,YM
2024-06-10T10:54:47.000000000Z,32,1,80420,38776.000000000,38776.000000000,38776.000000000,38776.000000000,1,YM
2024-06-10T10:54:51.000000000Z,32,1,80420,38776.000000000,38776.000000000,38776.000000000,38776.000000000,1,YM
2024-06-10T10:54:54.000000000Z,32,1,80420,38778.000000000,38778.000000000,38778.000000000,38778.000000000,2,YM
2024-06-10T10:54:55.000000000Z,32,1,80420,38779.000000000,38779.000000000,38779.000000000,38779.000000000,1,YM
2024-06-10T10:54:58.000000000Z,32,1,80420,38779.000000000,38779.000000000,38779.000000000,38779.000000000,1,YM
2024-06-10T10:55:01.000000000Z,32,1,80420,38780.000000000,38781.000000000,38780.000000000,38781.000000000,4,YM
2024-06-10T10:55:02.000000000Z,32,1,80420,38780.000000000,38780.000000000,38780.000000000,38780.000000000,2,YM
2024-06-10T10:55:28.000000000Z,32,1,80420,38781.000000000,38781.000000000,38781.000000000,38781.000000000,1,YM
2024-06-10T10:55:36.000000000Z,32,1,80420,38780.000000000,38780.000000000,38780.000000000,38780.000000000,2,YM
2024-06-10T10:55:37.000000000Z,32,1,80420,38781.000000000,38781.000000000,38781.000000000,38781.000000000,1,YM
2024-06-10T10:55:39.000000000Z,32,1,80420,38780.000000000,38780.000000000,38780.000000000,38780.000000000,1,YM
2024-06-10T10:55:47.000000000Z,32,1,80420,38778.000000000,38778.000000000,38778.000000000,38778.000000000,1,YM
2024-06-10T10:56:00.000000000Z,32,1,80420,38778.000000000,38778.000000000,38778.000000000,38778.000000000,1,YM
2024-06-10T10:56:03.000000000Z,32,1,80420,38779.000000000,38779.000000000,38779.000000000,38779.000000000,1,YM
2024-06-10T10:56:15.000000000Z,32,1,80420,38779.000000000,38779.000000000,38779.000000000,38779.000000000,1,YM
2024-06-10T10:56:33.000000000Z,32,1,80420,38778.000000000,38778.000000000,38778.000000000,38778.000000000,1,YM
2024-06-10T10:56:38.000000000Z,32,1,80420,38777.000000000,38777.000000000,38777.000000000,38777.000000000,2,YM
2024-06-10T10:57:01.000000000Z,32,1,80420,38776.000000000,38777.000000000,38775.000000000,38777.000000000,5,YM
2024-06-10T10:57:02.000000000Z,32,1,80420,38777.000000000,38777.000000000,38777.000000000,38777.000000000,3,YM
2024-06-10T10:57:13.000000000Z,32,1,80420,38775.000000000,38775.000000000,38775.000000000,38775.000000000,1,YM
2024-06-10T10:57:16.000000000Z,32,1,80420,38775.000000000,38775.000000000,38775.000000000,38775.000000000,1,YM
2024-06-10T10:57:23.000000000Z,32,1,80420,38776.000000000,38777.000000000,38776.000000000,38777.000000000,3,YM
2024-06-10T10:57:53.000000000Z,32,1,80420,38777.000000000,38777.000000000,38777.000000000,38777.000000000,1,YM
2024-06-10T10:57:56.000000000Z,32,1,80420,38777.000000000,38777.000000000,38777.000000000,38777.000000000,1,YM
2024-06-10T10:58:02.000000000Z,32,1,80420,38776.000000000,38776.000000000,38776.000000000,38776.000000000,1,YM
2024-06-10T10:58:09.000000000Z,32,1,80420,38777.000000000,38777.000000000,38777.000000000,38777.000000000,2,YM
2024-06-10T10:58:17.000000000Z,32,1,80420,38776.000000000,38776.000000000,38776.000000000,38776.000000000,2,YM
2024-06-10T10:58:24.000000000Z,32,1,80420,38776.000000000,38776.000000000,38776.000000000,38776.000000000,1,YM
2024-06-10T10:58:34.000000000Z,32,1,80420,38778.000000000,38778.000000000,38778.000000000,38778.000000000,1,YM
2024-06-10T10:59:06.000000000Z,32,1,80420,38777.000000000,38777.000000000,38777.000000000,38777.000000000,1,YM
2024-06-10T10:59:21.000000000Z,32,1,80420,38777.000000000,38777.000000000,38777.000000000,38777.000000000,1,YM
2024-06-10T10:59:29.000000000Z,32,1,80420,38777.000000000,38777.000000000,38777.000000000,38777.000000000,2,YM
2024-06-10T10:59:30.000000000Z,32,1,80420,38776.000000000,38776.000000000,38776.000000000,38776.000000000,1,YM
2024-06-10T10:59:32.000000000Z,32,1,80420,38776.000000000,38776.000000000,38776.000000000,38776.000000000,1,YM
2024-06-10T10:59:39.000000000Z,32,1,80420,38775.000000000,38775.000000000,38775.000000000,38775.000000000,1,YM
2024-06-10T10:59:41.000000000Z,32,1,80420,38774.000000000,38774.000000000,38774.000000000,38774.000000000,1,YM
2024-06-10T10:59:45.000000000Z,32,1,80420,38773.000000000,38773.000000000,38773.000000000,38773.000000000,1,YM
2024-06-10T10:59:47.000000000Z,32,1,80420,38773.000000000,38773.000000000,38773.000000000,38773.000000000,1,YM
2024-06-10T11:00:00.000000000Z,32,1,80420,38774.000000000,38775.000000000,38772.000000000,38772.000000000,22,YM
2024-06-10T11:00:01.000000000Z,32,1,80420,38773.000000000,38773.000000000,38771.000000000,38771.000000000,4,YM
2024-06-10T11:00:02.000000000Z,32,1,80420,38771.000000000,38771.000000000,38770.000000000,38770.000000000,2,YM
2024-06-10T11:00:03.000000000Z,32,1,80420,38770.000000000,38770.000000000,38770.000000000,38770.000000000,1,YM
2024-06-10T11:00:04.000000000Z,32,1,80420,38770.000000000,38771.000000000,38770.000000000,38770.000000000,3,YM
2024-06-10T11:00:18.000000000Z,32,1,80420,38770.000000000,38770.000000000,38770.000000000,38770.000000000,1,YM
2024-06-10T11:00:20.000000000Z,32,1,80420,38770.000000000,38770.000000000,38770.000000000,38770.000000000,3,YM
2024-06-10T11:00:47.000000000Z,32,1,80420,38775.000000000,38775.000000000,38775.000000000,38775.000000000,1,YM
2024-06-10T11:00:52.000000000Z,32,1,80420,38773.000000000,38773.000000000,38773.000000000,38773.000000000,1,YM
2024-06-10T11:01:00.000000000Z,32,1,80420,38772.000000000,38772.000000000,38772.000000000,38772.000000000,4,YM
2024-06-10T11:01:01.000000000Z,32,1,80420,38772.000000000,38772.000000000,38771.000000000,38771.000000000,8,YM
2024-06-10T11:01:02.000000000Z,32,1,80420,38771.000000000,38771.000000000,38770.000000000,38770.000000000,3,YM
2024-06-10T11:01:04.000000000Z,32,1,80420,38771.000000000,38771.000000000,38771.000000000,38771.000000000,2,YM
2024-06-10T11:01:10.000000000Z,32,1,80420,38775.000000000,38775.000000000,38775.000000000,38775.000000000,3,YM
2024-06-10T11:01:12.000000000Z,32,1,80420,38775.000000000,38775.000000000,38775.000000000,38775.000000000,1,YM
2024-06-10T11:01:14.000000000Z,32,1,80420,38774.000000000,38774.000000000,38774.000000000,38774.000000000,1,YM
2024-06-10T11:01:17.000000000Z,32,1,80420,38775.000000000,38775.000000000,38775.000000000,38775.000000000,2,YM
2024-06-10T11:01:22.000000000Z,32,1,80420,38773.000000000,38773.000000000,38773.000000000,38773.000000000,2,YM
2024-06-10T11:01:26.000000000Z,32,1,80420,38773.000000000,38773.000000000,38773.000000000,38773.000000000,2,YM
2024-06-10T11:01:42.000000000Z,32,1,80420,38775.000000000,38775.000000000,38775.000000000,38775.000000000,1,YM
2024-06-10T11:01:50.000000000Z,32,1,80420,38775.000000000,38775.000000000,38775.000000000,38775.000000000,1,YM
2024-06-10T11:02:00.000000000Z,32,1,80420,38775.000000000,38775.000000000,38774.000000000,38775.000000000,3,YM
2024-06-10T11:02:02.000000000Z,32,1,80420,38774.000000000,38774.000000000,38774.000000000,38774.000000000,1,YM
2024-06-10T11:02:04.000000000Z,32,1,80420,38773.000000000,38774.000000000,38773.000000000,38774.000000000,2,YM
2024-06-10T11:02:07.000000000Z,32,1,80420,38773.000000000,38773.000000000,38773.000000000,38773.000000000,1,YM
2024-06-10T11:02:09.000000000Z,32,1,80420,38772.000000000,38772.000000000,38772.000000000,38772.000000000,1,YM
2024-06-10T11:02:22.000000000Z,32,1,80420,38771.000000000,38771.000000000,38771.000000000,38771.000000000,2,YM
2024-06-10T11:02:33.000000000Z,32,1,80420,38771.000000000,38771.000000000,38771.000000000,38771.000000000,2,YM
2024-06-10T11:02:39.000000000Z,32,1,80420,38772.000000000,38772.000000000,38772.000000000,38772.000000000,2,YM
2024-06-10T11:02:42.000000000Z,32,1,80420,38772.000000000,38772.000000000,38772.000000000,38772.000000000,1,YM
2024-06-10T11:02:44.000000000Z,32,1,80420,38772.000000000,38772.000000000,38772.000000000,38772.000000000,1,YM
2024-06-10T11:02:59.000000000Z,32,1,80420,38773.000000000,38773.000000000,38773.000000000,38773.000000000,1,YM
2024-06-10T11:03:00.000000000Z,32,1,80420,38772.000000000,38772.000000000,38771.000000000,38771.000000000,2,YM
2024-06-10T11:03:01.000000000Z,32,1,80420,38771.000000000,38771.000000000,38771.000000000,38771.000000000,1,YM
2024-06-10T11:03:04.000000000Z,32,1,80420,38772.000000000,38772.000000000,38772.000000000,38772.000000000,2,YM
2024-06-10T11:03:06.000000000Z,32,1,80420,38773.000000000,38773.000000000,38772.000000000,38772.000000000,5,YM
2024-06-10T11:03:10.000000000Z,32,1,80420,38772.000000000,38772.000000000,38772.000000000,38772.000000000,3,YM
2024-06-10T11:03:11.000000000Z,32,1,80420,38771.000000000,38771.000000000,38771.000000000,38771.000000000,1,YM
2024-06-10T11:03:17.000000000Z,32,1,80420,38772.000000000,38772.000000000,38772.000000000,38772.000000000,1,YM
2024-06-10T11:03:22.000000000Z,32,1,80420,38772.000000000,38772.000000000,38772.000000000,38772.000000000,1,YM
2024-06-10T11:03:29.000000000Z,32,1,80420,38771.000000000,38771.000000000,38771.000000000,38771.000000000,1,YM
2024-06-10T11:03:32.000000000Z,32,1,80420,38772.000000000,38772.000000000,38772.000000000,38772.000000000,1,YM
2024-06-10T11:03:34.000000000Z,32,1,80420,38771.000000000,38774.000000000,38771.000000000,38774.000000000,6,YM
2024-06-10T11:03:36.000000000Z,32,1,80420,38775.000000000,38775.000000000,38775.000000000,38775.000000000,1,YM
2024-06-10T11:03:41.000000000Z,32,1,80420,38775.000000000,38775.000000000,38775.000000000,38775.000000000,1,YM
2024-06-10T11:03:52.000000000Z,32,1,80420,38776.000000000,38776.000000000,38776.000000000,38776.000000000,3,YM
2024-06-10T11:04:05.000000000Z,32,1,80420,38772.000000000,38772.000000000,38772.000000000,38772.000000000,26,YM
2024-06-10T11:04:08.000000000Z,32,1,80420,38770.000000000,38770.000000000,38770.000000000,38770.000000000,1,YM
2024-06-10T11:04:15.000000000Z,32,1,80420,38772.000000000,38772.000000000,38772.000000000,38772.000000000,1,YM
2024-06-10T11:04:49.000000000Z,32,1,80420,38771.000000000,38771.000000000,38771.000000000,38771.000000000,2,YM
2024-06-10T11:04:50.000000000Z,32,1,80420,38771.000000000,38771.000000000,38771.000000000,38771.000000000,1,YM
2024-06-10T11:04:58.000000000Z,32,1,80420,38772.000000000,38773.000000000,38772.000000000,38773.000000000,5,YM
2024-06-10T11:05:00.000000000Z,32,1,80420,38775.000000000,38775.000000000,38775.000000000,38775.000000000,3,YM
2024-06-10T11:05:01.000000000Z,32,1,80420,38776.000000000,38776.000000000,38776.000000000,38776.000000000,4,YM
2024-06-10T11:05:02.000000000Z,32,1,80420,38775.000000000,38776.000000000,38775.000000000,38776.000000000,3,YM
2024-06-10T11:05:04.000000000Z,32,1,80420,38775.000000000,38775.000000000,38775.000000000,38775.000000000,5,YM
2024-06-10T11:05:06.000000000Z,32,1,80420,38775.000000000,38775.000000000,38775.000000000,38775.000000000,1,YM
2024-06-10T11:05:08.000000000Z,32,1,80420,38776.000000000,38776.000000000,38776.000000000,38776.000000000,1,YM
2024-06-10T11:05:11.000000000Z,32,1,80420,38776.000000000,38776.000000000,38776.000000000,38776.000000000,1,YM
2024-06-10T11:05:17.000000000Z,32,1,80420,38775.000000000,38775.000000000,38775.000000000,38775.000000000,1,YM
2024-06-10T11:05:22.000000000Z,32,1,80420,38776.000000000,38778.000000000,38776.000000000,38778.000000000,2,YM
2024-06-10T11:05:24.000000000Z,32,1,80420,38780.000000000,38780.000000000,38780.000000000,38780.000000000,1,YM
2024-06-10T11:05:31.000000000Z,32,1,80420,38780.000000000,38780.000000000,38780.000000000,38780.000000000,1,YM
2024-06-10T11:05:39.000000000Z,32,1,80420,38780.000000000,38780.000000000,38780.000000000,38780.000000000,15,YM
2024-06-10T11:05:45.000000000Z,32,1,80420,38781.000000000,38781.000000000,38781.000000000,38781.000000000,4,YM
2024-06-10T11:05:46.000000000Z,32,1,80420,38782.000000000,38782.000000000,38782.000000000,38782.000000000,5,YM
2024-06-10T11:05:49.000000000Z,32,1,80420,38782.000000000,38782.000000000,38782.000000000,38782.000000000,1,YM
2024-06-10T11:05:56.000000000Z,32,1,80420,38782.000000000,38782.000000000,38782.000000000,38782.000000000,5,YM
2024-06-10T11:05:59.000000000Z,32,1,80420,38782.000000000,38782.000000000,38782.000000000,38782.000000000,1,YM
2024-06-10T11:06:00.000000000Z,32,1,80420,38781.000000000,38781.000000000,38781.000000000,38781.000000000,1,YM
2024-06-10T11:06:37.000000000Z,32,1,80420,38779.000000000,38779.000000000,38779.000000000,38779.000000000,3,YM
2024-06-10T11:06:52.000000000Z,32,1,80420,38781.000000000,38781.000000000,38781.000000000,38781.000000000,2,YM
2024-06-10T11:06:54.000000000Z,32,1,80420,38782.000000000,38783.000000000,38782.000000000,38783.000000000,3,YM
2024-06-10T11:06:55.000000000Z,32,1,80420,38784.000000000,38784.000000000,38784.000000000,38784.000000000,2,YM
2024-06-10T11:07:00.000000000Z,32,1,80420,38783.000000000,38783.000000000,38783.000000000,38783.000000000,3,YM
2024-06-10T11:07:01.000000000Z,32,1,80420,38781.000000000,38781.000000000,38781.000000000,38781.000000000,1,YM
2024-06-10T11:07:14.000000000Z,32,1,80420,38781.000000000,38781.000000000,38781.000000000,38781.000000000,1,YM
2024-06-10T11:07:45.000000000Z,32,1,80420,38783.000000000,38783.000000000,38783.000000000,38783.000000000,2,YM
2024-06-10T11:08:04.000000000Z,32,1,80420,38782.000000000,38782.000000000,38782.000000000,38782.000000000,1,YM
2024-06-10T11:08:09.000000000Z,32,1,80420,38782.000000000,38782.000000000,38782.000000000,38782.000000000,2,YM
2024-06-10T11:08:21.000000000Z,32,1,80420,38780.000000000,38780.000000000,38780.000000000,38780.000000000,2,YM
2024-06-10T11:08:33.000000000Z,32,1,80420,38781.000000000,38781.000000000,38781.000000000,38781.000000000,4,YM
2024-06-10T11:08:36.000000000Z,32,1,80420,38781.000000000,38781.000000000,38781.000000000,38781.000000000,1,YM
2024-06-10T11:08:46.000000000Z,32,1,80420,38780.000000000,38780.000000000,38780.000000000,38780.000000000,2,YM
2024-06-10T11:09:01.000000000Z,32,1,80420,38778.000000000,38778.000000000,38778.000000000,38778.000000000,2,YM
2024-06-10T11:09:20.000000000Z,32,1,80420,38780.000000000,38780.000000000,38780.000000000,38780.000000000,1,YM
2024-06-10T11:09:27.000000000Z,32,1,80420,38780.000000000,38780.000000000,38780.000000000,38780.000000000,1,YM
2024-06-10T11:09:39.000000000Z,32,1,80420,38779.000000000,38779.000000000,38779.000000000,38779.000000000,2,YM
2024-06-10T11:09:46.000000000Z,32,1,80420,38780.000000000,38780.000000000,38780.000000000,38780.000000000,2,YM
2024-06-10T11:09:54.000000000Z,32,1,80420,38780.000000000,38780.000000000,38780.000000000,38780.000000000,1,YM
2024-06-10T11:10:11.000000000Z,32,1,80420,38780.000000000,38780.000000000,38780.000000000,38780.000000000,1,YM
2024-06-10T11:10:22.000000000Z,32,1,80420,38781.000000000,38781.000000000,38781.000000000,38781.000000000,1,YM
2024-06-10T11:10:26.000000000Z,32,1,80420,38782.000000000,38782.000000000,38782.000000000,38782.000000000,1,YM
2024-06-10T11:11:00.000000000Z,32,1,80420,38780.000000000,38780.000000000,38780.000000000,38780.000000000,2,YM
2024-06-10T11:11:02.000000000Z,32,1,80420,38780.000000000,38780.000000000,38780.000000000,38780.000000000,1,YM
2024-06-10T11:11:13.000000000Z,32,1,80420,38779.000000000,38779.000000000,38779.000000000,38779.000000000,1,YM
2024-06-10T11:11:20.000000000Z,32,1,80420,38780.000000000,38780.000000000,38780.000000000,38780.000000000,1,YM
2024-06-10T11:11:27.000000000Z,32,1,80420,38782.000000000,38782.000000000,38782.000000000,38782.000000000,1,YM
2024-06-10T11:11:41.000000000Z,32,1,80420,38783.000000000,38783.000000000,38783.000000000,38783.000000000,1,YM
2024-06-10T11:11:43.000000000Z,32,1,80420,38783.000000000,38783.000000000,38783.000000000,38783.000000000,2,YM
2024-06-10T11:11:56.000000000Z,32,1,80420,38780.000000000,38780.000000000,38780.000000000,38780.000000000,2,YM
2024-06-10T11:11:59.000000000Z,32,1,80420,38781.000000000,38781.000000000,38781.000000000,38781.000000000,2,YM
2024-06-10T11:12:00.000000000Z,32,1,80420,38782.000000000,38782.000000000,38782.000000000,38782.000000000,1,YM
2024-06-10T11:12:13.000000000Z,32,1,80420,38784.000000000,38784.000000000,38784.000000000,38784.000000000,1,YM
2024-06-10T11:12:14.000000000Z,32,1,80420,38784.000000000,38784.000000000,38784.000000000,38784.000000000,5,YM
2024-06-10T11:12:19.000000000Z,32,1,80420,38785.000000000,38785.000000000,38785.000000000,38785.000000000,7,YM
2024-06-10T11:12:20.000000000Z,32,1,80420,38786.000000000,38787.000000000,38786.000000000,38787.000000000,6,YM
2024-06-10T11:12:25.000000000Z,32,1,80420,38786.000000000,38786.000000000,38786.000000000,38786.000000000,2,YM
2024-06-10T11:12:27.000000000Z,32,1,80420,38786.000000000,38787.000000000,38786.000000000,38787.000000000,3,YM
2024-06-10T11:12:38.000000000Z,32,1,80420,38788.000000000,38788.000000000,38788.000000000,38788.000000000,1,YM
2024-06-10T11:12:49.000000000Z,32,1,80420,38787.000000000,38787.000000000,38787.000000000,38787.000000000,1,YM
2024-06-10T11:12:51.000000000Z,32,1,80420,38787.000000000,38787.000000000,38787.000000000,38787.000000000,1,YM
2024-06-10T11:13:08.000000000Z,32,1,80420,38785.000000000,38785.000000000,38785.000000000,38785.000000000,1,YM
2024-06-10T11:13:09.000000000Z,32,1,80420,38786.000000000,38786.000000000,38786.000000000,38786.000000000,1,YM
2024-06-10T11:13:10.000000000Z,32,1,80420,38787.000000000,38787.000000000,38787.000000000,38787.000000000,1,YM
2024-06-10T11:13:13.000000000Z,32,1,80420,38787.000000000,38787.000000000,38787.000000000,38787.000000000,2,YM
2024-06-10T11:13:19.000000000Z,32,1,80420,38788.000000000,38788.000000000,38788.000000000,38788.000000000,1,YM
2024-06-10T11:13:20.000000000Z,32,1,80420,38789.000000000,38789.000000000,38789.000000000,38789.000000000,1,YM
2024-06-10T11:13:23.000000000Z,32,1,80420,38787.000000000,38787.000000000,38787.000000000,38787.000000000,1,YM
2024-06-10T11:13:29.000000000Z,32,1,80420,38786.000000000,38786.000000000,38786.000000000,38786.000000000,1,YM
2024-06-10T11:13:40.000000000Z,32,1,80420,38784.000000000,38784.000000000,38784.000000000,38784.000000000,1,YM
2024-06-10T11:13:53.000000000Z,32,1,80420,38785.000000000,38785.000000000,38785.000000000,38785.000000000,1,YM
2024-06-10T11:13:56.000000000Z,32,1,80420,38785.000000000,38785.000000000,38785.000000000,38785.000000000,1,YM
2024-06-10T11:14:00.000000000Z,32,1,80420,38784.000000000,38784.000000000,38784.000000000,38784.000000000,2,YM
2024-06-10T11:14:30.000000000Z,32,1,80420,38786.000000000,38786.000000000,38786.000000000,38786.000000000,1,YM
2024-06-10T11:14:31.000000000Z,32,1,80420,38787.000000000,38787.000000000,38787.000000000,38787.000000000,2,YM
2024-06-10T11:14:33.000000000Z,32,1,80420,38787.000000000,38787.000000000,38787.000000000,38787.000000000,1,YM
2024-06-10T11:14:42.000000000Z,32,1,80420,38787.000000000,38787.000000000,38787.000000000,38787.000000000,2,YM
2024-06-10T11:14:51.000000000Z,32,1,80420,38787.000000000,38787.000000000,38787.000000000,38787.000000000,1,YM
2024-06-10T11:15:00.000000000Z,32,1,80420,38788.000000000,38788.000000000,38787.000000000,38787.000000000,4,YM
2024-06-10T11:15:03.000000000Z,32,1,80420,38787.000000000,38787.000000000,38787.000000000,38787.000000000,1,YM
2024-06-10T11:15:04.000000000Z,32,1,80420,38789.000000000,38789.000000000,38789.000000000,38789.000000000,1,YM
2024-06-10T11:15:05.000000000Z,32,1,80420,38789.000000000,38790.000000000,38789.000000000,38790.000000000,7,YM
2024-06-10T11:15:15.000000000Z,32,1,80420,38790.000000000,38790.000000000,38790.000000000,38790.000000000,1,YM
2024-06-10T11:15:18.000000000Z,32,1,80420,38789.000000000,38789.000000000,38789.000000000,38789.000000000,2,YM
2024-06-10T11:15:21.000000000Z,32,1,80420,38790.000000000,38791.000000000,38790.000000000,38791.000000000,3,YM
2024-06-10T11:15:24.000000000Z,32,1,80420,38790.000000000,38790.000000000,38790.000000000,38790.000000000,2,YM
2024-06-10T11:15:30.000000000Z,32,1,80420,38789.000000000,38789.000000000,38789.000000000,38789.000000000,2,YM
2024-06-10T11:15:40.000000000Z,32,1,80420,38791.000000000,38791.000000000,38791.000000000,38791.000000000,1,YM
2024-06-10T11:16:00.000000000Z,32,1,80420,38790.000000000,38790.000000000,38790.000000000,38790.000000000,1,YM
2024-06-10T11:16:07.000000000Z,32,1,80420,38791.000000000,38791.000000000,38791.000000000,38791.000000000,2,YM
2024-06-10T11:16:11.000000000Z,32,1,80420,38790.000000000,38791.000000000,38790.000000000,38791.000000000,5,YM
2024-06-10T11:16:15.000000000Z,32,1,80420,38791.000000000,38791.000000000,38791.000000000,38791.000000000,1,YM
2024-06-10T11:16:20.000000000Z,32,1,80420,38792.000000000,38792.000000000,38792.000000000,38792.000000000,3,YM
2024-06-10T11:16:26.000000000Z,32,1,80420,38791.000000000,38791.000000000,38791.000000000,38791.000000000,4,YM
2024-06-10T11:16:29.000000000Z,32,1,80420,38790.000000000,38790.000000000,38790.000000000,38790.000000000,1,YM
2024-06-10T11:16:38.000000000Z,32,1,80420,38790.000000000,38790.000000000,38790.000000000,38790.000000000,1,YM
2024-06-10T11:16:49.000000000Z,32,1,80420,38790.000000000,38790.000000000,38790.000000000,38790.000000000,3,YM
2024-06-10T11:17:02.000000000Z,32,1,80420,38790.000000000,38790.000000000,38790.000000000,38790.000000000,1,YM
2024-06-10T11:17:06.000000000Z,32,1,80420,38791.000000000,38791.000000000,38791.000000000,38791.000000000,1,YM
2024-06-10T11:17:08.000000000Z,32,1,80420,38792.000000000,38792.000000000,38792.000000000,38792.000000000,1,YM
2024-06-10T11:17:15.000000000Z,32,1,80420,38793.000000000,38793.000000000,38793.000000000,38793.000000000,3,YM
2024-06-10T11:17:16.000000000Z,32,1,80420,38792.000000000,38792.000000000,38792.000000000,38792.000000000,1,YM
2024-06-10T11:17:17.000000000Z,32,1,80420,38793.000000000,38793.000000000,38793.000000000,38793.000000000,1,YM
2024-06-10T11:17:19.000000000Z,32,1,80420,38793.000000000,38793.000000000,38793.000000000,38793.000000000,1,YM
2024-06-10T11:17:20.000000000Z,32,1,80420,38793.000000000,38793.000000000,38792.000000000,38792.000000000,2,YM
2024-06-10T11:17:28.000000000Z,32,1,80420,38792.000000000,38792.000000000,38792.000000000,38792.000000000,3,YM
2024-06-10T11:17:31.000000000Z,32,1,80420,38792.000000000,38792.000000000,38792.000000000,38792.000000000,2,YM
2024-06-10T11:17:34.000000000Z,32,1,80420,38792.000000000,38794.000000000,38792.000000000,38794.000000000,10,YM
2024-06-10T11:17:35.000000000Z,32,1,80420,38794.000000000,38794.000000000,38794.000000000,38794.000000000,3,YM
2024-06-10T11:17:37.000000000Z,32,1,80420,38795.000000000,38795.000000000,38795.000000000,38795.000000000,5,YM
2024-06-10T11:17:42.000000000Z,32,1,80420,38793.000000000,38793.000000000,38793.000000000,38793.000000000,1,YM
2024-06-10T11:17:54.000000000Z,32,1,80420,38794.000000000,38794.000000000,38794.000000000,38794.000000000,1,YM
2024-06-10T11:18:03.000000000Z,32,1,80420,38795.000000000,38795.000000000,38795.000000000,38795.000000000,2,YM
2024-06-10T11:18:09.000000000Z,32,1,80420,38795.000000000,38795.000000000,38795.000000000,38795.000000000,2,YM
2024-06-10T11:18:12.000000000Z,32,1,80420,38796.000000000,38796.000000000,38796.000000000,38796.000000000,1,YM
2024-06-10T11:18:20.000000000Z,32,1,80420,38797.000000000,38797.000000000,38796.000000000,38796.000000000,4,YM
2024-06-10T11:18:21.000000000Z,32,1,80420,38796.000000000,38796.000000000,38796.000000000,38796.000000000,4,YM
2024-06-10T11:18:23.000000000Z,32,1,80420,38797.000000000,38797.000000000,38796.000000000,38796.000000000,16,YM
2024-06-10T11:18:30.000000000Z,32,1,80420,38798.000000000,38798.000000000,38796.000000000,38796.000000000,2,YM
2024-06-10T11:18:33.000000000Z,32,1,80420,38798.000000000,38798.000000000,38798.000000000,38798.000000000,4,YM
2024-06-10T11:18:35.000000000Z,32,1,80420,38799.000000000,38802.000000000,38799.000000000,38800.000000000,17,YM
2024-06-10T11:18:37.000000000Z,32,1,80420,38801.000000000,38801.000000000,38801.000000000,38801.000000000,2,YM
2024-06-10T11:18:47.000000000Z,32,1,80420,38800.000000000,38800.000000000,38800.000000000,38800.000000000,1,YM
2024-06-10T11:18:57.000000000Z,32,1,80420,38801.000000000,38801.000000000,38801.000000000,38801.000000000,2,YM
2024-06-10T11:19:02.000000000Z,32,1,80420,38800.000000000,38800.000000000,38800.000000000,38800.000000000,1,YM
2024-06-10T11:19:04.000000000Z,32,1,80420,38801.000000000,38801.000000000,38801.000000000,38801.000000000,3,YM
2024-06-10T11:19:05.000000000Z,32,1,80420,38802.000000000,38802.000000000,38802.000000000,38802.000000000,4,YM
2024-06-10T11:19:09.000000000Z,32,1,80420,38802.000000000,38802.000000000,38802.000000000,38802.000000000,2,YM
2024-06-10T11:19:12.000000000Z,32,1,80420,38801.000000000,38801.000000000,38801.000000000,38801.000000000,2,YM
2024-06-10T11:19:15.000000000Z,32,1,80420,38803.000000000,38803.000000000,38803.000000000,38803.000000000,1,YM
2024-06-10T11:19:16.000000000Z,32,1,80420,38803.000000000,38803.000000000,38803.000000000,38803.000000000,10,YM
2024-06-10T11:19:26.000000000Z,32,1,80420,38802.000000000,38802.000000000,38802.000000000,38802.000000000,2,YM
2024-06-10T11:19:29.000000000Z,32,1,80420,38803.000000000,38803.000000000,38803.000000000,38803.000000000,3,YM
2024-06-10T11:19:31.000000000Z,32,1,80420,38803.000000000,38803.000000000,38803.000000000,38803.000000000,1,YM
2024-06-10T11:19:33.000000000Z,32,1,80420,38804.000000000,38805.000000000,38804.000000000,38805.000000000,3,YM
2024-06-10T11:19:34.000000000Z,32,1,80420,38805.000000000,38805.000000000,38805.000000000,38805.000000000,1,YM
2024-06-10T11:19:35.000000000Z,32,1,80420,38805.000000000,38806.000000000,38805.000000000,38806.000000000,2,YM
2024-06-10T11:19:36.000000000Z,32,1,80420,38804.000000000,38804.000000000,38804.000000000,38804.000000000,2,YM
2024-06-10T11:19:38.000000000Z,32,1,80420,38803.000000000,38803.000000000,38803.000000000,38803.000000000,1,YM
2024-06-10T11:19:40.000000000Z,32,1,80420,38802.000000000,38802.000000000,38801.000000000,38801.000000000,2,YM
2024-06-10T11:19:42.000000000Z,32,1,80420,38803.000000000,38803.000000000,38803.000000000,38803.000000000,1,YM
2024-06-10T11:19:54.000000000Z,32,1,80420,38800.000000000,38800.000000000,38800.000000000,38800.000000000,3,YM
2024-06-10T11:20:02.000000000Z,32,1,80420,38801.000000000,38801.000000000,38801.000000000,38801.000000000,1,YM
2024-06-10T11:20:03.000000000Z,32,1,80420,38802.000000000,38802.000000000,38802.000000000,38802.000000000,1,YM
2024-06-10T11:20:08.000000000Z,32,1,80420,38802.000000000,38802.000000000,38802.000000000,38802.000000000,4,YM
2024-06-10T11:20:09.000000000Z,32,1,80420,38801.000000000,38802.000000000,38801.000000000,38802.000000000,3,YM
2024-06-10T11:20:10.000000000Z,32,1,80420,38802.000000000,38802.000000000,38802.000000000,38802.000000000,1,YM
2024-06-10T11:20:18.000000000Z,32,1,80420,38802.000000000,38802.000000000,38802.000000000,38802.000000000,1,YM
2024-06-10T11:20:19.000000000Z,32,1,80420,38801.000000000,38801.000000000,38801.000000000,38801.000000000,2,YM
2024-06-10T11:20:20.000000000Z,32,1,80420,38802.000000000,38802.000000000,38802.000000000,38802.000000000,1,YM
2024-06-10T11:20:24.000000000Z,32,1,80420,38803.000000000,38803.000000000,38803.000000000,38803.000000000,2,YM
2024-06-10T11:20:27.000000000Z,32,1,80420,38802.000000000,38802.000000000,38802.000000000,38802.000000000,1,YM
2024-06-10T11:20:29.000000000Z,32,1,80420,38801.000000000,38801.000000000,38801.000000000,38801.000000000,1,YM
2024-06-10T11:20:30.000000000Z,32,1,80420,38801.000000000,38801.000000000,38801.000000000,38801.000000000,1,YM
2024-06-10T11:20:31.000000000Z,32,1,80420,38802.000000000,38802.000000000,38802.000000000,38802.000000000,2,YM
2024-06-10T11:20:53.000000000Z,32,1,80420,38801.000000000,38801.000000000,38801.000000000,38801.000000000,2,YM
2024-06-10T11:21:17.000000000Z,32,1,80420,38802.000000000,38802.000000000,38801.000000000,38801.000000000,4,YM
2024-06-10T11:21:31.000000000Z,32,1,80420,38801.000000000,38801.000000000,38801.000000000,38801.000000000,6,YM
2024-06-10T11:22:03.000000000Z,32,1,80420,38801.000000000,38801.000000000,38801.000000000,38801.000000000,2,YM
2024-06-10T11:22:07.000000000Z,32,1,80420,38801.000000000,38801.000000000,38801.000000000,38801.000000000,2,YM
2024-06-10T11:22:09.000000000Z,32,1,80420,38801.000000000,38801.000000000,38801.000000000,38801.000000000,1,YM
2024-06-10T11:22:15.000000000Z,32,1,80420,38800.000000000,38800.000000000,38800.000000000,38800.000000000,1,YM
2024-06-10T11:22:20.000000000Z,32,1,80420,38803.000000000,38803.000000000,38803.000000000,38803.000000000,1,YM
2024-06-10T11:22:21.000000000Z,32,1,80420,38802.000000000,38802.000000000,38802.000000000,38802.000000000,1,YM
2024-06-10T11:22:24.000000000Z,32,1,80420,38803.000000000,38803.000000000,38803.000000000,38803.000000000,4,YM
2024-06-10T11:22:30.000000000Z,32,1,80420,38803.000000000,38803.000000000,38803.000000000,38803.000000000,2,YM
2024-06-10T11:22:33.000000000Z,32,1,80420,38804.000000000,38805.000000000,38804.000000000,38805.000000000,5,YM
2024-06-10T11:22:39.000000000Z,32,1,80420,38804.000000000,38804.000000000,38804.000000000,38804.000000000,1,YM
2024-06-10T11:22:40.000000000Z,32,1,80420,38805.000000000,38805.000000000,38805.000000000,38805.000000000,3,YM
2024-06-10T11:22:52.000000000Z,32,1,80420,38804.000000000,38804.000000000,38804.000000000,38804.000000000,2,YM
2024-06-10T11:23:07.000000000Z,32,1,80420,38805.000000000,38805.000000000,38805.000000000,38805.000000000,2,YM
2024-06-10T11:23:16.000000000Z,32,1,80420,38805.000000000,38805.000000000,38805.000000000,38805.000000000,4,YM
2024-06-10T11:23:20.000000000Z,32,1,80420,38805.000000000,38805.000000000,38805.000000000,38805.000000000,1,YM
2024-06-10T11:23:21.000000000Z,32,1,80420,38805.000000000,38805.000000000,38805.000000000,38805.000000000,2,YM
2024-06-10T11:23:30.000000000Z,32,1,80420,38804.000000000,38804.000000000,38804.000000000,38804.000000000,2,YM
2024-06-10T11:23:32.000000000Z,32,1,80420,38803.000000000,38803.000000000,38803.000000000,38803.000000000,1,YM
2024-06-10T11:23:36.000000000Z,32,1,80420,38802.000000000,38802.000000000,38802.000000000,38802.000000000,3,YM
2024-06-10T11:23:40.000000000Z,32,1,80420,38803.000000000,38803.000000000,38803.000000000,38803.000000000,1,YM
2024-06-10T11:23:47.000000000Z,32,1,80420,38803.000000000,38803.000000000,38803.000000000,38803.000000000,2,YM
2024-06-10T11:23:50.000000000Z,32,1,80420,38805.000000000,38805.000000000,38805.000000000,38805.000000000,2,YM
2024-06-10T11:24:11.000000000Z,32,1,80420,38807.000000000,38807.000000000,38807.000000000,38807.000000000,1,YM
2024-06-10T11:24:19.000000000Z,32,1,80420,38807.000000000,38807.000000000,38807.000000000,38807.000000000,1,YM
2024-06-10T11:24:24.000000000Z,32,1,80420,38806.000000000,38806.000000000,38806.000000000,38806.000000000,2,YM
2024-06-10T11:24:26.000000000Z,32,1,80420,38807.000000000,38807.000000000,38807.000000000,38807.000000000,1,YM
2024-06-10T11:24:27.000000000Z,32,1,80420,38808.000000000,38808.000000000,38808.000000000,38808.000000000,2,YM
2024-06-10T11:24:31.000000000Z,32,1,80420,38809.000000000,38809.000000000,38809.000000000,38809.000000000,1,YM
2024-06-10T11:24:42.000000000Z,32,1,80420,38808.000000000,38808.000000000,38808.000000000,38808.000000000,2,YM
2024-06-10T11:24:47.000000000Z,32,1,80420,38809.000000000,38809.000000000,38809.000000000,38809.000000000,1,YM
2024-06-10T11:24:55.000000000Z,32,1,80420,38808.000000000,38808.000000000,38808.000000000,38808.000000000,3,YM
2024-06-10T11:25:10.000000000Z,32,1,80420,38807.000000000,38807.000000000,38807.000000000,38807.000000000,3,YM
2024-06-10T11:25:17.000000000Z,32,1,80420,38807.000000000,38807.000000000,38805.000000000,38806.000000000,22,YM
2024-06-10T11:25:18.000000000Z,32,1,80420,38807.000000000,38807.000000000,38807.000000000,38807.000000000,4,YM
2024-06-10T11:25:20.000000000Z,32,1,80420,38808.000000000,38808.000000000,38808.000000000,38808.000000000,3,YM
2024-06-10T11:25:22.000000000Z,32,1,80420,38809.000000000,38809.000000000,38808.000000000,38809.000000000,5,YM
2024-06-10T11:25:23.000000000Z,32,1,80420,38808.000000000,38808.000000000,38808.000000000,38808.000000000,1,YM
2024-06-10T11:25:35.000000000Z,32,1,80420,38807.000000000,38807.000000000,38806.000000000,38806.000000000,12,YM
2024-06-10T11:25:37.000000000Z,32,1,80420,38806.000000000,38807.000000000,38806.000000000,38807.000000000,2,YM
2024-06-10T11:25:48.000000000Z,32,1,80420,38804.000000000,38804.000000000,38804.000000000,38804.000000000,3,YM
2024-06-10T11:25:55.000000000Z,32,1,80420,38805.000000000,38805.000000000,38805.000000000,38805.000000000,2,YM
2024-06-10T11:26:00.000000000Z,32,1,80420,38804.000000000,38804.000000000,38803.000000000,38803.000000000,5,YM
2024-06-10T11:26:11.000000000Z,32,1,80420,38802.000000000,38802.000000000,38801.000000000,38801.000000000,3,YM
2024-06-10T11:26:12.000000000Z,32,1,80420,38803.000000000,38803.000000000,38803.000000000,38803.000000000,2,YM
2024-06-10T11:26:14.000000000Z,32,1,80420,38803.000000000,38803.000000000,38803.000000000,38803.000000000,1,YM
2024-06-10T11:26:17.000000000Z,32,1,80420,38804.000000000,38804.000000000,38804.000000000,38804.000000000,1,YM
2024-06-10T11:26:20.000000000Z,32,1,80420,38805.000000000,38805.000000000,38804.000000000,38804.000000000,2,YM
2024-06-10T11:26:27.000000000Z,32,1,80420,38805.000000000,38805.000000000,38805.000000000,38805.000000000,2,YM
2024-06-10T11:26:32.000000000Z,32,1,80420,38806.000000000,38806.000000000,38806.000000000,38806.000000000,2,YM
2024-06-10T11:26:35.000000000Z,32,1,80420,38806.000000000,38806.000000000,38806.000000000,38806.000000000,1,YM
2024-06-10T11:26:58.000000000Z,32,1,80420,38806.000000000,38806.000000000,38806.000000000,38806.000000000,2,YM
2024-06-10T11:27:00.000000000Z,32,1,80420,38806.000000000,38806.000000000,38806.000000000,38806.000000000,1,YM
2024-06-10T11:27:01.000000000Z,32,1,80420,38807.000000000,38808.000000000,38807.000000000,38808.000000000,3,YM
2024-06-10T11:27:02.000000000Z,32,1,80420,38807.000000000,38807.000000000,38807.000000000,38807.000000000,1,YM
2024-06-10T11:27:03.000000000Z,32,1,80420,38807.000000000,38807.000000000,38807.000000000,38807.000000000,2,YM
2024-06-10T11:27:07.000000000Z,32,1,80420,38808.000000000,38808.000000000,38808.000000000,38808.000000000,1,YM
2024-06-10T11:27:17.000000000Z,32,1,80420,38808.000000000,38808.000000000,38808.000000000,38808.000000000,1,YM
2024-06-10T11:27:20.000000000Z,32,1,80420,38809.000000000,38809.000000000,38808.000000000,38808.000000000,5,YM
2024-06-10T11:27:38.000000000Z,32,1,80420,38809.000000000,38810.000000000,38809.000000000,38810.000000000,2,YM
2024-06-10T11:27:42.000000000Z,32,1,80420,38810.000000000,38810.000000000,38810.000000000,38810.000000000,2,YM
2024-06-10T11:27:45.000000000Z,32,1,80420,38809.000000000,38809.000000000,38809.000000000,38809.000000000,2,YM
2024-06-10T11:27:55.000000000Z,32,1,80420,38810.000000000,38810.000000000,38810.000000000,38810.000000000,2,YM
2024-06-10T11:28:12.000000000Z,32,1,80420,38809.000000000,38809.000000000,38809.000000000,38809.000000000,1,YM
2024-06-10T11:28:20.000000000Z,32,1,80420,38809.000000000,38809.000000000,38809.000000000,38809.000000000,1,YM
2024-06-10T11:28:30.000000000Z,32,1,80420,38810.000000000,38810.000000000,38809.000000000,38809.000000000,2,YM
2024-06-10T11:28:31.000000000Z,32,1,80420,38810.000000000,38810.000000000,38810.000000000,38810.000000000,1,YM
2024-06-10T11:28:40.000000000Z,32,1,80420,38809.000000000,38809.000000000,38809.000000000,38809.000000000,3,YM
2024-06-10T11:29:03.000000000Z,32,1,80420,38810.000000000,38810.000000000,38810.000000000,38810.000000000,1,YM
2024-06-10T11:29:07.000000000Z,32,1,80420,38810.000000000,38811.000000000,38810.000000000,38811.000000000,7,YM
2024-06-10T11:29:09.000000000Z,32,1,80420,38811.000000000,38811.000000000,38811.000000000,38811.000000000,1,YM
2024-06-10T11:29:10.000000000Z,32,1,80420,38810.000000000,38810.000000000,38809.000000000,38810.000000000,21,YM
2024-06-10T11:29:20.000000000Z,32,1,80420,38810.000000000,38810.000000000,38810.000000000,38810.000000000,1,YM
2024-06-10T11:29:45.000000000Z,32,1,80420,38811.000000000,38811.000000000,38811.000000000,38811.000000000,1,YM
2024-06-10T11:29:50.000000000Z,32,1,80420,38811.000000000,38811.000000000,38811.000000000,38811.000000000,3,YM
2024-06-10T11:30:00.000000000Z,32,1,80420,38811.000000000,38811.000000000,38811.000000000,38811.000000000,3,YM
2024-06-10T11:30:01.000000000Z,32,1,80420,38811.000000000,38811.000000000,38811.000000000,38811.000000000,1,YM
2024-06-10T11:30:06.000000000Z,32,1,80420,38812.000000000,38812.000000000,38812.000000000,38812.000000000,3,YM
2024-06-10T11:30:15.000000000Z,32,1,80420,38812.000000000,38812.000000000,38812.000000000,38812.000000000,1,YM
2024-06-10T11:30:20.000000000Z,32,1,80420,38812.000000000,38812.000000000,38812.000000000,38812.000000000,2,YM
2024-06-10T11:30:25.000000000Z,32,1,80420,38812.000000000,38812.000000000,38812.000000000,38812.000000000,1,YM
2024-06-10T11:30:33.000000000Z,32,1,80420,38810.000000000,38810.000000000,38810.000000000,38810.000000000,2,YM
2024-06-10T11:30:34.000000000Z,32,1,80420,38811.000000000,38811.000000000,38811.000000000,38811.000000000,1,YM
2024-06-10T11:30:38.000000000Z,32,1,80420,38811.000000000,38811.000000000,38810.000000000,38810.000000000,4,YM
2024-06-10T11:30:44.000000000Z,32,1,80420,38809.000000000,38809.000000000,38809.000000000,38809.000000000,1,YM
2024-06-10T11:30:45.000000000Z,32,1,80420,38810.000000000,38810.000000000,38810.000000000,38810.000000000,2,YM
2024-06-10T11:30:51.000000000Z,32,1,80420,38809.000000000,38809.000000000,38809.000000000,38809.000000000,2,YM
2024-06-10T11:30:53.000000000Z,32,1,80420,38808.000000000,38808.000000000,38808.000000000,38808.000000000,1,YM
2024-06-10T11:31:00.000000000Z,32,1,80420,38808.000000000,38808.000000000,38808.000000000,38808.000000000,2,YM
2024-06-10T11:31:06.000000000Z,32,1,80420,38810.000000000,38810.000000000,38810.000000000,38810.000000000,1,YM
2024-06-10T11:31:21.000000000Z,32,1,80420,38811.000000000,38811.000000000,38811.000000000,38811.000000000,1,YM
2024-06-10T11:31:36.000000000Z,32,1,80420,38810.000000000,38810.000000000,38810.000000000,38810.000000000,2,YM
2024-06-10T11:31:38.000000000Z,32,1,80420,38811.000000000,38811.000000000,38811.000000000,38811.000000000,1,YM
2024-06-10T11:31:46.000000000Z,32,1,80420,38811.000000000,38811.000000000,38811.000000000,38811.000000000,1,YM
2024-06-10T11:31:49.000000000Z,32,1,80420,38811.000000000,38811.000000000,38811.000000000,38811.000000000,3,YM
2024-06-10T11:31:53.000000000Z,32,1,80420,38811.000000000,38811.000000000,38811.000000000,38811.000000000,1,YM
2024-06-10T11:31:57.000000000Z,32,1,80420,38810.000000000,38810.000000000,38810.000000000,38810.000000000,1,YM
2024-06-10T11:31:59.000000000Z,32,1,80420,38811.000000000,38811.000000000,38811.000000000,38811.000000000,1,YM
2024-06-10T11:32:00.000000000Z,32,1,80420,38811.000000000,38811.000000000,38811.000000000,38811.000000000,1,YM
2024-06-10T11:32:02.000000000Z,32,1,80420,38809.000000000,38809.000000000,38809.000000000,38809.000000000,1,YM
2024-06-10T11:32:08.000000000Z,32,1,80420,38810.000000000,38810.000000000,38810.000000000,38810.000000000,2,YM
2024-06-10T11:32:09.000000000Z,32,1,80420,38810.000000000,38810.000000000,38809.000000000,38809.000000000,4,YM
2024-06-10T11:32:15.000000000Z,32,1,80420,38810.000000000,38810.000000000,38810.000000000,38810.000000000,3,YM
2024-06-10T11:32:21.000000000Z,32,1,80420,38811.000000000,38811.000000000,38811.000000000,38811.000000000,1,YM
2024-06-10T11:32:26.000000000Z,32,1,80420,38811.000000000,38811.000000000,38811.000000000,38811.000000000,1,YM
2024-06-10T11:32:29.000000000Z,32,1,80420,38809.000000000,38809.000000000,38808.000000000,38808.000000000,4,YM
2024-06-10T11:32:31.000000000Z,32,1,80420,38808.000000000,38808.000000000,38807.000000000,38807.000000000,3,YM
2024-06-10T11:32:36.000000000Z,32,1,80420,38807.000000000,38807.000000000,38807.000000000,38807.000000000,1,YM
2024-06-10T11:32:37.000000000Z,32,1,80420,38806.000000000,38806.000000000,38806.000000000,38806.000000000,1,YM
2024-06-10T11:32:43.000000000Z,32,1,80420,38806.000000000,38806.000000000,38806.000000000,38806.000000000,2,YM
2024-06-10T11:32:50.000000000Z,32,1,80420,38806.000000000,38806.000000000,38806.000000000,38806.000000000,1,YM
2024-06-10T11:32:55.000000000Z,32,1,80420,38807.000000000,38807.000000000,38807.000000000,38807.000000000,2,YM
2024-06-10T11:32:56.000000000Z,32,1,80420,38806.000000000,38806.000000000,38806.000000000,38806.000000000,2,YM
2024-06-10T11:32:57.000000000Z,32,1,80420,38806.000000000,38806.000000000,38806.000000000,38806.000000000,1,YM
2024-06-10T11:33:00.000000000Z,32,1,80420,38806.000000000,38806.000000000,38806.000000000,38806.000000000,1,YM
2024-06-10T11:33:02.000000000Z,32,1,80420,38806.000000000,38806.000000000,38806.000000000,38806.000000000,1,YM
2024-06-10T11:33:04.000000000Z,32,1,80420,38806.000000000,38807.000000000,38806.000000000,38807.000000000,2,YM
2024-06-10T11:33:07.000000000Z,32,1,80420,38806.000000000,38806.000000000,38806.000000000,38806.000000000,1,YM
2024-06-10T11:33:08.000000000Z,32,1,80420,38806.000000000,38806.000000000,38806.000000000,38806.000000000,2,YM
2024-06-10T11:33:09.000000000Z,32,1,80420,38806.000000000,38806.000000000,38806.000000000,38806.000000000,1,YM
2024-06-10T11:33:11.000000000Z,32,1,80420,38806.000000000,38806.000000000,38806.000000000,38806.000000000,1,YM
2024-06-10T11:33:19.000000000Z,32,1,80420,38807.000000000,38807.000000000,38807.000000000,38807.000000000,1,YM
2024-06-10T11:33:20.000000000Z,32,1,80420,38807.000000000,38808.000000000,38807.000000000,38808.000000000,6,YM
2024-06-10T11:33:21.000000000Z,32,1,80420,38808.000000000,38808.000000000,38808.000000000,38808.000000000,1,YM
2024-06-10T11:33:22.000000000Z,32,1,80420,38809.000000000,38809.000000000,38809.000000000,38809.000000000,2,YM
2024-06-10T11:33:23.000000000Z,32,1,80420,38809.000000000,38809.000000000,38809.000000000,38809.000000000,1,YM
2024-06-10T11:33:37.000000000Z,32,1,80420,38809.000000000,38811.000000000,38809.000000000,38811.000000000,9,YM
2024-06-10T11:33:42.000000000Z,32,1,80420,38812.000000000,38812.000000000,38812.000000000,38812.000000000,5,YM
2024-06-10T11:33:43.000000000Z,32,1,80420,38812.000000000,38812.000000000,38812.000000000,38812.000000000,1,YM
2024-06-10T11:33:47.000000000Z,32,1,80420,38813.000000000,38814.000000000,38813.000000000,38814.000000000,12,YM
2024-06-10T11:33:48.000000000Z,32,1,80420,38815.000000000,38815.000000000,38815.000000000,38815.000000000,1,YM
2024-06-10T11:33:50.000000000Z,32,1,80420,38814.000000000,38814.000000000,38814.000000000,38814.000000000,1,YM
2024-06-10T11:33:52.000000000Z,32,1,80420,38813.000000000,38813.000000000,38813.000000000,38813.000000000,2,YM
2024-06-10T11:33:58.000000000Z,32,1,80420,38814.000000000,38814.000000000,38814.000000000,38814.000000000,1,YM
2024-06-10T11:33:59.000000000Z,32,1,80420,38815.000000000,38815.000000000,38815.000000000,38815.000000000,1,YM
2024-06-10T11:34:00.000000000Z,32,1,80420,38816.000000000,38817.000000000,38816.000000000,38817.000000000,5,YM
2024-06-10T11:34:01.000000000Z,32,1,80420,38816.000000000,38816.000000000,38816.000000000,38816.000000000,1,YM
2024-06-10T11:34:06.000000000Z,32,1,80420,38817.000000000,38817.000000000,38817.000000000,38817.000000000,2,YM
2024-06-10T11:34:09.000000000Z,32,1,80420,38818.000000000,38818.000000000,38818.000000000,38818.000000000,3,YM
2024-06-10T11:34:10.000000000Z,32,1,80420,38819.000000000,38819.000000000,38819.000000000,38819.000000000,1,YM
2024-06-10T11:34:20.000000000Z,32,1,80420,38819.000000000,38819.000000000,38819.000000000,38819.000000000,1,YM
2024-06-10T11:34:23.000000000Z,32,1,80420,38818.000000000,38818.000000000,38818.000000000,38818.000000000,4,YM
2024-06-10T11:34:29.000000000Z,32,1,80420,38816.000000000,38816.000000000,38816.000000000,38816.000000000,6,YM
2024-06-10T11:34:30.000000000Z,32,1,80420,38817.000000000,38817.000000000,38817.000000000,38817.000000000,1,YM
2024-06-10T11:34:32.000000000Z,32,1,80420,38817.000000000,38817.000000000,38817.000000000,38817.000000000,1,YM
2024-06-10T11:34:41.000000000Z,32,1,80420,38815.000000000,38815.000000000,38815.000000000,38815.000000000,1,YM
2024-06-10T11:34:44.000000000Z,32,1,80420,38815.000000000,38815.000000000,38815.000000000,38815.000000000,1,YM
2024-06-10T11:34:45.000000000Z,32,1,80420,38816.000000000,38817.000000000,38816.000000000,38817.000000000,8,YM
2024-06-10T11:34:48.000000000Z,32,1,80420,38818.000000000,38818.000000000,38818.000000000,38818.000000000,1,YM
2024-06-10T11:34:49.000000000Z,32,1,80420,38819.000000000,38819.000000000,38819.000000000,38819.000000000,5,YM
2024-06-10T11:34:51.000000000Z,32,1,80420,38820.000000000,38820.000000000,38820.000000000,38820.000000000,1,YM
2024-06-10T11:34:59.000000000Z,32,1,80420,38818.000000000,38818.000000000,38818.000000000,38818.000000000,1,YM
2024-06-10T11:35:00.000000000Z,32,1,80420,38818.000000000,38819.000000000,38818.000000000,38818.000000000,4,YM
2024-06-10T11:35:07.000000000Z,32,1,80420,38818.000000000,38818.000000000,38818.000000000,38818.000000000,3,YM
2024-06-10T11:35:11.000000000Z,32,1,80420,38816.000000000,38816.000000000,38816.000000000,38816.000000000,1,YM
2024-06-10T11:35:16.000000000Z,32,1,80420,38816.000000000,38816.000000000,38816.000000000,38816.000000000,1,YM
2024-06-10T11:35:17.000000000Z,32,1,80420,38815.000000000,38815.000000000,38815.000000000,38815.000000000,1,YM
2024-06-10T11:35:18.000000000Z,32,1,80420,38814.000000000,38814.000000000,38814.000000000,38814.000000000,1,YM
2024-06-10T11:35:22.000000000Z,32,1,80420,38814.000000000,38814.000000000,38814.000000000,38814.000000000,8,YM
2024-06-10T11:35:25.000000000Z,32,1,80420,38814.000000000,38814.000000000,38814.000000000,38814.000000000,3,YM
2024-06-10T11:35:27.000000000Z,32,1,80420,38814.000000000,38814.000000000,38813.000000000,38813.000000000,7,YM
2024-06-10T11:35:28.000000000Z,32,1,80420,38813.000000000,38813.000000000,38813.000000000,38813.000000000,2,YM
2024-06-10T11:35:30.000000000Z,32,1,80420,38814.000000000,38814.000000000,38814.000000000,38814.000000000,1,YM
2024-06-10T11:35:35.000000000Z,32,1,80420,38814.000000000,38814.000000000,38814.000000000,38814.000000000,4,YM
2024-06-10T11:35:38.000000000Z,32,1,80420,38813.000000000,38813.000000000,38813.000000000,38813.000000000,2,YM
2024-06-10T11:35:39.000000000Z,32,1,80420,38813.000000000,38813.000000000,38813.000000000,38813.000000000,1,YM
2024-06-10T11:35:41.000000000Z,32,1,80420,38812.000000000,38812.000000000,38808.000000000,38808.000000000,28,YM
2024-06-10T11:35:49.000000000Z,32,1,80420,38807.000000000,38807.000000000,38806.000000000,38806.000000000,6,YM
2024-06-10T11:35:50.000000000Z,32,1,80420,38805.000000000,38806.000000000,38805.000000000,38805.000000000,5,YM
2024-06-10T11:35:52.000000000Z,32,1,80420,38806.000000000,38806.000000000,38806.000000000,38806.000000000,1,YM
2024-06-10T11:35:55.000000000Z,32,1,80420,38807.000000000,38808.000000000,38807.000000000,38808.000000000,3,YM
2024-06-10T11:35:56.000000000Z,32,1,80420,38808.000000000,38808.000000000,38808.000000000,38808.000000000,3,YM
2024-06-10T11:35:59.000000000Z,32,1,80420,38808.000000000,38808.000000000,38808.000000000,38808.000000000,1,YM
2024-06-10T11:36:02.000000000Z,32,1,80420,38809.000000000,38809.000000000,38809.000000000,38809.000000000,1,YM
2024-06-10T11:36:04.000000000Z,32,1,80420,38809.000000000,38809.000000000,38808.000000000,38808.000000000,7,YM
2024-06-10T11:36:05.000000000Z,32,1,80420,38808.000000000,38808.000000000,38808.000000000,38808.000000000,1,YM
2024-06-10T11:36:09.000000000Z,32,1,80420,38809.000000000,38809.000000000,38808.000000000,38808.000000000,4,YM
2024-06-10T11:36:20.000000000Z,32,1,80420,38811.000000000,38811.000000000,38811.000000000,38811.000000000,1,YM
2024-06-10T11:36:26.000000000Z,32,1,80420,38811.000000000,38811.000000000,38811.000000000,38811.000000000,3,YM
2024-06-10T11:36:30.000000000Z,32,1,80420,38811.000000000,38811.000000000,38811.000000000,38811.000000000,1,YM
2024-06-10T11:36:33.000000000Z,32,1,80420,38810.000000000,38810.000000000,38810.000000000,38810.000000000,1,YM
2024-06-10T11:36:40.000000000Z,32,1,80420,38810.000000000,38810.000000000,38810.000000000,38810.000000000,3,YM
2024-06-10T11:36:51.000000000Z,32,1,80420,38810.000000000,38810.000000000,38810.000000000,38810.000000000,4,YM
2024-06-10T11:36:52.000000000Z,32,1,80420,38811.000000000,38811.000000000,38811.000000000,38811.000000000,2,YM
2024-06-10T11:36:54.000000000Z,32,1,80420,38811.000000000,38812.000000000,38811.000000000,38812.000000000,4,YM
2024-06-10T11:36:57.000000000Z,32,1,80420,38812.000000000,38812.000000000,38812.000000000,38812.000000000,2,YM
2024-06-10T11:37:01.000000000Z,32,1,80420,38812.000000000,38812.000000000,38812.000000000,38812.000000000,1,YM
2024-06-10T11:37:07.000000000Z,32,1,80420,38810.000000000,38810.000000000,38810.000000000,38810.000000000,8,YM
2024-06-10T11:37:08.000000000Z,32,1,80420,38810.000000000,38810.000000000,38810.000000000,38810.000000000,1,YM
2024-06-10T11:37:09.000000000Z,32,1,80420,38812.000000000,38812.000000000,38812.000000000,38812.000000000,1,YM
2024-06-10T11:37:28.000000000Z,32,1,80420,38811.000000000,38811.000000000,38811.000000000,38811.000000000,1,YM
2024-06-10T11:37:44.000000000Z,32,1,80420,38812.000000000,38812.000000000,38812.000000000,38812.000000000,2,YM
2024-06-10T11:37:45.000000000Z,32,1,80420,38812.000000000,38812.000000000,38812.000000000,38812.000000000,1,YM
2024-06-10T11:38:00.000000000Z,32,1,80420,38812.000000000,38812.000000000,38812.000000000,38812.000000000,1,YM
2024-06-10T11:38:05.000000000Z,32,1,80420,38811.000000000,38811.000000000,38811.000000000,38811.000000000,3,YM
2024-06-10T11:38:11.000000000Z,32,1,80420,38811.000000000,38811.000000000,38811.000000000,38811.000000000,3,YM
2024-06-10T11:38:18.000000000Z,32,1,80420,38811.000000000,38811.000000000,38811.000000000,38811.000000000,2,YM
2024-06-10T11:38:19.000000000Z,32,1,80420,38811.000000000,38811.000000000,38811.000000000,38811.000000000,2,YM
2024-06-10T11:38:20.000000000Z,32,1,80420,38812.000000000,38812.000000000,38812.000000000,38812.000000000,1,YM
2024-06-10T11:38:23.000000000Z,32,1,80420,38812.000000000,38812.000000000,38812.000000000,38812.000000000,3,YM
2024-06-10T11:38:28.000000000Z,32,1,80420,38811.000000000,38811.000000000,38811.000000000,38811.000000000,2,YM
2024-06-10T11:38:33.000000000Z,32,1,80420,38810.000000000,38810.000000000,38810.000000000,38810.000000000,1,YM
2024-06-10T11:38:39.000000000Z,32,1,80420,38811.000000000,38811.000000000,38811.000000000,38811.000000000,1,YM
2024-06-10T11:38:40.000000000Z,32,1,80420,38811.000000000,38811.000000000,38811.000000000,38811.000000000,1,YM
2024-06-10T11:38:41.000000000Z,32,1,80420,38810.000000000,38810.000000000,38810.000000000,38810.000000000,3,YM
2024-06-10T11:38:45.000000000Z,32,1,80420,38810.000000000,38810.000000000,38810.000000000,38810.000000000,2,YM
2024-06-10T11:38:52.000000000Z,32,1,80420,38809.000000000,38809.000000000,38809.000000000,38809.000000000,2,YM
2024-06-10T11:38:57.000000000Z,32,1,80420,38807.000000000,38807.000000000,38807.000000000,38807.000000000,1,YM
2024-06-10T11:38:59.000000000Z,32,1,80420,38806.000000000,38806.000000000,38806.000000000,38806.000000000,2,YM
2024-06-10T11:39:00.000000000Z,32,1,80420,38806.000000000,38807.000000000,38806.000000000,38807.000000000,6,YM
2024-06-10T11:39:11.000000000Z,32,1,80420,38808.000000000,38808.000000000,38808.000000000,38808.000000000,1,YM
2024-06-10T11:39:18.000000000Z,32,1,80420,38807.000000000,38807.000000000,38807.000000000,38807.000000000,3,YM
2024-06-10T11:39:21.000000000Z,32,1,80420,38808.000000000,38808.000000000,38808.000000000,38808.000000000,1,YM
2024-06-10T11:39:23.000000000Z,32,1,80420,38808.000000000,38811.000000000,38808.000000000,38809.000000000,20,YM
2024-06-10T11:39:26.000000000Z,32,1,80420,38810.000000000,38810.000000000,38810.000000000,38810.000000000,1,YM
2024-06-10T11:39:36.000000000Z,32,1,80420,38807.000000000,38807.000000000,38807.000000000,38807.000000000,1,YM
2024-06-10T11:39:37.000000000Z,32,1,80420,38808.000000000,38808.000000000,38808.000000000,38808.000000000,1,YM
2024-06-10T11:39:39.000000000Z,32,1,80420,38807.000000000,38807.000000000,38807.000000000,38807.000000000,3,YM
2024-06-10T11:39:40.000000000Z,32,1,80420,38807.000000000,38807.000000000,38807.000000000,38807.000000000,1,YM
2024-06-10T11:39:41.000000000Z,32,1,80420,38808.000000000,38808.000000000,38808.000000000,38808.000000000,1,YM
2024-06-10T11:39:46.000000000Z,32,1,80420,38808.000000000,38809.000000000,38808.000000000,38809.000000000,2,YM
2024-06-10T11:39:52.000000000Z,32,1,80420,38807.000000000,38807.000000000,38807.000000000,38807.000000000,1,YM
2024-06-10T11:40:01.000000000Z,32,1,80420,38808.000000000,38808.000000000,38808.000000000,38808.000000000,1,YM
2024-06-10T11:40:11.000000000Z,32,1,80420,38807.000000000,38807.000000000,38807.000000000,38807.000000000,2,YM
2024-06-10T11:40:16.000000000Z,32,1,80420,38807.000000000,38807.000000000,38807.000000000,38807.000000000,2,YM
2024-06-10T11:40:22.000000000Z,32,1,80420,38808.000000000,38808.000000000,38808.000000000,38808.000000000,1,YM
2024-06-10T11:40:23.000000000Z,32,1,80420,38806.000000000,38806.000000000,38806.000000000,38806.000000000,1,YM
2024-06-10T11:40:30.000000000Z,32,1,80420,38806.000000000,38806.000000000,38806.000000000,38806.000000000,1,YM
2024-06-10T11:40:42.000000000Z,32,1,80420,38807.000000000,38807.000000000,38807.000000000,38807.000000000,1,YM
2024-06-10T11:41:04.000000000Z,32,1,80420,38806.000000000,38806.000000000,38806.000000000,38806.000000000,2,YM
2024-06-10T11:41:13.000000000Z,32,1,80420,38808.000000000,38808.000000000,38808.000000000,38808.000000000,1,YM
2024-06-10T11:41:19.000000000Z,32,1,80420,38805.000000000,38805.000000000,38805.000000000,38805.000000000,3,YM
2024-06-10T11:41:20.000000000Z,32,1,80420,38805.000000000,38806.000000000,38803.000000000,38803.000000000,10,YM
2024-06-10T11:41:22.000000000Z,32,1,80420,38803.000000000,38803.000000000,38803.000000000,38803.000000000,1,YM
2024-06-10T11:41:27.000000000Z,32,1,80420,38804.000000000,38804.000000000,38804.000000000,38804.000000000,2,YM
2024-06-10T11:41:41.000000000Z,32,1,80420,38802.000000000,38802.000000000,38802.000000000,38802.000000000,1,YM
2024-06-10T11:41:42.000000000Z,32,1,80420,38802.000000000,38802.000000000,38802.000000000,38802.000000000,2,YM
2024-06-10T11:41:44.000000000Z,32,1,80420,38801.000000000,38801.000000000,38801.000000000,38801.000000000,1,YM
2024-06-10T11:41:49.000000000Z,32,1,80420,38801.000000000,38801.000000000,38801.000000000,38801.000000000,1,YM
2024-06-10T11:41:51.000000000Z,32,1,80420,38802.000000000,38802.000000000,38802.000000000,38802.000000000,2,YM
2024-06-10T11:41:55.000000000Z,32,1,80420,38803.000000000,38803.000000000,38803.000000000,38803.000000000,1,YM
2024-06-10T11:41:56.000000000Z,32,1,80420,38803.000000000,38803.000000000,38803.000000000,38803.000000000,1,YM
2024-06-10T11:42:03.000000000Z,32,1,80420,38804.000000000,38804.000000000,38804.000000000,38804.000000000,1,YM
2024-06-10T11:42:05.000000000Z,32,1,80420,38805.000000000,38805.000000000,38804.000000000,38804.000000000,3,YM
2024-06-10T11:42:07.000000000Z,32,1,80420,38805.000000000,38806.000000000,38805.000000000,38806.000000000,2,YM
2024-06-10T11:42:10.000000000Z,32,1,80420,38806.000000000,38806.000000000,38806.000000000,38806.000000000,1,YM
2024-06-10T11:42:13.000000000Z,32,1,80420,38807.000000000,38807.000000000,38807.000000000,38807.000000000,1,YM
2024-06-10T11:42:20.000000000Z,32,1,80420,38808.000000000,38808.000000000,38808.000000000,38808.000000000,1,YM
2024-06-10T11:42:30.000000000Z,32,1,80420,38807.000000000,38807.000000000,38807.000000000,38807.000000000,1,YM
2024-06-10T11:42:33.000000000Z,32,1,80420,38806.000000000,38806.000000000,38806.000000000,38806.000000000,2,YM
2024-06-10T11:42:35.000000000Z,32,1,80420,38806.000000000,38806.000000000,38806.000000000,38806.000000000,2,YM
2024-06-10T11:42:36.000000000Z,32,1,80420,38806.000000000,38806.000000000,38806.000000000,38806.000000000,1,YM
2024-06-10T11:42:45.000000000Z,32,1,80420,38806.000000000,38806.000000000,38806.000000000,38806.000000000,1,YM
2024-06-10T11:43:10.000000000Z,32,1,80420,38806.000000000,38806.000000000,38806.000000000,38806.000000000,2,YM
2024-06-10T11:43:20.000000000Z,32,1,80420,38807.000000000,38807.000000000,38807.000000000,38807.000000000,1,YM
2024-06-10T11:43:21.000000000Z,32,1,80420,38806.000000000,38806.000000000,38806.000000000,38806.000000000,1,YM
2024-06-10T11:43:26.000000000Z,32,1,80420,38808.000000000,38808.000000000,38808.000000000,38808.000000000,1,YM
2024-06-10T11:43:34.000000000Z,32,1,80420,38809.000000000,38809.000000000,38809.000000000,38809.000000000,1,YM
2024-06-10T11:43:36.000000000Z,32,1,80420,38808.000000000,38808.000000000,38808.000000000,38808.000000000,1,YM
2024-06-10T11:43:38.000000000Z,32,1,80420,38809.000000000,38809.000000000,38809.000000000,38809.000000000,1,YM
2024-06-10T11:44:00.000000000Z,32,1,80420,38806.000000000,38806.000000000,38806.000000000,38806.000000000,1,YM
2024-06-10T11:44:24.000000000Z,32,1,80420,38805.000000000,38805.000000000,38805.000000000,38805.000000000,2,YM
2024-06-10T11:44:54.000000000Z,32,1,80420,38805.000000000,38805.000000000,38805.000000000,38805.000000000,1,YM
2024-06-10T11:45:00.000000000Z,32,1,80420,38805.000000000,38805.000000000,38805.000000000,38805.000000000,1,YM
2024-06-10T11:45:06.000000000Z,32,1,80420,38805.000000000,38805.000000000,38805.000000000,38805.000000000,1,YM
2024-06-10T11:45:20.000000000Z,32,1,80420,38806.000000000,38806.000000000,38806.000000000,38806.000000000,1,YM
2024-06-10T11:45:23.000000000Z,32,1,80420,38806.000000000,38806.000000000,38806.000000000,38806.000000000,1,YM
2024-06-10T11:45:26.000000000Z,32,1,80420,38806.000000000,38806.000000000,38804.000000000,38804.000000000,6,YM
2024-06-10T11:45:27.000000000Z,32,1,80420,38804.000000000,38804.000000000,38799.000000000,38799.000000000,20,YM
2024-06-10T11:45:28.000000000Z,32,1,80420,38799.000000000,38799.000000000,38799.000000000,38799.000000000,2,YM
2024-06-10T11:45:31.000000000Z,32,1,80420,38799.000000000,38800.000000000,38799.000000000,38800.000000000,6,YM
2024-06-10T11:45:32.000000000Z,32,1,80420,38800.000000000,38801.000000000,38800.000000000,38801.000000000,2,YM
2024-06-10T11:45:34.000000000Z,32,1,80420,38799.000000000,38799.000000000,38799.000000000,38799.000000000,2,YM
2024-06-10T11:45:35.000000000Z,32,1,80420,38799.000000000,38799.000000000,38799.000000000,38799.000000000,1,YM
2024-06-10T11:45:37.000000000Z,32,1,80420,38797.000000000,38798.000000000,38797.000000000,38798.000000000,3,YM
2024-06-10T11:45:39.000000000Z,32,1,80420,38798.000000000,38798.000000000,38796.000000000,38797.000000000,6,YM
2024-06-10T11:45:40.000000000Z,32,1,80420,38797.000000000,38797.000000000,38796.000000000,38796.000000000,2,YM
2024-06-10T11:45:41.000000000Z,32,1,80420,38797.000000000,38797.000000000,38797.000000000,38797.000000000,5,YM
2024-06-10T11:45:45.000000000Z,32,1,80420,38797.000000000,38798.000000000,38797.000000000,38798.000000000,4,YM
2024-06-10T11:45:52.000000000Z,32,1,80420,38796.000000000,38796.000000000,38796.000000000,38796.000000000,2,YM
2024-06-10T11:45:55.000000000Z,32,1,80420,38795.000000000,38795.000000000,38795.000000000,38795.000000000,1,YM
2024-06-10T11:45:57.000000000Z,32,1,80420,38796.000000000,38796.000000000,38796.000000000,38796.000000000,1,YM
2024-06-10T11:46:00.000000000Z,32,1,80420,38797.000000000,38797.000000000,38797.000000000,38797.000000000,1,YM
2024-06-10T11:46:01.000000000Z,32,1,80420,38798.000000000,38799.000000000,38798.000000000,38799.000000000,4,YM
2024-06-10T11:46:02.000000000Z,32,1,80420,38799.000000000,38800.000000000,38798.000000000,38799.000000000,7,YM
2024-06-10T11:46:11.000000000Z,32,1,80420,38799.000000000,38799.000000000,38798.000000000,38798.000000000,7,YM
2024-06-10T11:46:13.000000000Z,32,1,80420,38798.000000000,38798.000000000,38797.000000000,38797.000000000,2,YM
2024-06-10T11:46:14.000000000Z,32,1,80420,38798.000000000,38798.000000000,38798.000000000,38798.000000000,2,YM
2024-06-10T11:46:21.000000000Z,32,1,80420,38799.000000000,38799.000000000,38798.000000000,38798.000000000,2,YM
2024-06-10T11:46:32.000000000Z,32,1,80420,38798.000000000,38798.000000000,38798.000000000,38798.000000000,3,YM
2024-06-10T11:46:37.000000000Z,32,1,80420,38799.000000000,38799.000000000,38799.000000000,38799.000000000,2,YM
2024-06-10T11:46:46.000000000Z,32,1,80420,38799.000000000,38799.000000000,38799.000000000,38799.000000000,1,YM
2024-06-10T11:46:49.000000000Z,32,1,80420,38798.000000000,38799.000000000,38798.000000000,38799.000000000,5,YM
2024-06-10T11:46:50.000000000Z,32,1,80420,38799.000000000,38800.000000000,38799.000000000,38800.000000000,7,YM
2024-06-10T11:46:52.000000000Z,32,1,80420,38802.000000000,38802.000000000,38802.000000000,38802.000000000,1,YM
2024-06-10T11:46:55.000000000Z,32,1,80420,38802.000000000,38806.000000000,38802.000000000,38805.000000000,22,YM
2024-06-10T11:46:56.000000000Z,32,1,80420,38805.000000000,38806.000000000,38805.000000000,38806.000000000,7,YM
2024-06-10T11:47:00.000000000Z,32,1,80420,38803.000000000,38803.000000000,38803.000000000,38803.000000000,1,YM
2024-06-10T11:47:04.000000000Z,32,1,80420,38802.000000000,38802.000000000,38801.000000000,38801.000000000,4,YM
2024-06-10T11:47:05.000000000Z,32,1,80420,38802.000000000,38803.000000000,38802.000000000,38803.000000000,4,YM
2024-06-10T11:47:08.000000000Z,32,1,80420,38804.000000000,38804.000000000,38804.000000000,38804.000000000,1,YM
2024-06-10T11:47:09.000000000Z,32,1,80420,38805.000000000,38805.000000000,38804.000000000,38804.000000000,2,YM
2024-06-10T11:47:10.000000000Z,32,1,80420,38804.000000000,38804.000000000,38804.000000000,38804.000000000,1,YM
2024-06-10T11:47:13.000000000Z,32,1,80420,38804.000000000,38804.000000000,38804.000000000,38804.000000000,1,YM
2024-06-10T11:47:18.000000000Z,32,1,80420,38803.000000000,38803.000000000,38803.000000000,38803.000000000,1,YM
2024-06-10T11:47:20.000000000Z,32,1,80420,38805.000000000,38805.000000000,38805.000000000,38805.000000000,1,YM
2024-06-10T11:47:23.000000000Z,32,1,80420,38802.000000000,38802.000000000,38802.000000000,38802.000000000,2,YM
2024-06-10T11:47:25.000000000Z,32,1,80420,38803.000000000,38803.000000000,38802.000000000,38803.000000000,5,YM
2024-06-10T11:47:37.000000000Z,32,1,80420,38805.000000000,38806.000000000,38805.000000000,38806.000000000,2,YM
2024-06-10T11:47:38.000000000Z,32,1,80420,38807.000000000,38807.000000000,38807.000000000,38807.000000000,1,YM
2024-06-10T11:47:40.000000000Z,32,1,80420,38807.000000000,38807.000000000,38807.000000000,38807.000000000,1,YM
2024-06-10T11:47:55.000000000Z,32,1,80420,38808.000000000,38808.000000000,38808.000000000,38808.000000000,1,YM
2024-06-10T11:47:59.000000000Z,32,1,80420,38808.000000000,38808.000000000,38808.000000000,38808.000000000,1,YM
2024-06-10T11:48:01.000000000Z,32,1,80420,38808.000000000,38808.000000000,38808.000000000,38808.000000000,4,YM
2024-06-10T11:48:03.000000000Z,32,1,80420,38808.000000000,38808.000000000,38808.000000000,38808.000000000,1,YM
2024-06-10T11:48:08.000000000Z,32,1,80420,38809.000000000,38809.000000000,38809.000000000,38809.000000000,1,YM
2024-06-10T11:48:09.000000000Z,32,1,80420,38809.000000000,38809.000000000,38809.000000000,38809.000000000,1,YM
2024-06-10T11:48:15.000000000Z,32,1,80420,38810.000000000,38810.000000000,38810.000000000,38810.000000000,2,YM
2024-06-10T11:48:20.000000000Z,32,1,80420,38812.000000000,38812.000000000,38812.000000000,38812.000000000,1,YM
2024-06-10T11:48:21.000000000Z,32,1,80420,38811.000000000,38811.000000000,38811.000000000,38811.000000000,1,YM
2024-06-10T11:48:26.000000000Z,32,1,80420,38810.000000000,38810.000000000,38810.000000000,38810.000000000,1,YM
2024-06-10T11:48:39.000000000Z,32,1,80420,38812.000000000,38812.000000000,38812.000000000,38812.000000000,4,YM
2024-06-10T11:48:41.000000000Z,32,1,80420,38813.000000000,38813.000000000,38813.000000000,38813.000000000,2,YM
2024-06-10T11:48:51.000000000Z,32,1,80420,38812.000000000,38812.000000000,38812.000000000,38812.000000000,1,YM
2024-06-10T11:48:58.000000000Z,32,1,80420,38810.000000000,38810.000000000,38810.000000000,38810.000000000,1,YM
2024-06-10T11:48:59.000000000Z,32,1,80420,38810.000000000,38810.000000000,38809.000000000,38809.000000000,5,YM
2024-06-10T11:49:00.000000000Z,32,1,80420,38809.000000000,38809.000000000,38808.000000000,38809.000000000,6,YM
2024-06-10T11:49:02.000000000Z,32,1,80420,38810.000000000,38810.000000000,38810.000000000,38810.000000000,2,YM
2024-06-10T11:49:10.000000000Z,32,1,80420,38809.000000000,38809.000000000,38809.000000000,38809.000000000,1,YM
2024-06-10T11:49:18.000000000Z,32,1,80420,38809.000000000,38810.000000000,38809.000000000,38810.000000000,3,YM
2024-06-10T11:49:19.000000000Z,32,1,80420,38809.000000000,38809.000000000,38809.000000000,38809.000000000,2,YM
2024-06-10T11:49:20.000000000Z,32,1,80420,38809.000000000,38809.000000000,38809.000000000,38809.000000000,1,YM
2024-06-10T11:49:29.000000000Z,32,1,80420,38811.000000000,38811.000000000,38810.000000000,38810.000000000,3,YM
2024-06-10T11:49:34.000000000Z,32,1,80420,38809.000000000,38809.000000000,38809.000000000,38809.000000000,1,YM
2024-06-10T11:49:39.000000000Z,32,1,80420,38809.000000000,38809.000000000,38809.000000000,38809.000000000,1,YM
2024-06-10T11:49:41.000000000Z,32,1,80420,38811.000000000,38811.000000000,38811.000000000,38811.000000000,4,YM
2024-06-10T11:49:51.000000000Z,32,1,80420,38811.000000000,38811.000000000,38811.000000000,38811.000000000,1,YM
2024-06-10T11:49:54.000000000Z,32,1,80420,38810.000000000,38810.000000000,38810.000000000,38810.000000000,2,YM
2024-06-10T11:50:01.000000000Z,32,1,80420,38810.000000000,38810.000000000,38810.000000000,38810.000000000,1,YM
2024-06-10T11:50:03.000000000Z,32,1,80420,38809.000000000,38809.000000000,38809.000000000,38809.000000000,2,YM
2024-06-10T11:50:19.000000000Z,32,1,80420,38809.000000000,38809.000000000,38809.000000000,38809.000000000,1,YM
2024-06-10T11:50:21.000000000Z,32,1,80420,38810.000000000,38810.000000000,38810.000000000,38810.000000000,1,YM
2024-06-10T11:50:28.000000000Z,32,1,80420,38811.000000000,38811.000000000,38811.000000000,38811.000000000,1,YM
2024-06-10T11:50:30.000000000Z,32,1,80420,38811.000000000,38811.000000000,38811.000000000,38811.000000000,1,YM
2024-06-10T11:50:43.000000000Z,32,1,80420,38813.000000000,38813.000000000,38811.000000000,38811.000000000,2,YM
2024-06-10T11:50:56.000000000Z,32,1,80420,38813.000000000,38814.000000000,38813.000000000,38813.000000000,4,YM
2024-06-10T11:51:01.000000000Z,32,1,80420,38814.000000000,38814.000000000,38813.000000000,38813.000000000,2,YM
2024-06-10T11:51:13.000000000Z,32,1,80420,38813.000000000,38813.000000000,38813.000000000,38813.000000000,1,YM
2024-06-10T11:51:15.000000000Z,32,1,80420,38814.000000000,38814.000000000,38814.000000000,38814.000000000,1,YM
2024-06-10T11:51:20.000000000Z,32,1,80420,38815.000000000,38815.000000000,38815.000000000,38815.000000000,1,YM
2024-06-10T11:51:24.000000000Z,32,1,80420,38813.000000000,38813.000000000,38813.000000000,38813.000000000,2,YM
2024-06-10T11:51:33.000000000Z,32,1,80420,38813.000000000,38813.000000000,38813.000000000,38813.000000000,2,YM
2024-06-10T11:51:50.000000000Z,32,1,80420,38812.000000000,38812.000000000,38812.000000000,38812.000000000,2,YM
2024-06-10T11:52:06.000000000Z,32,1,80420,38813.000000000,38813.000000000,38813.000000000,38813.000000000,2,YM
2024-06-10T11:52:12.000000000Z,32,1,80420,38813.000000000,38813.000000000,38813.000000000,38813.000000000,1,YM
2024-06-10T11:52:14.000000000Z,32,1,80420,38812.000000000,38812.000000000,38812.000000000,38812.000000000,1,YM
2024-06-10T11:52:20.000000000Z,32,1,80420,38813.000000000,38813.000000000,38813.000000000,38813.000000000,1,YM
2024-06-10T11:52:30.000000000Z,32,1,80420,38813.000000000,38814.000000000,38813.000000000,38813.000000000,7,YM
2024-06-10T11:52:50.000000000Z,32,1,80420,38813.000000000,38814.000000000,38813.000000000,38814.000000000,3,YM
2024-06-10T11:52:59.000000000Z,32,1,80420,38814.000000000,38814.000000000,38814.000000000,38814.000000000,4,YM
2024-06-10T11:53:08.000000000Z,32,1,80420,38816.000000000,38816.000000000,38816.000000000,38816.000000000,1,YM
2024-06-10T11:53:11.000000000Z,32,1,80420,38816.000000000,38816.000000000,38816.000000000,38816.000000000,2,YM
2024-06-10T11:53:14.000000000Z,32,1,80420,38815.000000000,38815.000000000,38815.000000000,38815.000000000,5,YM
2024-06-10T11:53:15.000000000Z,32,1,80420,38813.000000000,38813.000000000,38813.000000000,38813.000000000,1,YM
2024-06-10T11:53:20.000000000Z,32,1,80420,38814.000000000,38814.000000000,38814.000000000,38814.000000000,1,YM
2024-06-10T11:53:25.000000000Z,32,1,80420,38816.000000000,38816.000000000,38816.000000000,38816.000000000,1,YM
2024-06-10T11:53:28.000000000Z,32,1,80420,38815.000000000,38815.000000000,38815.000000000,38815.000000000,2,YM
2024-06-10T11:53:29.000000000Z,32,1,80420,38815.000000000,38815.000000000,38815.000000000,38815.000000000,1,YM
2024-06-10T11:53:32.000000000Z,32,1,80420,38816.000000000,38816.000000000,38816.000000000,38816.000000000,3,YM
2024-06-10T11:53:33.000000000Z,32,1,80420,38816.000000000,38816.000000000,38816.000000000,38816.000000000,1,YM
2024-06-10T11:53:38.000000000Z,32,1,80420,38816.000000000,38816.000000000,38816.000000000,38816.000000000,2,YM
2024-06-10T11:53:40.000000000Z,32,1,80420,38816.000000000,38816.000000000,38816.000000000,38816.000000000,1,YM
2024-06-10T11:53:44.000000000Z,32,1,80420,38815.000000000,38815.000000000,38815.000000000,38815.000000000,1,YM
2024-06-10T11:53:48.000000000Z,32,1,80420,38815.000000000,38815.000000000,38815.000000000,38815.000000000,3,YM
2024-06-10T11:53:58.000000000Z,32,1,80420,38815.000000000,38815.000000000,38815.000000000,38815.000000000,2,YM
2024-06-10T11:54:01.000000000Z,32,1,80420,38815.000000000,38816.000000000,38815.000000000,38816.000000000,3,YM
2024-06-10T11:54:04.000000000Z,32,1,80420,38816.000000000,38816.000000000,38816.000000000,38816.000000000,2,YM
2024-06-10T11:54:10.000000000Z,32,1,80420,38817.000000000,38817.000000000,38817.000000000,38817.000000000,3,YM
2024-06-10T11:54:11.000000000Z,32,1,80420,38817.000000000,38817.000000000,38817.000000000,38817.000000000,1,YM
2024-06-10T11:54:17.000000000Z,32,1,80420,38817.000000000,38817.000000000,38817.000000000,38817.000000000,1,YM
2024-06-10T11:54:20.000000000Z,32,1,80420,38818.000000000,38818.000000000,38818.000000000,38818.000000000,1,YM
2024-06-10T11:54:21.000000000Z,32,1,80420,38818.000000000,38818.000000000,38817.000000000,38817.000000000,2,YM
2024-06-10T11:54:22.000000000Z,32,1,80420,38816.000000000,38816.000000000,38815.000000000,38815.000000000,5,YM
2024-06-10T11:54:23.000000000Z,32,1,80420,38815.000000000,38815.000000000,38815.000000000,38815.000000000,5,YM
2024-06-10T11:54:35.000000000Z,32,1,80420,38813.000000000,38813.000000000,38813.000000000,38813.000000000,2,YM
2024-06-10T11:54:36.000000000Z,32,1,80420,38812.000000000,38812.000000000,38812.000000000,38812.000000000,2,YM
2024-06-10T11:54:38.000000000Z,32,1,80420,38812.000000000,38812.000000000,38812.000000000,38812.000000000,3,YM
2024-06-10T11:54:39.000000000Z,32,1,80420,38813.000000000,38813.000000000,38813.000000000,38813.000000000,8,YM
2024-06-10T11:54:44.000000000Z,32,1,80420,38812.000000000,38812.000000000,38812.000000000,38812.000000000,1,YM
2024-06-10T11:54:45.000000000Z,32,1,80420,38813.000000000,38814.000000000,38813.000000000,38814.000000000,11,YM
2024-06-10T11:54:51.000000000Z,32,1,80420,38813.000000000,38813.000000000,38812.000000000,38812.000000000,2,YM
2024-06-10T11:54:54.000000000Z,32,1,80420,38812.000000000,38812.000000000,38810.000000000,38810.000000000,3,YM
2024-06-10T11:55:00.000000000Z,32,1,80420,38811.000000000,38811.000000000,38811.000000000,38811.000000000,2,YM
2024-06-10T11:55:02.000000000Z,32,1,80420,38811.000000000,38811.000000000,38811.000000000,38811.000000000,1,YM
2024-06-10T11:55:11.000000000Z,32,1,80420,38813.000000000,38813.000000000,38813.000000000,38813.000000000,3,YM
2024-06-10T11:55:12.000000000Z,32,1,80420,38814.000000000,38814.000000000,38814.000000000,38814.000000000,2,YM
2024-06-10T11:55:13.000000000Z,32,1,80420,38813.000000000,38813.000000000,38813.000000000,38813.000000000,1,YM
2024-06-10T11:55:14.000000000Z,32,1,80420,38813.000000000,38813.000000000,38813.000000000,38813.000000000,1,YM
2024-06-10T11:55:16.000000000Z,32,1,80420,38812.000000000,38812.000000000,38812.000000000,38812.000000000,1,YM
2024-06-10T11:55:22.000000000Z,32,1,80420,38813.000000000,38813.000000000,38813.000000000,38813.000000000,1,YM
2024-06-10T11:55:28.000000000Z,32,1,80420,38813.000000000,38813.000000000,38813.000000000,38813.000000000,3,YM
2024-06-10T11:55:34.000000000Z,32,1,80420,38814.000000000,38815.000000000,38814.000000000,38815.000000000,2,YM
2024-06-10T11:55:36.000000000Z,32,1,80420,38815.000000000,38815.000000000,38815.000000000,38815.000000000,1,YM
2024-06-10T11:55:38.000000000Z,32,1,80420,38816.000000000,38816.000000000,38816.000000000,38816.000000000,1,YM
2024-06-10T11:55:40.000000000Z,32,1,80420,38815.000000000,38815.000000000,38815.000000000,38815.000000000,1,YM
2024-06-10T11:56:00.000000000Z,32,1,80420,38814.000000000,38814.000000000,38814.000000000,38814.000000000,1,YM
2024-06-10T11:56:01.000000000Z,32,1,80420,38815.000000000,38815.000000000,38815.000000000,38815.000000000,1,YM
2024-06-10T11:56:06.000000000Z,32,1,80420,38816.000000000,38816.000000000,38815.000000000,38815.000000000,5,YM
2024-06-10T11:56:12.000000000Z,32,1,80420,38815.000000000,38815.000000000,38815.000000000,38815.000000000,1,YM
2024-06-10T11:56:20.000000000Z,32,1,80420,38816.000000000,38816.000000000,38816.000000000,38816.000000000,1,YM
2024-06-10T11:56:25.000000000Z,32,1,80420,38814.000000000,38814.000000000,38814.000000000,38814.000000000,1,YM
2024-06-10T11:56:55.000000000Z,32,1,80420,38814.000000000,38814.000000000,38814.000000000,38814.000000000,1,YM
2024-06-10T11:56:59.000000000Z,32,1,80420,38815.000000000,38815.000000000,38814.000000000,38814.000000000,7,YM
2024-06-10T11:57:07.000000000Z,32,1,80420,38814.000000000,38814.000000000,38814.000000000,38814.000000000,1,YM
2024-06-10T11:57:16.000000000Z,32,1,80420,38813.000000000,38813.000000000,38813.000000000,38813.000000000,1,YM
2024-06-10T11:57:20.000000000Z,32,1,80420,38815.000000000,38815.000000000,38815.000000000,38815.000000000,1,YM
2024-06-10T11:57:25.000000000Z,32,1,80420,38813.000000000,38813.000000000,38812.000000000,38812.000000000,3,YM
2024-06-10T11:57:32.000000000Z,32,1,80420,38812.000000000,38812.000000000,38812.000000000,38812.000000000,2,YM
2024-06-10T11:57:36.000000000Z,32,1,80420,38810.000000000,38810.000000000,38810.000000000,38810.000000000,1,YM
2024-06-10T11:57:39.000000000Z,32,1,80420,38809.000000000,38809.000000000,38809.000000000,38809.000000000,1,YM
2024-06-10T11:57:42.000000000Z,32,1,80420,38810.000000000,38810.000000000,38809.000000000,38809.000000000,2,YM
2024-06-10T11:57:55.000000000Z,32,1,80420,38810.000000000,38810.000000000,38810.000000000,38810.000000000,2,YM
2024-06-10T11:57:59.000000000Z,32,1,80420,38812.000000000,38812.000000000,38812.000000000,38812.000000000,1,YM
2024-06-10T11:58:02.000000000Z,32,1,80420,38812.000000000,38812.000000000,38812.000000000,38812.000000000,1,YM
2024-06-10T11:58:07.000000000Z,32,1,80420,38812.000000000,38812.000000000,38812.000000000,38812.000000000,1,YM
2024-06-10T11:58:09.000000000Z,32,1,80420,38812.000000000,38812.000000000,38812.000000000,38812.000000000,3,YM
2024-06-10T11:58:14.000000000Z,32,1,80420,38813.000000000,38813.000000000,38813.000000000,38813.000000000,1,YM
2024-06-10T11:58:19.000000000Z,32,1,80420,38812.000000000,38812.000000000,38812.000000000,38812.000000000,3,YM
2024-06-10T11:58:20.000000000Z,32,1,80420,38813.000000000,38813.000000000,38811.000000000,38811.000000000,2,YM
2024-06-10T11:58:33.000000000Z,32,1,80420,38811.000000000,38811.000000000,38811.000000000,38811.000000000,1,YM
2024-06-10T11:58:34.000000000Z,32,1,80420,38811.000000000,38811.000000000,38811.000000000,38811.000000000,1,YM
2024-06-10T11:58:42.000000000Z,32,1,80420,38810.000000000,38810.000000000,38810.000000000,38810.000000000,2,YM
2024-06-10T11:58:47.000000000Z,32,1,80420,38810.000000000,38810.000000000,38809.000000000,38809.000000000,2,YM
2024-06-10T11:58:59.000000000Z,32,1,80420,38808.000000000,38808.000000000,38808.000000000,38808.000000000,1,YM
2024-06-10T11:59:01.000000000Z,32,1,80420,38808.000000000,38808.000000000,38807.000000000,38807.000000000,2,YM
2024-06-10T11:59:03.000000000Z,32,1,80420,38809.000000000,38809.000000000,38809.000000000,38809.000000000,2,YM
2024-06-10T11:59:21.000000000Z,32,1,80420,38807.000000000,38807.000000000,38806.000000000,38806.000000000,2,YM
2024-06-10T11:59:23.000000000Z,32,1,80420,38807.000000000,38807.000000000,38806.000000000,38806.000000000,2,YM
2024-06-10T11:59:26.000000000Z,32,1,80420,38806.000000000,38806.000000000,38806.000000000,38806.000000000,1,YM
2024-06-10T11:59:29.000000000Z,32,1,80420,38807.000000000,38808.000000000,38807.000000000,38807.000000000,8,YM
2024-06-10T11:59:32.000000000Z,32,1,80420,38808.000000000,38808.000000000,38807.000000000,38807.000000000,5,YM
2024-06-10T11:59:35.000000000Z,32,1,80420,38808.000000000,38808.000000000,38808.000000000,38808.000000000,1,YM
2024-06-10T11:59:42.000000000Z,32,1,80420,38807.000000000,38807.000000000,38806.000000000,38806.000000000,6,YM
2024-06-10T11:59:54.000000000Z,32,1,80420,38806.000000000,38806.000000000,38806.000000000,38806.000000000,1,YM
2024-06-10T11:59:55.000000000Z,32,1,80420,38807.000000000,38807.000000000,38807.000000000,38807.000000000,1,YM
2024-06-10T12:00:00.000000000Z,32,1,80420,38806.000000000,38808.000000000,38806.000000000,38807.000000000,6,YM
2024-06-10T12:00:01.000000000Z,32,1,80420,38807.000000000,38807.000000000,38807.000000000,38807.000000000,3,YM
2024-06-10T12:00:05.000000000Z,32,1,80420,38807.000000000,38807.000000000,38806.000000000,38806.000000000,4,YM
2024-06-10T12:00:10.000000000Z,32,1,80420,38807.000000000,38807.000000000,38804.000000000,38804.000000000,10,YM
2024-06-10T12:00:16.000000000Z,32,1,80420,38805.000000000,38805.000000000,38805.000000000,38805.000000000,1,YM
2024-06-10T12:00:20.000000000Z,32,1,80420,38805.000000000,38805.000000000,38805.000000000,38805.000000000,1,YM
2024-06-10T12:00:24.000000000Z,32,1,80420,38806.000000000,38806.000000000,38806.000000000,38806.000000000,1,YM
2024-06-10T12:00:30.000000000Z,32,1,80420,38806.000000000,38806.000000000,38805.000000000,38805.000000000,5,YM
2024-06-10T12:00:57.000000000Z,32,1,80420,38806.000000000,38806.000000000,38806.000000000,38806.000000000,1,YM
2024-06-10T12:01:00.000000000Z,32,1,80420,38807.000000000,38808.000000000,38807.000000000,38808.000000000,6,YM
2024-06-10T12:01:02.000000000Z,32,1,80420,38809.000000000,38811.000000000,38808.000000000,38811.000000000,8,YM
2024-06-10T12:01:03.000000000Z,32,1,80420,38809.000000000,38809.000000000,38808.000000000,38808.000000000,3,YM
2024-06-10T12:01:10.000000000Z,32,1,80420,38810.000000000,38810.000000000,38810.000000000,38810.000000000,1,YM
2024-06-10T12:01:12.000000000Z,32,1,80420,38810.000000000,38810.000000000,38810.000000000,38810.000000000,1,YM
2024-06-10T12:01:14.000000000Z,32,1,80420,38811.000000000,38811.000000000,38811.000000000,38811.000000000,1,YM
2024-06-10T12:01:17.000000000Z,32,1,80420,38811.000000000,38811.000000000,38811.000000000,38811.000000000,1,YM
2024-06-10T12:01:20.000000000Z,32,1,80420,38812.000000000,38812.000000000,38810.000000000,38810.000000000,3,YM
2024-06-10T12:01:21.000000000Z,32,1,80420,38810.000000000,38810.000000000,38810.000000000,38810.000000000,4,YM
2024-06-10T12:01:23.000000000Z,32,1,80420,38809.000000000,38809.000000000,38808.000000000,38808.000000000,2,YM
2024-06-10T12:01:26.000000000Z,32,1,80420,38808.000000000,38808.000000000,38808.000000000,38808.000000000,1,YM
2024-06-10T12:01:30.000000000Z,32,1,80420,38810.000000000,38810.000000000,38809.000000000,38809.000000000,2,YM
2024-06-10T12:01:31.000000000Z,32,1,80420,38811.000000000,38811.000000000,38811.000000000,38811.000000000,1,YM
2024-06-10T12:01:40.000000000Z,32,1,80420,38811.000000000,38811.000000000,38811.000000000,38811.000000000,4,YM
2024-06-10T12:01:54.000000000Z,32,1,80420,38810.000000000,38810.000000000,38810.000000000,38810.000000000,3,YM
2024-06-10T12:02:00.000000000Z,32,1,80420,38812.000000000,38812.000000000,38812.000000000,38812.000000000,2,YM
2024-06-10T12:02:03.000000000Z,32,1,80420,38811.000000000,38811.000000000,38811.000000000,38811.000000000,1,YM
2024-06-10T12:02:04.000000000Z,32,1,80420,38811.000000000,38811.000000000,38811.000000000,38811.000000000,1,YM
2024-06-10T12:02:08.000000000Z,32,1,80420,38810.000000000,38810.000000000,38810.000000000,38810.000000000,1,YM
2024-06-10T12:02:09.000000000Z,32,1,80420,38810.000000000,38810.000000000,38810.000000000,38810.000000000,1,YM
2024-06-10T12:02:16.000000000Z,32,1,80420,38812.000000000,38812.000000000,38812.000000000,38812.000000000,1,YM
2024-06-10T12:02:17.000000000Z,32,1,80420,38812.000000000,38812.000000000,38811.000000000,38811.000000000,3,YM
2024-06-10T12:02:20.000000000Z,32,1,80420,38814.000000000,38814.000000000,38814.000000000,38814.000000000,3,YM
2024-06-10T12:02:26.000000000Z,32,1,80420,38811.000000000,38811.000000000,38810.000000000,38810.000000000,2,YM
2024-06-10T12:02:27.000000000Z,32,1,80420,38811.000000000,38811.000000000,38811.000000000,38811.000000000,1,YM
2024-06-10T12:02:30.000000000Z,32,1,80420,38813.000000000,38813.000000000,38813.000000000,38813.000000000,1,YM
2024-06-10T12:02:36.000000000Z,32,1,80420,38813.000000000,38813.000000000,38813.000000000,38813.000000000,1,YM
2024-06-10T12:02:42.000000000Z,32,1,80420,38815.000000000,38815.000000000,38814.000000000,38814.000000000,4,YM
2024-06-10T12:02:53.000000000Z,32,1,80420,38814.000000000,38814.000000000,38814.000000000,38814.000000000,1,YM
2024-06-10T12:02:55.000000000Z,32,1,80420,38813.000000000,38813.000000000,38812.000000000,38812.000000000,6,YM
2024-06-10T12:02:56.000000000Z,32,1,80420,38812.000000000,38812.000000000,38812.000000000,38812.000000000,1,YM
2024-06-10T12:03:00.000000000Z,32,1,80420,38812.000000000,38812.000000000,38812.000000000,38812.000000000,2,YM
2024-06-10T12:03:03.000000000Z,32,1,80420,38811.000000000,38811.000000000,38811.000000000,38811.000000000,4,YM
2024-06-10T12:03:04.000000000Z,32,1,80420,38812.000000000,38812.000000000,38812.000000000,38812.000000000,2,YM
2024-06-10T12:03:05.000000000Z,32,1,80420,38812.000000000,38812.000000000,38812.000000000,38812.000000000,2,YM
2024-06-10T12:03:08.000000000Z,32,1,80420,38811.000000000,38811.000000000,38810.000000000,38810.000000000,2,YM
2024-06-10T12:03:10.000000000Z,32,1,80420,38812.000000000,38812.000000000,38812.000000000,38812.000000000,1,YM
2024-06-10T12:03:11.000000000Z,32,1,80420,38812.000000000,38813.000000000,38811.000000000,38813.000000000,4,YM
2024-06-10T12:03:17.000000000Z,32,1,80420,38812.000000000,38812.000000000,38812.000000000,38812.000000000,3,YM
2024-06-10T12:03:20.000000000Z,32,1,80420,38814.000000000,38814.000000000,38814.000000000,38814.000000000,1,YM
2024-06-10T12:03:27.000000000Z,32,1,80420,38812.000000000,38812.000000000,38812.000000000,38812.000000000,2,YM
2024-06-10T12:03:30.000000000Z,32,1,80420,38813.000000000,38813.000000000,38811.000000000,38811.000000000,2,YM
2024-06-10T12:03:35.000000000Z,32,1,80420,38812.000000000,38812.000000000,38812.000000000,38812.000000000,1,YM
2024-06-10T12:03:36.000000000Z,32,1,80420,38813.000000000,38813.000000000,38813.000000000,38813.000000000,1,YM
2024-06-10T12:03:37.000000000Z,32,1,80420,38813.000000000,38814.000000000,38812.000000000,38812.000000000,8,YM
2024-06-10T12:03:38.000000000Z,32,1,80420,38813.000000000,38814.000000000,38813.000000000,38814.000000000,2,YM
2024-06-10T12:03:39.000000000Z,32,1,80420,38813.000000000,38814.000000000,38812.000000000,38814.000000000,4,YM
2024-06-10T12:03:45.000000000Z,32,1,80420,38814.000000000,38814.000000000,38814.000000000,38814.000000000,6,YM
2024-06-10T12:03:46.000000000Z,32,1,80420,38815.000000000,38815.000000000,38815.000000000,38815.000000000,3,YM
2024-06-10T12:03:48.000000000Z,32,1,80420,38816.000000000,38816.000000000,38815.000000000,38815.000000000,5,YM
2024-06-10T12:03:53.000000000Z,32,1,80420,38817.000000000,38817.000000000,38817.000000000,38817.000000000,2,YM
2024-06-10T12:03:55.000000000Z,32,1,80420,38818.000000000,38818.000000000,38817.000000000,38817.000000000,2,YM
2024-06-10T12:03:56.000000000Z,32,1,80420,38819.000000000,38820.000000000,38819.000000000,38819.000000000,8,YM
2024-06-10T12:03:57.000000000Z,32,1,80420,38819.000000000,38820.000000000,38819.000000000,38820.000000000,6,YM
2024-06-10T12:03:58.000000000Z,32,1,80420,38818.000000000,38818.000000000,38818.000000000,38818.000000000,1,YM
2024-06-10T12:04:00.000000000Z,32,1,80420,38818.000000000,38818.000000000,38818.000000000,38818.000000000,1,YM
2024-06-10T12:04:02.000000000Z,32,1,80420,38819.000000000,38820.000000000,38819.000000000,38820.000000000,3,YM
2024-06-10T12:04:06.000000000Z,32,1,80420,38820.000000000,38820.000000000,38820.000000000,38820.000000000,1,YM
2024-06-10T12:04:12.000000000Z,32,1,80420,38818.000000000,38818.000000000,38818.000000000,38818.000000000,3,YM
2024-06-10T12:04:20.000000000Z,32,1,80420,38819.000000000,38819.000000000,38818.000000000,38818.000000000,3,YM
2024-06-10T12:04:24.000000000Z,32,1,80420,38819.000000000,38819.000000000,38819.000000000,38819.000000000,1,YM
2024-06-10T12:04:34.000000000Z,32,1,80420,38820.000000000,38820.000000000,38820.000000000,38820.000000000,1,YM
2024-06-10T12:04:41.000000000Z,32,1,80420,38821.000000000,38821.000000000,38821.000000000,38821.000000000,2,YM
2024-06-10T12:04:46.000000000Z,32,1,80420,38822.000000000,38822.000000000,38822.000000000,38822.000000000,6,YM
2024-06-10T12:04:48.000000000Z,32,1,80420,38823.000000000,38823.000000000,38823.000000000,38823.000000000,1,YM
2024-06-10T12:04:50.000000000Z,32,1,80420,38822.000000000,38822.000000000,38822.000000000,38822.000000000,1,YM
2024-06-10T12:04:53.000000000Z,32,1,80420,38823.000000000,38823.000000000,38823.000000000,38823.000000000,2,YM
2024-06-10T12:04:55.000000000Z,32,1,80420,38823.000000000,38823.000000000,38822.000000000,38822.000000000,9,YM
2024-06-10T12:04:57.000000000Z,32,1,80420,38823.000000000,38823.000000000,38823.000000000,38823.000000000,1,YM
2024-06-10T12:05:00.000000000Z,32,1,80420,38823.000000000,38823.000000000,38823.000000000,38823.000000000,2,YM
2024-06-10T12:05:02.000000000Z,32,1,80420,38822.000000000,38822.000000000,38822.000000000,38822.000000000,2,YM
2024-06-10T12:05:06.000000000Z,32,1,80420,38823.000000000,38823.000000000,38823.000000000,38823.000000000,12,YM
2024-06-10T12:05:10.000000000Z,32,1,80420,38823.000000000,38823.000000000,38823.000000000,38823.000000000,1,YM
2024-06-10T12:05:19.000000000Z,32,1,80420,38822.000000000,38822.000000000,38822.000000000,38822.000000000,2,YM
2024-06-10T12:05:20.000000000Z,32,1,80420,38823.000000000,38823.000000000,38823.000000000,38823.000000000,1,YM
2024-06-10T12:05:23.000000000Z,32,1,80420,38823.000000000,38824.000000000,38823.000000000,38824.000000000,7,YM
2024-06-10T12:05:27.000000000Z,32,1,80420,38822.000000000,38822.000000000,38822.000000000,38822.000000000,1,YM
2024-06-10T12:05:30.000000000Z,32,1,80420,38823.000000000,38823.000000000,38823.000000000,38823.000000000,1,YM
2024-06-10T12:05:33.000000000Z,32,1,80420,38822.000000000,38822.000000000,38821.000000000,38821.000000000,2,YM
2024-06-10T12:05:34.000000000Z,32,1,80420,38820.000000000,38820.000000000,38820.000000000,38820.000000000,3,YM
2024-06-10T12:05:38.000000000Z,32,1,80420,38821.000000000,38821.000000000,38821.000000000,38821.000000000,1,YM
2024-06-10T12:05:40.000000000Z,32,1,80420,38823.000000000,38823.000000000,38821.000000000,38821.000000000,3,YM
2024-06-10T12:05:46.000000000Z,32,1,80420,38818.000000000,38818.000000000,38818.000000000,38818.000000000,1,YM
2024-06-10T12:05:47.000000000Z,32,1,80420,38817.000000000,38817.000000000,38817.000000000,38817.000000000,2,YM
2024-06-10T12:05:50.000000000Z,32,1,80420,38818.000000000,38818.000000000,38817.000000000,38818.000000000,3,YM
2024-06-10T12:05:52.000000000Z,32,1,80420,38818.000000000,38818.000000000,38818.000000000,38818.000000000,4,YM
2024-06-10T12:05:56.000000000Z,32,1,80420,38817.000000000,38817.000000000,38816.000000000,38816.000000000,6,YM
2024-06-10T12:05:58.000000000Z,32,1,80420,38817.000000000,38817.000000000,38817.000000000,38817.000000000,3,YM
2024-06-10T12:06:02.000000000Z,32,1,80420,38819.000000000,38819.000000000,38818.000000000,38818.000000000,2,YM
2024-06-10T12:06:22.000000000Z,32,1,80420,38818.000000000,38818.000000000,38818.000000000,38818.000000000,2,YM
2024-06-10T12:06:23.000000000Z,32,1,80420,38816.000000000,38816.000000000,38816.000000000,38816.000000000,1,YM
2024-06-10T12:06:28.000000000Z,32,1,80420,38816.000000000,38816.000000000,38816.000000000,38816.000000000,1,YM
2024-06-10T12:06:29.000000000Z,32,1,80420,38819.000000000,38819.000000000,38819.000000000,38819.000000000,5,YM
2024-06-10T12:06:43.000000000Z,32,1,80420,38818.000000000,38818.000000000,38818.000000000,38818.000000000,1,YM
2024-06-10T12:06:45.000000000Z,32,1,80420,38818.000000000,38818.000000000,38818.000000000,38818.000000000,1,YM
2024-06-10T12:06:58.000000000Z,32,1,80420,38820.000000000,38820.000000000,38820.000000000,38820.000000000,1,YM
2024-06-10T12:07:00.000000000Z,32,1,80420,38821.000000000,38821.000000000,38821.000000000,38821.000000000,1,YM
2024-06-10T12:07:13.000000000Z,32,1,80420,38820.000000000,38820.000000000,38820.000000000,38820.000000000,5,YM
2024-06-10T12:07:19.000000000Z,32,1,80420,38819.000000000,38819.000000000,38819.000000000,38819.000000000,2,YM
2024-06-10T12:07:20.000000000Z,32,1,80420,38820.000000000,38820.000000000,38819.000000000,38819.000000000,2,YM
2024-06-10T12:07:34.000000000Z,32,1,80420,38819.000000000,38819.000000000,38819.000000000,38819.000000000,1,YM
2024-06-10T12:07:40.000000000Z,32,1,80420,38821.000000000,38821.000000000,38821.000000000,38821.000000000,1,YM
2024-06-10T12:07:42.000000000Z,32,1,80420,38821.000000000,38821.000000000,38821.000000000,38821.000000000,1,YM
2024-06-10T12:07:48.000000000Z,32,1,80420,38821.000000000,38821.000000000,38821.000000000,38821.000000000,1,YM
2024-06-10T12:07:51.000000000Z,32,1,80420,38821.000000000,38821.000000000,38821.000000000,38821.000000000,1,YM
2024-06-10T12:07:52.000000000Z,32,1,80420,38822.000000000,38822.000000000,38822.000000000,38822.000000000,1,YM
2024-06-10T12:07:53.000000000Z,32,1,80420,38823.000000000,38823.000000000,38823.000000000,38823.000000000,3,YM
2024-06-10T12:07:57.000000000Z,32,1,80420,38823.000000000,38823.000000000,38823.000000000,38823.000000000,3,YM
2024-06-10T12:07:58.000000000Z,32,1,80420,38824.000000000,38824.000000000,38824.000000000,38824.000000000,1,YM
2024-06-10T12:08:01.000000000Z,32,1,80420,38824.000000000,38824.000000000,38823.000000000,38823.000000000,2,YM
2024-06-10T12:08:03.000000000Z,32,1,80420,38824.000000000,38824.000000000,38824.000000000,38824.000000000,1,YM
2024-06-10T12:08:04.000000000Z,32,1,80420,38825.000000000,38826.000000000,38825.000000000,38826.000000000,4,YM
2024-06-10T12:08:06.000000000Z,32,1,80420,38824.000000000,38824.000000000,38824.000000000,38824.000000000,1,YM
2024-06-10T12:08:10.000000000Z,32,1,80420,38824.000000000,38824.000000000,38824.000000000,38824.000000000,1,YM
2024-06-10T12:08:19.000000000Z,32,1,80420,38825.000000000,38825.000000000,38825.000000000,38825.000000000,1,YM
2024-06-10T12:08:20.000000000Z,32,1,80420,38825.000000000,38826.000000000,38825.000000000,38826.000000000,2,YM
2024-06-10T12:08:21.000000000Z,32,1,80420,38826.000000000,38826.000000000,38826.000000000,38826.000000000,1,YM
2024-06-10T12:08:41.000000000Z,32,1,80420,38826.000000000,38826.000000000,38826.000000000,38826.000000000,3,YM
2024-06-10T12:08:49.000000000Z,32,1,80420,38825.000000000,38825.000000000,38825.000000000,38825.000000000,1,YM
2024-06-10T12:08:50.000000000Z,32,1,80420,38826.000000000,38826.000000000,38826.000000000,38826.000000000,1,YM
2024-06-10T12:09:00.000000000Z,32,1,80420,38827.000000000,38827.000000000,38827.000000000,38827.000000000,1,YM
2024-06-10T12:09:01.000000000Z,32,1,80420,38826.000000000,38826.000000000,38826.000000000,38826.000000000,1,YM
2024-06-10T12:09:04.000000000Z,32,1,80420,38828.000000000,38829.000000000,38828.000000000,38828.000000000,5,YM
2024-06-10T12:09:07.000000000Z,32,1,80420,38829.000000000,38829.000000000,38829.000000000,38829.000000000,1,YM
2024-06-10T12:09:08.000000000Z,32,1,80420,38830.000000000,38830.000000000,38830.000000000,38830.000000000,3,YM
2024-06-10T12:09:10.000000000Z,32,1,80420,38831.000000000,38831.000000000,38830.000000000,38831.000000000,4,YM
2024-06-10T12:09:12.000000000Z,32,1,80420,38829.000000000,38829.000000000,38829.000000000,38829.000000000,1,YM
2024-06-10T12:09:20.000000000Z,32,1,80420,38831.000000000,38831.000000000,38831.000000000,38831.000000000,2,YM
2024-06-10T12:09:23.000000000Z,32,1,80420,38830.000000000,38830.000000000,38830.000000000,38830.000000000,1,YM
2024-06-10T12:09:25.000000000Z,32,1,80420,38832.000000000,38832.000000000,38832.000000000,38832.000000000,2,YM
2024-06-10T12:09:28.000000000Z,32,1,80420,38832.000000000,38832.000000000,38832.000000000,38832.000000000,1,YM
2024-06-10T12:09:34.000000000Z,32,1,80420,38831.000000000,38831.000000000,38831.000000000,38831.000000000,3,YM
2024-06-10T12:09:36.000000000Z,32,1,80420,38831.000000000,38831.000000000,38831.000000000,38831.000000000,2,YM
2024-06-10T12:09:37.000000000Z,32,1,80420,38830.000000000,38830.000000000,38830.000000000,38830.000000000,2,YM
2024-06-10T12:09:40.000000000Z,32,1,80420,38830.000000000,38830.000000000,38829.000000000,38829.000000000,3,YM
2024-06-10T12:09:42.000000000Z,32,1,80420,38829.000000000,38830.000000000,38829.000000000,38830.000000000,3,YM
2024-06-10T12:09:49.000000000Z,32,1,80420,38832.000000000,38834.000000000,38832.000000000,38834.000000000,6,YM
2024-06-10T12:09:52.000000000Z,32,1,80420,38833.000000000,38833.000000000,38833.000000000,38833.000000000,1,YM
2024-06-10T12:09:54.000000000Z,32,1,80420,38833.000000000,38833.000000000,38833.000000000,38833.000000000,4,YM
2024-06-10T12:10:00.000000000Z,32,1,80420,38834.000000000,38834.000000000,38834.000000000,38834.000000000,1,YM
2024-06-10T12:10:01.000000000Z,32,1,80420,38834.000000000,38834.000000000,38833.000000000,38833.000000000,3,YM
2024-06-10T12:10:06.000000000Z,32,1,80420,38833.000000000,38833.000000000,38833.000000000,38833.000000000,1,YM
2024-06-10T12:10:10.000000000Z,32,1,80420,38834.000000000,38834.000000000,38834.000000000,38834.000000000,2,YM
2024-06-10T12:10:14.000000000Z,32,1,80420,38833.000000000,38833.000000000,38831.000000000,38831.000000000,3,YM
2024-06-10T12:10:15.000000000Z,32,1,80420,38831.000000000,38832.000000000,38831.000000000,38832.000000000,10,YM
2024-06-10T12:10:17.000000000Z,32,1,80420,38832.000000000,38833.000000000,38832.000000000,38833.000000000,6,YM
2024-06-10T12:10:19.000000000Z,32,1,80420,38832.000000000,38832.000000000,38832.000000000,38832.000000000,2,YM
2024-06-10T12:10:20.000000000Z,32,1,80420,38834.000000000,38834.000000000,38834.000000000,38834.000000000,1,YM
2024-06-10T12:10:21.000000000Z,32,1,80420,38833.000000000,38834.000000000,38833.000000000,38834.000000000,4,YM
2024-06-10T12:10:22.000000000Z,32,1,80420,38834.000000000,38834.000000000,38833.000000000,38833.000000000,6,YM
2024-06-10T12:10:23.000000000Z,32,1,80420,38834.000000000,38834.000000000,38834.000000000,38834.000000000,1,YM
2024-06-10T12:10:25.000000000Z,32,1,80420,38833.000000000,38833.000000000,38833.000000000,38833.000000000,2,YM
2024-06-10T12:10:26.000000000Z,32,1,80420,38832.000000000,38832.000000000,38832.000000000,38832.000000000,3,YM
2024-06-10T12:10:29.000000000Z,32,1,80420,38831.000000000,38831.000000000,38831.000000000,38831.000000000,5,YM
2024-06-10T12:10:31.000000000Z,32,1,80420,38832.000000000,38832.000000000,38832.000000000,38832.000000000,3,YM
2024-06-10T12:10:33.000000000Z,32,1,80420,38831.000000000,38831.000000000,38831.000000000,38831.000000000,3,YM
2024-06-10T12:10:36.000000000Z,32,1,80420,38831.000000000,38831.000000000,38831.000000000,38831.000000000,2,YM
2024-06-10T12:10:37.000000000Z,32,1,80420,38831.000000000,38831.000000000,38831.000000000,38831.000000000,2,YM
2024-06-10T12:10:38.000000000Z,32,1,80420,38832.000000000,38832.000000000,38832.000000000,38832.000000000,2,YM
2024-06-10T12:10:45.000000000Z,32,1,80420,38833.000000000,38833.000000000,38832.000000000,38832.000000000,4,YM
2024-06-10T12:10:46.000000000Z,32,1,80420,38833.000000000,38834.000000000,38833.000000000,38834.000000000,2,YM
2024-06-10T12:10:47.000000000Z,32,1,80420,38835.000000000,38835.000000000,38835.000000000,38835.000000000,1,YM
2024-06-10T12:10:49.000000000Z,32,1,80420,38835.000000000,38835.000000000,38835.000000000,38835.000000000,5,YM
2024-06-10T12:10:50.000000000Z,32,1,80420,38834.000000000,38834.000000000,38833.000000000,38833.000000000,2,YM
2024-06-10T12:10:56.000000000Z,32,1,80420,38834.000000000,38834.000000000,38834.000000000,38834.000000000,1,YM
2024-06-10T12:11:06.000000000Z,32,1,80420,38833.000000000,38833.000000000,38833.000000000,38833.000000000,3,YM
2024-06-10T12:11:09.000000000Z,32,1,80420,38833.000000000,38833.000000000,38833.000000000,38833.000000000,1,YM
2024-06-10T12:11:14.000000000Z,32,1,80420,38833.000000000,38834.000000000,38833.000000000,38833.000000000,12,YM
2024-06-10T12:11:17.000000000Z,32,1,80420,38833.000000000,38833.000000000,38833.000000000,38833.000000000,2,YM
2024-06-10T12:11:20.000000000Z,32,1,80420,38834.000000000,38834.000000000,38834.000000000,38834.000000000,1,YM
2024-06-10T12:11:21.000000000Z,32,1,80420,38832.000000000,38832.000000000,38832.000000000,38832.000000000,2,YM
2024-06-10T12:11:22.000000000Z,32,1,80420,38833.000000000,38834.000000000,38833.000000000,38834.000000000,5,YM
2024-06-10T12:11:30.000000000Z,32,1,80420,38833.000000000,38833.000000000,38833.000000000,38833.000000000,2,YM
2024-06-10T12:11:32.000000000Z,32,1,80420,38832.000000000,38832.000000000,38832.000000000,38832.000000000,2,YM
2024-06-10T12:11:33.000000000Z,32,1,80420,38833.000000000,38833.000000000,38833.000000000,38833.000000000,1,YM
2024-06-10T12:11:36.000000000Z,32,1,80420,38833.000000000,38833.000000000,38833.000000000,38833.000000000,1,YM
2024-06-10T12:11:40.000000000Z,32,1,80420,38832.000000000,38832.000000000,38831.000000000,38831.000000000,2,YM
2024-06-10T12:11:41.000000000Z,32,1,80420,38831.000000000,38831.000000000,38831.000000000,38831.000000000,9,YM
2024-06-10T12:11:42.000000000Z,32,1,80420,38830.000000000,38830.000000000,38830.000000000,38830.000000000,4,YM
2024-06-10T12:11:57.000000000Z,32,1,80420,38833.000000000,38833.000000000,38833.000000000,38833.000000000,1,YM
2024-06-10T12:12:01.000000000Z,32,1,80420,38832.000000000,38832.000000000,38831.000000000,38831.000000000,5,YM
2024-06-10T12:12:09.000000000Z,32,1,80420,38831.000000000,38831.000000000,38831.000000000,38831.000000000,1,YM
2024-06-10T12:12:11.000000000Z,32,1,80420,38831.000000000,38831.000000000,38831.000000000,38831.000000000,2,YM
2024-06-10T12:12:13.000000000Z,32,1,80420,38832.000000000,38832.000000000,38832.000000000,38832.000000000,1,YM
2024-06-10T12:12:15.000000000Z,32,1,80420,38832.000000000,38832.000000000,38832.000000000,38832.000000000,3,YM
2024-06-10T12:12:20.000000000Z,32,1,80420,38832.000000000,38832.000000000,38832.000000000,38832.000000000,1,YM
2024-06-10T12:12:21.000000000Z,32,1,80420,38831.000000000,38831.000000000,38831.000000000,38831.000000000,1,YM
2024-06-10T12:12:34.000000000Z,32,1,80420,38831.000000000,38831.000000000,38831.000000000,38831.000000000,1,YM
2024-06-10T12:12:51.000000000Z,32,1,80420,38830.000000000,38830.000000000,38830.000000000,38830.000000000,1,YM
2024-06-10T12:12:56.000000000Z,32,1,80420,38830.000000000,38830.000000000,38830.000000000,38830.000000000,3,YM
2024-06-10T12:13:01.000000000Z,32,1,80420,38831.000000000,38831.000000000,38831.000000000,38831.000000000,2,YM
2024-06-10T12:13:06.000000000Z,32,1,80420,38832.000000000,38832.000000000,38832.000000000,38832.000000000,1,YM
2024-06-10T12:13:09.000000000Z,32,1,80420,38830.000000000,38830.000000000,38830.000000000,38830.000000000,1,YM
2024-06-10T12:13:20.000000000Z,32,1,80420,38833.000000000,38833.000000000,38833.000000000,38833.000000000,1,YM
2024-06-10T12:13:28.000000000Z,32,1,80420,38832.000000000,38832.000000000,38832.000000000,38832.000000000,1,YM
2024-06-10T12:13:33.000000000Z,32,1,80420,38829.000000000,38829.000000000,38828.000000000,38828.000000000,4,YM
2024-06-10T12:13:39.000000000Z,32,1,80420,38829.000000000,38829.000000000,38829.000000000,38829.000000000,1,YM
2024-06-10T12:13:44.000000000Z,32,1,80420,38828.000000000,38828.000000000,38828.000000000,38828.000000000,7,YM
2024-06-10T12:13:49.000000000Z,32,1,80420,38829.000000000,38829.000000000,38829.000000000,38829.000000000,4,YM
2024-06-10T12:13:51.000000000Z,32,1,80420,38828.000000000,38828.000000000,38828.000000000,38828.000000000,1,YM
2024-06-10T12:14:01.000000000Z,32,1,80420,38828.000000000,38828.000000000,38828.000000000,38828.000000000,1,YM
2024-06-10T12:14:04.000000000Z,32,1,80420,38830.000000000,38830.000000000,38830.000000000,38830.000000000,1,YM
2024-06-10T12:14:10.000000000Z,32,1,80420,38830.000000000,38830.000000000,38830.000000000,38830.000000000,1,YM
2024-06-10T12:14:12.000000000Z,32,1,80420,38829.000000000,38829.000000000,38829.000000000,38829.000000000,1,YM
2024-06-10T12:14:18.000000000Z,32,1,80420,38830.000000000,38830.000000000,38830.000000000,38830.000000000,1,YM
2024-06-10T12:14:20.000000000Z,32,1,80420,38831.000000000,38831.000000000,38831.000000000,38831.000000000,1,YM
2024-06-10T12:14:42.000000000Z,32,1,80420,38827.000000000,38827.000000000,38827.000000000,38827.000000000,1,YM
2024-06-10T12:14:45.000000000Z,32,1,80420,38826.000000000,38826.000000000,38826.000000000,38826.000000000,1,YM
2024-06-10T12:14:58.000000000Z,32,1,80420,38826.000000000,38826.000000000,38826.000000000,38826.000000000,1,YM
2024-06-10T12:15:00.000000000Z,32,1,80420,38826.000000000,38826.000000000,38825.000000000,38825.000000000,2,YM
2024-06-10T12:15:01.000000000Z,32,1,80420,38826.000000000,38826.000000000,38826.000000000,38826.000000000,1,YM
2024-06-10T12:15:02.000000000Z,32,1,80420,38826.000000000,38826.000000000,38826.000000000,38826.000000000,2,YM
2024-06-10T12:15:08.000000000Z,32,1,80420,38828.000000000,38828.000000000,38828.000000000,38828.000000000,3,YM
2024-06-10T12:15:09.000000000Z,32,1,80420,38827.000000000,38827.000000000,38827.000000000,38827.000000000,1,YM
2024-06-10T12:15:12.000000000Z,32,1,80420,38827.000000000,38827.000000000,38827.000000000,38827.000000000,1,YM
2024-06-10T12:15:20.000000000Z,32,1,80420,38828.000000000,38828.000000000,38828.000000000,38828.000000000,1,YM
2024-06-10T12:15:24.000000000Z,32,1,80420,38828.000000000,38828.000000000,38827.000000000,38827.000000000,2,YM
2024-06-10T12:15:30.000000000Z,32,1,80420,38827.000000000,38827.000000000,38827.000000000,38827.000000000,2,YM
2024-06-10T12:15:31.000000000Z,32,1,80420,38828.000000000,38828.000000000,38828.000000000,38828.000000000,1,YM
2024-06-10T12:15:40.000000000Z,32,1,80420,38828.000000000,38828.000000000,38828.000000000,38828.000000000,5,YM
2024-06-10T12:15:43.000000000Z,32,1,80420,38828.000000000,38828.000000000,38828.000000000,38828.000000000,1,YM
2024-06-10T12:15:44.000000000Z,32,1,80420,38827.000000000,38827.000000000,38827.000000000,38827.000000000,2,YM
2024-06-10T12:15:46.000000000Z,32,1,80420,38828.000000000,38828.000000000,38828.000000000,38828.000000000,2,YM
2024-06-10T12:15:51.000000000Z,32,1,80420,38828.000000000,38828.000000000,38828.000000000,38828.000000000,1,YM
2024-06-10T12:15:58.000000000Z,32,1,80420,38828.000000000,38828.000000000,38828.000000000,38828.000000000,1,YM
2024-06-10T12:16:00.000000000Z,32,1,80420,38829.000000000,38829.000000000,38829.000000000,38829.000000000,1,YM
2024-06-10T12:16:13.000000000Z,32,1,80420,38827.000000000,38827.000000000,38827.000000000,38827.000000000,1,YM
2024-06-10T12:16:20.000000000Z,32,1,80420,38827.000000000,38827.000000000,38827.000000000,38827.000000000,2,YM
2024-06-10T12:16:21.000000000Z,32,1,80420,38827.000000000,38827.000000000,38827.000000000,38827.000000000,2,YM
2024-06-10T12:16:28.000000000Z,32,1,80420,38827.000000000,38827.000000000,38827.000000000,38827.000000000,3,YM
2024-06-10T12:16:30.000000000Z,32,1,80420,38827.000000000,38827.000000000,38827.000000000,38827.000000000,2,YM
2024-06-10T12:16:36.000000000Z,32,1,80420,38828.000000000,38828.000000000,38828.000000000,38828.000000000,1,YM
2024-06-10T12:16:44.000000000Z,32,1,80420,38828.000000000,38828.000000000,38828.000000000,38828.000000000,1,YM
2024-06-10T12:16:51.000000000Z,32,1,80420,38828.000000000,38828.000000000,38828.000000000,38828.000000000,1,YM
2024-06-10T12:16:53.000000000Z,32,1,80420,38830.000000000,38830.000000000,38830.000000000,38830.000000000,1,YM
2024-06-10T12:17:00.000000000Z,32,1,80420,38829.000000000,38829.000000000,38829.000000000,38829.000000000,3,YM
2024-06-10T12:17:05.000000000Z,32,1,80420,38828.000000000,38828.000000000,38828.000000000,38828.000000000,1,YM
2024-06-10T12:17:10.000000000Z,32,1,80420,38828.000000000,38828.000000000,38828.000000000,38828.000000000,1,YM
2024-06-10T12:17:11.000000000Z,32,1,80420,38828.000000000,38828.000000000,38827.000000000,38827.000000000,2,YM
2024-06-10T12:17:22.000000000Z,32,1,80420,38828.000000000,38828.000000000,38828.000000000,38828.000000000,1,YM
2024-06-10T12:17:25.000000000Z,32,1,80420,38828.000000000,38828.000000000,38828.000000000,38828.000000000,1,YM
2024-06-10T12:17:33.000000000Z,32,1,80420,38826.000000000,38826.000000000,38826.000000000,38826.000000000,1,YM
2024-06-10T12:17:36.000000000Z,32,1,80420,38827.000000000,38827.000000000,38827.000000000,38827.000000000,2,YM
2024-06-10T12:17:44.000000000Z,32,1,80420,38826.000000000,38826.000000000,38826.000000000,38826.000000000,2,YM
2024-06-10T12:17:46.000000000Z,32,1,80420,38827.000000000,38827.000000000,38826.000000000,38826.000000000,4,YM
2024-06-10T12:17:47.000000000Z,32,1,80420,38825.000000000,38825.000000000,38825.000000000,38825.000000000,1,YM
2024-06-10T12:17:54.000000000Z,32,1,80420,38825.000000000,38825.000000000,38824.000000000,38824.000000000,8,YM
2024-06-10T12:17:55.000000000Z,32,1,80420,38823.000000000,38823.000000000,38823.000000000,38823.000000000,1,YM
2024-06-10T12:17:58.000000000Z,32,1,80420,38823.000000000,38823.000000000,38822.000000000,38822.000000000,4,YM
2024-06-10T12:18:00.000000000Z,32,1,80420,38822.000000000,38822.000000000,38822.000000000,38822.000000000,1,YM
2024-06-10T12:18:01.000000000Z,32,1,80420,38823.000000000,38823.000000000,38823.000000000,38823.000000000,2,YM
2024-06-10T12:18:07.000000000Z,32,1,80420,38824.000000000,38824.000000000,38824.000000000,38824.000000000,2,YM
2024-06-10T12:18:14.000000000Z,32,1,80420,38825.000000000,38825.000000000,38825.000000000,38825.000000000,2,YM
2024-06-10T12:18:18.000000000Z,32,1,80420,38826.000000000,38826.000000000,38825.000000000,38825.000000000,2,YM
2024-06-10T12:18:20.000000000Z,32,1,80420,38825.000000000,38825.000000000,38825.000000000,38825.000000000,1,YM
2024-06-10T12:18:23.000000000Z,32,1,80420,38825.000000000,38825.000000000,38824.000000000,38824.000000000,2,YM
2024-06-10T12:18:26.000000000Z,32,1,80420,38825.000000000,38825.000000000,38825.000000000,38825.000000000,1,YM
2024-06-10T12:18:29.000000000Z,32,1,80420,38825.000000000,38825.000000000,38825.000000000,38825.000000000,1,YM
2024-06-10T12:18:40.000000000Z,32,1,80420,38826.000000000,38828.000000000,38826.000000000,38828.000000000,7,YM
2024-06-10T12:18:41.000000000Z,32,1,80420,38828.000000000,38829.000000000,38828.000000000,38829.000000000,2,YM
2024-06-10T12:18:42.000000000Z,32,1,80420,38830.000000000,38831.000000000,38829.000000000,38830.000000000,6,YM
2024-06-10T12:18:45.000000000Z,32,1,80420,38829.000000000,38829.000000000,38829.000000000,38829.000000000,2,YM
2024-06-10T12:18:46.000000000Z,32,1,80420,38830.000000000,38830.000000000,38830.000000000,38830.000000000,1,YM
2024-06-10T12:19:00.000000000Z,32,1,80420,38830.000000000,38830.000000000,38830.000000000,38830.000000000,1,YM
2024-06-10T12:19:01.000000000Z,32,1,80420,38832.000000000,38832.000000000,38832.000000000,38832.000000000,1,YM
2024-06-10T12:19:03.000000000Z,32,1,80420,38831.000000000,38831.000000000,38831.000000000,38831.000000000,2,YM
2024-06-10T12:19:09.000000000Z,32,1,80420,38830.000000000,38830.000000000,38830.000000000,38830.000000000,1,YM
2024-06-10T12:19:15.000000000Z,32,1,80420,38830.000000000,38830.000000000,38830.000000000,38830.000000000,1,YM
2024-06-10T12:19:16.000000000Z,32,1,80420,38829.000000000,38829.000000000,38829.000000000,38829.000000000,1,YM
2024-06-10T12:19:20.000000000Z,32,1,80420,38829.000000000,38830.000000000,38829.000000000,38830.000000000,2,YM
2024-06-10T12:19:21.000000000Z,32,1,80420,38829.000000000,38829.000000000,38828.000000000,38828.000000000,2,YM
2024-06-10T12:19:24.000000000Z,32,1,80420,38827.000000000,38827.000000000,38827.000000000,38827.000000000,2,YM
2024-06-10T12:19:42.000000000Z,32,1,80420,38829.000000000,38829.000000000,38828.000000000,38828.000000000,5,YM
2024-06-10T12:19:50.000000000Z,32,1,80420,38829.000000000,38829.000000000,38829.000000000,38829.000000000,1,YM
2024-06-10T12:19:59.000000000Z,32,1,80420,38829.000000000,38829.000000000,38829.000000000,38829.000000000,1,YM
2024-06-10T12:20:00.000000000Z,32,1,80420,38829.000000000,38829.000000000,38829.000000000,38829.000000000,1,YM
2024-06-10T12:20:03.000000000Z,32,1,80420,38828.000000000,38828.000000000,38828.000000000,38828.000000000,1,YM
2024-06-10T12:20:07.000000000Z,32,1,80420,38829.000000000,38830.000000000,38829.000000000,38830.000000000,5,YM
2024-06-10T12:20:08.000000000Z,32,1,80420,38830.000000000,38830.000000000,38830.000000000,38830.000000000,5,YM
2024-06-10T12:20:10.000000000Z,32,1,80420,38830.000000000,38830.000000000,38830.000000000,38830.000000000,4,YM
2024-06-10T12:20:12.000000000Z,32,1,80420,38831.000000000,38831.000000000,38831.000000000,38831.000000000,1,YM
2024-06-10T12:20:16.000000000Z,32,1,80420,38832.000000000,38832.000000000,38832.000000000,38832.000000000,6,YM
2024-06-10T12:20:17.000000000Z,32,1,80420,38833.000000000,38833.000000000,38833.000000000,38833.000000000,2,YM
2024-06-10T12:20:18.000000000Z,32,1,80420,38833.000000000,38833.000000000,38832.000000000,38832.000000000,2,YM
2024-06-10T12:20:20.000000000Z,32,1,80420,38834.000000000,38834.000000000,38834.000000000,38834.000000000,1,YM
2024-06-10T12:20:24.000000000Z,32,1,80420,38833.000000000,38834.000000000,38833.000000000,38834.000000000,5,YM
2024-06-10T12:20:31.000000000Z,32,1,80420,38834.000000000,38834.000000000,38833.000000000,38833.000000000,4,YM
2024-06-10T12:20:41.000000000Z,32,1,80420,38833.000000000,38833.000000000,38833.000000000,38833.000000000,2,YM
2024-06-10T12:20:42.000000000Z,32,1,80420,38835.000000000,38835.000000000,38835.000000000,38835.000000000,2,YM
2024-06-10T12:20:43.000000000Z,32,1,80420,38836.000000000,38836.000000000,38836.000000000,38836.000000000,2,YM
2024-06-10T12:20:48.000000000Z,32,1,80420,38836.000000000,38836.000000000,38836.000000000,38836.000000000,1,YM
2024-06-10T12:20:49.000000000Z,32,1,80420,38837.000000000,38837.000000000,38837.000000000,38837.000000000,2,YM
2024-06-10T12:20:55.000000000Z,32,1,80420,38838.000000000,38838.000000000,38838.000000000,38838.000000000,3,YM
2024-06-10T12:20:56.000000000Z,32,1,80420,38839.000000000,38840.000000000,38839.000000000,38840.000000000,7,YM
2024-06-10T12:21:01.000000000Z,32,1,80420,38837.000000000,38837.000000000,38836.000000000,38836.000000000,3,YM
2024-06-10T12:21:05.000000000Z,32,1,80420,38837.000000000,38837.000000000,38837.000000000,38837.000000000,1,YM
2024-06-10T12:21:06.000000000Z,32,1,80420,38836.000000000,38836.000000000,38836.000000000,38836.000000000,1,YM
2024-06-10T12:21:07.000000000Z,32,1,80420,38837.000000000,38837.000000000,38837.000000000,38837.000000000,2,YM
2024-06-10T12:21:10.000000000Z,32,1,80420,38837.000000000,38837.000000000,38837.000000000,38837.000000000,2,YM
2024-06-10T12:21:17.000000000Z,32,1,80420,38838.000000000,38838.000000000,38838.000000000,38838.000000000,2,YM
2024-06-10T12:21:20.000000000Z,32,1,80420,38840.000000000,38840.000000000,38840.000000000,38840.000000000,2,YM
2024-06-10T12:21:24.000000000Z,32,1,80420,38840.000000000,38840.000000000,38840.000000000,38840.000000000,3,YM
2024-06-10T12:21:25.000000000Z,32,1,80420,38839.000000000,38839.000000000,38839.000000000,38839.000000000,4,YM
2024-06-10T12:21:31.000000000Z,32,1,80420,38841.000000000,38842.000000000,38841.000000000,38842.000000000,8,YM
2024-06-10T12:21:41.000000000Z,32,1,80420,38841.000000000,38841.000000000,38841.000000000,38841.000000000,1,YM
2024-06-10T12:21:42.000000000Z,32,1,80420,38841.000000000,38841.000000000,38841.000000000,38841.000000000,1,YM
2024-06-10T12:21:43.000000000Z,32,1,80420,38839.000000000,38839.000000000,38838.000000000,38838.000000000,2,YM
2024-06-10T12:21:50.000000000Z,32,1,80420,38838.000000000,38838.000000000,38838.000000000,38838.000000000,1,YM
2024-06-10T12:21:56.000000000Z,32,1,80420,38837.000000000,38837.000000000,38837.000000000,38837.000000000,1,YM
2024-06-10T12:21:59.000000000Z,32,1,80420,38836.000000000,38836.000000000,38836.000000000,38836.000000000,1,YM
2024-06-10T12:22:10.000000000Z,32,1,80420,38836.000000000,38836.000000000,38836.000000000,38836.000000000,3,YM
2024-06-10T12:22:11.000000000Z,32,1,80420,38836.000000000,38836.000000000,38836.000000000,38836.000000000,3,YM
2024-06-10T12:22:17.000000000Z,32,1,80420,38835.000000000,38835.000000000,38835.000000000,38835.000000000,1,YM
2024-06-10T12:22:21.000000000Z,32,1,80420,38835.000000000,38836.000000000,38835.000000000,38836.000000000,4,YM
2024-06-10T12:22:22.000000000Z,32,1,80420,38835.000000000,38835.000000000,38835.000000000,38835.000000000,1,YM
2024-06-10T12:22:23.000000000Z,32,1,80420,38834.000000000,38835.000000000,38834.000000000,38834.000000000,3,YM
2024-06-10T12:22:24.000000000Z,32,1,80420,38835.000000000,38835.000000000,38833.000000000,38833.000000000,3,YM
2024-06-10T12:22:25.000000000Z,32,1,80420,38833.000000000,38833.000000000,38833.000000000,38833.000000000,1,YM
2024-06-10T12:22:26.000000000Z,32,1,80420,38833.000000000,38833.000000000,38832.000000000,38832.000000000,3,YM
2024-06-10T12:22:29.000000000Z,32,1,80420,38833.000000000,38833.000000000,38833.000000000,38833.000000000,3,YM
2024-06-10T12:22:31.000000000Z,32,1,80420,38832.000000000,38832.000000000,38832.000000000,38832.000000000,1,YM
2024-06-10T12:22:34.000000000Z,32,1,80420,38833.000000000,38833.000000000,38833.000000000,38833.000000000,3,YM
2024-06-10T12:22:35.000000000Z,32,1,80420,38832.000000000,38832.000000000,38832.000000000,38832.000000000,4,YM
2024-06-10T12:22:37.000000000Z,32,1,80420,38831.000000000,38831.000000000,38831.000000000,38831.000000000,3,YM
2024-06-10T12:22:38.000000000Z,32,1,80420,38828.000000000,38828.000000000,38828.000000000,38828.000000000,2,YM
2024-06-10T12:22:41.000000000Z,32,1,80420,38828.000000000,38828.000000000,38828.000000000,38828.000000000,1,YM
2024-06-10T12:22:42.000000000Z,32,1,80420,38828.000000000,38829.000000000,38828.000000000,38829.000000000,2,YM
2024-06-10T12:22:43.000000000Z,32,1,80420,38829.000000000,38829.000000000,38829.000000000,38829.000000000,3,YM
2024-06-10T12:22:44.000000000Z,32,1,80420,38829.000000000,38829.000000000,38829.000000000,38829.000000000,1,YM
2024-06-10T12:22:45.000000000Z,32,1,80420,38830.000000000,38830.000000000,38830.000000000,38830.000000000,2,YM
2024-06-10T12:22:46.000000000Z,32,1,80420,38830.000000000,38830.000000000,38830.000000000,38830.000000000,1,YM
2024-06-10T12:22:47.000000000Z,32,1,80420,38831.000000000,38831.000000000,38831.000000000,38831.000000000,2,YM
2024-06-10T12:22:48.000000000Z,32,1,80420,38831.000000000,38831.000000000,38831.000000000,38831.000000000,3,YM
2024-06-10T12:22:50.000000000Z,32,1,80420,38832.000000000,38832.000000000,38832.000000000,38832.000000000,1,YM
2024-06-10T12:22:52.000000000Z,32,1,80420,38832.000000000,38832.000000000,38832.000000000,38832.000000000,2,YM
2024-06-10T12:22:54.000000000Z,32,1,80420,38831.000000000,38831.000000000,38831.000000000,38831.000000000,2,YM
2024-06-10T12:23:03.000000000Z,32,1,80420,38829.000000000,38829.000000000,38828.000000000,38828.000000000,2,YM
2024-06-10T12:23:08.000000000Z,32,1,80420,38828.000000000,38828.000000000,38828.000000000,38828.000000000,1,YM
2024-06-10T12:23:09.000000000Z,32,1,80420,38828.000000000,38828.000000000,38828.000000000,38828.000000000,1,YM
2024-06-10T12:23:11.000000000Z,32,1,80420,38827.000000000,38827.000000000,38826.000000000,38826.000000000,2,YM
2024-06-10T12:23:13.000000000Z,32,1,80420,38827.000000000,38827.000000000,38827.000000000,38827.000000000,1,YM
2024-06-10T12:23:14.000000000Z,32,1,80420,38826.000000000,38827.000000000,38826.000000000,38827.000000000,7,YM
2024-06-10T12:23:20.000000000Z,32,1,80420,38828.000000000,38828.000000000,38828.000000000,38828.000000000,2,YM
2024-06-10T12:23:22.000000000Z,32,1,80420,38827.000000000,38827.000000000,38827.000000000,38827.000000000,2,YM
2024-06-10T12:23:23.000000000Z,32,1,80420,38826.000000000,38826.000000000,38826.000000000,38826.000000000,1,YM
2024-06-10T12:23:27.000000000Z,32,1,80420,38827.000000000,38827.000000000,38827.000000000,38827.000000000,2,YM
2024-06-10T12:23:28.000000000Z,32,1,80420,38826.000000000,38826.000000000,38826.000000000,38826.000000000,2,YM
2024-06-10T12:23:29.000000000Z,32,1,80420,38827.000000000,38827.000000000,38827.000000000,38827.000000000,1,YM
2024-06-10T12:23:33.000000000Z,32,1,80420,38828.000000000,38828.000000000,38828.000000000,38828.000000000,1,YM
2024-06-10T12:23:35.000000000Z,32,1,80420,38829.000000000,38829.000000000,38829.000000000,38829.000000000,1,YM
2024-06-10T12:23:38.000000000Z,32,1,80420,38828.000000000,38828.000000000,38828.000000000,38828.000000000,2,YM
2024-06-10T12:23:44.000000000Z,32,1,80420,38827.000000000,38827.000000000,38827.000000000,38827.000000000,1,YM
2024-06-10T12:23:59.000000000Z,32,1,80420,38827.000000000,38827.000000000,38827.000000000,38827.000000000,2,YM
2024-06-10T12:24:06.000000000Z,32,1,80420,38829.000000000,38829.000000000,38829.000000000,38829.000000000,1,YM
2024-06-10T12:24:10.000000000Z,32,1,80420,38829.000000000,38829.000000000,38829.000000000,38829.000000000,1,YM
2024-06-10T12:24:16.000000000Z,32,1,80420,38828.000000000,38828.000000000,38825.000000000,38825.000000000,7,YM
2024-06-10T12:24:19.000000000Z,32,1,80420,38827.000000000,38827.000000000,38827.000000000,38827.000000000,1,YM
2024-06-10T12:24:20.000000000Z,32,1,80420,38828.000000000,38828.000000000,38828.000000000,38828.000000000,49,YM
2024-06-10T12:24:31.000000000Z,32,1,80420,38828.000000000,38828.000000000,38828.000000000,38828.000000000,1,YM
2024-06-10T12:24:45.000000000Z,32,1,80420,38829.000000000,38829.000000000,38829.000000000,38829.000000000,1,YM
2024-06-10T12:24:51.000000000Z,32,1,80420,38828.000000000,38828.000000000,38828.000000000,38828.000000000,1,YM
2024-06-10T12:24:52.000000000Z,32,1,80420,38828.000000000,38828.000000000,38828.000000000,38828.000000000,2,YM
2024-06-10T12:24:55.000000000Z,32,1,80420,38830.000000000,38831.000000000,38830.000000000,38831.000000000,6,YM
2024-06-10T12:25:04.000000000Z,32,1,80420,38830.000000000,38830.000000000,38830.000000000,38830.000000000,2,YM
2024-06-10T12:25:09.000000000Z,32,1,80420,38831.000000000,38831.000000000,38831.000000000,38831.000000000,2,YM
2024-06-10T12:25:12.000000000Z,32,1,80420,38829.000000000,38829.000000000,38829.000000000,38829.000000000,2,YM
2024-06-10T12:25:20.000000000Z,32,1,80420,38833.000000000,38833.000000000,38833.000000000,38833.000000000,2,YM
2024-06-10T12:25:23.000000000Z,32,1,80420,38833.000000000,38833.000000000,38833.000000000,38833.000000000,6,YM
2024-06-10T12:25:26.000000000Z,32,1,80420,38834.000000000,38834.000000000,38834.000000000,38834.000000000,1,YM
2024-06-10T12:25:27.000000000Z,32,1,80420,38833.000000000,38833.000000000,38833.000000000,38833.000000000,1,YM
2024-06-10T12:25:40.000000000Z,32,1,80420,38835.000000000,38835.000000000,38835.000000000,38835.000000000,3,YM
2024-06-10T12:25:45.000000000Z,32,1,80420,38835.000000000,38835.000000000,38835.000000000,38835.000000000,1,YM
2024-06-10T12:25:46.000000000Z,32,1,80420,38835.000000000,38835.000000000,38835.000000000,38835.000000000,1,YM
2024-06-10T12:25:54.000000000Z,32,1,80420,38835.000000000,38835.000000000,38835.000000000,38835.000000000,1,YM
2024-06-10T12:26:01.000000000Z,32,1,80420,38836.000000000,38836.000000000,38836.000000000,38836.000000000,1,YM
2024-06-10T12:26:03.000000000Z,32,1,80420,38837.000000000,38837.000000000,38837.000000000,38837.000000000,1,YM
2024-06-10T12:26:04.000000000Z,32,1,80420,38839.000000000,38839.000000000,38839.000000000,38839.000000000,2,YM
2024-06-10T12:26:05.000000000Z,32,1,80420,38839.000000000,38839.000000000,38839.000000000,38839.000000000,1,YM
2024-06-10T12:26:12.000000000Z,32,1,80420,38838.000000000,38838.000000000,38838.000000000,38838.000000000,1,YM
2024-06-10T12:26:14.000000000Z,32,1,80420,38839.000000000,38839.000000000,38839.000000000,38839.000000000,1,YM
2024-06-10T12:26:15.000000000Z,32,1,80420,38840.000000000,38840.000000000,38840.000000000,38840.000000000,1,YM
2024-06-10T12:26:20.000000000Z,32,1,80420,38839.000000000,38839.000000000,38839.000000000,38839.000000000,3,YM
2024-06-10T12:26:22.000000000Z,32,1,80420,38840.000000000,38840.000000000,38840.000000000,38840.000000000,3,YM
2024-06-10T12:26:27.000000000Z,32,1,80420,38838.000000000,38838.000000000,38837.000000000,38837.000000000,3,YM
2024-06-10T12:26:33.000000000Z,32,1,80420,38836.000000000,38836.000000000,38836.000000000,38836.000000000,2,YM
2024-06-10T12:26:40.000000000Z,32,1,80420,38833.000000000,38833.000000000,38833.000000000,38833.000000000,1,YM
2024-06-10T12:26:43.000000000Z,32,1,80420,38833.000000000,38833.000000000,38833.000000000,38833.000000000,2,YM
2024-06-10T12:26:51.000000000Z,32,1,80420,38832.000000000,38832.000000000,38832.000000000,38832.000000000,1,YM
2024-06-10T12:26:52.000000000Z,32,1,80420,38833.000000000,38833.000000000,38833.000000000,38833.000000000,1,YM
2024-06-10T12:26:55.000000000Z,32,1,80420,38833.000000000,38833.000000000,38833.000000000,38833.000000000,2,YM
2024-06-10T12:26:56.000000000Z,32,1,80420,38833.000000000,38833.000000000,38833.000000000,38833.000000000,1,YM
2024-06-10T12:27:02.000000000Z,32,1,80420,38830.000000000,38830.000000000,38830.000000000,38830.000000000,1,YM
2024-06-10T12:27:03.000000000Z,32,1,80420,38829.000000000,38829.000000000,38829.000000000,38829.000000000,1,YM
2024-06-10T12:27:11.000000000Z,32,1,80420,38827.000000000,38827.000000000,38827.000000000,38827.000000000,3,YM
2024-06-10T12:27:15.000000000Z,32,1,80420,38827.000000000,38827.000000000,38827.000000000,38827.000000000,1,YM
2024-06-10T12:27:20.000000000Z,32,1,80420,38828.000000000,38828.000000000,38828.000000000,38828.000000000,1,YM
2024-06-10T12:27:24.000000000Z,32,1,80420,38828.000000000,38828.000000000,38828.000000000,38828.000000000,1,YM
2024-06-10T12:27:27.000000000Z,32,1,80420,38829.000000000,38829.000000000,38829.000000000,38829.000000000,1,YM
2024-06-10T12:27:29.000000000Z,32,1,80420,38830.000000000,38830.000000000,38830.000000000,38830.000000000,1,YM
2024-06-10T12:28:00.000000000Z,32,1,80420,38830.000000000,38830.000000000,38830.000000000,38830.000000000,1,YM
2024-06-10T12:28:01.000000000Z,32,1,80420,38830.000000000,38830.000000000,38830.000000000,38830.000000000,1,YM
2024-06-10T12:28:02.000000000Z,32,1,80420,38829.000000000,38829.000000000,38829.000000000,38829.000000000,1,YM
2024-06-10T12:28:03.000000000Z,32,1,80420,38831.000000000,38831.000000000,38831.000000000,38831.000000000,2,YM
2024-06-10T12:28:05.000000000Z,32,1,80420,38830.000000000,38830.000000000,38830.000000000,38830.000000000,1,YM
2024-06-10T12:28:11.000000000Z,32,1,80420,38831.000000000,38831.000000000,38831.000000000,38831.000000000,1,YM
2024-06-10T12:28:21.000000000Z,32,1,80420,38832.000000000,38832.000000000,38832.000000000,38832.000000000,1,YM
2024-06-10T12:28:55.000000000Z,32,1,80420,38830.000000000,38830.000000000,38830.000000000,38830.000000000,1,YM
2024-06-10T12:28:58.000000000Z,32,1,80420,38830.000000000,38830.000000000,38830.000000000,38830.000000000,1,YM
2024-06-10T12:29:00.000000000Z,32,1,80420,38832.000000000,38832.000000000,38832.000000000,38832.000000000,1,YM
2024-06-10T12:29:09.000000000Z,32,1,80420,38828.000000000,38828.000000000,38827.000000000,38827.000000000,3,YM
2024-06-10T12:29:11.000000000Z,32,1,80420,38825.000000000,38825.000000000,38825.000000000,38825.000000000,2,YM
2024-06-10T12:29:12.000000000Z,32,1,80420,38826.000000000,38826.000000000,38826.000000000,38826.000000000,2,YM
2024-06-10T12:29:14.000000000Z,32,1,80420,38826.000000000,38826.000000000,38826.000000000,38826.000000000,3,YM
2024-06-10T12:29:20.000000000Z,32,1,80420,38828.000000000,38828.000000000,38828.000000000,38828.000000000,1,YM
2024-06-10T12:29:41.000000000Z,32,1,80420,38830.000000000,38830.000000000,38830.000000000,38830.000000000,1,YM
2024-06-10T12:29:46.000000000Z,32,1,80420,38829.000000000,38829.000000000,38829.000000000,38829.000000000,1,YM
2024-06-10T12:29:49.000000000Z,32,1,80420,38830.000000000,38830.000000000,38830.000000000,38830.000000000,1,YM
2024-06-10T12:29:54.000000000Z,32,1,80420,38830.000000000,38830.000000000,38830.000000000,38830.000000000,1,YM
2024-06-10T12:30:00.000000000Z,32,1,80420,38831.000000000,38833.000000000,38831.000000000,38831.000000000,5,YM
2024-06-10T12:30:01.000000000Z,32,1,80420,38831.000000000,38831.000000000,38831.000000000,38831.000000000,1,YM
2024-06-10T12:30:02.000000000Z,32,1,80420,38831.000000000,38831.000000000,38831.000000000,38831.000000000,2,YM
2024-06-10T12:30:04.000000000Z,32,1,80420,38833.000000000,38833.000000000,38833.000000000,38833.000000000,1,YM
2024-06-10T12:30:09.000000000Z,32,1,80420,38832.000000000,38832.000000000,38832.000000000,38832.000000000,1,YM
2024-06-10T12:30:12.000000000Z,32,1,80420,38833.000000000,38833.000000000,38833.000000000,38833.000000000,1,YM
2024-06-10T12:30:20.000000000Z,32,1,80420,38834.000000000,38834.000000000,38834.000000000,38834.000000000,1,YM
2024-06-10T12:30:23.000000000Z,32,1,80420,38832.000000000,38832.000000000,38832.000000000,38832.000000000,1,YM
2024-06-10T12:30:24.000000000Z,32,1,80420,38830.000000000,38830.000000000,38830.000000000,38830.000000000,1,YM
2024-06-10T12:30:30.000000000Z,32,1,80420,38831.000000000,38831.000000000,38831.000000000,38831.000000000,2,YM
2024-06-10T12:30:32.000000000Z,32,1,80420,38831.000000000,38831.000000000,38831.000000000,38831.000000000,1,YM
2024-06-10T12:30:37.000000000Z,32,1,80420,38831.000000000,38831.000000000,38831.000000000,38831.000000000,1,YM
2024-06-10T12:30:45.000000000Z,32,1,80420,38832.000000000,38832.000000000,38832.000000000,38832.000000000,1,YM
2024-06-10T12:30:56.000000000Z,32,1,80420,38832.000000000,38832.000000000,38832.000000000,38832.000000000,2,YM
2024-06-10T12:31:00.000000000Z,32,1,80420,38832.000000000,38832.000000000,38831.000000000,38831.000000000,3,YM
2024-06-10T12:31:02.000000000Z,32,1,80420,38832.000000000,38832.000000000,38832.000000000,38832.000000000,2,YM
2024-06-10T12:31:07.000000000Z,32,1,80420,38831.000000000,38831.000000000,38831.000000000,38831.000000000,3,YM
2024-06-10T12:31:09.000000000Z,32,1,80420,38831.000000000,38831.000000000,38831.000000000,38831.000000000,1,YM
2024-06-10T12:31:10.000000000Z,32,1,80420,38830.000000000,38830.000000000,38830.000000000,38830.000000000,1,YM
2024-06-10T12:31:11.000000000Z,32,1,80420,38830.000000000,38830.000000000,38830.000000000,38830.000000000,3,YM
2024-06-10T12:31:12.000000000Z,32,1,80420,38830.000000000,38830.000000000,38830.000000000,38830.000000000,2,YM
2024-06-10T12:31:13.000000000Z,32,1,80420,38830.000000000,38830.000000000,38830.000000000,38830.000000000,2,YM
2024-06-10T12:31:16.000000000Z,32,1,80420,38829.000000000,38829.000000000,38828.000000000,38828.000000000,3,YM
2024-06-10T12:31:20.000000000Z,32,1,80420,38829.000000000,38829.000000000,38829.000000000,38829.000000000,1,YM
2024-06-10T12:31:21.000000000Z,32,1,80420,38829.000000000,38829.000000000,38829.000000000,38829.000000000,2,YM
2024-06-10T12:31:23.000000000Z,32,1,80420,38830.000000000,38830.000000000,38830.000000000,38830.000000000,2,YM
2024-06-10T12:31:24.000000000Z,32,1,80420,38831.000000000,38831.000000000,38831.000000000,38831.000000000,1,YM
2024-06-10T12:31:27.000000000Z,32,1,80420,38831.000000000,38831.000000000,38831.000000000,38831.000000000,1,YM
2024-06-10T12:31:40.000000000Z,32,1,80420,38828.000000000,38828.000000000,38827.000000000,38827.000000000,2,YM
2024-06-10T12:31:50.000000000Z,32,1,80420,38827.000000000,38827.000000000,38827.000000000,38827.000000000,2,YM
2024-06-10T12:32:00.000000000Z,32,1,80420,38829.000000000,38829.000000000,38829.000000000,38829.000000000,1,YM
2024-06-10T12:32:05.000000000Z,32,1,80420,38829.000000000,38829.000000000,38829.000000000,38829.000000000,4,YM
2024-06-10T12:32:10.000000000Z,32,1,80420,38830.000000000,38830.000000000,38829.000000000,38829.000000000,3,YM
2024-06-10T12:32:11.000000000Z,32,1,80420,38829.000000000,38829.000000000,38829.000000000,38829.000000000,1,YM
2024-06-10T12:32:14.000000000Z,32,1,80420,38830.000000000,38830.000000000,38830.000000000,38830.000000000,3,YM
2024-06-10T12:32:15.000000000Z,32,1,80420,38829.000000000,38830.000000000,38829.000000000,38830.000000000,2,YM
2024-06-10T12:32:20.000000000Z,32,1,80420,38833.000000000,38833.000000000,38833.000000000,38833.000000000,2,YM
2024-06-10T12:32:21.000000000Z,32,1,80420,38831.000000000,38831.000000000,38831.000000000,38831.000000000,1,YM
2024-06-10T12:32:24.000000000Z,32,1,80420,38831.000000000,38831.000000000,38831.000000000,38831.000000000,1,YM
2024-06-10T12:32:26.000000000Z,32,1,80420,38832.000000000,38832.000000000,38832.000000000,38832.000000000,1,YM
2024-06-10T12:32:32.000000000Z,32,1,80420,38832.000000000,38832.000000000,38832.000000000,38832.000000000,1,YM
2024-06-10T12:32:50.000000000Z,32,1,80420,38831.000000000,38831.000000000,38830.000000000,38830.000000000,9,YM
2024-06-10T12:32:53.000000000Z,32,1,80420,38829.000000000,38829.000000000,38829.000000000,38829.000000000,3,YM
2024-06-10T12:32:56.000000000Z,32,1,80420,38827.000000000,38827.000000000,38826.000000000,38826.000000000,2,YM
2024-06-10T12:32:58.000000000Z,32,1,80420,38825.000000000,38825.000000000,38825.000000000,38825.000000000,6,YM
2024-06-10T12:33:00.000000000Z,32,1,80420,38826.000000000,38826.000000000,38826.000000000,38826.000000000,1,YM
2024-06-10T12:33:04.000000000Z,32,1,80420,38826.000000000,38826.000000000,38826.000000000,38826.000000000,5,YM
2024-06-10T12:33:05.000000000Z,32,1,80420,38827.000000000,38827.000000000,38827.000000000,38827.000000000,2,YM
2024-06-10T12:33:15.000000000Z,32,1,80420,38826.000000000,38826.000000000,38826.000000000,38826.000000000,2,YM
2024-06-10T12:33:16.000000000Z,32,1,80420,38826.000000000,38826.000000000,38826.000000000,38826.000000000,3,YM
2024-06-10T12:33:19.000000000Z,32,1,80420,38827.000000000,38827.000000000,38827.000000000,38827.000000000,1,YM
2024-06-10T12:33:20.000000000Z,32,1,80420,38827.000000000,38827.000000000,38827.000000000,38827.000000000,2,YM
2024-06-10T12:33:30.000000000Z,32,1,80420,38828.000000000,38828.000000000,38828.000000000,38828.000000000,1,YM
2024-06-10T12:33:33.000000000Z,32,1,80420,38827.000000000,38828.000000000,38827.000000000,38828.000000000,9,YM
2024-06-10T12:33:34.000000000Z,32,1,80420,38827.000000000,38827.000000000,38827.000000000,38827.000000000,1,YM
2024-06-10T12:33:35.000000000Z,32,1,80420,38829.000000000,38829.000000000,38829.000000000,38829.000000000,1,YM
2024-06-10T12:33:41.000000000Z,32,1,80420,38827.000000000,38827.000000000,38827.000000000,38827.000000000,1,YM
2024-06-10T12:33:47.000000000Z,32,1,80420,38828.000000000,38828.000000000,38828.000000000,38828.000000000,3,YM
2024-06-10T12:33:54.000000000Z,32,1,80420,38829.000000000,38829.000000000,38829.000000000,38829.000000000,1,YM
2024-06-10T12:33:57.000000000Z,32,1,80420,38829.000000000,38829.000000000,38829.000000000,38829.000000000,2,YM
2024-06-10T12:34:00.000000000Z,32,1,80420,38830.000000000,38830.000000000,38830.000000000,38830.000000000,1,YM
2024-06-10T12:34:11.000000000Z,32,1,80420,38832.000000000,38832.000000000,38832.000000000,38832.000000000,1,YM
2024-06-10T12:34:12.000000000Z,32,1,80420,38832.000000000,38832.000000000,38832.000000000,38832.000000000,1,YM
2024-06-10T12:34:17.000000000Z,32,1,80420,38832.000000000,38832.000000000,38831.000000000,38831.000000000,17,YM
2024-06-10T12:34:20.000000000Z,32,1,80420,38832.000000000,38832.000000000,38832.000000000,38832.000000000,1,YM
2024-06-10T12:34:21.000000000Z,32,1,80420,38831.000000000,38831.000000000,38831.000000000,38831.000000000,2,YM
2024-06-10T12:34:34.000000000Z,32,1,80420,38831.000000000,38831.000000000,38830.000000000,38830.000000000,4,YM
2024-06-10T12:34:37.000000000Z,32,1,80420,38830.000000000,38830.000000000,38830.000000000,38830.000000000,1,YM
2024-06-10T12:34:40.000000000Z,32,1,80420,38831.000000000,38831.000000000,38831.000000000,38831.000000000,2,YM
2024-06-10T12:34:57.000000000Z,32,1,80420,38832.000000000,38833.000000000,38832.000000000,38833.000000000,43,YM
2024-06-10T12:35:01.000000000Z,32,1,80420,38832.000000000,38832.000000000,38832.000000000,38832.000000000,5,YM
2024-06-10T12:35:02.000000000Z,32,1,80420,38833.000000000,38833.000000000,38833.000000000,38833.000000000,1,YM
2024-06-10T12:35:03.000000000Z,32,1,80420,38832.000000000,38832.000000000,38832.000000000,38832.000000000,1,YM
2024-06-10T12:35:10.000000000Z,32,1,80420,38833.000000000,38833.000000000,38833.000000000,38833.000000000,1,YM
2024-06-10T12:35:11.000000000Z,32,1,80420,38832.000000000,38832.000000000,38832.000000000,38832.000000000,2,YM
2024-06-10T12:35:16.000000000Z,32,1,80420,38833.000000000,38833.000000000,38833.000000000,38833.000000000,1,YM
2024-06-10T12:35:19.000000000Z,32,1,80420,38833.000000000,38833.000000000,38833.000000000,38833.000000000,2,YM
2024-06-10T12:35:21.000000000Z,32,1,80420,38834.000000000,38834.000000000,38834.000000000,38834.000000000,2,YM
2024-06-10T12:35:24.000000000Z,32,1,80420,38832.000000000,38832.000000000,38832.000000000,38832.000000000,2,YM
2024-06-10T12:35:28.000000000Z,32,1,80420,38830.000000000,38830.000000000,38830.000000000,38830.000000000,3,YM
2024-06-10T12:35:33.000000000Z,32,1,80420,38830.000000000,38830.000000000,38830.000000000,38830.000000000,1,YM
2024-06-10T12:35:36.000000000Z,32,1,80420,38831.000000000,38831.000000000,38831.000000000,38831.000000000,1,YM
2024-06-10T12:35:39.000000000Z,32,1,80420,38831.000000000,38831.000000000,38831.000000000,38831.000000000,1,YM
2024-06-10T12:35:41.000000000Z,32,1,80420,38833.000000000,38833.000000000,38833.000000000,38833.000000000,2,YM
2024-06-10T12:35:45.000000000Z,32,1,80420,38833.000000000,38833.000000000,38833.000000000,38833.000000000,1,YM
2024-06-10T12:35:46.000000000Z,32,1,80420,38832.000000000,38832.000000000,38832.000000000,38832.000000000,2,YM
2024-06-10T12:35:56.000000000Z,32,1,80420,38834.000000000,38834.000000000,38834.000000000,38834.000000000,1,YM
2024-06-10T12:35:58.000000000Z,32,1,80420,38833.000000000,38833.000000000,38832.000000000,38832.000000000,2,YM
2024-06-10T12:36:20.000000000Z,32,1,80420,38833.000000000,38833.000000000,38833.000000000,38833.000000000,2,YM
2024-06-10T12:36:28.000000000Z,32,1,80420,38833.000000000,38833.000000000,38833.000000000,38833.000000000,1,YM
2024-06-10T12:36:33.000000000Z,32,1,80420,38833.000000000,38833.000000000,38832.000000000,38832.000000000,4,YM
2024-06-10T12:36:47.000000000Z,32,1,80420,38831.000000000,38831.000000000,38830.000000000,38830.000000000,4,YM
2024-06-10T12:36:54.000000000Z,32,1,80420,38832.000000000,38832.000000000,38832.000000000,38832.000000000,2,YM
2024-06-10T12:36:56.000000000Z,32,1,80420,38832.000000000,38832.000000000,38832.000000000,38832.000000000,2,YM
2024-06-10T12:37:01.000000000Z,32,1,80420,38831.000000000,38831.000000000,38831.000000000,38831.000000000,1,YM
2024-06-10T12:37:02.000000000Z,32,1,80420,38830.000000000,38830.000000000,38830.000000000,38830.000000000,3,YM
2024-06-10T12:37:03.000000000Z,32,1,80420,38830.000000000,38830.000000000,38830.000000000,38830.000000000,1,YM
2024-06-10T12:37:05.000000000Z,32,1,80420,38830.000000000,38830.000000000,38830.000000000,38830.000000000,2,YM
2024-06-10T12:37:08.000000000Z,32,1,80420,38831.000000000,38831.000000000,38831.000000000,38831.000000000,2,YM
2024-06-10T12:37:09.000000000Z,32,1,80420,38832.000000000,38832.000000000,38832.000000000,38832.000000000,2,YM
2024-06-10T12:37:10.000000000Z,32,1,80420,38832.000000000,38832.000000000,38832.000000000,38832.000000000,1,YM
2024-06-10T12:37:18.000000000Z,32,1,80420,38831.000000000,38831.000000000,38831.000000000,38831.000000000,1,YM
2024-06-10T12:37:19.000000000Z,32,1,80420,38832.000000000,38832.000000000,38832.000000000,38832.000000000,1,YM
2024-06-10T12:37:20.000000000Z,32,1,80420,38833.000000000,38833.000000000,38833.000000000,38833.000000000,1,YM
2024-06-10T12:37:25.000000000Z,32,1,80420,38831.000000000,38831.000000000,38831.000000000,38831.000000000,2,YM
2024-06-10T12:37:30.000000000Z,32,1,80420,38832.000000000,38832.000000000,38832.000000000,38832.000000000,1,YM
2024-06-10T12:37:36.000000000Z,32,1,80420,38831.000000000,38831.000000000,38831.000000000,38831.000000000,1,YM
2024-06-10T12:37:43.000000000Z,32,1,80420,38832.000000000,38832.000000000,38831.000000000,38831.000000000,3,YM
2024-06-10T12:37:45.000000000Z,32,1,80420,38833.000000000,38833.000000000,38833.000000000,38833.000000000,1,YM
2024-06-10T12:37:52.000000000Z,32,1,80420,38833.000000000,38833.000000000,38833.000000000,38833.000000000,1,YM
2024-06-10T12:37:54.000000000Z,32,1,80420,38834.000000000,38835.000000000,38834.000000000,38835.000000000,3,YM
2024-06-10T12:37:55.000000000Z,32,1,80420,38836.000000000,38836.000000000,38836.000000000,38836.000000000,1,YM
2024-06-10T12:37:58.000000000Z,32,1,80420,38836.000000000,38836.000000000,38836.000000000,38836.000000000,2,YM
2024-06-10T12:38:01.000000000Z,32,1,80420,38836.000000000,38836.000000000,38836.000000000,38836.000000000,1,YM
2024-06-10T12:38:02.000000000Z,32,1,80420,38835.000000000,38835.000000000,38835.000000000,38835.000000000,2,YM
2024-06-10T12:38:03.000000000Z,32,1,80420,38835.000000000,38835.000000000,38835.000000000,38835.000000000,1,YM
2024-06-10T12:38:15.000000000Z,32,1,80420,38833.000000000,38833.000000000,38832.000000000,38832.000000000,2,YM
2024-06-10T12:38:20.000000000Z,32,1,80420,38832.000000000,38832.000000000,38832.000000000,38832.000000000,2,YM
2024-06-10T12:38:22.000000000Z,32,1,80420,38832.000000000,38832.000000000,38832.000000000,38832.000000000,2,YM
2024-06-10T12:38:26.000000000Z,32,1,80420,38832.000000000,38832.000000000,38832.000000000,38832.000000000,1,YM
2024-06-10T12:38:50.000000000Z,32,1,80420,38833.000000000,38833.000000000,38833.000000000,38833.000000000,1,YM
2024-06-10T12:38:51.000000000Z,32,1,80420,38833.000000000,38833.000000000,38833.000000000,38833.000000000,3,YM
2024-06-10T12:38:57.000000000Z,32,1,80420,38830.000000000,38830.000000000,38829.000000000,38829.000000000,4,YM
2024-06-10T12:39:03.000000000Z,32,1,80420,38828.000000000,38828.000000000,38828.000000000,38828.000000000,2,YM
2024-06-10T12:39:05.000000000Z,32,1,80420,38827.000000000,38827.000000000,38824.000000000,38825.000000000,12,YM
2024-06-10T12:39:10.000000000Z,32,1,80420,38827.000000000,38827.000000000,38825.000000000,38825.000000000,4,YM
2024-06-10T12:39:11.000000000Z,32,1,80420,38826.000000000,38826.000000000,38826.000000000,38826.000000000,2,YM
2024-06-10T12:39:12.000000000Z,32,1,80420,38826.000000000,38827.000000000,38826.000000000,38827.000000000,5,YM
2024-06-10T12:39:20.000000000Z,32,1,80420,38828.000000000,38828.000000000,38828.000000000,38828.000000000,1,YM
2024-06-10T12:39:21.000000000Z,32,1,80420,38828.000000000,38828.000000000,38827.000000000,38827.000000000,4,YM
2024-06-10T12:39:35.000000000Z,32,1,80420,38827.000000000,38827.000000000,38827.000000000,38827.000000000,5,YM
2024-06-10T12:39:41.000000000Z,32,1,80420,38827.000000000,38827.000000000,38827.000000000,38827.000000000,3,YM
2024-06-10T12:39:45.000000000Z,32,1,80420,38828.000000000,38828.000000000,38828.000000000,38828.000000000,2,YM
2024-06-10T12:39:48.000000000Z,32,1,80420,38829.000000000,38829.000000000,38827.000000000,38827.000000000,4,YM
2024-06-10T12:39:59.000000000Z,32,1,80420,38825.000000000,38825.000000000,38824.000000000,38824.000000000,4,YM
2024-06-10T12:40:00.000000000Z,32,1,80420,38826.000000000,38826.000000000,38824.000000000,38824.000000000,2,YM
2024-06-10T12:40:01.000000000Z,32,1,80420,38826.000000000,38826.000000000,38826.000000000,38826.000000000,1,YM
2024-06-10T12:40:07.000000000Z,32,1,80420,38827.000000000,38827.000000000,38827.000000000,38827.000000000,2,YM
2024-06-10T12:40:09.000000000Z,32,1,80420,38826.000000000,38826.000000000,38826.000000000,38826.000000000,4,YM
2024-06-10T12:40:14.000000000Z,32,1,80420,38826.000000000,38827.000000000,38826.000000000,38827.000000000,2,YM
2024-06-10T12:40:16.000000000Z,32,1,80420,38826.000000000,38826.000000000,38826.000000000,38826.000000000,12,YM
2024-06-10T12:40:20.000000000Z,32,1,80420,38826.000000000,38827.000000000,38826.000000000,38827.000000000,2,YM
2024-06-10T12:40:21.000000000Z,32,1,80420,38826.000000000,38826.000000000,38826.000000000,38826.000000000,1,YM
2024-06-10T12:40:33.000000000Z,32,1,80420,38825.000000000,38825.000000000,38825.000000000,38825.000000000,3,YM
2024-06-10T12:40:37.000000000Z,32,1,80420,38826.000000000,38826.000000000,38826.000000000,38826.000000000,3,YM
2024-06-10T12:40:38.000000000Z,32,1,80420,38825.000000000,38825.000000000,38824.000000000,38824.000000000,4,YM
2024-06-10T12:40:40.000000000Z,32,1,80420,38825.000000000,38825.000000000,38825.000000000,38825.000000000,2,YM
2024-06-10T12:40:41.000000000Z,32,1,80420,38824.000000000,38824.000000000,38824.000000000,38824.000000000,1,YM
2024-06-10T12:40:42.000000000Z,32,1,80420,38823.000000000,38823.000000000,38823.000000000,38823.000000000,1,YM
2024-06-10T12:40:43.000000000Z,32,1,80420,38823.000000000,38823.000000000,38823.000000000,38823.000000000,1,YM
2024-06-10T12:40:44.000000000Z,32,1,80420,38823.000000000,38823.000000000,38823.000000000,38823.000000000,1,YM
2024-06-10T12:40:53.000000000Z,32,1,80420,38824.000000000,38824.000000000,38824.000000000,38824.000000000,2,YM
2024-06-10T12:40:54.000000000Z,32,1,80420,38823.000000000,38823.000000000,38823.000000000,38823.000000000,1,YM
2024-06-10T12:40:55.000000000Z,32,1,80420,38823.000000000,38823.000000000,38823.000000000,38823.000000000,1,YM
2024-06-10T12:40:56.000000000Z,32,1,80420,38824.000000000,38824.000000000,38824.000000000,38824.000000000,1,YM
2024-06-10T12:41:08.000000000Z,32,1,80420,38823.000000000,38823.000000000,38820.000000000,38820.000000000,10,YM
2024-06-10T12:41:13.000000000Z,32,1,80420,38822.000000000,38822.000000000,38822.000000000,38822.000000000,1,YM
2024-06-10T12:41:22.000000000Z,32,1,80420,38824.000000000,38824.000000000,38824.000000000,38824.000000000,1,YM
2024-06-10T12:41:23.000000000Z,32,1,80420,38824.000000000,38824.000000000,38824.000000000,38824.000000000,4,YM
2024-06-10T12:41:34.000000000Z,32,1,80420,38823.000000000,38823.000000000,38823.000000000,38823.000000000,8,YM
2024-06-10T12:41:36.000000000Z,32,1,80420,38821.000000000,38821.000000000,38821.000000000,38821.000000000,1,YM
2024-06-10T12:41:37.000000000Z,32,1,80420,38820.000000000,38820.000000000,38819.000000000,38819.000000000,9,YM
2024-06-10T12:41:40.000000000Z,32,1,80420,38820.000000000,38821.000000000,38820.000000000,38820.000000000,5,YM
2024-06-10T12:41:41.000000000Z,32,1,80420,38819.000000000,38819.000000000,38819.000000000,38819.000000000,4,YM
2024-06-10T12:41:43.000000000Z,32,1,80420,38818.000000000,38820.000000000,38818.000000000,38820.000000000,4,YM
2024-06-10T12:41:44.000000000Z,32,1,80420,38821.000000000,38822.000000000,38821.000000000,38822.000000000,8,YM
2024-06-10T12:41:47.000000000Z,32,1,80420,38821.000000000,38821.000000000,38821.000000000,38821.000000000,1,YM
2024-06-10T12:41:50.000000000Z,32,1,80420,38824.000000000,38824.000000000,38822.000000000,38822.000000000,10,YM
2024-06-10T12:41:52.000000000Z,32,1,80420,38821.000000000,38821.000000000,38819.000000000,38819.000000000,5,YM
2024-06-10T12:41:54.000000000Z,32,1,80420,38822.000000000,38822.000000000,38822.000000000,38822.000000000,4,YM
2024-06-10T12:41:55.000000000Z,32,1,80420,38822.000000000,38822.000000000,38821.000000000,38821.000000000,3,YM
2024-06-10T12:41:56.000000000Z,32,1,80420,38821.000000000,38821.000000000,38821.000000000,38821.000000000,1,YM
2024-06-10T12:42:00.000000000Z,32,1,80420,38822.000000000,38822.000000000,38822.000000000,38822.000000000,4,YM
2024-06-10T12:42:02.000000000Z,32,1,80420,38821.000000000,38821.000000000,38821.000000000,38821.000000000,1,YM
2024-06-10T12:42:04.000000000Z,32,1,80420,38822.000000000,38822.000000000,38821.000000000,38821.000000000,9,YM
2024-06-10T12:42:06.000000000Z,32,1,80420,38821.000000000,38821.000000000,38821.000000000,38821.000000000,4,YM
2024-06-10T12:42:10.000000000Z,32,1,80420,38821.000000000,38821.000000000,38821.000000000,38821.000000000,1,YM
2024-06-10T12:42:20.000000000Z,32,1,80420,38820.000000000,38820.000000000,38820.000000000,38820.000000000,1,YM
2024-06-10T12:42:21.000000000Z,32,1,80420,38820.000000000,38820.000000000,38820.000000000,38820.000000000,1,YM
2024-06-10T12:42:25.000000000Z,32,1,80420,38822.000000000,38822.000000000,38822.000000000,38822.000000000,3,YM
2024-06-10T12:42:27.000000000Z,32,1,80420,38821.000000000,38821.000000000,38821.000000000,38821.000000000,4,YM
2024-06-10T12:42:29.000000000Z,32,1,80420,38823.000000000,38823.000000000,38823.000000000,38823.000000000,2,YM
2024-06-10T12:42:42.000000000Z,32,1,80420,38822.000000000,38822.000000000,38822.000000000,38822.000000000,1,YM
2024-06-10T12:42:49.000000000Z,32,1,80420,38821.000000000,38821.000000000,38821.000000000,38821.000000000,2,YM
2024-06-10T12:42:50.000000000Z,32,1,80420,38821.000000000,38821.000000000,38820.000000000,38820.000000000,4,YM
2024-06-10T12:42:51.000000000Z,32,1,80420,38821.000000000,38821.000000000,38821.000000000,38821.000000000,3,YM
2024-06-10T12:43:00.000000000Z,32,1,80420,38823.000000000,38823.000000000,38823.000000000,38823.000000000,1,YM
2024-06-10T12:43:05.000000000Z,32,1,80420,38822.000000000,38823.000000000,38822.000000000,38823.000000000,2,YM
2024-06-10T12:43:07.000000000Z,32,1,80420,38822.000000000,38822.000000000,38822.000000000,38822.000000000,3,YM
2024-06-10T12:43:09.000000000Z,32,1,80420,38823.000000000,38823.000000000,38823.000000000,38823.000000000,1,YM
2024-06-10T12:43:11.000000000Z,32,1,80420,38823.000000000,38825.000000000,38823.000000000,38823.000000000,9,YM
2024-06-10T12:43:12.000000000Z,32,1,80420,38823.000000000,38823.000000000,38823.000000000,38823.000000000,6,YM
2024-06-10T12:43:13.000000000Z,32,1,80420,38823.000000000,38823.000000000,38823.000000000,38823.000000000,2,YM
2024-06-10T12:43:18.000000000Z,32,1,80420,38822.000000000,38822.000000000,38822.000000000,38822.000000000,2,YM
2024-06-10T12:43:20.000000000Z,32,1,80420,38823.000000000,38823.000000000,38823.000000000,38823.000000000,1,YM
2024-06-10T12:43:23.000000000Z,32,1,80420,38823.000000000,38823.000000000,38823.000000000,38823.000000000,3,YM
2024-06-10T12:43:26.000000000Z,32,1,80420,38823.000000000,38823.000000000,38823.000000000,38823.000000000,1,YM
2024-06-10T12:43:28.000000000Z,32,1,80420,38822.000000000,38822.000000000,38822.000000000,38822.000000000,4,YM
2024-06-10T12:43:38.000000000Z,32,1,80420,38820.000000000,38820.000000000,38820.000000000,38820.000000000,4,YM
2024-06-10T12:43:41.000000000Z,32,1,80420,38820.000000000,38820.000000000,38820.000000000,38820.000000000,1,YM
2024-06-10T12:43:44.000000000Z,32,1,80420,38821.000000000,38821.000000000,38821.000000000,38821.000000000,1,YM
2024-06-10T12:43:47.000000000Z,32,1,80420,38822.000000000,38822.000000000,38822.000000000,38822.000000000,7,YM
2024-06-10T12:43:52.000000000Z,32,1,80420,38823.000000000,38823.000000000,38823.000000000,38823.000000000,1,YM
2024-06-10T12:43:53.000000000Z,32,1,80420,38822.000000000,38822.000000000,38822.000000000,38822.000000000,2,YM
2024-06-10T12:43:54.000000000Z,32,1,80420,38822.000000000,38822.000000000,38822.000000000,38822.000000000,1,YM
2024-06-10T12:43:56.000000000Z,32,1,80420,38822.000000000,38822.000000000,38822.000000000,38822.000000000,2,YM
2024-06-10T12:43:58.000000000Z,32,1,80420,38822.000000000,38822.000000000,38822.000000000,38822.000000000,1,YM
2024-06-10T12:44:02.000000000Z,32,1,80420,38823.000000000,38823.000000000,38823.000000000,38823.000000000,1,YM
2024-06-10T12:44:05.000000000Z,32,1,80420,38824.000000000,38824.000000000,38824.000000000,38824.000000000,3,YM
2024-06-10T12:44:08.000000000Z,32,1,80420,38823.000000000,38823.000000000,38823.000000000,38823.000000000,3,YM
2024-06-10T12:44:09.000000000Z,32,1,80420,38822.000000000,38822.000000000,38822.000000000,38822.000000000,2,YM
2024-06-10T12:44:11.000000000Z,32,1,80420,38821.000000000,38821.000000000,38821.000000000,38821.000000000,3,YM
2024-06-10T12:44:12.000000000Z,32,1,80420,38821.000000000,38821.000000000,38821.000000000,38821.000000000,1,YM
2024-06-10T12:44:17.000000000Z,32,1,80420,38822.000000000,38822.000000000,38822.000000000,38822.000000000,1,YM
2024-06-10T12:44:21.000000000Z,32,1,80420,38823.000000000,38824.000000000,38823.000000000,38824.000000000,2,YM
2024-06-10T12:44:23.000000000Z,32,1,80420,38823.000000000,38823.000000000,38823.000000000,38823.000000000,1,YM
2024-06-10T12:44:26.000000000Z,32,1,80420,38822.000000000,38822.000000000,38822.000000000,38822.000000000,1,YM
2024-06-10T12:44:32.000000000Z,32,1,80420,38821.000000000,38821.000000000,38821.000000000,38821.000000000,1,YM
2024-06-10T12:44:37.000000000Z,32,1,80420,38820.000000000,38820.000000000,38820.000000000,38820.000000000,2,YM
2024-06-10T12:44:38.000000000Z,32,1,80420,38818.000000000,38818.000000000,38818.000000000,38818.000000000,3,YM
2024-06-10T12:44:52.000000000Z,32,1,80420,38818.000000000,38818.000000000,38818.000000000,38818.000000000,1,YM
2024-06-10T12:44:53.000000000Z,32,1,80420,38818.000000000,38820.000000000,38818.000000000,38820.000000000,3,YM
2024-06-10T12:45:00.000000000Z,32,1,80420,38820.000000000,38820.000000000,38820.000000000,38820.000000000,1,YM
2024-06-10T12:45:03.000000000Z,32,1,80420,38820.000000000,38820.000000000,38820.000000000,38820.000000000,1,YM
2024-06-10T12:45:09.000000000Z,32,1,80420,38819.000000000,38819.000000000,38819.000000000,38819.000000000,3,YM
2024-06-10T12:45:14.000000000Z,32,1,80420,38820.000000000,38820.000000000,38820.000000000,38820.000000000,4,YM
2024-06-10T12:45:15.000000000Z,32,1,80420,38820.000000000,38820.000000000,38820.000000000,38820.000000000,3,YM
2024-06-10T12:45:18.000000000Z,32,1,80420,38820.000000000,38820.000000000,38819.000000000,38819.000000000,5,YM
2024-06-10T12:45:20.000000000Z,32,1,80420,38820.000000000,38820.000000000,38820.000000000,38820.000000000,4,YM
2024-06-10T12:45:23.000000000Z,32,1,80420,38820.000000000,38820.000000000,38819.000000000,38819.000000000,3,YM
2024-06-10T12:45:25.000000000Z,32,1,80420,38819.000000000,38820.000000000,38819.000000000,38820.000000000,6,YM
2024-06-10T12:45:26.000000000Z,32,1,80420,38820.000000000,38820.000000000,38820.000000000,38820.000000000,1,YM
2024-06-10T12:45:30.000000000Z,32,1,80420,38821.000000000,38821.000000000,38821.000000000,38821.000000000,1,YM
2024-06-10T12:45:33.000000000Z,32,1,80420,38819.000000000,38819.000000000,38819.000000000,38819.000000000,1,YM
2024-06-10T12:45:35.000000000Z,32,1,80420,38821.000000000,38821.000000000,38821.000000000,38821.000000000,3,YM
2024-06-10T12:45:47.000000000Z,32,1,80420,38822.000000000,38822.000000000,38822.000000000,38822.000000000,1,YM
2024-06-10T12:45:50.000000000Z,32,1,80420,38821.000000000,38821.000000000,38821.000000000,38821.000000000,1,YM
2024-06-10T12:46:00.000000000Z,32,1,80420,38821.000000000,38821.000000000,38821.000000000,38821.000000000,2,YM
2024-06-10T12:46:03.000000000Z,32,1,80420,38819.000000000,38819.000000000,38818.000000000,38818.000000000,3,YM
2024-06-10T12:46:04.000000000Z,32,1,80420,38819.000000000,38819.000000000,38819.000000000,38819.000000000,1,YM
2024-06-10T12:46:26.000000000Z,32,1,80420,38817.000000000,38817.000000000,38815.000000000,38815.000000000,3,YM
2024-06-10T12:46:31.000000000Z,32,1,80420,38817.000000000,38817.000000000,38817.000000000,38817.000000000,1,YM
2024-06-10T12:46:32.000000000Z,32,1,80420,38818.000000000,38818.000000000,38818.000000000,38818.000000000,1,YM
2024-06-10T12:46:35.000000000Z,32,1,80420,38816.000000000,38816.000000000,38816.000000000,38816.000000000,1,YM
2024-06-10T12:46:41.000000000Z,32,1,80420,38814.000000000,38814.000000000,38814.000000000,38814.000000000,1,YM
2024-06-10T12:46:55.000000000Z,32,1,80420,38816.000000000,38816.000000000,38816.000000000,38816.000000000,3,YM
2024-06-10T12:46:58.000000000Z,32,1,80420,38814.000000000,38814.000000000,38814.000000000,38814.000000000,1,YM
2024-06-10T12:47:00.000000000Z,32,1,80420,38815.000000000,38815.000000000,38815.000000000,38815.000000000,3,YM
2024-06-10T12:47:07.000000000Z,32,1,80420,38815.000000000,38817.000000000,38815.000000000,38817.000000000,5,YM
2024-06-10T12:47:10.000000000Z,32,1,80420,38816.000000000,38816.000000000,38816.000000000,38816.000000000,3,YM
2024-06-10T12:47:20.000000000Z,32,1,80420,38816.000000000,38817.000000000,38816.000000000,38817.000000000,2,YM
2024-06-10T12:47:26.000000000Z,32,1,80420,38816.000000000,38816.000000000,38816.000000000,38816.000000000,3,YM
2024-06-10T12:47:31.000000000Z,32,1,80420,38817.000000000,38817.000000000,38817.000000000,38817.000000000,5,YM
2024-06-10T12:47:32.000000000Z,32,1,80420,38816.000000000,38816.000000000,38816.000000000,38816.000000000,1,YM
2024-06-10T12:47:40.000000000Z,32,1,80420,38817.000000000,38817.000000000,38817.000000000,38817.000000000,1,YM
2024-06-10T12:47:41.000000000Z,32,1,80420,38817.000000000,38817.000000000,38817.000000000,38817.000000000,5,YM
2024-06-10T12:47:57.000000000Z,32,1,80420,38816.000000000,38816.000000000,38816.000000000,38816.000000000,2,YM
2024-06-10T12:48:00.000000000Z,32,1,80420,38817.000000000,38817.000000000,38817.000000000,38817.000000000,5,YM
2024-06-10T12:48:01.000000000Z,32,1,80420,38817.000000000,38817.000000000,38817.000000000,38817.000000000,1,YM
2024-06-10T12:48:02.000000000Z,32,1,80420,38817.000000000,38817.000000000,38817.000000000,38817.000000000,1,YM
2024-06-10T12:48:04.000000000Z,32,1,80420,38817.000000000,38817.000000000,38817.000000000,38817.000000000,1,YM
2024-06-10T12:48:08.000000000Z,32,1,80420,38817.000000000,38817.000000000,38817.000000000,38817.000000000,3,YM
2024-06-10T12:48:16.000000000Z,32,1,80420,38816.000000000,38816.000000000,38816.000000000,38816.000000000,1,YM
2024-06-10T12:48:20.000000000Z,32,1,80420,38816.000000000,38816.000000000,38816.000000000,38816.000000000,1,YM
2024-06-10T12:48:21.000000000Z,32,1,80420,38817.000000000,38817.000000000,38817.000000000,38817.000000000,1,YM
2024-06-10T12:48:22.000000000Z,32,1,80420,38818.000000000,38818.000000000,38817.000000000,38817.000000000,6,YM
2024-06-10T12:48:24.000000000Z,32,1,80420,38818.000000000,38818.000000000,38818.000000000,38818.000000000,1,YM
2024-06-10T12:48:26.000000000Z,32,1,80420,38819.000000000,38819.000000000,38819.000000000,38819.000000000,1,YM
2024-06-10T12:48:30.000000000Z,32,1,80420,38819.000000000,38819.000000000,38819.000000000,38819.000000000,5,YM
2024-06-10T12:48:35.000000000Z,32,1,80420,38820.000000000,38820.000000000,38820.000000000,38820.000000000,3,YM
2024-06-10T12:48:39.000000000Z,32,1,80420,38819.000000000,38819.000000000,38819.000000000,38819.000000000,1,YM
2024-06-10T12:48:40.000000000Z,32,1,80420,38821.000000000,38821.000000000,38821.000000000,38821.000000000,1,YM
2024-06-10T12:48:48.000000000Z,32,1,80420,38820.000000000,38820.000000000,38820.000000000,38820.000000000,3,YM
2024-06-10T12:48:49.000000000Z,32,1,80420,38817.000000000,38817.000000000,38817.000000000,38817.000000000,4,YM
2024-06-10T12:48:59.000000000Z,32,1,80420,38815.000000000,38815.000000000,38815.000000000,38815.000000000,1,YM
2024-06-10T12:49:00.000000000Z,32,1,80420,38816.000000000,38816.000000000,38816.000000000,38816.000000000,7,YM
2024-06-10T12:49:03.000000000Z,32,1,80420,38815.000000000,38815.000000000,38815.000000000,38815.000000000,2,YM
2024-06-10T12:49:06.000000000Z,32,1,80420,38815.000000000,38815.000000000,38815.000000000,38815.000000000,1,YM
2024-06-10T12:49:08.000000000Z,32,1,80420,38813.000000000,38813.000000000,38812.000000000,38812.000000000,2,YM
2024-06-10T12:49:19.000000000Z,32,1,80420,38812.000000000,38813.000000000,38810.000000000,38812.000000000,19,YM
2024-06-10T12:49:20.000000000Z,32,1,80420,38813.000000000,38813.000000000,38813.000000000,38813.000000000,1,YM
2024-06-10T12:49:29.000000000Z,32,1,80420,38813.000000000,38813.000000000,38813.000000000,38813.000000000,1,YM
2024-06-10T12:49:32.000000000Z,32,1,80420,38813.000000000,38813.000000000,38813.000000000,38813.000000000,1,YM
2024-06-10T12:49:33.000000000Z,32,1,80420,38813.000000000,38813.000000000,38813.000000000,38813.000000000,1,YM
2024-06-10T12:49:34.000000000Z,32,1,80420,38812.000000000,38812.000000000,38812.000000000,38812.000000000,1,YM
2024-06-10T12:49:38.000000000Z,32,1,80420,38813.000000000,38813.000000000,38813.000000000,38813.000000000,3,YM
2024-06-10T12:49:39.000000000Z,32,1,80420,38814.000000000,38814.000000000,38814.000000000,38814.000000000,1,YM
2024-06-10T12:49:51.000000000Z,32,1,80420,38813.000000000,38813.000000000,38812.000000000,38812.000000000,2,YM
2024-06-10T12:49:58.000000000Z,32,1,80420,38810.000000000,38810.000000000,38810.000000000,38810.000000000,3,YM
2024-06-10T12:49:59.000000000Z,32,1,80420,38810.000000000,38810.000000000,38810.000000000,38810.000000000,1,YM
2024-06-10T12:50:03.000000000Z,32,1,80420,38809.000000000,38811.000000000,38809.000000000,38811.000000000,2,YM
2024-06-10T12:50:04.000000000Z,32,1,80420,38810.000000000,38810.000000000,38810.000000000,38810.000000000,1,YM
2024-06-10T12:50:05.000000000Z,32,1,80420,38810.000000000,38810.000000000,38810.000000000,38810.000000000,2,YM
2024-06-10T12:50:06.000000000Z,32,1,80420,38809.000000000,38809.000000000,38809.000000000,38809.000000000,1,YM
2024-06-10T12:50:07.000000000Z,32,1,80420,38809.000000000,38809.000000000,38809.000000000,38809.000000000,3,YM
2024-06-10T12:50:08.000000000Z,32,1,80420,38808.000000000,38808.000000000,38808.000000000,38808.000000000,1,YM
2024-06-10T12:50:09.000000000Z,32,1,80420,38807.000000000,38808.000000000,38807.000000000,38808.000000000,7,YM
2024-06-10T12:50:10.000000000Z,32,1,80420,38808.000000000,38808.000000000,38808.000000000,38808.000000000,3,YM
2024-06-10T12:50:12.000000000Z,32,1,80420,38808.000000000,38808.000000000,38808.000000000,38808.000000000,1,YM
2024-06-10T12:50:13.000000000Z,32,1,80420,38807.000000000,38807.000000000,38807.000000000,38807.000000000,6,YM
2024-06-10T12:50:15.000000000Z,32,1,80420,38808.000000000,38808.000000000,38807.000000000,38807.000000000,5,YM
2024-06-10T12:50:20.000000000Z,32,1,80420,38808.000000000,38808.000000000,38807.000000000,38807.000000000,2,YM
2024-06-10T12:50:25.000000000Z,32,1,80420,38807.000000000,38807.000000000,38807.000000000,38807.000000000,2,YM
2024-06-10T12:50:26.000000000Z,32,1,80420,38808.000000000,38809.000000000,38808.000000000,38809.000000000,11,YM
2024-06-10T12:50:28.000000000Z,32,1,80420,38809.000000000,38809.000000000,38808.000000000,38808.000000000,4,YM
2024-06-10T12:50:39.000000000Z,32,1,80420,38809.000000000,38809.000000000,38809.000000000,38809.000000000,2,YM
2024-06-10T12:50:41.000000000Z,32,1,80420,38809.000000000,38809.000000000,38809.000000000,38809.000000000,1,YM
2024-06-10T12:50:42.000000000Z,32,1,80420,38809.000000000,38809.000000000,38809.000000000,38809.000000000,1,YM
2024-06-10T12:50:44.000000000Z,32,1,80420,38808.000000000,38808.000000000,38807.000000000,38807.000000000,45,YM
2024-06-10T12:50:46.000000000Z,32,1,80420,38807.000000000,38807.000000000,38806.000000000,38806.000000000,8,YM
2024-06-10T12:50:48.000000000Z,32,1,80420,38806.000000000,38806.000000000,38806.000000000,38806.000000000,1,YM
2024-06-10T12:50:50.000000000Z,32,1,80420,38806.000000000,38806.000000000,38806.000000000,38806.000000000,1,YM
2024-06-10T12:50:55.000000000Z,32,1,80420,38807.000000000,38807.000000000,38807.000000000,38807.000000000,5,YM
2024-06-10T12:50:56.000000000Z,32,1,80420,38807.000000000,38807.000000000,38807.000000000,38807.000000000,1,YM
2024-06-10T12:51:00.000000000Z,32,1,80420,38808.000000000,38810.000000000,38808.000000000,38810.000000000,3,YM
2024-06-10T12:51:01.000000000Z,32,1,80420,38810.000000000,38810.000000000,38810.000000000,38810.000000000,1,YM
2024-06-10T12:51:05.000000000Z,32,1,80420,38809.000000000,38809.000000000,38809.000000000,38809.000000000,5,YM
2024-06-10T12:51:10.000000000Z,32,1,80420,38808.000000000,38808.000000000,38808.000000000,38808.000000000,2,YM
2024-06-10T12:51:11.000000000Z,32,1,80420,38807.000000000,38807.000000000,38807.000000000,38807.000000000,1,YM
2024-06-10T12:51:14.000000000Z,32,1,80420,38806.000000000,38806.000000000,38806.000000000,38806.000000000,1,YM
2024-06-10T12:51:15.000000000Z,32,1,80420,38807.000000000,38807.000000000,38807.000000000,38807.000000000,1,YM
2024-06-10T12:51:16.000000000Z,32,1,80420,38806.000000000,38806.000000000,38806.000000000,38806.000000000,1,YM
2024-06-10T12:51:20.000000000Z,32,1,80420,38807.000000000,38808.000000000,38807.000000000,38808.000000000,2,YM
2024-06-10T12:51:22.000000000Z,32,1,80420,38807.000000000,38807.000000000,38807.000000000,38807.000000000,1,YM
2024-06-10T12:51:25.000000000Z,32,1,80420,38808.000000000,38808.000000000,38808.000000000,38808.000000000,3,YM
2024-06-10T12:51:28.000000000Z,32,1,80420,38810.000000000,38810.000000000,38810.000000000,38810.000000000,4,YM
2024-06-10T12:51:30.000000000Z,32,1,80420,38811.000000000,38811.000000000,38811.000000000,38811.000000000,1,YM
2024-06-10T12:51:32.000000000Z,32,1,80420,38810.000000000,38811.000000000,38810.000000000,38811.000000000,5,YM
2024-06-10T12:51:38.000000000Z,32,1,80420,38809.000000000,38809.000000000,38809.000000000,38809.000000000,2,YM
2024-06-10T12:52:00.000000000Z,32,1,80420,38809.000000000,38809.000000000,38809.000000000,38809.000000000,1,YM
2024-06-10T12:52:04.000000000Z,32,1,80420,38808.000000000,38808.000000000,38808.000000000,38808.000000000,2,YM
2024-06-10T12:52:06.000000000Z,32,1,80420,38808.000000000,38808.000000000,38807.000000000,38807.000000000,8,YM
2024-06-10T12:52:07.000000000Z,32,1,80420,38806.000000000,38806.000000000,38806.000000000,38806.000000000,5,YM
2024-06-10T12:52:08.000000000Z,32,1,80420,38807.000000000,38807.000000000,38807.000000000,38807.000000000,1,YM
2024-06-10T12:52:12.000000000Z,32,1,80420,38806.000000000,38806.000000000,38806.000000000,38806.000000000,2,YM
2024-06-10T12:52:32.000000000Z,32,1,80420,38807.000000000,38807.000000000,38807.000000000,38807.000000000,3,YM
2024-06-10T12:52:36.000000000Z,32,1,80420,38806.000000000,38806.000000000,38806.000000000,38806.000000000,1,YM
2024-06-10T12:52:40.000000000Z,32,1,80420,38807.000000000,38807.000000000,38807.000000000,38807.000000000,1,YM
2024-06-10T12:52:43.000000000Z,32,1,80420,38806.000000000,38806.000000000,38806.000000000,38806.000000000,1,YM
2024-06-10T12:52:47.000000000Z,32,1,80420,38806.000000000,38806.000000000,38806.000000000,38806.000000000,1,YM
2024-06-10T12:52:52.000000000Z,32,1,80420,38805.000000000,38805.000000000,38805.000000000,38805.000000000,1,YM
2024-06-10T12:52:55.000000000Z,32,1,80420,38804.000000000,38804.000000000,38804.000000000,38804.000000000,1,YM
2024-06-10T12:53:03.000000000Z,32,1,80420,38803.000000000,38803.000000000,38799.000000000,38799.000000000,30,YM
2024-06-10T12:53:04.000000000Z,32,1,80420,38799.000000000,38800.000000000,38799.000000000,38800.000000000,4,YM
2024-06-10T12:53:05.000000000Z,32,1,80420,38800.000000000,38800.000000000,38800.000000000,38800.000000000,2,YM
2024-06-10T12:53:11.000000000Z,32,1,80420,38803.000000000,38805.000000000,38803.000000000,38804.000000000,12,YM
2024-06-10T12:53:15.000000000Z,32,1,80420,38803.000000000,38803.000000000,38803.000000000,38803.000000000,1,YM
2024-06-10T12:53:28.000000000Z,32,1,80420,38803.000000000,38803.000000000,38803.000000000,38803.000000000,2,YM
2024-06-10T12:53:29.000000000Z,32,1,80420,38803.000000000,38803.000000000,38803.000000000,38803.000000000,1,YM
2024-06-10T12:53:33.000000000Z,32,1,80420,38802.000000000,38802.000000000,38802.000000000,38802.000000000,7,YM
2024-06-10T12:53:42.000000000Z,32,1,80420,38802.000000000,38802.000000000,38802.000000000,38802.000000000,3,YM
2024-06-10T12:53:49.000000000Z,32,1,80420,38801.000000000,38802.000000000,38801.000000000,38802.000000000,4,YM
2024-06-10T12:54:01.000000000Z,32,1,80420,38800.000000000,38800.000000000,38800.000000000,38800.000000000,3,YM
2024-06-10T12:54:04.000000000Z,32,1,80420,38800.000000000,38801.000000000,38799.000000000,38800.000000000,8,YM
2024-06-10T12:54:05.000000000Z,32,1,80420,38802.000000000,38802.000000000,38802.000000000,38802.000000000,1,YM
2024-06-10T12:54:16.000000000Z,32,1,80420,38799.000000000,38799.000000000,38799.000000000,38799.000000000,1,YM
2024-06-10T12:54:18.000000000Z,32,1,80420,38798.000000000,38799.000000000,38798.000000000,38798.000000000,4,YM
2024-06-10T12:54:19.000000000Z,32,1,80420,38797.000000000,38797.000000000,38797.000000000,38797.000000000,1,YM
2024-06-10T12:54:20.000000000Z,32,1,80420,38798.000000000,38798.000000000,38798.000000000,38798.000000000,1,YM
2024-06-10T12:54:23.000000000Z,32,1,80420,38796.000000000,38796.000000000,38794.000000000,38796.000000000,4,YM
2024-06-10T12:54:24.000000000Z,32,1,80420,38796.000000000,38796.000000000,38796.000000000,38796.000000000,1,YM
2024-06-10T12:54:25.000000000Z,32,1,80420,38797.000000000,38797.000000000,38797.000000000,38797.000000000,1,YM
2024-06-10T12:54:26.000000000Z,32,1,80420,38796.000000000,38796.000000000,38796.000000000,38796.000000000,1,YM
2024-06-10T12:54:33.000000000Z,32,1,80420,38796.000000000,38796.000000000,38796.000000000,38796.000000000,1,YM
2024-06-10T12:54:34.000000000Z,32,1,80420,38796.000000000,38796.000000000,38796.000000000,38796.000000000,1,YM
2024-06-10T12:54:36.000000000Z,32,1,80420,38797.000000000,38798.000000000,38797.000000000,38798.000000000,8,YM
2024-06-10T12:54:37.000000000Z,32,1,80420,38797.000000000,38797.000000000,38797.000000000,38797.000000000,3,YM
2024-06-10T12:54:40.000000000Z,32,1,80420,38795.000000000,38795.000000000,38795.000000000,38795.000000000,1,YM
2024-06-10T12:54:41.000000000Z,32,1,80420,38794.000000000,38794.000000000,38794.000000000,38794.000000000,2,YM
2024-06-10T12:54:42.000000000Z,32,1,80420,38796.000000000,38796.000000000,38795.000000000,38795.000000000,3,YM
2024-06-10T12:54:44.000000000Z,32,1,80420,38795.000000000,38795.000000000,38795.000000000,38795.000000000,1,YM
2024-06-10T12:54:52.000000000Z,32,1,80420,38795.000000000,38795.000000000,38795.000000000,38795.000000000,1,YM
2024-06-10T12:54:56.000000000Z,32,1,80420,38794.000000000,38794.000000000,38794.000000000,38794.000000000,1,YM
2024-06-10T12:54:57.000000000Z,32,1,80420,38793.000000000,38793.000000000,38793.000000000,38793.000000000,1,YM
2024-06-10T12:54:59.000000000Z,32,1,80420,38794.000000000,38794.000000000,38794.000000000,38794.000000000,1,YM
2024-06-10T12:55:00.000000000Z,32,1,80420,38795.000000000,38796.000000000,38795.000000000,38795.000000000,8,YM
2024-06-10T12:55:03.000000000Z,32,1,80420,38795.000000000,38795.000000000,38795.000000000,38795.000000000,2,YM
2024-06-10T12:55:04.000000000Z,32,1,80420,38796.000000000,38796.000000000,38796.000000000,38796.000000000,3,YM
2024-06-10T12:55:08.000000000Z,32,1,80420,38796.000000000,38796.000000000,38796.000000000,38796.000000000,3,YM
2024-06-10T12:55:10.000000000Z,32,1,80420,38796.000000000,38796.000000000,38796.000000000,38796.000000000,2,YM
2024-06-10T12:55:14.000000000Z,32,1,80420,38796.000000000,38796.000000000,38796.000000000,38796.000000000,1,YM
2024-06-10T12:55:16.000000000Z,32,1,80420,38796.000000000,38796.000000000,38796.000000000,38796.000000000,1,YM
2024-06-10T12:55:18.000000000Z,32,1,80420,38797.000000000,38797.000000000,38797.000000000,38797.000000000,1,YM
2024-06-10T12:55:20.000000000Z,32,1,80420,38797.000000000,38797.000000000,38796.000000000,38796.000000000,2,YM
2024-06-10T12:55:29.000000000Z,32,1,80420,38794.000000000,38794.000000000,38794.000000000,38794.000000000,1,YM
2024-06-10T12:55:31.000000000Z,32,1,80420,38793.000000000,38793.000000000,38793.000000000,38793.000000000,1,YM
2024-06-10T12:55:33.000000000Z,32,1,80420,38794.000000000,38794.000000000,38794.000000000,38794.000000000,2,YM
2024-06-10T12:55:35.000000000Z,32,1,80420,38794.000000000,38794.000000000,38794.000000000,38794.000000000,1,YM
2024-06-10T12:55:41.000000000Z,32,1,80420,38794.000000000,38794.000000000,38794.000000000,38794.000000000,1,YM
2024-06-10T12:55:43.000000000Z,32,1,80420,38792.000000000,38792.000000000,38792.000000000,38792.000000000,1,YM
2024-06-10T12:55:44.000000000Z,32,1,80420,38794.000000000,38794.000000000,38794.000000000,38794.000000000,1,YM
2024-06-10T12:55:51.000000000Z,32,1,80420,38793.000000000,38793.000000000,38790.000000000,38790.000000000,12,YM
2024-06-10T12:55:54.000000000Z,32,1,80420,38789.000000000,38790.000000000,38789.000000000,38790.000000000,2,YM
2024-06-10T12:56:00.000000000Z,32,1,80420,38791.000000000,38791.000000000,38791.000000000,38791.000000000,4,YM
2024-06-10T12:56:06.000000000Z,32,1,80420,38791.000000000,38791.000000000,38791.000000000,38791.000000000,1,YM
2024-06-10T12:56:08.000000000Z,32,1,80420,38789.000000000,38789.000000000,38787.000000000,38789.000000000,9,YM
2024-06-10T12:56:09.000000000Z,32,1,80420,38788.000000000,38788.000000000,38788.000000000,38788.000000000,2,YM
2024-06-10T12:56:10.000000000Z,32,1,80420,38788.000000000,38788.000000000,38786.000000000,38787.000000000,8,YM
2024-06-10T12:56:11.000000000Z,32,1,80420,38787.000000000,38787.000000000,38787.000000000,38787.000000000,5,YM
2024-06-10T12:56:12.000000000Z,32,1,80420,38786.000000000,38786.000000000,38786.000000000,38786.000000000,2,YM
2024-06-10T12:56:13.000000000Z,32,1,80420,38786.000000000,38786.000000000,38786.000000000,38786.000000000,2,YM
2024-06-10T12:56:17.000000000Z,32,1,80420,38787.000000000,38788.000000000,38787.000000000,38788.000000000,3,YM
2024-06-10T12:56:18.000000000Z,32,1,80420,38787.000000000,38789.000000000,38787.000000000,38789.000000000,2,YM
2024-06-10T12:56:20.000000000Z,32,1,80420,38788.000000000,38788.000000000,38788.000000000,38788.000000000,2,YM
2024-06-10T12:56:21.000000000Z,32,1,80420,38788.000000000,38788.000000000,38788.000000000,38788.000000000,1,YM
2024-06-10T12:56:24.000000000Z,32,1,80420,38787.000000000,38787.000000000,38787.000000000,38787.000000000,1,YM
2024-06-10T12:56:25.000000000Z,32,1,80420,38787.000000000,38787.000000000,38787.000000000,38787.000000000,1,YM
2024-06-10T12:56:26.000000000Z,32,1,80420,38787.000000000,38787.000000000,38787.000000000,38787.000000000,1,YM
2024-06-10T12:56:28.000000000Z,32,1,80420,38787.000000000,38787.000000000,38787.000000000,38787.000000000,1,YM
2024-06-10T12:56:30.000000000Z,32,1,80420,38788.000000000,38788.000000000,38788.000000000,38788.000000000,1,YM
2024-06-10T12:56:31.000000000Z,32,1,80420,38788.000000000,38788.000000000,38788.000000000,38788.000000000,1,YM
2024-06-10T12:56:33.000000000Z,32,1,80420,38789.000000000,38789.000000000,38789.000000000,38789.000000000,3,YM
2024-06-10T12:56:34.000000000Z,32,1,80420,38789.000000000,38790.000000000,38789.000000000,38790.000000000,6,YM
2024-06-10T12:56:36.000000000Z,32,1,80420,38788.000000000,38788.000000000,38788.000000000,38788.000000000,2,YM
2024-06-10T12:56:37.000000000Z,32,1,80420,38788.000000000,38788.000000000,38788.000000000,38788.000000000,1,YM
2024-06-10T12:56:40.000000000Z,32,1,80420,38787.000000000,38787.000000000,38787.000000000,38787.000000000,1,YM
2024-06-10T12:56:41.000000000Z,32,1,80420,38786.000000000,38786.000000000,38786.000000000,38786.000000000,1,YM
2024-06-10T12:56:45.000000000Z,32,1,80420,38787.000000000,38787.000000000,38787.000000000,38787.000000000,1,YM
2024-06-10T12:56:46.000000000Z,32,1,80420,38788.000000000,38788.000000000,38788.000000000,38788.000000000,2,YM
2024-06-10T12:56:47.000000000Z,32,1,80420,38789.000000000,38789.000000000,38789.000000000,38789.000000000,1,YM
2024-06-10T12:56:48.000000000Z,32,1,80420,38788.000000000,38788.000000000,38788.000000000,38788.000000000,1,YM
2024-06-10T12:56:50.000000000Z,32,1,80420,38787.000000000,38787.000000000,38787.000000000,38787.000000000,1,YM
2024-06-10T12:56:54.000000000Z,32,1,80420,38787.000000000,38787.000000000,38787.000000000,38787.000000000,2,YM
2024-06-10T12:56:56.000000000Z,32,1,80420,38787.000000000,38787.000000000,38787.000000000,38787.000000000,2,YM
2024-06-10T12:56:57.000000000Z,32,1,80420,38786.000000000,38786.000000000,38786.000000000,38786.000000000,1,YM
2024-06-10T12:57:00.000000000Z,32,1,80420,38787.000000000,38787.000000000,38786.000000000,38786.000000000,2,YM
2024-06-10T12:57:01.000000000Z,32,1,80420,38786.000000000,38786.000000000,38786.000000000,38786.000000000,1,YM
2024-06-10T12:57:03.000000000Z,32,1,80420,38786.000000000,38786.000000000,38786.000000000,38786.000000000,1,YM
2024-06-10T12:57:04.000000000Z,32,1,80420,38786.000000000,38786.000000000,38786.000000000,38786.000000000,2,YM
2024-06-10T12:57:05.000000000Z,32,1,80420,38786.000000000,38786.000000000,38786.000000000,38786.000000000,3,YM
2024-06-10T12:57:06.000000000Z,32,1,80420,38787.000000000,38788.000000000,38787.000000000,38788.000000000,2,YM
2024-06-10T12:57:09.000000000Z,32,1,80420,38790.000000000,38790.000000000,38790.000000000,38790.000000000,1,YM
2024-06-10T12:57:10.000000000Z,32,1,80420,38789.000000000,38789.000000000,38789.000000000,38789.000000000,2,YM
2024-06-10T12:57:12.000000000Z,32,1,80420,38789.000000000,38789.000000000,38788.000000000,38788.000000000,7,YM
2024-06-10T12:57:19.000000000Z,32,1,80420,38787.000000000,38787.000000000,38787.000000000,38787.000000000,1,YM
2024-06-10T12:57:20.000000000Z,32,1,80420,38788.000000000,38788.000000000,38788.000000000,38788.000000000,1,YM
2024-06-10T12:57:22.000000000Z,32,1,80420,38786.000000000,38786.000000000,38786.000000000,38786.000000000,3,YM
2024-06-10T12:57:23.000000000Z,32,1,80420,38785.000000000,38785.000000000,38785.000000000,38785.000000000,2,YM
2024-06-10T12:57:24.000000000Z,32,1,80420,38786.000000000,38786.000000000,38786.000000000,38786.000000000,1,YM
2024-06-10T12:57:25.000000000Z,32,1,80420,38787.000000000,38787.000000000,38787.000000000,38787.000000000,2,YM
2024-06-10T12:57:29.000000000Z,32,1,80420,38788.000000000,38788.000000000,38788.000000000,38788.000000000,2,YM
2024-06-10T12:57:31.000000000Z,32,1,80420,38788.000000000,38788.000000000,38788.000000000,38788.000000000,1,YM
2024-06-10T12:57:42.000000000Z,32,1,80420,38788.000000000,38788.000000000,38788.000000000,38788.000000000,1,YM
2024-06-10T12:57:43.000000000Z,32,1,80420,38787.000000000,38787.000000000,38786.000000000,38787.000000000,13,YM
2024-06-10T12:57:46.000000000Z,32,1,80420,38787.000000000,38787.000000000,38787.000000000,38787.000000000,1,YM
2024-06-10T12:57:47.000000000Z,32,1,80420,38787.000000000,38787.000000000,38787.000000000,38787.000000000,1,YM
2024-06-10T12:57:52.000000000Z,32,1,80420,38787.000000000,38787.000000000,38787.000000000,38787.000000000,1,YM
2024-06-10T12:57:56.000000000Z,32,1,80420,38787.000000000,38787.000000000,38787.000000000,38787.000000000,1,YM
2024-06-10T12:58:00.000000000Z,32,1,80420,38784.000000000,38785.000000000,38783.000000000,38785.000000000,11,YM
2024-06-10T12:58:04.000000000Z,32,1,80420,38786.000000000,38786.000000000,38786.000000000,38786.000000000,2,YM
2024-06-10T12:58:17.000000000Z,32,1,80420,38785.000000000,38785.000000000,38785.000000000,38785.000000000,1,YM
2024-06-10T12:58:20.000000000Z,32,1,80420,38786.000000000,38786.000000000,38786.000000000,38786.000000000,1,YM
2024-06-10T12:58:21.000000000Z,32,1,80420,38784.000000000,38784.000000000,38784.000000000,38784.000000000,1,YM
2024-06-10T12:58:22.000000000Z,32,1,80420,38785.000000000,38785.000000000,38785.000000000,38785.000000000,1,YM
2024-06-10T12:58:23.000000000Z,32,1,80420,38786.000000000,38786.000000000,38786.000000000,38786.000000000,1,YM
2024-06-10T12:58:24.000000000Z,32,1,80420,38785.000000000,38785.000000000,38785.000000000,38785.000000000,1,YM
2024-06-10T12:58:28.000000000Z,32,1,80420,38786.000000000,38786.000000000,38786.000000000,38786.000000000,1,YM
2024-06-10T12:58:29.000000000Z,32,1,80420,38787.000000000,38787.000000000,38787.000000000,38787.000000000,4,YM
2024-06-10T12:58:30.000000000Z,32,1,80420,38787.000000000,38787.000000000,38787.000000000,38787.000000000,1,YM
2024-06-10T12:58:34.000000000Z,32,1,80420,38787.000000000,38787.000000000,38787.000000000,38787.000000000,1,YM
2024-06-10T12:58:37.000000000Z,32,1,80420,38787.000000000,38787.000000000,38787.000000000,38787.000000000,2,YM
2024-06-10T12:58:40.000000000Z,32,1,80420,38788.000000000,38788.000000000,38788.000000000,38788.000000000,1,YM
2024-06-10T12:58:42.000000000Z,32,1,80420,38787.000000000,38787.000000000,38786.000000000,38787.000000000,5,YM
2024-06-10T12:58:43.000000000Z,32,1,80420,38788.000000000,38788.000000000,38788.000000000,38788.000000000,1,YM
2024-06-10T12:58:45.000000000Z,32,1,80420,38788.000000000,38788.000000000,38788.000000000,38788.000000000,1,YM
2024-06-10T12:58:47.000000000Z,32,1,80420,38786.000000000,38786.000000000,38786.000000000,38786.000000000,3,YM
2024-06-10T12:58:49.000000000Z,32,1,80420,38787.000000000,38787.000000000,38787.000000000,38787.000000000,1,YM
2024-06-10T12:58:52.000000000Z,32,1,80420,38786.000000000,38786.000000000,38786.000000000,38786.000000000,1,YM
2024-06-10T12:58:55.000000000Z,32,1,80420,38787.000000000,38787.000000000,38787.000000000,38787.000000000,1,YM
2024-06-10T12:58:56.000000000Z,32,1,80420,38788.000000000,38788.000000000,38788.000000000,38788.000000000,8,YM
2024-06-10T12:58:57.000000000Z,32,1,80420,38788.000000000,38788.000000000,38788.000000000,38788.000000000,1,YM
2024-06-10T12:58:58.000000000Z,32,1,80420,38787.000000000,38788.000000000,38787.000000000,38788.000000000,2,YM
2024-06-10T12:59:00.000000000Z,32,1,80420,38789.000000000,38789.000000000,38788.000000000,38788.000000000,3,YM
2024-06-10T12:59:03.000000000Z,32,1,80420,38788.000000000,38788.000000000,38787.000000000,38787.000000000,2,YM
2024-06-10T12:59:08.000000000Z,32,1,80420,38788.000000000,38788.000000000,38788.000000000,38788.000000000,3,YM
2024-06-10T12:59:12.000000000Z,32,1,80420,38789.000000000,38789.000000000,38789.000000000,38789.000000000,1,YM
2024-06-10T12:59:13.000000000Z,32,1,80420,38789.000000000,38789.000000000,38789.000000000,38789.000000000,2,YM
2024-06-10T12:59:18.000000000Z,32,1,80420,38789.000000000,38789.000000000,38789.000000000,38789.000000000,2,YM
2024-06-10T12:59:20.000000000Z,32,1,80420,38791.000000000,38791.000000000,38789.000000000,38789.000000000,5,YM
2024-06-10T12:59:22.000000000Z,32,1,80420,38790.000000000,38790.000000000,38790.000000000,38790.000000000,2,YM
2024-06-10T12:59:23.000000000Z,32,1,80420,38790.000000000,38792.000000000,38790.000000000,38792.000000000,5,YM
2024-06-10T12:59:24.000000000Z,32,1,80420,38791.000000000,38791.000000000,38791.000000000,38791.000000000,2,YM
2024-06-10T12:59:25.000000000Z,32,1,80420,38793.000000000,38793.000000000,38793.000000000,38793.000000000,2,YM
2024-06-10T12:59:26.000000000Z,32,1,80420,38791.000000000,38792.000000000,38791.000000000,38792.000000000,8,YM
2024-06-10T12:59:27.000000000Z,32,1,80420,38793.000000000,38793.000000000,38793.000000000,38793.000000000,1,YM
2024-06-10T12:59:29.000000000Z,32,1,80420,38793.000000000,38793.000000000,38793.000000000,38793.000000000,1,YM
2024-06-10T12:59:30.000000000Z,32,1,80420,38794.000000000,38794.000000000,38792.000000000,38792.000000000,3,YM
2024-06-10T12:59:33.000000000Z,32,1,80420,38792.000000000,38792.000000000,38792.000000000,38792.000000000,1,YM
2024-06-10T12:59:34.000000000Z,32,1,80420,38792.000000000,38792.000000000,38791.000000000,38791.000000000,2,YM
2024-06-10T12:59:40.000000000Z,32,1,80420,38792.000000000,38792.000000000,38790.000000000,38790.000000000,2,YM
2024-06-10T12:59:42.000000000Z,32,1,80420,38790.000000000,38791.000000000,38790.000000000,38791.000000000,5,YM
2024-06-10T12:59:45.000000000Z,32,1,80420,38790.000000000,38790.000000000,38790.000000000,38790.000000000,2,YM
2024-06-10T12:59:49.000000000Z,32,1,80420,38788.000000000,38788.000000000,38788.000000000,38788.000000000,3,YM
2024-06-10T13:00:00.000000000Z,32,1,80420,38788.000000000,38788.000000000,38786.000000000,38787.000000000,5,YM
2024-06-10T13:00:03.000000000Z,32,1,80420,38786.000000000,38786.000000000,38786.000000000,38786.000000000,5,YM
2024-06-10T13:00:04.000000000Z,32,1,80420,38786.000000000,38786.000000000,38786.000000000,38786.000000000,5,YM
2024-06-10T13:00:07.000000000Z,32,1,80420,38786.000000000,38786.000000000,38786.000000000,38786.000000000,1,YM
2024-06-10T13:00:09.000000000Z,32,1,80420,38786.000000000,38786.000000000,38786.000000000,38786.000000000,1,YM
2024-06-10T13:00:10.000000000Z,32,1,80420,38787.000000000,38787.000000000,38787.000000000,38787.000000000,1,YM
2024-06-10T13:00:12.000000000Z,32,1,80420,38786.000000000,38786.000000000,38786.000000000,38786.000000000,2,YM
2024-06-10T13:00:14.000000000Z,32,1,80420,38786.000000000,38786.000000000,38786.000000000,38786.000000000,1,YM
2024-06-10T13:00:15.000000000Z,32,1,80420,38785.000000000,38785.000000000,38785.000000000,38785.000000000,1,YM
2024-06-10T13:00:17.000000000Z,32,1,80420,38786.000000000,38787.000000000,38786.000000000,38787.000000000,3,YM
2024-06-10T13:00:20.000000000Z,32,1,80420,38787.000000000,38787.000000000,38786.000000000,38786.000000000,2,YM
2024-06-10T13:00:21.000000000Z,32,1,80420,38786.000000000,38786.000000000,38786.000000000,38786.000000000,1,YM
2024-06-10T13:00:23.000000000Z,32,1,80420,38787.000000000,38787.000000000,38787.000000000,38787.000000000,1,YM
2024-06-10T13:00:26.000000000Z,32,1,80420,38788.000000000,38788.000000000,38788.000000000,38788.000000000,1,YM
2024-06-10T13:00:28.000000000Z,32,1,80420,38787.000000000,38787.000000000,38787.000000000,38787.000000000,1,YM
2024-06-10T13:00:30.000000000Z,32,1,80420,38788.000000000,38789.000000000,38788.000000000,38789.000000000,2,YM
2024-06-10T13:00:31.000000000Z,32,1,80420,38788.000000000,38788.000000000,38788.000000000,38788.000000000,1,YM
2024-06-10T13:00:33.000000000Z,32,1,80420,38788.000000000,38788.000000000,38788.000000000,38788.000000000,1,YM
2024-06-10T13:00:36.000000000Z,32,1,80420,38788.000000000,38788.000000000,38788.000000000,38788.000000000,1,YM
2024-06-10T13:00:37.000000000Z,32,1,80420,38788.000000000,38789.000000000,38787.000000000,38789.000000000,3,YM
2024-06-10T13:00:38.000000000Z,32,1,80420,38789.000000000,38789.000000000,38789.000000000,38789.000000000,1,YM
2024-06-10T13:00:40.000000000Z,32,1,80420,38790.000000000,38790.000000000,38790.000000000,38790.000000000,1,YM
2024-06-10T13:00:46.000000000Z,32,1,80420,38791.000000000,38792.000000000,38790.000000000,38790.000000000,10,YM
2024-06-10T13:00:47.000000000Z,32,1,80420,38791.000000000,38791.000000000,38791.000000000,38791.000000000,1,YM
2024-06-10T13:00:48.000000000Z,32,1,80420,38790.000000000,38792.000000000,38790.000000000,38792.000000000,3,YM
2024-06-10T13:00:49.000000000Z,32,1,80420,38793.000000000,38793.000000000,38793.000000000,38793.000000000,1,YM
2024-06-10T13:00:51.000000000Z,32,1,80420,38793.000000000,38793.000000000,38793.000000000,38793.000000000,4,YM
2024-06-10T13:00:52.000000000Z,32,1,80420,38793.000000000,38793.000000000,38793.000000000,38793.000000000,1,YM
2024-06-10T13:00:53.000000000Z,32,1,80420,38793.000000000,38793.000000000,38793.000000000,38793.000000000,1,YM
2024-06-10T13:00:54.000000000Z,32,1,80420,38793.000000000,38793.000000000,38793.000000000,38793.000000000,6,YM
2024-06-10T13:00:55.000000000Z,32,1,80420,38794.000000000,38794.000000000,38794.000000000,38794.000000000,2,YM
2024-06-10T13:00:56.000000000Z,32,1,80420,38793.000000000,38793.000000000,38793.000000000,38793.000000000,1,YM
2024-06-10T13:00:57.000000000Z,32,1,80420,38793.000000000,38793.000000000,38792.000000000,38792.000000000,2,YM
2024-06-10T13:00:58.000000000Z,32,1,80420,38791.000000000,38792.000000000,38791.000000000,38792.000000000,3,YM
2024-06-10T13:01:00.000000000Z,32,1,80420,38792.000000000,38793.000000000,38792.000000000,38792.000000000,5,YM
2024-06-10T13:01:01.000000000Z,32,1,80420,38791.000000000,38791.000000000,38790.000000000,38790.000000000,3,YM
2024-06-10T13:01:02.000000000Z,32,1,80420,38790.000000000,38790.000000000,38790.000000000,38790.000000000,7,YM
2024-06-10T13:01:05.000000000Z,32,1,80420,38791.000000000,38791.000000000,38791.000000000,38791.000000000,5,YM
2024-06-10T13:01:06.000000000Z,32,1,80420,38790.000000000,38790.000000000,38790.000000000,38790.000000000,2,YM
2024-06-10T13:01:08.000000000Z,32,1,80420,38790.000000000,38790.000000000,38790.000000000,38790.000000000,2,YM
2024-06-10T13:01:09.000000000Z,32,1,80420,38790.000000000,38790.000000000,38790.000000000,38790.000000000,3,YM
2024-06-10T13:01:13.000000000Z,32,1,80420,38790.000000000,38790.000000000,38790.000000000,38790.000000000,1,YM
2024-06-10T13:01:14.000000000Z,32,1,80420,38788.000000000,38788.000000000,38788.000000000,38788.000000000,2,YM
2024-06-10T13:01:17.000000000Z,32,1,80420,38786.000000000,38786.000000000,38786.000000000,38786.000000000,3,YM
2024-06-10T13:01:18.000000000Z,32,1,80420,38787.000000000,38787.000000000,38787.000000000,38787.000000000,2,YM
2024-06-10T13:01:20.000000000Z,32,1,80420,38788.000000000,38788.000000000,38788.000000000,38788.000000000,1,YM
2024-06-10T13:01:23.000000000Z,32,1,80420,38787.000000000,38787.000000000,38786.000000000,38786.000000000,4,YM
2024-06-10T13:01:28.000000000Z,32,1,80420,38786.000000000,38786.000000000,38786.000000000,38786.000000000,1,YM
2024-06-10T13:01:30.000000000Z,32,1,80420,38787.000000000,38787.000000000,38785.000000000,38785.000000000,2,YM
2024-06-10T13:01:31.000000000Z,32,1,80420,38785.000000000,38785.000000000,38785.000000000,38785.000000000,4,YM
2024-06-10T13:01:36.000000000Z,32,1,80420,38786.000000000,38786.000000000,38786.000000000,38786.000000000,1,YM
2024-06-10T13:01:39.000000000Z,32,1,80420,38786.000000000,38786.000000000,38786.000000000,38786.000000000,3,YM
2024-06-10T13:01:40.000000000Z,32,1,80420,38786.000000000,38786.000000000,38786.000000000,38786.000000000,1,YM
2024-06-10T13:01:43.000000000Z,32,1,80420,38786.000000000,38786.000000000,38786.000000000,38786.000000000,1,YM
2024-06-10T13:01:46.000000000Z,32,1,80420,38787.000000000,38787.000000000,38787.000000000,38787.000000000,1,YM
2024-06-10T13:01:51.000000000Z,32,1,80420,38787.000000000,38787.000000000,38786.000000000,38786.000000000,9,YM
2024-06-10T13:01:52.000000000Z,32,1,80420,38786.000000000,38786.000000000,38786.000000000,38786.000000000,2,YM
2024-06-10T13:01:56.000000000Z,32,1,80420,38785.000000000,38785.000000000,38785.000000000,38785.000000000,1,YM
2024-06-10T13:01:59.000000000Z,32,1,80420,38785.000000000,38785.000000000,38783.000000000,38783.000000000,8,YM
2024-06-10T13:02:00.000000000Z,32,1,80420,38784.000000000,38784.000000000,38784.000000000,38784.000000000,2,YM
2024-06-10T13:02:01.000000000Z,32,1,80420,38785.000000000,38785.000000000,38785.000000000,38785.000000000,3,YM
2024-06-10T13:02:02.000000000Z,32,1,80420,38786.000000000,38788.000000000,38786.000000000,38788.000000000,9,YM
2024-06-10T13:02:03.000000000Z,32,1,80420,38787.000000000,38787.000000000,38787.000000000,38787.000000000,2,YM
2024-06-10T13:02:05.000000000Z,32,1,80420,38787.000000000,38787.000000000,38787.000000000,38787.000000000,3,YM
2024-06-10T13:02:12.000000000Z,32,1,80420,38788.000000000,38790.000000000,38788.000000000,38790.000000000,3,YM
2024-06-10T13:02:14.000000000Z,32,1,80420,38790.000000000,38790.000000000,38790.000000000,38790.000000000,3,YM
2024-06-10T13:02:20.000000000Z,32,1,80420,38790.000000000,38791.000000000,38790.000000000,38791.000000000,4,YM
2024-06-10T13:02:25.000000000Z,32,1,80420,38790.000000000,38790.000000000,38790.000000000,38790.000000000,1,YM
2024-06-10T13:02:26.000000000Z,32,1,80420,38791.000000000,38791.000000000,38791.000000000,38791.000000000,1,YM
2024-06-10T13:02:28.000000000Z,32,1,80420,38790.000000000,38790.000000000,38790.000000000,38790.000000000,1,YM
2024-06-10T13:02:29.000000000Z,32,1,80420,38791.000000000,38791.000000000,38791.000000000,38791.000000000,2,YM
2024-06-10T13:02:31.000000000Z,32,1,80420,38790.000000000,38790.000000000,38790.000000000,38790.000000000,2,YM
2024-06-10T13:02:40.000000000Z,32,1,80420,38790.000000000,38790.000000000,38790.000000000,38790.000000000,1,YM
2024-06-10T13:02:47.000000000Z,32,1,80420,38789.000000000,38789.000000000,38789.000000000,38789.000000000,1,YM
2024-06-10T13:02:48.000000000Z,32,1,80420,38788.000000000,38788.000000000,38788.000000000,38788.000000000,1,YM
2024-06-10T13:02:55.000000000Z,32,1,80420,38787.000000000,38787.000000000,38787.000000000,38787.000000000,2,YM
2024-06-10T13:02:59.000000000Z,32,1,80420,38786.000000000,38786.000000000,38784.000000000,38784.000000000,2,YM
2024-06-10T13:03:00.000000000Z,32,1,80420,38785.000000000,38786.000000000,38785.000000000,38786.000000000,5,YM
2024-06-10T13:03:02.000000000Z,32,1,80420,38787.000000000,38787.000000000,38787.000000000,38787.000000000,1,YM
2024-06-10T13:03:04.000000000Z,32,1,80420,38786.000000000,38786.000000000,38784.000000000,38784.000000000,8,YM
2024-06-10T13:03:09.000000000Z,32,1,80420,38784.000000000,38784.000000000,38784.000000000,38784.000000000,3,YM
2024-06-10T13:03:10.000000000Z,32,1,80420,38785.000000000,38785.000000000,38785.000000000,38785.000000000,2,YM
2024-06-10T13:03:11.000000000Z,32,1,80420,38784.000000000,38784.000000000,38783.000000000,38783.000000000,3,YM
2024-06-10T13:03:13.000000000Z,32,1,80420,38785.000000000,38785.000000000,38785.000000000,38785.000000000,2,YM
2024-06-10T13:03:16.000000000Z,32,1,80420,38784.000000000,38784.000000000,38784.000000000,38784.000000000,1,YM
2024-06-10T13:03:17.000000000Z,32,1,80420,38785.000000000,38785.000000000,38785.000000000,38785.000000000,1,YM
2024-06-10T13:03:20.000000000Z,32,1,80420,38786.000000000,38786.000000000,38786.000000000,38786.000000000,2,YM
2024-06-10T13:03:21.000000000Z,32,1,80420,38786.000000000,38787.000000000,38786.000000000,38787.000000000,3,YM
2024-06-10T13:03:22.000000000Z,32,1,80420,38786.000000000,38786.000000000,38785.000000000,38785.000000000,2,YM
2024-06-10T13:03:23.000000000Z,32,1,80420,38784.000000000,38785.000000000,38784.000000000,38785.000000000,6,YM
2024-06-10T13:03:27.000000000Z,32,1,80420,38785.000000000,38785.000000000,38785.000000000,38785.000000000,1,YM
2024-06-10T13:03:34.000000000Z,32,1,80420,38785.000000000,38785.000000000,38785.000000000,38785.000000000,1,YM
2024-06-10T13:03:35.000000000Z,32,1,80420,38785.000000000,38785.000000000,38785.000000000,38785.000000000,3,YM
2024-06-10T13:03:36.000000000Z,32,1,80420,38786.000000000,38786.000000000,38786.000000000,38786.000000000,1,YM
2024-06-10T13:03:37.000000000Z,32,1,80420,38786.000000000,38786.000000000,38786.000000000,38786.000000000,1,YM
2024-06-10T13:03:38.000000000Z,32,1,80420,38785.000000000,38785.000000000,38785.000000000,38785.000000000,8,YM
2024-06-10T13:03:39.000000000Z,32,1,80420,38786.000000000,38786.000000000,38786.000000000,38786.000000000,4,YM
2024-06-10T13:03:40.000000000Z,32,1,80420,38786.000000000,38786.000000000,38785.000000000,38785.000000000,2,YM
2024-06-10T13:03:45.000000000Z,32,1,80420,38786.000000000,38786.000000000,38786.000000000,38786.000000000,6,YM
2024-06-10T13:03:48.000000000Z,32,1,80420,38787.000000000,38787.000000000,38787.000000000,38787.000000000,2,YM
2024-06-10T13:03:49.000000000Z,32,1,80420,38786.000000000,38786.000000000,38786.000000000,38786.000000000,2,YM
2024-06-10T13:03:51.000000000Z,32,1,80420,38786.000000000,38786.000000000,38786.000000000,38786.000000000,4,YM
2024-06-10T13:03:54.000000000Z,32,1,80420,38787.000000000,38787.000000000,38787.000000000,38787.000000000,1,YM
2024-06-10T13:03:56.000000000Z,32,1,80420,38788.000000000,38788.000000000,38788.000000000,38788.000000000,1,YM
2024-06-10T13:03:58.000000000Z,32,1,80420,38789.000000000,38789.000000000,38789.000000000,38789.000000000,1,YM
2024-06-10T13:03:59.000000000Z,32,1,80420,38789.000000000,38789.000000000,38789.000000000,38789.000000000,2,YM
2024-06-10T13:04:00.000000000Z,32,1,80420,38790.000000000,38790.000000000,38789.000000000,38789.000000000,3,YM
2024-06-10T13:04:01.000000000Z,32,1,80420,38788.000000000,38788.000000000,38787.000000000,38787.000000000,5,YM
2024-06-10T13:04:05.000000000Z,32,1,80420,38787.000000000,38787.000000000,38787.000000000,38787.000000000,2,YM
2024-06-10T13:04:08.000000000Z,32,1,80420,38785.000000000,38785.000000000,38785.000000000,38785.000000000,2,YM
2024-06-10T13:04:09.000000000Z,32,1,80420,38785.000000000,38785.000000000,38785.000000000,38785.000000000,1,YM
2024-06-10T13:04:11.000000000Z,32,1,80420,38786.000000000,38786.000000000,38786.000000000,38786.000000000,1,YM
2024-06-10T13:04:12.000000000Z,32,1,80420,38786.000000000,38786.000000000,38786.000000000,38786.000000000,1,YM
2024-06-10T13:04:14.000000000Z,32,1,80420,38785.000000000,38785.000000000,38784.000000000,38784.000000000,9,YM
2024-06-10T13:04:15.000000000Z,32,1,80420,38784.000000000,38784.000000000,38784.000000000,38784.000000000,1,YM
2024-06-10T13:04:19.000000000Z,32,1,80420,38785.000000000,38785.000000000,38785.000000000,38785.000000000,2,YM
2024-06-10T13:04:20.000000000Z,32,1,80420,38785.000000000,38786.000000000,38785.000000000,38786.000000000,3,YM
2024-06-10T13:04:21.000000000Z,32,1,80420,38784.000000000,38785.000000000,38784.000000000,38785.000000000,6,YM
2024-06-10T13:04:22.000000000Z,32,1,80420,38785.000000000,38785.000000000,38785.000000000,38785.000000000,1,YM
2024-06-10T13:04:24.000000000Z,32,1,80420,38786.000000000,38786.000000000,38785.000000000,38785.000000000,3,YM
2024-06-10T13:04:28.000000000Z,32,1,80420,38785.000000000,38785.000000000,38785.000000000,38785.000000000,4,YM
2024-06-10T13:04:30.000000000Z,32,1,80420,38786.000000000,38786.000000000,38786.000000000,38786.000000000,1,YM
2024-06-10T13:04:31.000000000Z,32,1,80420,38786.000000000,38786.000000000,38786.000000000,38786.000000000,3,YM
2024-06-10T13:04:32.000000000Z,32,1,80420,38786.000000000,38786.000000000,38786.000000000,38786.000000000,1,YM
2024-06-10T13:04:35.000000000Z,32,1,80420,38786.000000000,38786.000000000,38786.000000000,38786.000000000,1,YM
2024-06-10T13:04:36.000000000Z,32,1,80420,38787.000000000,38787.000000000,38787.000000000,38787.000000000,9,YM
2024-06-10T13:04:41.000000000Z,32,1,80420,38787.000000000,38787.000000000,38787.000000000,38787.000000000,4,YM
2024-06-10T13:04:42.000000000Z,32,1,80420,38788.000000000,38788.000000000,38788.000000000,38788.000000000,6,YM
2024-06-10T13:04:44.000000000Z,32,1,80420,38788.000000000,38788.000000000,38788.000000000,38788.000000000,2,YM
2024-06-10T13:04:45.000000000Z,32,1,80420,38788.000000000,38788.000000000,38788.000000000,38788.000000000,1,YM
2024-06-10T13:04:49.000000000Z,32,1,80420,38788.000000000,38788.000000000,38788.000000000,38788.000000000,10,YM
2024-06-10T13:04:57.000000000Z,32,1,80420,38787.000000000,38787.000000000,38787.000000000,38787.000000000,1,YM
2024-06-10T13:05:03.000000000Z,32,1,80420,38788.000000000,38788.000000000,38788.000000000,38788.000000000,3,YM
2024-06-10T13:05:07.000000000Z,32,1,80420,38789.000000000,38789.000000000,38789.000000000,38789.000000000,1,YM
2024-06-10T13:05:08.000000000Z,32,1,80420,38788.000000000,38789.000000000,38788.000000000,38789.000000000,3,YM
2024-06-10T13:05:09.000000000Z,32,1,80420,38790.000000000,38791.000000000,38790.000000000,38791.000000000,4,YM
2024-06-10T13:05:10.000000000Z,32,1,80420,38790.000000000,38790.000000000,38790.000000000,38790.000000000,1,YM
2024-06-10T13:05:11.000000000Z,32,1,80420,38789.000000000,38789.000000000,38789.000000000,38789.000000000,2,YM
2024-06-10T13:05:12.000000000Z,32,1,80420,38789.000000000,38789.000000000,38789.000000000,38789.000000000,2,YM
2024-06-10T13:05:16.000000000Z,32,1,80420,38789.000000000,38789.000000000,38788.000000000,38788.000000000,6,YM
2024-06-10T13:05:17.000000000Z,32,1,80420,38788.000000000,38788.000000000,38788.000000000,38788.000000000,1,YM
2024-06-10T13:05:20.000000000Z,32,1,80420,38789.000000000,38789.000000000,38789.000000000,38789.000000000,3,YM
2024-06-10T13:05:26.000000000Z,32,1,80420,38790.000000000,38790.000000000,38790.000000000,38790.000000000,5,YM
2024-06-10T13:05:28.000000000Z,32,1,80420,38791.000000000,38791.000000000,38791.000000000,38791.000000000,1,YM
2024-06-10T13:05:29.000000000Z,32,1,80420,38789.000000000,38789.000000000,38789.000000000,38789.000000000,2,YM
2024-06-10T13:05:39.000000000Z,32,1,80420,38788.000000000,38789.000000000,38788.000000000,38789.000000000,3,YM
2024-06-10T13:05:41.000000000Z,32,1,80420,38787.000000000,38788.000000000,38787.000000000,38788.000000000,4,YM
2024-06-10T13:05:46.000000000Z,32,1,80420,38788.000000000,38789.000000000,38788.000000000,38789.000000000,8,YM
2024-06-10T13:05:50.000000000Z,32,1,80420,38789.000000000,38789.000000000,38788.000000000,38788.000000000,3,YM
2024-06-10T13:05:51.000000000Z,32,1,80420,38788.000000000,38788.000000000,38788.000000000,38788.000000000,1,YM
2024-06-10T13:05:52.000000000Z,32,1,80420,38789.000000000,38789.000000000,38789.000000000,38789.000000000,2,YM
2024-06-10T13:05:55.000000000Z,32,1,80420,38787.000000000,38787.000000000,38787.000000000,38787.000000000,1,YM
2024-06-10T13:06:00.000000000Z,32,1,80420,38787.000000000,38787.000000000,38787.000000000,38787.000000000,1,YM
2024-06-10T13:06:01.000000000Z,32,1,80420,38786.000000000,38786.000000000,38786.000000000,38786.000000000,3,YM
2024-06-10T13:06:03.000000000Z,32,1,80420,38786.000000000,38786.000000000,38786.000000000,38786.000000000,2,YM
2024-06-10T13:06:04.000000000Z,32,1,80420,38785.000000000,38785.000000000,38785.000000000,38785.000000000,3,YM
2024-06-10T13:06:05.000000000Z,32,1,80420,38785.000000000,38785.000000000,38785.000000000,38785.000000000,1,YM
2024-06-10T13:06:11.000000000Z,32,1,80420,38786.000000000,38786.000000000,38786.000000000,38786.000000000,1,YM
2024-06-10T13:06:12.000000000Z,32,1,80420,38785.000000000,38785.000000000,38785.000000000,38785.000000000,1,YM
2024-06-10T13:06:14.000000000Z,32,1,80420,38785.000000000,38785.000000000,38785.000000000,38785.000000000,1,YM
2024-06-10T13:06:18.000000000Z,32,1,80420,38784.000000000,38784.000000000,38783.000000000,38783.000000000,2,YM
2024-06-10T13:06:20.000000000Z,32,1,80420,38785.000000000,38785.000000000,38785.000000000,38785.000000000,2,YM
2024-06-10T13:06:27.000000000Z,32,1,80420,38785.000000000,38785.000000000,38784.000000000,38784.000000000,3,YM
2024-06-10T13:06:29.000000000Z,32,1,80420,38785.000000000,38785.000000000,38785.000000000,38785.000000000,1,YM
2024-06-10T13:06:37.000000000Z,32,1,80420,38786.000000000,38786.000000000,38786.000000000,38786.000000000,1,YM
2024-06-10T13:06:46.000000000Z,32,1,80420,38788.000000000,38788.000000000,38788.000000000,38788.000000000,1,YM
2024-06-10T13:06:48.000000000Z,32,1,80420,38788.000000000,38788.000000000,38788.000000000,38788.000000000,1,YM
2024-06-10T13:06:55.000000000Z,32,1,80420,38787.000000000,38787.000000000,38787.000000000,38787.000000000,2,YM
2024-06-10T13:06:59.000000000Z,32,1,80420,38787.000000000,38787.000000000,38786.000000000,38786.000000000,3,YM
2024-06-10T13:07:01.000000000Z,32,1,80420,38787.000000000,38787.000000000,38787.000000000,38787.000000000,1,YM
2024-06-10T13:07:05.000000000Z,32,1,80420,38787.000000000,38788.000000000,38787.000000000,38788.000000000,4,YM
2024-06-10T13:07:10.000000000Z,32,1,80420,38788.000000000,38788.000000000,38788.000000000,38788.000000000,1,YM
2024-06-10T13:07:13.000000000Z,32,1,80420,38789.000000000,38790.000000000,38789.000000000,38790.000000000,3,YM
2024-06-10T13:07:15.000000000Z,32,1,80420,38788.000000000,38788.000000000,38788.000000000,38788.000000000,1,YM
2024-06-10T13:07:19.000000000Z,32,1,80420,38787.000000000,38787.000000000,38787.000000000,38787.000000000,1,YM
2024-06-10T13:07:20.000000000Z,32,1,80420,38789.000000000,38789.000000000,38789.000000000,38789.000000000,3,YM
2024-06-10T13:07:39.000000000Z,32,1,80420,38789.000000000,38789.000000000,38789.000000000,38789.000000000,1,YM
2024-06-10T13:07:40.000000000Z,32,1,80420,38790.000000000,38790.000000000,38790.000000000,38790.000000000,3,YM
2024-06-10T13:07:42.000000000Z,32,1,80420,38790.000000000,38790.000000000,38790.000000000,38790.000000000,1,YM
2024-06-10T13:07:46.000000000Z,32,1,80420,38788.000000000,38790.000000000,38788.000000000,38790.000000000,4,YM
2024-06-10T13:07:58.000000000Z,32,1,80420,38788.000000000,38788.000000000,38788.000000000,38788.000000000,1,YM
2024-06-10T13:08:02.000000000Z,32,1,80420,38787.000000000,38787.000000000,38787.000000000,38787.000000000,1,YM
2024-06-10T13:08:03.000000000Z,32,1,80420,38788.000000000,38788.000000000,38788.000000000,38788.000000000,3,YM
2024-06-10T13:08:07.000000000Z,32,1,80420,38786.000000000,38786.000000000,38786.000000000,38786.000000000,1,YM
2024-06-10T13:08:11.000000000Z,32,1,80420,38787.000000000,38787.000000000,38787.000000000,38787.000000000,1,YM
2024-06-10T13:08:12.000000000Z,32,1,80420,38788.000000000,38789.000000000,38788.000000000,38789.000000000,3,YM
2024-06-10T13:08:14.000000000Z,32,1,80420,38791.000000000,38791.000000000,38790.000000000,38790.000000000,3,YM
2024-06-10T13:08:16.000000000Z,32,1,80420,38791.000000000,38791.000000000,38791.000000000,38791.000000000,2,YM
2024-06-10T13:08:19.000000000Z,32,1,80420,38788.000000000,38788.000000000,38788.000000000,38788.000000000,1,YM
2024-06-10T13:08:20.000000000Z,32,1,80420,38789.000000000,38789.000000000,38789.000000000,38789.000000000,1,YM
2024-06-10T13:08:21.000000000Z,32,1,80420,38787.000000000,38787.000000000,38787.000000000,38787.000000000,1,YM
2024-06-10T13:08:23.000000000Z,32,1,80420,38785.000000000,38785.000000000,38785.000000000,38785.000000000,3,YM
2024-06-10T13:08:24.000000000Z,32,1,80420,38786.000000000,38786.000000000,38785.000000000,38785.000000000,2,YM
2024-06-10T13:08:30.000000000Z,32,1,80420,38785.000000000,38785.000000000,38785.000000000,38785.000000000,1,YM
2024-06-10T13:08:31.000000000Z,32,1,80420,38784.000000000,38784.000000000,38784.000000000,38784.000000000,1,YM
2024-06-10T13:08:32.000000000Z,32,1,80420,38785.000000000,38785.000000000,38785.000000000,38785.000000000,1,YM
2024-06-10T13:08:33.000000000Z,32,1,80420,38786.000000000,38786.000000000,38786.000000000,38786.000000000,2,YM
2024-06-10T13:08:39.000000000Z,32,1,80420,38785.000000000,38787.000000000,38785.000000000,38787.000000000,14,YM
2024-06-10T13:08:53.000000000Z,32,1,80420,38789.000000000,38789.000000000,38788.000000000,38788.000000000,2,YM
2024-06-10T13:08:54.000000000Z,32,1,80420,38788.000000000,38788.000000000,38788.000000000,38788.000000000,6,YM
2024-06-10T13:08:59.000000000Z,32,1,80420,38788.000000000,38788.000000000,38788.000000000,38788.000000000,2,YM
2024-06-10T13:09:00.000000000Z,32,1,80420,38789.000000000,38789.000000000,38789.000000000,38789.000000000,2,YM
2024-06-10T13:09:01.000000000Z,32,1,80420,38790.000000000,38790.000000000,38790.000000000,38790.000000000,2,YM
2024-06-10T13:09:06.000000000Z,32,1,80420,38789.000000000,38789.000000000,38789.000000000,38789.000000000,1,YM
2024-06-10T13:09:08.000000000Z,32,1,80420,38790.000000000,38790.000000000,38790.000000000,38790.000000000,2,YM
2024-06-10T13:09:10.000000000Z,32,1,80420,38791.000000000,38791.000000000,38791.000000000,38791.000000000,1,YM
2024-06-10T13:09:11.000000000Z,32,1,80420,38792.000000000,38792.000000000,38792.000000000,38792.000000000,1,YM
2024-06-10T13:09:13.000000000Z,32,1,80420,38791.000000000,38791.000000000,38791.000000000,38791.000000000,2,YM
2024-06-10T13:09:14.000000000Z,32,1,80420,38792.000000000,38792.000000000,38792.000000000,38792.000000000,3,YM
2024-06-10T13:09:15.000000000Z,32,1,80420,38792.000000000,38792.000000000,38792.000000000,38792.000000000,1,YM
2024-06-10T13:09:17.000000000Z,32,1,80420,38792.000000000,38792.000000000,38792.000000000,38792.000000000,1,YM
2024-06-10T13:09:20.000000000Z,32,1,80420,38793.000000000,38793.000000000,38793.000000000,38793.000000000,5,YM
2024-06-10T13:09:23.000000000Z,32,1,80420,38794.000000000,38794.000000000,38794.000000000,38794.000000000,1,YM
2024-06-10T13:09:28.000000000Z,32,1,80420,38793.000000000,38793.000000000,38793.000000000,38793.000000000,3,YM
2024-06-10T13:09:35.000000000Z,32,1,80420,38792.000000000,38792.000000000,38792.000000000,38792.000000000,2,YM
2024-06-10T13:09:40.000000000Z,32,1,80420,38792.000000000,38792.000000000,38792.000000000,38792.000000000,4,YM
2024-06-10T13:09:47.000000000Z,32,1,80420,38792.000000000,38792.000000000,38792.000000000,38792.000000000,2,YM
2024-06-10T13:09:49.000000000Z,32,1,80420,38793.000000000,38793.000000000,38793.000000000,38793.000000000,1,YM
2024-06-10T13:09:52.000000000Z,32,1,80420,38792.000000000,38792.000000000,38791.000000000,38791.000000000,2,YM
2024-06-10T13:10:09.000000000Z,32,1,80420,38792.000000000,38792.000000000,38791.000000000,38792.000000000,4,YM
2024-06-10T13:10:12.000000000Z,32,1,80420,38792.000000000,38792.000000000,38792.000000000,38792.000000000,5,YM
2024-06-10T13:10:14.000000000Z,32,1,80420,38791.000000000,38791.000000000,38791.000000000,38791.000000000,2,YM
2024-06-10T13:10:18.000000000Z,32,1,80420,38792.000000000,38792.000000000,38792.000000000,38792.000000000,1,YM
2024-06-10T13:10:19.000000000Z,32,1,80420,38791.000000000,38791.000000000,38791.000000000,38791.000000000,2,YM
2024-06-10T13:10:20.000000000Z,32,1,80420,38791.000000000,38791.000000000,38791.000000000,38791.000000000,1,YM
2024-06-10T13:10:28.000000000Z,32,1,80420,38792.000000000,38792.000000000,38792.000000000,38792.000000000,2,YM
2024-06-10T13:10:31.000000000Z,32,1,80420,38790.000000000,38790.000000000,38790.000000000,38790.000000000,1,YM
2024-06-10T13:10:32.000000000Z,32,1,80420,38791.000000000,38791.000000000,38791.000000000,38791.000000000,1,YM
2024-06-10T13:10:37.000000000Z,32,1,80420,38790.000000000,38790.000000000,38790.000000000,38790.000000000,4,YM
2024-06-10T13:10:41.000000000Z,32,1,80420,38790.000000000,38790.000000000,38790.000000000,38790.000000000,2,YM
2024-06-10T13:10:50.000000000Z,32,1,80420,38790.000000000,38790.000000000,38790.000000000,38790.000000000,1,YM
2024-06-10T13:10:54.000000000Z,32,1,80420,38790.000000000,38790.000000000,38789.000000000,38789.000000000,5,YM
2024-06-10T13:10:57.000000000Z,32,1,80420,38788.000000000,38788.000000000,38788.000000000,38788.000000000,2,YM
2024-06-10T13:11:02.000000000Z,32,1,80420,38789.000000000,38789.000000000,38789.000000000,38789.000000000,1,YM
2024-06-10T13:11:03.000000000Z,32,1,80420,38789.000000000,38789.000000000,38789.000000000,38789.000000000,1,YM
2024-06-10T13:11:04.000000000Z,32,1,80420,38789.000000000,38789.000000000,38789.000000000,38789.000000000,2,YM
2024-06-10T13:11:10.000000000Z,32,1,80420,38788.000000000,38788.000000000,38788.000000000,38788.000000000,1,YM
2024-06-10T13:11:20.000000000Z,32,1,80420,38789.000000000,38790.000000000,38789.000000000,38790.000000000,3,YM
2024-06-10T13:11:24.000000000Z,32,1,80420,38789.000000000,38789.000000000,38789.000000000,38789.000000000,1,YM
2024-06-10T13:11:32.000000000Z,32,1,80420,38789.000000000,38789.000000000,38789.000000000,38789.000000000,2,YM
2024-06-10T13:11:35.000000000Z,32,1,80420,38788.000000000,38788.000000000,38788.000000000,38788.000000000,2,YM
2024-06-10T13:11:39.000000000Z,32,1,80420,38788.000000000,38788.000000000,38788.000000000,38788.000000000,1,YM
2024-06-10T13:11:44.000000000Z,32,1,80420,38789.000000000,38789.000000000,38789.000000000,38789.000000000,1,YM
2024-06-10T13:11:51.000000000Z,32,1,80420,38789.000000000,38789.000000000,38789.000000000,38789.000000000,3,YM
2024-06-10T13:11:52.000000000Z,32,1,80420,38788.000000000,38789.000000000,38786.000000000,38789.000000000,28,YM
2024-06-10T13:11:54.000000000Z,32,1,80420,38790.000000000,38791.000000000,38790.000000000,38791.000000000,7,YM
2024-06-10T13:12:00.000000000Z,32,1,80420,38791.000000000,38791.000000000,38791.000000000,38791.000000000,1,YM
2024-06-10T13:12:07.000000000Z,32,1,80420,38791.000000000,38791.000000000,38791.000000000,38791.000000000,3,YM
2024-06-10T13:12:08.000000000Z,32,1,80420,38790.000000000,38790.000000000,38789.000000000,38789.000000000,6,YM
2024-06-10T13:12:09.000000000Z,32,1,80420,38790.000000000,38790.000000000,38790.000000000,38790.000000000,4,YM
2024-06-10T13:12:11.000000000Z,32,1,80420,38789.000000000,38789.000000000,38789.000000000,38789.000000000,1,YM
2024-06-10T13:12:20.000000000Z,32,1,80420,38790.000000000,38790.000000000,38790.000000000,38790.000000000,2,YM
2024-06-10T13:12:21.000000000Z,32,1,80420,38790.000000000,38790.000000000,38790.000000000,38790.000000000,1,YM
2024-06-10T13:12:26.000000000Z,32,1,80420,38789.000000000,38789.000000000,38789.000000000,38789.000000000,1,YM
2024-06-10T13:12:40.000000000Z,32,1,80420,38790.000000000,38790.000000000,38790.000000000,38790.000000000,1,YM
2024-06-10T13:12:42.000000000Z,32,1,80420,38789.000000000,38789.000000000,38789.000000000,38789.000000000,1,YM
2024-06-10T13:12:52.000000000Z,32,1,80420,38791.000000000,38791.000000000,38790.000000000,38790.000000000,3,YM
2024-06-10T13:12:55.000000000Z,32,1,80420,38790.000000000,38790.000000000,38790.000000000,38790.000000000,4,YM
2024-06-10T13:13:00.000000000Z,32,1,80420,38788.000000000,38788.000000000,38788.000000000,38788.000000000,1,YM
2024-06-10T13:13:03.000000000Z,32,1,80420,38788.000000000,38788.000000000,38788.000000000,38788.000000000,1,YM
2024-06-10T13:13:04.000000000Z,32,1,80420,38788.000000000,38788.000000000,38788.000000000,38788.000000000,1,YM
2024-06-10T13:13:07.000000000Z,32,1,80420,38789.000000000,38789.000000000,38789.000000000,38789.000000000,1,YM
2024-06-10T13:13:12.000000000Z,32,1,80420,38788.000000000,38788.000000000,38788.000000000,38788.000000000,1,YM
2024-06-10T13:13:17.000000000Z,32,1,80420,38789.000000000,38789.000000000,38789.000000000,38789.000000000,2,YM
2024-06-10T13:13:22.000000000Z,32,1,80420,38790.000000000,38790.000000000,38790.000000000,38790.000000000,1,YM
2024-06-10T13:13:29.000000000Z,32,1,80420,38788.000000000,38788.000000000,38788.000000000,38788.000000000,2,YM
2024-06-10T13:13:30.000000000Z,32,1,80420,38788.000000000,38788.000000000,38788.000000000,38788.000000000,2,YM
2024-06-10T13:13:39.000000000Z,32,1,80420,38789.000000000,38789.000000000,38789.000000000,38789.000000000,2,YM
2024-06-10T13:13:40.000000000Z,32,1,80420,38790.000000000,38790.000000000,38790.000000000,38790.000000000,1,YM
2024-06-10T13:13:41.000000000Z,32,1,80420,38789.000000000,38789.000000000,38789.000000000,38789.000000000,2,YM
2024-06-10T13:13:42.000000000Z,32,1,80420,38790.000000000,38790.000000000,38790.000000000,38790.000000000,1,YM
2024-06-10T13:13:45.000000000Z,32,1,80420,38790.000000000,38790.000000000,38790.000000000,38790.000000000,2,YM
2024-06-10T13:13:56.000000000Z,32,1,80420,38789.000000000,38790.000000000,38789.000000000,38790.000000000,2,YM
2024-06-10T13:13:58.000000000Z,32,1,80420,38790.000000000,38790.000000000,38790.000000000,38790.000000000,1,YM
2024-06-10T13:14:02.000000000Z,32,1,80420,38790.000000000,38790.000000000,38789.000000000,38789.000000000,5,YM
2024-06-10T13:14:03.000000000Z,32,1,80420,38789.000000000,38789.000000000,38789.000000000,38789.000000000,1,YM
2024-06-10T13:14:09.000000000Z,32,1,80420,38790.000000000,38790.000000000,38789.000000000,38790.000000000,3,YM
2024-06-10T13:14:12.000000000Z,32,1,80420,38789.000000000,38789.000000000,38789.000000000,38789.000000000,2,YM
2024-06-10T13:14:13.000000000Z,32,1,80420,38790.000000000,38790.000000000,38790.000000000,38790.000000000,1,YM
2024-06-10T13:14:15.000000000Z,32,1,80420,38791.000000000,38791.000000000,38791.000000000,38791.000000000,5,YM
2024-06-10T13:14:17.000000000Z,32,1,80420,38791.000000000,38791.000000000,38791.000000000,38791.000000000,1,YM
2024-06-10T13:14:20.000000000Z,32,1,80420,38792.000000000,38792.000000000,38792.000000000,38792.000000000,2,YM
2024-06-10T13:14:23.000000000Z,32,1,80420,38792.000000000,38792.000000000,38792.000000000,38792.000000000,3,YM
2024-06-10T13:14:24.000000000Z,32,1,80420,38791.000000000,38791.000000000,38791.000000000,38791.000000000,2,YM
2024-06-10T13:14:26.000000000Z,32,1,80420,38792.000000000,38792.000000000,38792.000000000,38792.000000000,2,YM
2024-06-10T13:14:32.000000000Z,32,1,80420,38793.000000000,38793.000000000,38793.000000000,38793.000000000,1,YM
2024-06-10T13:14:34.000000000Z,32,1,80420,38794.000000000,38794.000000000,38794.000000000,38794.000000000,1,YM
2024-06-10T13:14:35.000000000Z,32,1,80420,38793.000000000,38793.000000000,38793.000000000,38793.000000000,1,YM
2024-06-10T13:14:36.000000000Z,32,1,80420,38793.000000000,38793.000000000,38793.000000000,38793.000000000,1,YM
2024-06-10T13:14:38.000000000Z,32,1,80420,38793.000000000,38793.000000000,38793.000000000,38793.000000000,3,YM
2024-06-10T13:14:40.000000000Z,32,1,80420,38794.000000000,38794.000000000,38794.000000000,38794.000000000,4,YM
2024-06-10T13:14:42.000000000Z,32,1,80420,38793.000000000,38793.000000000,38793.000000000,38793.000000000,3,YM
2024-06-10T13:14:43.000000000Z,32,1,80420,38794.000000000,38794.000000000,38794.000000000,38794.000000000,5,YM
2024-06-10T13:14:46.000000000Z,32,1,80420,38794.000000000,38794.000000000,38794.000000000,38794.000000000,1,YM
2024-06-10T13:14:48.000000000Z,32,1,80420,38794.000000000,38794.000000000,38794.000000000,38794.000000000,1,YM
2024-06-10T13:14:49.000000000Z,32,1,80420,38793.000000000,38793.000000000,38793.000000000,38793.000000000,1,YM
2024-06-10T13:14:50.000000000Z,32,1,80420,38795.000000000,38795.000000000,38794.000000000,38794.000000000,12,YM
2024-06-10T13:14:51.000000000Z,32,1,80420,38794.000000000,38794.000000000,38794.000000000,38794.000000000,1,YM
2024-06-10T13:14:53.000000000Z,32,1,80420,38792.000000000,38792.000000000,38792.000000000,38792.000000000,6,YM
2024-06-10T13:14:54.000000000Z,32,1,80420,38793.000000000,38793.000000000,38793.000000000,38793.000000000,1,YM
2024-06-10T13:14:55.000000000Z,32,1,80420,38793.000000000,38793.000000000,38793.000000000,38793.000000000,3,YM
2024-06-10T13:14:58.000000000Z,32,1,80420,38794.000000000,38794.000000000,38794.000000000,38794.000000000,1,YM
2024-06-10T13:15:00.000000000Z,32,1,80420,38794.000000000,38794.000000000,38794.000000000,38794.000000000,2,YM
2024-06-10T13:15:03.000000000Z,32,1,80420,38795.000000000,38795.000000000,38794.000000000,38794.000000000,5,YM
2024-06-10T13:15:06.000000000Z,32,1,80420,38794.000000000,38794.000000000,38794.000000000,38794.000000000,4,YM
2024-06-10T13:15:07.000000000Z,32,1,80420,38794.000000000,38795.000000000,38794.000000000,38795.000000000,4,YM
2024-06-10T13:15:08.000000000Z,32,1,80420,38794.000000000,38794.000000000,38794.000000000,38794.000000000,10,YM
2024-06-10T13:15:10.000000000Z,32,1,80420,38795.000000000,38795.000000000,38795.000000000,38795.000000000,1,YM
2024-06-10T13:15:11.000000000Z,32,1,80420,38795.000000000,38795.000000000,38795.000000000,38795.000000000,2,YM
2024-06-10T13:15:14.000000000Z,32,1,80420,38795.000000000,38795.000000000,38794.000000000,38794.000000000,4,YM
2024-06-10T13:15:17.000000000Z,32,1,80420,38796.000000000,38796.000000000,38796.000000000,38796.000000000,8,YM
2024-06-10T13:15:18.000000000Z,32,1,80420,38796.000000000,38796.000000000,38796.000000000,38796.000000000,1,YM
2024-06-10T13:15:20.000000000Z,32,1,80420,38797.000000000,38797.000000000,38797.000000000,38797.000000000,10,YM
2024-06-10T13:15:21.000000000Z,32,1,80420,38798.000000000,38798.000000000,38798.000000000,38798.000000000,2,YM
2024-06-10T13:15:22.000000000Z,32,1,80420,38798.000000000,38799.000000000,38798.000000000,38799.000000000,13,YM
2024-06-10T13:15:25.000000000Z,32,1,80420,38799.000000000,38799.000000000,38798.000000000,38798.000000000,15,YM
2024-06-10T13:15:26.000000000Z,32,1,80420,38799.000000000,38799.000000000,38799.000000000,38799.000000000,1,YM
2024-06-10T13:15:29.000000000Z,32,1,80420,38798.000000000,38798.000000000,38798.000000000,38798.000000000,7,YM
2024-06-10T13:15:33.000000000Z,32,1,80420,38799.000000000,38799.000000000,38799.000000000,38799.000000000,1,YM
2024-06-10T13:15:35.000000000Z,32,1,80420,38797.000000000,38797.000000000,38797.000000000,38797.000000000,3,YM
2024-06-10T13:15:37.000000000Z,32,1,80420,38797.000000000,38797.000000000,38797.000000000,38797.000000000,1,YM
2024-06-10T13:15:39.000000000Z,32,1,80420,38797.000000000,38797.000000000,38797.000000000,38797.000000000,2,YM
2024-06-10T13:15:40.000000000Z,32,1,80420,38798.000000000,38798.000000000,38798.000000000,38798.000000000,3,YM
2024-06-10T13:15:41.000000000Z,32,1,80420,38798.000000000,38798.000000000,38798.000000000,38798.000000000,1,YM
2024-06-10T13:15:43.000000000Z,32,1,80420,38799.000000000,38799.000000000,38799.000000000,38799.000000000,2,YM
2024-06-10T13:15:44.000000000Z,32,1,80420,38797.000000000,38797.000000000,38797.000000000,38797.000000000,1,YM
2024-06-10T13:15:48.000000000Z,32,1,80420,38798.000000000,38798.000000000,38798.000000000,38798.000000000,1,YM
2024-06-10T13:15:49.000000000Z,32,1,80420,38798.000000000,38798.000000000,38798.000000000,38798.000000000,2,YM
2024-06-10T13:15:51.000000000Z,32,1,80420,38799.000000000,38799.000000000,38799.000000000,38799.000000000,2,YM
2024-06-10T13:15:53.000000000Z,32,1,80420,38799.000000000,38799.000000000,38799.000000000,38799.000000000,2,YM
2024-06-10T13:15:55.000000000Z,32,1,80420,38799.000000000,38799.000000000,38799.000000000,38799.000000000,2,YM
2024-06-10T13:15:58.000000000Z,32,1,80420,38799.000000000,38799.000000000,38799.000000000,38799.000000000,1,YM
2024-06-10T13:15:59.000000000Z,32,1,80420,38799.000000000,38799.000000000,38799.000000000,38799.000000000,3,YM
2024-06-10T13:16:01.000000000Z,32,1,80420,38800.000000000,38800.000000000,38800.000000000,38800.000000000,10,YM
2024-06-10T13:16:02.000000000Z,32,1,80420,38798.000000000,38799.000000000,38798.000000000,38799.000000000,6,YM
2024-06-10T13:16:03.000000000Z,32,1,80420,38797.000000000,38797.000000000,38797.000000000,38797.000000000,2,YM
2024-06-10T13:16:08.000000000Z,32,1,80420,38798.000000000,38799.000000000,38798.000000000,38799.000000000,4,YM
2024-06-10T13:16:11.000000000Z,32,1,80420,38799.000000000,38799.000000000,38798.000000000,38798.000000000,3,YM
2024-06-10T13:16:14.000000000Z,32,1,80420,38797.000000000,38797.000000000,38797.000000000,38797.000000000,1,YM
2024-06-10T13:16:18.000000000Z,32,1,80420,38797.000000000,38797.000000000,38797.000000000,38797.000000000,1,YM
2024-06-10T13:16:21.000000000Z,32,1,80420,38797.000000000,38798.000000000,38797.000000000,38798.000000000,4,YM
2024-06-10T13:16:30.000000000Z,32,1,80420,38797.000000000,38797.000000000,38797.000000000,38797.000000000,1,YM
2024-06-10T13:16:32.000000000Z,32,1,80420,38798.000000000,38798.000000000,38798.000000000,38798.000000000,1,YM
2024-06-10T13:16:33.000000000Z,32,1,80420,38799.000000000,38799.000000000,38799.000000000,38799.000000000,2,YM
2024-06-10T13:16:38.000000000Z,32,1,80420,38798.000000000,38798.000000000,38798.000000000,38798.000000000,7,YM
2024-06-10T13:16:41.000000000Z,32,1,80420,38798.000000000,38798.000000000,38798.000000000,38798.000000000,2,YM
2024-06-10T13:16:44.000000000Z,32,1,80420,38798.000000000,38798.000000000,38798.000000000,38798.000000000,1,YM
2024-06-10T13:16:52.000000000Z,32,1,80420,38798.000000000,38800.000000000,38798.000000000,38800.000000000,14,YM
2024-06-10T13:16:53.000000000Z,32,1,80420,38799.000000000,38799.000000000,38799.000000000,38799.000000000,2,YM
2024-06-10T13:16:54.000000000Z,32,1,80420,38799.000000000,38799.000000000,38799.000000000,38799.000000000,1,YM
2024-06-10T13:16:58.000000000Z,32,1,80420,38797.000000000,38797.000000000,38797.000000000,38797.000000000,4,YM
2024-06-10T13:16:59.000000000Z,32,1,80420,38798.000000000,38798.000000000,38798.000000000,38798.000000000,4,YM
2024-06-10T13:17:00.000000000Z,32,1,80420,38798.000000000,38798.000000000,38798.000000000,38798.000000000,2,YM
2024-06-10T13:17:01.000000000Z,32,1,80420,38798.000000000,38798.000000000,38798.000000000,38798.000000000,3,YM
2024-06-10T13:17:08.000000000Z,32,1,80420,38798.000000000,38798.000000000,38798.000000000,38798.000000000,2,YM
2024-06-10T13:17:10.000000000Z,32,1,80420,38799.000000000,38799.000000000,38799.000000000,38799.000000000,6,YM
2024-06-10T13:17:12.000000000Z,32,1,80420,38798.000000000,38798.000000000,38798.000000000,38798.000000000,2,YM
2024-06-10T13:17:13.000000000Z,32,1,80420,38798.000000000,38798.000000000,38798.000000000,38798.000000000,1,YM
2024-06-10T13:17:14.000000000Z,32,1,80420,38798.000000000,38798.000000000,38798.000000000,38798.000000000,1,YM
2024-06-10T13:17:15.000000000Z,32,1,80420,38799.000000000,38799.000000000,38799.000000000,38799.000000000,1,YM
2024-06-10T13:17:20.000000000Z,32,1,80420,38799.000000000,38799.000000000,38798.000000000,38798.000000000,3,YM
2024-06-10T13:17:21.000000000Z,32,1,80420,38797.000000000,38797.000000000,38797.000000000,38797.000000000,1,YM
2024-06-10T13:17:22.000000000Z,32,1,80420,38797.000000000,38797.000000000,38797.000000000,38797.000000000,6,YM
2024-06-10T13:17:26.000000000Z,32,1,80420,38796.000000000,38796.000000000,38796.000000000,38796.000000000,2,YM
2024-06-10T13:17:36.000000000Z,32,1,80420,38796.000000000,38796.000000000,38795.000000000,38795.000000000,6,YM
2024-06-10T13:17:38.000000000Z,32,1,80420,38795.000000000,38796.000000000,38795.000000000,38796.000000000,5,YM
2024-06-10T13:17:51.000000000Z,32,1,80420,38794.000000000,38794.000000000,38793.000000000,38793.000000000,7,YM
2024-06-10T13:17:52.000000000Z,32,1,80420,38793.000000000,38793.000000000,38793.000000000,38793.000000000,1,YM
2024-06-10T13:17:53.000000000Z,32,1,80420,38792.000000000,38792.000000000,38791.000000000,38791.000000000,13,YM
2024-06-10T13:17:54.000000000Z,32,1,80420,38791.000000000,38791.000000000,38791.000000000,38791.000000000,1,YM
2024-06-10T13:17:57.000000000Z,32,1,80420,38791.000000000,38791.000000000,38791.000000000,38791.000000000,2,YM
2024-06-10T13:17:58.000000000Z,32,1,80420,38791.000000000,38791.000000000,38791.000000000,38791.000000000,1,YM
2024-06-10T13:17:59.000000000Z,32,1,80420,38790.000000000,38790.000000000,38789.000000000,38789.000000000,3,YM
2024-06-10T13:18:00.000000000Z,32,1,80420,38790.000000000,38790.000000000,38789.000000000,38790.000000000,5,YM
2024-06-10T13:18:02.000000000Z,32,1,80420,38790.000000000,38790.000000000,38790.000000000,38790.000000000,1,YM
2024-06-10T13:18:04.000000000Z,32,1,80420,38788.000000000,38788.000000000,38786.000000000,38788.000000000,12,YM
2024-06-10T13:18:05.000000000Z,32,1,80420,38788.000000000,38788.000000000,38786.000000000,38786.000000000,2,YM
2024-06-10T13:18:06.000000000Z,32,1,80420,38786.000000000,38786.000000000,38786.000000000,38786.000000000,3,YM
2024-06-10T13:18:09.000000000Z,32,1,80420,38787.000000000,38787.000000000,38787.000000000,38787.000000000,1,YM
2024-06-10T13:18:13.000000000Z,32,1,80420,38786.000000000,38786.000000000,38786.000000000,38786.000000000,1,YM
2024-06-10T13:18:14.000000000Z,32,1,80420,38786.000000000,38786.000000000,38786.000000000,38786.000000000,2,YM
2024-06-10T13:18:15.000000000Z,32,1,80420,38786.000000000,38786.000000000,38786.000000000,38786.000000000,1,YM
2024-06-10T13:18:19.000000000Z,32,1,80420,38786.000000000,38786.000000000,38785.000000000,38785.000000000,4,YM
2024-06-10T13:18:21.000000000Z,32,1,80420,38785.000000000,38785.000000000,38785.000000000,38785.000000000,4,YM
2024-06-10T13:18:24.000000000Z,32,1,80420,38785.000000000,38785.000000000,38785.000000000,38785.000000000,2,YM
2024-06-10T13:18:25.000000000Z,32,1,80420,38784.000000000,38784.000000000,38784.000000000,38784.000000000,5,YM
2024-06-10T13:18:26.000000000Z,32,1,80420,38783.000000000,38783.000000000,38781.000000000,38781.000000000,6,YM
2024-06-10T13:18:27.000000000Z,32,1,80420,38781.000000000,38781.000000000,38781.000000000,38781.000000000,1,YM
2024-06-10T13:18:29.000000000Z,32,1,80420,38783.000000000,38783.000000000,38780.000000000,38780.000000000,8,YM
2024-06-10T13:18:30.000000000Z,32,1,80420,38781.000000000,38781.000000000,38780.000000000,38781.000000000,5,YM
2024-06-10T13:18:31.000000000Z,32,1,80420,38780.000000000,38780.000000000,38780.000000000,38780.000000000,2,YM
2024-06-10T13:18:32.000000000Z,32,1,80420,38779.000000000,38780.000000000,38779.000000000,38780.000000000,4,YM
2024-06-10T13:18:33.000000000Z,32,1,80420,38781.000000000,38781.000000000,38781.000000000,38781.000000000,1,YM
2024-06-10T13:18:34.000000000Z,32,1,80420,38780.000000000,38780.000000000,38780.000000000,38780.000000000,2,YM
2024-06-10T13:18:35.000000000Z,32,1,80420,38781.000000000,38781.000000000,38781.000000000,38781.000000000,1,YM
2024-06-10T13:18:37.000000000Z,32,1,80420,38782.000000000,38783.000000000,38782.000000000,38783.000000000,8,YM
2024-06-10T13:18:39.000000000Z,32,1,80420,38782.000000000,38782.000000000,38782.000000000,38782.000000000,3,YM
2024-06-10T13:18:40.000000000Z,32,1,80420,38783.000000000,38783.000000000,38783.000000000,38783.000000000,4,YM
2024-06-10T13:18:51.000000000Z,32,1,80420,38783.000000000,38783.000000000,38782.000000000,38782.000000000,7,YM
2024-06-10T13:18:55.000000000Z,32,1,80420,38781.000000000,38781.000000000,38781.000000000,38781.000000000,2,YM
2024-06-10T13:18:57.000000000Z,32,1,80420,38781.000000000,38781.000000000,38781.000000000,38781.000000000,1,YM
2024-06-10T13:18:58.000000000Z,32,1,80420,38782.000000000,38782.000000000,38782.000000000,38782.000000000,2,YM
2024-06-10T13:18:59.000000000Z,32,1,80420,38781.000000000,38781.000000000,38781.000000000,38781.000000000,1,YM
2024-06-10T13:19:00.000000000Z,32,1,80420,38781.000000000,38781.000000000,38781.000000000,38781.000000000,1,YM
2024-06-10T13:19:11.000000000Z,32,1,80420,38780.000000000,38780.000000000,38780.000000000,38780.000000000,3,YM
2024-06-10T13:19:13.000000000Z,32,1,80420,38781.000000000,38781.000000000,38781.000000000,38781.000000000,1,YM
2024-06-10T13:19:14.000000000Z,32,1,80420,38781.000000000,38781.000000000,38781.000000000,38781.000000000,5,YM
2024-06-10T13:19:17.000000000Z,32,1,80420,38781.000000000,38781.000000000,38780.000000000,38780.000000000,3,YM
2024-06-10T13:19:20.000000000Z,32,1,80420,38780.000000000,38780.000000000,38780.000000000,38780.000000000,1,YM
2024-06-10T13:19:21.000000000Z,32,1,80420,38780.000000000,38780.000000000,38780.000000000,38780.000000000,5,YM
2024-06-10T13:19:27.000000000Z,32,1,80420,38779.000000000,38779.000000000,38779.000000000,38779.000000000,5,YM
2024-06-10T13:19:28.000000000Z,32,1,80420,38779.000000000,38779.000000000,38779.000000000,38779.000000000,2,YM
2024-06-10T13:19:38.000000000Z,32,1,80420,38780.000000000,38780.000000000,38780.000000000,38780.000000000,1,YM
2024-06-10T13:19:40.000000000Z,32,1,80420,38780.000000000,38780.000000000,38780.000000000,38780.000000000,1,YM
2024-06-10T13:19:41.000000000Z,32,1,80420,38779.000000000,38779.000000000,38779.000000000,38779.000000000,4,YM
2024-06-10T13:19:43.000000000Z,32,1,80420,38779.000000000,38780.000000000,38779.000000000,38780.000000000,2,YM
2024-06-10T13:19:46.000000000Z,32,1,80420,38779.000000000,38779.000000000,38779.000000000,38779.000000000,1,YM
2024-06-10T13:19:48.000000000Z,32,1,80420,38779.000000000,38779.000000000,38778.000000000,38778.000000000,12,YM
2024-06-10T13:19:52.000000000Z,32,1,80420,38778.000000000,38778.000000000,38778.000000000,38778.000000000,1,YM
2024-06-10T13:19:53.000000000Z,32,1,80420,38777.000000000,38777.000000000,38777.000000000,38777.000000000,9,YM
2024-06-10T13:19:54.000000000Z,32,1,80420,38777.000000000,38777.000000000,38777.000000000,38777.000000000,1,YM
2024-06-10T13:19:55.000000000Z,32,1,80420,38777.000000000,38777.000000000,38777.000000000,38777.000000000,1,YM
2024-06-10T13:19:56.000000000Z,32,1,80420,38776.000000000,38776.000000000,38775.000000000,38776.000000000,16,YM
2024-06-10T13:19:57.000000000Z,32,1,80420,38776.000000000,38776.000000000,38776.000000000,38776.000000000,2,YM
2024-06-10T13:20:00.000000000Z,32,1,80420,38774.000000000,38774.000000000,38774.000000000,38774.000000000,1,YM
2024-06-10T13:20:03.000000000Z,32,1,80420,38775.000000000,38775.000000000,38775.000000000,38775.000000000,2,YM
2024-06-10T13:20:04.000000000Z,32,1,80420,38774.000000000,38774.000000000,38774.000000000,38774.000000000,4,YM
2024-06-10T13:20:06.000000000Z,32,1,80420,38775.000000000,38775.000000000,38775.000000000,38775.000000000,1,YM
2024-06-10T13:20:07.000000000Z,32,1,80420,38774.000000000,38774.000000000,38774.000000000,38774.000000000,5,YM
2024-06-10T13:20:09.000000000Z,32,1,80420,38774.000000000,38774.000000000,38774.000000000,38774.000000000,1,YM
2024-06-10T13:20:10.000000000Z,32,1,80420,38773.000000000,38773.000000000,38773.000000000,38773.000000000,1,YM
2024-06-10T13:20:11.000000000Z,32,1,80420,38772.000000000,38772.000000000,38771.000000000,38771.000000000,8,YM
2024-06-10T13:20:12.000000000Z,32,1,80420,38770.000000000,38770.000000000,38769.000000000,38769.000000000,5,YM
2024-06-10T13:20:13.000000000Z,32,1,80420,38770.000000000,38770.000000000,38770.000000000,38770.000000000,4,YM
2024-06-10T13:20:15.000000000Z,32,1,80420,38770.000000000,38770.000000000,38770.000000000,38770.000000000,1,YM
2024-06-10T13:20:16.000000000Z,32,1,80420,38769.000000000,38769.000000000,38769.000000000,38769.000000000,1,YM
2024-06-10T13:20:17.000000000Z,32,1,80420,38771.000000000,38771.000000000,38771.000000000,38771.000000000,1,YM
2024-06-10T13:20:18.000000000Z,32,1,80420,38770.000000000,38770.000000000,38770.000000000,38770.000000000,4,YM
2024-06-10T13:20:20.000000000Z,32,1,80420,38771.000000000,38771.000000000,38771.000000000,38771.000000000,2,YM
2024-06-10T13:20:24.000000000Z,32,1,80420,38770.000000000,38770.000000000,38770.000000000,38770.000000000,1,YM
2024-06-10T13:20:27.000000000Z,32,1,80420,38772.000000000,38773.000000000,38772.000000000,38773.000000000,12,YM
2024-06-10T13:20:28.000000000Z,32,1,80420,38774.000000000,38775.000000000,38774.000000000,38774.000000000,5,YM
2024-06-10T13:20:29.000000000Z,32,1,80420,38774.000000000,38774.000000000,38774.000000000,38774.000000000,2,YM
2024-06-10T13:20:31.000000000Z,32,1,80420,38773.000000000,38773.000000000,38773.000000000,38773.000000000,1,YM
2024-06-10T13:20:34.000000000Z,32,1,80420,38774.000000000,38774.000000000,38774.000000000,38774.000000000,1,YM
2024-06-10T13:20:35.000000000Z,32,1,80420,38774.000000000,38774.000000000,38774.000000000,38774.000000000,3,YM
2024-06-10T13:20:38.000000000Z,32,1,80420,38773.000000000,38773.000000000,38773.000000000,38773.000000000,2,YM
2024-06-10T13:20:40.000000000Z,32,1,80420,38774.000000000,38774.000000000,38774.000000000,38774.000000000,1,YM
2024-06-10T13:20:41.000000000Z,32,1,80420,38775.000000000,38775.000000000,38775.000000000,38775.000000000,1,YM
2024-06-10T13:20:43.000000000Z,32,1,80420,38776.000000000,38777.000000000,38776.000000000,38777.000000000,3,YM
2024-06-10T13:20:44.000000000Z,32,1,80420,38776.000000000,38776.000000000,38776.000000000,38776.000000000,2,YM
2024-06-10T13:20:45.000000000Z,32,1,80420,38775.000000000,38775.000000000,38775.000000000,38775.000000000,1,YM
2024-06-10T13:20:46.000000000Z,32,1,80420,38774.000000000,38774.000000000,38773.000000000,38773.000000000,4,YM
2024-06-10T13:20:49.000000000Z,32,1,80420,38771.000000000,38771.000000000,38771.000000000,38771.000000000,2,YM
2024-06-10T13:20:53.000000000Z,32,1,80420,38769.000000000,38769.000000000,38769.000000000,38769.000000000,1,YM
2024-06-10T13:20:54.000000000Z,32,1,80420,38769.000000000,38769.000000000,38769.000000000,38769.000000000,1,YM
2024-06-10T13:20:56.000000000Z,32,1,80420,38770.000000000,38770.000000000,38770.000000000,38770.000000000,4,YM
2024-06-10T13:20:57.000000000Z,32,1,80420,38771.000000000,38771.000000000,38771.000000000,38771.000000000,1,YM
2024-06-10T13:20:59.000000000Z,32,1,80420,38770.000000000,38771.000000000,38770.000000000,38771.000000000,5,YM
2024-06-10T13:21:00.000000000Z,32,1,80420,38772.000000000,38772.000000000,38772.000000000,38772.000000000,1,YM
2024-06-10T13:21:01.000000000Z,32,1,80420,38772.000000000,38772.000000000,38772.000000000,38772.000000000,1,YM
2024-06-10T13:21:02.000000000Z,32,1,80420,38771.000000000,38771.000000000,38771.000000000,38771.000000000,1,YM
2024-06-10T13:21:03.000000000Z,32,1,80420,38771.000000000,38771.000000000,38771.000000000,38771.000000000,1,YM
2024-06-10T13:21:07.000000000Z,32,1,80420,38771.000000000,38771.000000000,38771.000000000,38771.000000000,1,YM
2024-06-10T13:21:12.000000000Z,32,1,80420,38772.000000000,38772.000000000,38772.000000000,38772.000000000,1,YM
2024-06-10T13:21:16.000000000Z,32,1,80420,38771.000000000,38771.000000000,38771.000000000,38771.000000000,2,YM
2024-06-10T13:21:17.000000000Z,32,1,80420,38769.000000000,38769.000000000,38769.000000000,38769.000000000,3,YM
2024-06-10T13:21:18.000000000Z,32,1,80420,38770.000000000,38770.000000000,38770.000000000,38770.000000000,1,YM
2024-06-10T13:21:19.000000000Z,32,1,80420,38770.000000000,38770.000000000,38770.000000000,38770.000000000,1,YM
2024-06-10T13:21:20.000000000Z,32,1,80420,38770.000000000,38771.000000000,38770.000000000,38771.000000000,3,YM
2024-06-10T13:21:22.000000000Z,32,1,80420,38770.000000000,38770.000000000,38770.000000000,38770.000000000,1,YM
2024-06-10T13:21:23.000000000Z,32,1,80420,38771.000000000,38771.000000000,38771.000000000,38771.000000000,2,YM
2024-06-10T13:21:24.000000000Z,32,1,80420,38770.000000000,38770.000000000,38770.000000000,38770.000000000,4,YM
2024-06-10T13:21:26.000000000Z,32,1,80420,38771.000000000,38771.000000000,38771.000000000,38771.000000000,1,YM
2024-06-10T13:21:29.000000000Z,32,1,80420,38772.000000000,38772.000000000,38772.000000000,38772.000000000,2,YM
2024-06-10T13:21:32.000000000Z,32,1,80420,38771.000000000,38772.000000000,38771.000000000,38771.000000000,11,YM
2024-06-10T13:21:33.000000000Z,32,1,80420,38771.000000000,38771.000000000,38771.000000000,38771.000000000,1,YM
2024-06-10T13:21:35.000000000Z,32,1,80420,38772.000000000,38772.000000000,38772.000000000,38772.000000000,1,YM
2024-06-10T13:21:38.000000000Z,32,1,80420,38770.000000000,38770.000000000,38770.000000000,38770.000000000,4,YM
2024-06-10T13:21:39.000000000Z,32,1,80420,38769.000000000,38770.000000000,38769.000000000,38770.000000000,6,YM
2024-06-10T13:21:42.000000000Z,32,1,80420,38769.000000000,38769.000000000,38769.000000000,38769.000000000,2,YM
2024-06-10T13:21:43.000000000Z,32,1,80420,38769.000000000,38769.000000000,38769.000000000,38769.000000000,1,YM
2024-06-10T13:21:45.000000000Z,32,1,80420,38770.000000000,38770.000000000,38770.000000000,38770.000000000,1,YM
2024-06-10T13:21:47.000000000Z,32,1,80420,38768.000000000,38769.000000000,38768.000000000,38769.000000000,26,YM
2024-06-10T13:21:48.000000000Z,32,1,80420,38768.000000000,38769.000000000,38768.000000000,38769.000000000,3,YM
2024-06-10T13:21:49.000000000Z,32,1,80420,38770.000000000,38770.000000000,38770.000000000,38770.000000000,2,YM
2024-06-10T13:21:51.000000000Z,32,1,80420,38770.000000000,38770.000000000,38769.000000000,38769.000000000,32,YM
2024-06-10T13:21:54.000000000Z,32,1,80420,38769.000000000,38769.000000000,38769.000000000,38769.000000000,1,YM
2024-06-10T13:21:55.000000000Z,32,1,80420,38769.000000000,38769.000000000,38768.000000000,38769.000000000,3,YM
2024-06-10T13:21:56.000000000Z,32,1,80420,38768.000000000,38768.000000000,38767.000000000,38767.000000000,39,YM
2024-06-10T13:21:57.000000000Z,32,1,80420,38767.000000000,38767.000000000,38767.000000000,38767.000000000,5,YM
2024-06-10T13:21:58.000000000Z,32,1,80420,38767.000000000,38767.000000000,38766.000000000,38766.000000000,8,YM
2024-06-10T13:22:00.000000000Z,32,1,80420,38767.000000000,38767.000000000,38767.000000000,38767.000000000,2,YM
2024-06-10T13:22:02.000000000Z,32,1,80420,38767.000000000,38767.000000000,38767.000000000,38767.000000000,1,YM
2024-06-10T13:22:08.000000000Z,32,1,80420,38766.000000000,38766.000000000,38766.000000000,38766.000000000,3,YM
2024-06-10T13:22:09.000000000Z,32,1,80420,38767.000000000,38767.000000000,38767.000000000,38767.000000000,1,YM
2024-06-10T13:22:11.000000000Z,32,1,80420,38768.000000000,38768.000000000,38768.000000000,38768.000000000,4,YM
2024-06-10T13:22:12.000000000Z,32,1,80420,38768.000000000,38768.000000000,38768.000000000,38768.000000000,1,YM
2024-06-10T13:22:15.000000000Z,32,1,80420,38767.000000000,38768.000000000,38767.000000000,38768.000000000,3,YM
2024-06-10T13:22:20.000000000Z,32,1,80420,38769.000000000,38770.000000000,38769.000000000,38770.000000000,3,YM
2024-06-10T13:22:23.000000000Z,32,1,80420,38769.000000000,38769.000000000,38769.000000000,38769.000000000,1,YM
2024-06-10T13:22:25.000000000Z,32,1,80420,38769.000000000,38769.000000000,38768.000000000,38768.000000000,2,YM
2024-06-10T13:22:26.000000000Z,32,1,80420,38768.000000000,38768.000000000,38768.000000000,38768.000000000,1,YM
2024-06-10T13:22:27.000000000Z,32,1,80420,38767.000000000,38767.000000000,38767.000000000,38767.000000000,2,YM
2024-06-10T13:22:28.000000000Z,32,1,80420,38768.000000000,38768.000000000,38768.000000000,38768.000000000,1,YM
2024-06-10T13:22:39.000000000Z,32,1,80420,38769.000000000,38769.000000000,38769.000000000,38769.000000000,1,YM
2024-06-10T13:22:42.000000000Z,32,1,80420,38768.000000000,38768.000000000,38768.000000000,38768.000000000,1,YM
2024-06-10T13:22:46.000000000Z,32,1,80420,38769.000000000,38769.000000000,38768.000000000,38769.000000000,3,YM
2024-06-10T13:22:49.000000000Z,32,1,80420,38770.000000000,38770.000000000,38770.000000000,38770.000000000,3,YM
2024-06-10T13:22:55.000000000Z,32,1,80420,38770.000000000,38770.000000000,38770.000000000,38770.000000000,1,YM
2024-06-10T13:22:57.000000000Z,32,1,80420,38770.000000000,38770.000000000,38769.000000000,38770.000000000,6,YM
2024-06-10T13:23:00.000000000Z,32,1,80420,38770.000000000,38770.000000000,38770.000000000,38770.000000000,1,YM
2024-06-10T13:23:02.000000000Z,32,1,80420,38770.000000000,38770.000000000,38770.000000000,38770.000000000,1,YM
2024-06-10T13:23:04.000000000Z,32,1,80420,38769.000000000,38771.000000000,38769.000000000,38771.000000000,3,YM
2024-06-10T13:23:06.000000000Z,32,1,80420,38769.000000000,38769.000000000,38769.000000000,38769.000000000,2,YM
2024-06-10T13:23:07.000000000Z,32,1,80420,38770.000000000,38770.000000000,38768.000000000,38768.000000000,2,YM
2024-06-10T13:23:09.000000000Z,32,1,80420,38768.000000000,38768.000000000,38768.000000000,38768.000000000,1,YM
2024-06-10T13:23:11.000000000Z,32,1,80420,38769.000000000,38770.000000000,38769.000000000,38770.000000000,5,YM
2024-06-10T13:23:13.000000000Z,32,1,80420,38769.000000000,38769.000000000,38769.000000000,38769.000000000,1,YM
2024-06-10T13:23:15.000000000Z,32,1,80420,38769.000000000,38769.000000000,38769.000000000,38769.000000000,1,YM
2024-06-10T13:23:17.000000000Z,32,1,80420,38770.000000000,38770.000000000,38770.000000000,38770.000000000,1,YM
2024-06-10T13:23:18.000000000Z,32,1,80420,38769.000000000,38769.000000000,38769.000000000,38769.000000000,2,YM
2024-06-10T13:23:19.000000000Z,32,1,80420,38770.000000000,38770.000000000,38770.000000000,38770.000000000,1,YM
2024-06-10T13:23:23.000000000Z,32,1,80420,38770.000000000,38770.000000000,38770.000000000,38770.000000000,2,YM
2024-06-10T13:23:25.000000000Z,32,1,80420,38771.000000000,38771.000000000,38771.000000000,38771.000000000,7,YM
2024-06-10T13:23:30.000000000Z,32,1,80420,38769.000000000,38769.000000000,38769.000000000,38769.000000000,5,YM
2024-06-10T13:23:31.000000000Z,32,1,80420,38769.000000000,38769.000000000,38769.000000000,38769.000000000,2,YM
2024-06-10T13:23:37.000000000Z,32,1,80420,38769.000000000,38769.000000000,38768.000000000,38768.000000000,4,YM
2024-06-10T13:23:44.000000000Z,32,1,80420,38769.000000000,38769.000000000,38769.000000000,38769.000000000,1,YM
2024-06-10T13:23:47.000000000Z,32,1,80420,38769.000000000,38769.000000000,38769.000000000,38769.000000000,1,YM
2024-06-10T13:23:48.000000000Z,32,1,80420,38769.000000000,38769.000000000,38769.000000000,38769.000000000,2,YM
2024-06-10T13:23:55.000000000Z,32,1,80420,38769.000000000,38769.000000000,38769.000000000,38769.000000000,2,YM
2024-06-10T13:23:58.000000000Z,32,1,80420,38769.000000000,38769.000000000,38769.000000000,38769.000000000,1,YM
2024-06-10T13:24:00.000000000Z,32,1,80420,38768.000000000,38768.000000000,38768.000000000,38768.000000000,1,YM
2024-06-10T13:24:01.000000000Z,32,1,80420,38769.000000000,38769.000000000,38769.000000000,38769.000000000,1,YM
2024-06-10T13:24:03.000000000Z,32,1,80420,38769.000000000,38769.000000000,38769.000000000,38769.000000000,3,YM
2024-06-10T13:24:06.000000000Z,32,1,80420,38769.000000000,38770.000000000,38769.000000000,38770.000000000,8,YM
2024-06-10T13:24:09.000000000Z,32,1,80420,38771.000000000,38771.000000000,38771.000000000,38771.000000000,3,YM
2024-06-10T13:24:10.000000000Z,32,1,80420,38772.000000000,38772.000000000,38771.000000000,38772.000000000,3,YM
2024-06-10T13:24:12.000000000Z,32,1,80420,38773.000000000,38773.000000000,38771.000000000,38771.000000000,2,YM
2024-06-10T13:24:13.000000000Z,32,1,80420,38771.000000000,38771.000000000,38771.000000000,38771.000000000,2,YM
2024-06-10T13:24:14.000000000Z,32,1,80420,38770.000000000,38770.000000000,38770.000000000,38770.000000000,2,YM
2024-06-10T13:24:17.000000000Z,32,1,80420,38770.000000000,38770.000000000,38770.000000000,38770.000000000,1,YM
2024-06-10T13:24:19.000000000Z,32,1,80420,38771.000000000,38773.000000000,38771.000000000,38772.000000000,61,YM
2024-06-10T13:24:20.000000000Z,32,1,80420,38772.000000000,38772.000000000,38772.000000000,38772.000000000,1,YM
2024-06-10T13:24:21.000000000Z,32,1,80420,38770.000000000,38770.000000000,38769.000000000,38769.000000000,6,YM
2024-06-10T13:24:30.000000000Z,32,1,80420,38769.000000000,38769.000000000,38769.000000000,38769.000000000,1,YM
2024-06-10T13:24:35.000000000Z,32,1,80420,38769.000000000,38769.000000000,38769.000000000,38769.000000000,3,YM
2024-06-10T13:24:39.000000000Z,32,1,80420,38768.000000000,38768.000000000,38768.000000000,38768.000000000,5,YM
2024-06-10T13:24:41.000000000Z,32,1,80420,38768.000000000,38768.000000000,38768.000000000,38768.000000000,1,YM
2024-06-10T13:24:55.000000000Z,32,1,80420,38770.000000000,38770.000000000,38770.000000000,38770.000000000,2,YM
2024-06-10T13:25:00.000000000Z,32,1,80420,38768.000000000,38771.000000000,38756.000000000,38757.000000000,155,YM
2024-06-10T13:25:01.000000000Z,32,1,80420,38757.000000000,38759.000000000,38754.000000000,38754.000000000,69,YM
2024-06-10T13:25:02.000000000Z,32,1,80420,38754.000000000,38759.000000000,38754.000000000,38759.000000000,29,YM
2024-06-10T13:25:03.000000000Z,32,1,80420,38760.000000000,38760.000000000,38759.000000000,38760.000000000,7,YM
2024-06-10T13:25:04.000000000Z,32,1,80420,38761.000000000,38763.000000000,38761.000000000,38763.000000000,11,YM
2024-06-10T13:25:06.000000000Z,32,1,80420,38764.000000000,38764.000000000,38762.000000000,38762.000000000,8,YM
2024-06-10T13:25:07.000000000Z,32,1,80420,38763.000000000,38763.000000000,38762.000000000,38763.000000000,4,YM
2024-06-10T13:25:08.000000000Z,32,1,80420,38761.000000000,38762.000000000,38761.000000000,38762.000000000,3,YM
2024-06-10T13:25:09.000000000Z,32,1,80420,38763.000000000,38766.000000000,38763.000000000,38766.000000000,11,YM
2024-06-10T13:25:11.000000000Z,32,1,80420,38767.000000000,38767.000000000,38767.000000000,38767.000000000,2,YM
2024-06-10T13:25:14.000000000Z,32,1,80420,38766.000000000,38766.000000000,38766.000000000,38766.000000000,1,YM
2024-06-10T13:25:15.000000000Z,32,1,80420,38768.000000000,38768.000000000,38768.000000000,38768.000000000,1,YM
2024-06-10T13:25:17.000000000Z,32,1,80420,38768.000000000,38768.000000000,38768.000000000,38768.000000000,1,YM
2024-06-10T13:25:18.000000000Z,32,1,80420,38767.000000000,38767.000000000,38767.000000000,38767.000000000,5,YM
2024-06-10T13:25:19.000000000Z,32,1,80420,38768.000000000,38768.000000000,38768.000000000,38768.000000000,5,YM
2024-06-10T13:25:20.000000000Z,32,1,80420,38769.000000000,38769.000000000,38769.000000000,38769.000000000,1,YM
2024-06-10T13:25:21.000000000Z,32,1,80420,38770.000000000,38772.000000000,38769.000000000,38772.000000000,4,YM
2024-06-10T13:25:22.000000000Z,32,1,80420,38771.000000000,38771.000000000,38771.000000000,38771.000000000,1,YM
2024-06-10T13:25:23.000000000Z,32,1,80420,38771.000000000,38771.000000000,38771.000000000,38771.000000000,1,YM
2024-06-10T13:25:24.000000000Z,32,1,80420,38771.000000000,38771.000000000,38771.000000000,38771.000000000,2,YM
2024-06-10T13:25:25.000000000Z,32,1,80420,38770.000000000,38770.000000000,38770.000000000,38770.000000000,1,YM
2024-06-10T13:25:26.000000000Z,32,1,80420,38771.000000000,38771.000000000,38770.000000000,38770.000000000,2,YM
2024-06-10T13:25:27.000000000Z,32,1,80420,38769.000000000,38769.000000000,38769.000000000,38769.000000000,1,YM
2024-06-10T13:25:29.000000000Z,32,1,80420,38768.000000000,38768.000000000,38768.000000000,38768.000000000,1,YM
2024-06-10T13:25:31.000000000Z,32,1,80420,38769.000000000,38769.000000000,38769.000000000,38769.000000000,2,YM
2024-06-10T13:25:35.000000000Z,32,1,80420,38770.000000000,38770.000000000,38770.000000000,38770.000000000,1,YM
2024-06-10T13:25:36.000000000Z,32,1,80420,38771.000000000,38771.000000000,38771.000000000,38771.000000000,2,YM
2024-06-10T13:25:39.000000000Z,32,1,80420,38770.000000000,38770.000000000,38770.000000000,38770.000000000,6,YM
2024-06-10T13:25:41.000000000Z,32,1,80420,38771.000000000,38771.000000000,38771.000000000,38771.000000000,3,YM
2024-06-10T13:25:43.000000000Z,32,1,80420,38772.000000000,38772.000000000,38772.000000000,38772.000000000,1,YM
2024-06-10T13:25:46.000000000Z,32,1,80420,38773.000000000,38773.000000000,38773.000000000,38773.000000000,1,YM
2024-06-10T13:25:48.000000000Z,32,1,80420,38774.000000000,38774.000000000,38774.000000000,38774.000000000,1,YM
2024-06-10T13:25:49.000000000Z,32,1,80420,38774.000000000,38775.000000000,38774.000000000,38775.000000000,6,YM
2024-06-10T13:25:50.000000000Z,32,1,80420,38774.000000000,38774.000000000,38774.000000000,38774.000000000,2,YM
2024-06-10T13:25:51.000000000Z,32,1,80420,38775.000000000,38775.000000000,38775.000000000,38775.000000000,1,YM
2024-06-10T13:25:54.000000000Z,32,1,80420,38773.000000000,38773.000000000,38773.000000000,38773.000000000,3,YM
2024-06-10T13:25:57.000000000Z,32,1,80420,38774.000000000,38774.000000000,38774.000000000,38774.000000000,3,YM
2024-06-10T13:26:00.000000000Z,32,1,80420,38773.000000000,38773.000000000,38773.000000000,38773.000000000,1,YM
2024-06-10T13:26:03.000000000Z,32,1,80420,38772.000000000,38772.000000000,38772.000000000,38772.000000000,2,YM
2024-06-10T13:26:04.000000000Z,32,1,80420,38771.000000000,38771.000000000,38769.000000000,38769.000000000,7,YM
2024-06-10T13:26:05.000000000Z,32,1,80420,38770.000000000,38772.000000000,38770.000000000,38772.000000000,5,YM
2024-06-10T13:26:09.000000000Z,32,1,80420,38770.000000000,38770.000000000,38770.000000000,38770.000000000,1,YM
2024-06-10T13:26:10.000000000Z,32,1,80420,38771.000000000,38771.000000000,38771.000000000,38771.000000000,4,YM
2024-06-10T13:26:15.000000000Z,32,1,80420,38771.000000000,38771.000000000,38771.000000000,38771.000000000,2,YM
2024-06-10T13:26:17.000000000Z,32,1,80420,38772.000000000,38773.000000000,38772.000000000,38773.000000000,6,YM
2024-06-10T13:26:18.000000000Z,32,1,80420,38775.000000000,38776.000000000,38775.000000000,38775.000000000,8,YM
2024-06-10T13:26:19.000000000Z,32,1,80420,38776.000000000,38777.000000000,38776.000000000,38777.000000000,2,YM
2024-06-10T13:26:20.000000000Z,32,1,80420,38777.000000000,38777.000000000,38777.000000000,38777.000000000,1,YM
2024-06-10T13:26:21.000000000Z,32,1,80420,38779.000000000,38780.000000000,38778.000000000,38780.000000000,9,YM
2024-06-10T13:26:22.000000000Z,32,1,80420,38780.000000000,38780.000000000,38780.000000000,38780.000000000,1,YM
2024-06-10T13:26:23.000000000Z,32,1,80420,38779.000000000,38779.000000000,38778.000000000,38779.000000000,6,YM
2024-06-10T13:26:24.000000000Z,32,1,80420,38779.000000000,38779.000000000,38779.000000000,38779.000000000,1,YM
2024-06-10T13:26:25.000000000Z,32,1,80420,38780.000000000,38781.000000000,38780.000000000,38781.000000000,3,YM
2024-06-10T13:26:26.000000000Z,32,1,80420,38780.000000000,38780.000000000,38780.000000000,38780.000000000,2,YM
2024-06-10T13:26:28.000000000Z,32,1,80420,38781.000000000,38781.000000000,38781.000000000,38781.000000000,2,YM
2024-06-10T13:26:30.000000000Z,32,1,80420,38780.000000000,38780.000000000,38779.000000000,38779.000000000,8,YM
2024-06-10T13:26:38.000000000Z,32,1,80420,38779.000000000,38779.000000000,38779.000000000,38779.000000000,1,YM
2024-06-10T13:26:40.000000000Z,32,1,80420,38780.000000000,38780.000000000,38779.000000000,38779.000000000,3,YM
2024-06-10T13:26:41.000000000Z,32,1,80420,38779.000000000,38779.000000000,38779.000000000,38779.000000000,7,YM
2024-06-10T13:26:44.000000000Z,32,1,80420,38779.000000000,38779.000000000,38779.000000000,38779.000000000,2,YM
2024-06-10T13:26:45.000000000Z,32,1,80420,38778.000000000,38778.000000000,38778.000000000,38778.000000000,1,YM
2024-06-10T13:26:46.000000000Z,32,1,80420,38778.000000000,38778.000000000,38778.000000000,38778.000000000,3,YM
2024-06-10T13:26:51.000000000Z,32,1,80420,38780.000000000,38780.000000000,38780.000000000,38780.000000000,1,YM
2024-06-10T13:26:58.000000000Z,32,1,80420,38782.000000000,38782.000000000,38781.000000000,38781.000000000,6,YM
2024-06-10T13:27:00.000000000Z,32,1,80420,38781.000000000,38781.000000000,38779.000000000,38779.000000000,8,YM
2024-06-10T13:27:01.000000000Z,32,1,80420,38778.000000000,38778.000000000,38778.000000000,38778.000000000,1,YM
2024-06-10T13:27:03.000000000Z,32,1,80420,38775.000000000,38775.000000000,38775.000000000,38775.000000000,2,YM
2024-06-10T13:27:04.000000000Z,32,1,80420,38774.000000000,38774.000000000,38774.000000000,38774.000000000,1,YM
2024-06-10T13:27:05.000000000Z,32,1,80420,38775.000000000,38776.000000000,38775.000000000,38776.000000000,7,YM
2024-06-10T13:27:10.000000000Z,32,1,80420,38773.000000000,38773.000000000,38773.000000000,38773.000000000,1,YM
2024-06-10T13:27:12.000000000Z,32,1,80420,38774.000000000,38775.000000000,38774.000000000,38775.000000000,3,YM
2024-06-10T13:27:13.000000000Z,32,1,80420,38775.000000000,38775.000000000,38775.000000000,38775.000000000,1,YM
2024-06-10T13:27:15.000000000Z,32,1,80420,38775.000000000,38775.000000000,38775.000000000,38775.000000000,1,YM
2024-06-10T13:27:17.000000000Z,32,1,80420,38776.000000000,38776.000000000,38776.000000000,38776.000000000,1,YM
2024-06-10T13:27:20.000000000Z,32,1,80420,38779.000000000,38779.000000000,38779.000000000,38779.000000000,1,YM
2024-06-10T13:27:21.000000000Z,32,1,80420,38780.000000000,38781.000000000,38780.000000000,38781.000000000,3,YM
2024-06-10T13:27:23.000000000Z,32,1,80420,38783.000000000,38783.000000000,38783.000000000,38783.000000000,2,YM
2024-06-10T13:27:24.000000000Z,32,1,80420,38785.000000000,38785.000000000,38785.000000000,38785.000000000,1,YM
2024-06-10T13:27:25.000000000Z,32,1,80420,38786.000000000,38786.000000000,38786.000000000,38786.000000000,1,YM
2024-06-10T13:27:27.000000000Z,32,1,80420,38786.000000000,38787.000000000,38786.000000000,38787.000000000,5,YM
2024-06-10T13:27:28.000000000Z,32,1,80420,38785.000000000,38785.000000000,38785.000000000,38785.000000000,2,YM
2024-06-10T13:27:29.000000000Z,32,1,80420,38785.000000000,38785.000000000,38784.000000000,38784.000000000,8,YM
2024-06-10T13:27:30.000000000Z,32,1,80420,38783.000000000,38783.000000000,38783.000000000,38783.000000000,1,YM
2024-06-10T13:27:33.000000000Z,32,1,80420,38784.000000000,38784.000000000,38784.000000000,38784.000000000,1,YM
2024-06-10T13:27:36.000000000Z,32,1,80420,38780.000000000,38780.000000000,38779.000000000,38779.000000000,2,YM
2024-06-10T13:27:37.000000000Z,32,1,80420,38778.000000000,38778.000000000,38778.000000000,38778.000000000,2,YM
2024-06-10T13:27:38.000000000Z,32,1,80420,38779.000000000,38779.000000000,38779.000000000,38779.000000000,1,YM
2024-06-10T13:27:40.000000000Z,32,1,80420,38778.000000000,38781.000000000,38778.000000000,38781.000000000,11,YM
2024-06-10T13:27:42.000000000Z,32,1,80420,38782.000000000,38783.000000000,38782.000000000,38783.000000000,4,YM
2024-06-10T13:27:44.000000000Z,32,1,80420,38783.000000000,38783.000000000,38782.000000000,38782.000000000,5,YM
2024-06-10T13:27:45.000000000Z,32,1,80420,38781.000000000,38781.000000000,38781.000000000,38781.000000000,5,YM
2024-06-10T13:27:48.000000000Z,32,1,80420,38779.000000000,38780.000000000,38779.000000000,38780.000000000,2,YM
2024-06-10T13:27:49.000000000Z,32,1,80420,38782.000000000,38782.000000000,38782.000000000,38782.000000000,1,YM
2024-06-10T13:27:50.000000000Z,32,1,80420,38781.000000000,38782.000000000,38781.000000000,38782.000000000,2,YM
2024-06-10T13:27:51.000000000Z,32,1,80420,38784.000000000,38785.000000000,38784.000000000,38785.000000000,11,YM
2024-06-10T13:27:52.000000000Z,32,1,80420,38785.000000000,38785.000000000,38785.000000000,38785.000000000,3,YM
2024-06-10T13:27:53.000000000Z,32,1,80420,38782.000000000,38782.000000000,38782.000000000,38782.000000000,1,YM
2024-06-10T13:27:56.000000000Z,32,1,80420,38784.000000000,38784.000000000,38784.000000000,38784.000000000,1,YM
2024-06-10T13:27:57.000000000Z,32,1,80420,38785.000000000,38785.000000000,38785.000000000,38785.000000000,1,YM
2024-06-10T13:28:00.000000000Z,32,1,80420,38784.000000000,38803.000000000,38784.000000000,38800.000000000,242,YM
2024-06-10T13:28:01.000000000Z,32,1,80420,38800.000000000,38804.000000000,38799.000000000,38800.000000000,32,YM
2024-06-10T13:28:02.000000000Z,32,1,80420,38800.000000000,38800.000000000,38796.000000000,38800.000000000,18,YM
2024-06-10T13:28:03.000000000Z,32,1,80420,38799.000000000,38799.000000000,38798.000000000,38798.000000000,5,YM
2024-06-10T13:28:04.000000000Z,32,1,80420,38798.000000000,38798.000000000,38798.000000000,38798.000000000,1,YM
2024-06-10T13:28:05.000000000Z,32,1,80420,38798.000000000,38799.000000000,38798.000000000,38799.000000000,4,YM
2024-06-10T13:28:06.000000000Z,32,1,80420,38799.000000000,38799.000000000,38798.000000000,38798.000000000,5,YM
2024-06-10T13:28:07.000000000Z,32,1,80420,38796.000000000,38796.000000000,38796.000000000,38796.000000000,3,YM
2024-06-10T13:28:08.000000000Z,32,1,80420,38796.000000000,38796.000000000,38796.000000000,38796.000000000,5,YM
2024-06-10T13:28:09.000000000Z,32,1,80420,38795.000000000,38795.000000000,38795.000000000,38795.000000000,1,YM
2024-06-10T13:28:10.000000000Z,32,1,80420,38793.000000000,38793.000000000,38792.000000000,38793.000000000,9,YM
2024-06-10T13:28:12.000000000Z,32,1,80420,38793.000000000,38794.000000000,38793.000000000,38794.000000000,4,YM
2024-06-10T13:28:13.000000000Z,32,1,80420,38794.000000000,38794.000000000,38792.000000000,38793.000000000,11,YM
2024-06-10T13:28:15.000000000Z,32,1,80420,38794.000000000,38794.000000000,38794.000000000,38794.000000000,3,YM
2024-06-10T13:28:16.000000000Z,32,1,80420,38793.000000000,38793.000000000,38793.000000000,38793.000000000,1,YM
2024-06-10T13:28:17.000000000Z,32,1,80420,38794.000000000,38794.000000000,38794.000000000,38794.000000000,2,YM
2024-06-10T13:28:18.000000000Z,32,1,80420,38795.000000000,38795.000000000,38795.000000000,38795.000000000,1,YM
2024-06-10T13:28:20.000000000Z,32,1,80420,38794.000000000,38794.000000000,38793.000000000,38793.000000000,7,YM
2024-06-10T13:28:21.000000000Z,32,1,80420,38794.000000000,38794.000000000,38794.000000000,38794.000000000,1,YM
2024-06-10T13:28:23.000000000Z,32,1,80420,38793.000000000,38793.000000000,38793.000000000,38793.000000000,2,YM
2024-06-10T13:28:24.000000000Z,32,1,80420,38794.000000000,38794.000000000,38794.000000000,38794.000000000,1,YM
2024-06-10T13:28:25.000000000Z,32,1,80420,38795.000000000,38795.000000000,38795.000000000,38795.000000000,1,YM
2024-06-10T13:28:26.000000000Z,32,1,80420,38796.000000000,38798.000000000,38796.000000000,38798.000000000,3,YM
2024-06-10T13:28:27.000000000Z,32,1,80420,38798.000000000,38798.000000000,38797.000000000,38797.000000000,3,YM
2024-06-10T13:28:28.000000000Z,32,1,80420,38798.000000000,38798.000000000,38796.000000000,38797.000000000,6,YM
2024-06-10T13:28:31.000000000Z,32,1,80420,38796.000000000,38796.000000000,38795.000000000,38795.000000000,4,YM
2024-06-10T13:28:32.000000000Z,32,1,80420,38795.000000000,38795.000000000,38795.000000000,38795.000000000,1,YM
2024-06-10T13:28:33.000000000Z,32,1,80420,38794.000000000,38794.000000000,38794.000000000,38794.000000000,1,YM
2024-06-10T13:28:35.000000000Z,32,1,80420,38795.000000000,38795.000000000,38795.000000000,38795.000000000,1,YM
2024-06-10T13:28:36.000000000Z,32,1,80420,38795.000000000,38795.000000000,38795.000000000,38795.000000000,2,YM
2024-06-10T13:28:37.000000000Z,32,1,80420,38793.000000000,38793.000000000,38793.000000000,38793.000000000,1,YM
2024-06-10T13:28:38.000000000Z,32,1,80420,38792.000000000,38792.000000000,38790.000000000,38790.000000000,13,YM
2024-06-10T13:28:39.000000000Z,32,1,80420,38790.000000000,38790.000000000,38790.000000000,38790.000000000,2,YM
2024-06-10T13:28:40.000000000Z,32,1,80420,38791.000000000,38791.000000000,38790.000000000,38790.000000000,4,YM
2024-06-10T13:28:42.000000000Z,32,1,80420,38791.000000000,38793.000000000,38791.000000000,38792.000000000,3,YM
2024-06-10T13:28:44.000000000Z,32,1,80420,38792.000000000,38792.000000000,38791.000000000,38791.000000000,6,YM
2024-06-10T13:28:45.000000000Z,32,1,80420,38791.000000000,38791.000000000,38791.000000000,38791.000000000,1,YM
2024-06-10T13:28:46.000000000Z,32,1,80420,38792.000000000,38792.000000000,38792.000000000,38792.000000000,4,YM
2024-06-10T13:28:48.000000000Z,32,1,80420,38793.000000000,38793.000000000,38793.000000000,38793.000000000,1,YM
2024-06-10T13:28:49.000000000Z,32,1,80420,38793.000000000,38793.000000000,38793.000000000,38793.000000000,1,YM
2024-06-10T13:28:51.000000000Z,32,1,80420,38794.000000000,38794.000000000,38792.000000000,38792.000000000,5,YM
2024-06-10T13:28:55.000000000Z,32,1,80420,38794.000000000,38795.000000000,38794.000000000,38795.000000000,4,YM
2024-06-10T13:28:56.000000000Z,32,1,80420,38794.000000000,38794.000000000,38794.000000000,38794.000000000,2,YM
2024-06-10T13:29:00.000000000Z,32,1,80420,38795.000000000,38796.000000000,38795.000000000,38796.000000000,2,YM
2024-06-10T13:29:01.000000000Z,32,1,80420,38797.000000000,38797.000000000,38796.000000000,38796.000000000,4,YM
2024-06-10T13:29:03.000000000Z,32,1,80420,38796.000000000,38796.000000000,38796.000000000,38796.000000000,3,YM
2024-06-10T13:29:06.000000000Z,32,1,80420,38797.000000000,38797.000000000,38796.000000000,38797.000000000,8,YM
2024-06-10T13:29:09.000000000Z,32,1,80420,38798.000000000,38798.000000000,38798.000000000,38798.000000000,1,YM
2024-06-10T13:29:10.000000000Z,32,1,80420,38799.000000000,38799.000000000,38798.000000000,38798.000000000,2,YM
2024-06-10T13:29:11.000000000Z,32,1,80420,38797.000000000,38797.000000000,38796.000000000,38796.000000000,7,YM
2024-06-10T13:29:12.000000000Z,32,1,80420,38795.000000000,38795.000000000,38795.000000000,38795.000000000,1,YM
2024-06-10T13:29:13.000000000Z,32,1,80420,38795.000000000,38795.000000000,38795.000000000,38795.000000000,4,YM
2024-06-10T13:29:14.000000000Z,32,1,80420,38795.000000000,38796.000000000,38795.000000000,38796.000000000,5,YM
2024-06-10T13:29:17.000000000Z,32,1,80420,38795.000000000,38795.000000000,38795.000000000,38795.000000000,1,YM
2024-06-10T13:29:18.000000000Z,32,1,80420,38795.000000000,38795.000000000,38795.000000000,38795.000000000,5,YM
2024-06-10T13:29:19.000000000Z,32,1,80420,38794.000000000,38794.000000000,38794.000000000,38794.000000000,1,YM
2024-06-10T13:29:20.000000000Z,32,1,80420,38795.000000000,38800.000000000,38795.000000000,38800.000000000,14,YM
2024-06-10T13:29:21.000000000Z,32,1,80420,38800.000000000,38800.000000000,38796.000000000,38797.000000000,9,YM
2024-06-10T13:29:22.000000000Z,32,1,80420,38797.000000000,38797.000000000,38796.000000000,38796.000000000,4,YM
2024-06-10T13:29:23.000000000Z,32,1,80420,38797.000000000,38797.000000000,38797.000000000,38797.000000000,1,YM
2024-06-10T13:29:25.000000000Z,32,1,80420,38795.000000000,38796.000000000,38795.000000000,38796.000000000,3,YM
2024-06-10T13:29:26.000000000Z,32,1,80420,38797.000000000,38797.000000000,38797.000000000,38797.000000000,4,YM
2024-06-10T13:29:27.000000000Z,32,1,80420,38796.000000000,38797.000000000,38796.000000000,38797.000000000,4,YM
2024-06-10T13:29:28.000000000Z,32,1,80420,38796.000000000,38796.000000000,38796.000000000,38796.000000000,2,YM
2024-06-10T13:29:29.000000000Z,32,1,80420,38797.000000000,38797.000000000,38796.000000000,38796.000000000,5,YM
2024-06-10T13:29:30.000000000Z,32,1,80420,38797.000000000,38797.000000000,38796.000000000,38796.000000000,11,YM
2024-06-10T13:29:31.000000000Z,32,1,80420,38796.000000000,38799.000000000,38796.000000000,38799.000000000,11,YM
2024-06-10T13:29:32.000000000Z,32,1,80420,38797.000000000,38797.000000000,38797.000000000,38797.000000000,1,YM
2024-06-10T13:29:34.000000000Z,32,1,80420,38796.000000000,38796.000000000,38796.000000000,38796.000000000,1,YM
2024-06-10T13:29:35.000000000Z,32,1,80420,38797.000000000,38797.000000000,38797.000000000,38797.000000000,2,YM
2024-06-10T13:29:36.000000000Z,32,1,80420,38798.000000000,38798.000000000,38796.000000000,38796.000000000,6,YM
2024-06-10T13:29:37.000000000Z,32,1,80420,38796.000000000,38796.000000000,38796.000000000,38796.000000000,3,YM
2024-06-10T13:29:38.000000000Z,32,1,80420,38797.000000000,38797.000000000,38797.000000000,38797.000000000,1,YM
2024-06-10T13:29:39.000000000Z,32,1,80420,38797.000000000,38797.000000000,38797.000000000,38797.000000000,2,YM
2024-06-10T13:29:40.000000000Z,32,1,80420,38798.000000000,38798.000000000,38797.000000000,38797.000000000,4,YM
2024-06-10T13:29:41.000000000Z,32,1,80420,38797.000000000,38797.000000000,38797.000000000,38797.000000000,2,YM
2024-06-10T13:29:42.000000000Z,32,1,80420,38796.000000000,38796.000000000,38796.000000000,38796.000000000,2,YM
2024-06-10T13:29:43.000000000Z,32,1,80420,38796.000000000,38796.000000000,38796.000000000,38796.000000000,1,YM
2024-06-10T13:29:44.000000000Z,32,1,80420,38795.000000000,38795.000000000,38795.000000000,38795.000000000,1,YM
2024-06-10T13:29:45.000000000Z,32,1,80420,38797.000000000,38797.000000000,38796.000000000,38797.000000000,8,YM
2024-06-10T13:29:46.000000000Z,32,1,80420,38798.000000000,38801.000000000,38797.000000000,38801.000000000,20,YM
2024-06-10T13:29:47.000000000Z,32,1,80420,38801.000000000,38805.000000000,38800.000000000,38804.000000000,31,YM
2024-06-10T13:29:48.000000000Z,32,1,80420,38803.000000000,38806.000000000,38802.000000000,38806.000000000,38,YM
2024-06-10T13:29:49.000000000Z,32,1,80420,38807.000000000,38811.000000000,38807.000000000,38811.000000000,36,YM
2024-06-10T13:29:50.000000000Z,32,1,80420,38811.000000000,38814.000000000,38810.000000000,38814.000000000,36,YM
2024-06-10T13:29:51.000000000Z,32,1,80420,38813.000000000,38813.000000000,38809.000000000,38811.000000000,37,YM
2024-06-10T13:29:52.000000000Z,32,1,80420,38810.000000000,38812.000000000,38810.000000000,38812.000000000,10,YM
2024-06-10T13:29:53.000000000Z,32,1,80420,38812.000000000,38814.000000000,38811.000000000,38811.000000000,13,YM
2024-06-10T13:29:54.000000000Z,32,1,80420,38811.000000000,38811.000000000,38810.000000000,38811.000000000,8,YM
2024-06-10T13:29:55.000000000Z,32,1,80420,38811.000000000,38811.000000000,38808.000000000,38810.000000000,13,YM
2024-06-10T13:29:56.000000000Z,32,1,80420,38811.000000000,38811.000000000,38809.000000000,38809.000000000,10,YM
2024-06-10T13:29:57.000000000Z,32,1,80420,38808.000000000,38808.000000000,38805.000000000,38806.000000000,10,YM
2024-06-10T13:29:58.000000000Z,32,1,80420,38805.000000000,38807.000000000,38799.000000000,38802.000000000,21,YM
2024-06-10T13:29:59.000000000Z,32,1,80420,38803.000000000,38803.000000000,38798.000000000,38798.000000000,14,YM
2024-06-10T13:30:00.000000000Z,32,1,80420,38799.000000000,38804.000000000,38794.000000000,38804.000000000,157,YM
2024-06-10T13:30:01.000000000Z,32,1,80420,38806.000000000,38807.000000000,38797.000000000,38804.000000000,160,YM
2024-06-10T13:30:02.000000000Z,32,1,80420,38805.000000000,38805.000000000,38799.000000000,38799.000000000,68,YM
2024-06-10T13:30:03.000000000Z,32,1,80420,38799.000000000,38810.000000000,38799.000000000,38810.000000000,54,YM
2024-06-10T13:30:04.000000000Z,32,1,80420,38809.000000000,38809.000000000,38807.000000000,38807.000000000,22,YM
2024-06-10T13:30:05.000000000Z,32,1,80420,38808.000000000,38810.000000000,38805.000000000,38807.000000000,54,YM
2024-06-10T13:30:06.000000000Z,32,1,80420,38806.000000000,38808.000000000,38805.000000000,38808.000000000,21,YM
2024-06-10T13:30:07.000000000Z,32,1,80420,38809.000000000,38809.000000000,38805.000000000,38807.000000000,29,YM
2024-06-10T13:30:08.000000000Z,32,1,80420,38806.000000000,38808.000000000,38804.000000000,38807.000000000,25,YM
2024-06-10T13:30:09.000000000Z,32,1,80420,38807.000000000,38808.000000000,38806.000000000,38807.000000000,16,YM
2024-06-10T13:30:10.000000000Z,32,1,80420,38807.000000000,38808.000000000,38805.000000000,38807.000000000,61,YM
2024-06-10T13:30:11.000000000Z,32,1,80420,38808.000000000,38810.000000000,38808.000000000,38809.000000000,33,YM
2024-06-10T13:30:12.000000000Z,32,1,80420,38809.000000000,38814.000000000,38809.000000000,38814.000000000,50,YM
2024-06-10T13:30:13.000000000Z,32,1,80420,38814.000000000,38818.000000000,38814.000000000,38817.000000000,40,YM
2024-06-10T13:30:14.000000000Z,32,1,80420,38817.000000000,38820.000000000,38817.000000000,38820.000000000,54,YM
2024-06-10T13:30:15.000000000Z,32,1,80420,38820.000000000,38820.000000000,38815.000000000,38819.000000000,47,YM
2024-06-10T13:30:16.000000000Z,32,1,80420,38819.000000000,38823.000000000,38819.000000000,38822.000000000,42,YM
2024-06-10T13:30:17.000000000Z,32,1,80420,38822.000000000,38825.000000000,38821.000000000,38823.000000000,39,YM
2024-06-10T13:30:18.000000000Z,32,1,80420,38823.000000000,38824.000000000,38822.000000000,38823.000000000,33,YM
2024-06-10T13:30:19.000000000Z,32,1,80420,38822.000000000,38822.000000000,38820.000000000,38822.000000000,25,YM
2024-06-10T13:30:20.000000000Z,32,1,80420,38822.000000000,38823.000000000,38821.000000000,38821.000000000,27,YM
2024-06-10T13:30:21.000000000Z,32,1,80420,38821.000000000,38825.000000000,38821.000000000,38825.000000000,44,YM
2024-06-10T13:30:22.000000000Z,32,1,80420,38824.000000000,38830.000000000,38823.000000000,38828.000000000,59,YM
2024-06-10T13:30:23.000000000Z,32,1,80420,38827.000000000,38836.000000000,38827.000000000,38836.000000000,151,YM
2024-06-10T13:30:24.000000000Z,32,1,80420,38835.000000000,38837.000000000,38829.000000000,38830.000000000,46,YM
2024-06-10T13:30:25.000000000Z,32,1,80420,38830.000000000,38834.000000000,38830.000000000,38834.000000000,20,YM
2024-06-10T13:30:26.000000000Z,32,1,80420,38834.000000000,38837.000000000,38834.000000000,38835.000000000,20,YM
2024-06-10T13:30:27.000000000Z,32,1,80420,38836.000000000,38837.000000000,38835.000000000,38836.000000000,15,YM
2024-06-10T13:30:28.000000000Z,32,1,80420,38836.000000000,38837.000000000,38834.000000000,38837.000000000,15,YM
2024-06-10T13:30:29.000000000Z,32,1,80420,38838.000000000,38838.000000000,38837.000000000,38838.000000000,9,YM
2024-06-10T13:30:30.000000000Z,32,1,80420,38839.000000000,38841.000000000,38839.000000000,38841.000000000,41,YM
2024-06-10T13:30:31.000000000Z,32,1,80420,38840.000000000,38842.000000000,38840.000000000,38841.000000000,34,YM
2024-06-10T13:30:32.000000000Z,32,1,80420,38841.000000000,38841.000000000,38831.000000000,38833.000000000,90,YM
2024-06-10T13:30:33.000000000Z,32,1,80420,38834.000000000,38835.000000000,38834.000000000,38835.000000000,20,YM
2024-06-10T13:30:34.000000000Z,32,1,80420,38834.000000000,38836.000000000,38833.000000000,38834.000000000,14,YM
2024-06-10T13:30:35.000000000Z,32,1,80420,38833.000000000,38840.000000000,38833.000000000,38838.000000000,47,YM
2024-06-10T13:30:36.000000000Z,32,1,80420,38837.000000000,38839.000000000,38833.000000000,38839.000000000,27,YM
2024-06-10T13:30:37.000000000Z,32,1,80420,38838.000000000,38839.000000000,38837.000000000,38837.000000000,12,YM
2024-06-10T13:30:38.000000000Z,32,1,80420,38836.000000000,38836.000000000,38834.000000000,38835.000000000,15,YM
2024-06-10T13:30:39.000000000Z,32,1,80420,38835.000000000,38836.000000000,38833.000000000,38833.000000000,14,YM
2024-06-10T13:30:40.000000000Z,32,1,80420,38834.000000000,38835.000000000,38827.000000000,38829.000000000,48,YM
2024-06-10T13:30:41.000000000Z,32,1,80420,38828.000000000,38836.000000000,38828.000000000,38836.000000000,35,YM
2024-06-10T13:30:42.000000000Z,32,1,80420,38837.000000000,38838.000000000,38836.000000000,38838.000000000,9,YM
2024-06-10T13:30:43.000000000Z,32,1,80420,38840.000000000,38844.000000000,38840.000000000,38843.000000000,49,YM
2024-06-10T13:30:44.000000000Z,32,1,80420,38843.000000000,38843.000000000,38838.000000000,38842.000000000,31,YM
2024-06-10T13:30:45.000000000Z,32,1,80420,38839.000000000,38839.000000000,38836.000000000,38837.000000000,30,YM
2024-06-10T13:30:46.000000000Z,32,1,80420,38843.000000000,38845.000000000,38843.000000000,38845.000000000,64,YM
2024-06-10T13:30:47.000000000Z,32,1,80420,38845.000000000,38849.000000000,38845.000000000,38846.000000000,27,YM
2024-06-10T13:30:48.000000000Z,32,1,80420,38845.000000000,38845.000000000,38842.000000000,38842.000000000,22,YM
2024-06-10T13:30:49.000000000Z,32,1,80420,38843.000000000,38845.000000000,38840.000000000,38843.000000000,35,YM
2024-06-10T13:30:50.000000000Z,32,1,80420,38845.000000000,38845.000000000,38843.000000000,38843.000000000,14,YM
2024-06-10T13:30:51.000000000Z,32,1,80420,38843.000000000,38844.000000000,38843.000000000,38844.000000000,7,YM
2024-06-10T13:30:52.000000000Z,32,1,80420,38844.000000000,38853.000000000,38844.000000000,38852.000000000,56,YM
2024-06-10T13:30:53.000000000Z,32,1,80420,38852.000000000,38854.000000000,38851.000000000,38851.000000000,22,YM
2024-06-10T13:30:54.000000000Z,32,1,80420,38851.000000000,38851.000000000,38849.000000000,38850.000000000,7,YM
2024-06-10T13:30:55.000000000Z,32,1,80420,38851.000000000,38853.000000000,38849.000000000,38851.000000000,15,YM
2024-06-10T13:30:56.000000000Z,32,1,80420,38851.000000000,38854.000000000,38851.000000000,38854.000000000,16,YM
2024-06-10T13:30:57.000000000Z,32,1,80420,38854.000000000,38854.000000000,38853.000000000,38854.000000000,10,YM
2024-06-10T13:30:58.000000000Z,32,1,80420,38854.000000000,38854.000000000,38852.000000000,38852.000000000,12,YM
2024-06-10T13:30:59.000000000Z,32,1,80420,38851.000000000,38851.000000000,38837.000000000,38838.000000000,147,YM
2024-06-10T13:31:00.000000000Z,32,1,80420,38838.000000000,38841.000000000,38833.000000000,38841.000000000,96,YM
2024-06-10T13:31:01.000000000Z,32,1,80420,38840.000000000,38842.000000000,38836.000000000,38838.000000000,27,YM
2024-06-10T13:31:02.000000000Z,32,1,80420,38837.000000000,38839.000000000,38837.000000000,38839.000000000,21,YM
2024-06-10T13:31:03.000000000Z,32,1,80420,38837.000000000,38838.000000000,38834.000000000,38834.000000000,25,YM
2024-06-10T13:31:04.000000000Z,32,1,80420,38834.000000000,38837.000000000,38834.000000000,38835.000000000,20,YM
2024-06-10T13:31:05.000000000Z,32,1,80420,38836.000000000,38838.000000000,38834.000000000,38837.000000000,24,YM
2024-06-10T13:31:06.000000000Z,32,1,80420,38836.000000000,38841.000000000,38833.000000000,38838.000000000,31,YM
2024-06-10T13:31:07.000000000Z,32,1,80420,38837.000000000,38837.000000000,38834.000000000,38835.000000000,18,YM
2024-06-10T13:31:08.000000000Z,32,1,80420,38835.000000000,38835.000000000,38834.000000000,38835.000000000,17,YM
2024-06-10T13:31:09.000000000Z,32,1,80420,38833.000000000,38834.000000000,38828.000000000,38828.000000000,20,YM
2024-06-10T13:31:10.000000000Z,32,1,80420,38828.000000000,38828.000000000,38821.000000000,38826.000000000,52,YM
2024-06-10T13:31:11.000000000Z,32,1,80420,38827.000000000,38829.000000000,38823.000000000,38825.000000000,35,YM
2024-06-10T13:31:12.000000000Z,32,1,80420,38826.000000000,38826.000000000,38823.000000000,38824.000000000,13,YM
2024-06-10T13:31:13.000000000Z,32,1,80420,38822.000000000,38824.000000000,38821.000000000,38824.000000000,21,YM
2024-06-10T13:31:14.000000000Z,32,1,80420,38824.000000000,38826.000000000,38824.000000000,38826.000000000,8,YM
2024-06-10T13:31:15.000000000Z,32,1,80420,38824.000000000,38825.000000000,38822.000000000,38824.000000000,17,YM
2024-06-10T13:31:16.000000000Z,32,1,80420,38823.000000000,38826.000000000,38822.000000000,38822.000000000,33,YM
2024-06-10T13:31:17.000000000Z,32,1,80420,38822.000000000,38830.000000000,38822.000000000,38828.000000000,23,YM
2024-06-10T13:31:18.000000000Z,32,1,80420,38828.000000000,38832.000000000,38828.000000000,38832.000000000,8,YM
2024-06-10T13:31:19.000000000Z,32,1,80420,38832.000000000,38834.000000000,38832.000000000,38833.000000000,30,YM
2024-06-10T13:31:20.000000000Z,32,1,80420,38833.000000000,38844.000000000,38833.000000000,38842.000000000,69,YM
2024-06-10T13:31:21.000000000Z,32,1,80420,38841.000000000,38843.000000000,38840.000000000,38840.000000000,31,YM
2024-06-10T13:31:22.000000000Z,32,1,80420,38840.000000000,38840.000000000,38839.000000000,38840.000000000,7,YM
2024-06-10T13:31:23.000000000Z,32,1,80420,38840.000000000,38841.000000000,38839.000000000,38839.000000000,12,YM
2024-06-10T13:31:24.000000000Z,32,1,80420,38840.000000000,38840.000000000,38839.000000000,38839.000000000,7,YM
2024-06-10T13:31:25.000000000Z,32,1,80420,38838.000000000,38838.000000000,38834.000000000,38835.000000000,21,YM
2024-06-10T13:31:26.000000000Z,32,1,80420,38836.000000000,38836.000000000,38835.000000000,38835.000000000,6,YM
2024-06-10T13:31:27.000000000Z,32,1,80420,38836.000000000,38840.000000000,38832.000000000,38832.000000000,33,YM
2024-06-10T13:31:28.000000000Z,32,1,80420,38834.000000000,38834.000000000,38831.000000000,38831.000000000,16,YM
2024-06-10T13:31:29.000000000Z,32,1,80420,38830.000000000,38831.000000000,38829.000000000,38831.000000000,12,YM
2024-06-10T13:31:30.000000000Z,32,1,80420,38831.000000000,38836.000000000,38831.000000000,38835.000000000,40,YM
2024-06-10T13:31:31.000000000Z,32,1,80420,38837.000000000,38838.000000000,38833.000000000,38833.000000000,22,YM
2024-06-10T13:31:32.000000000Z,32,1,80420,38834.000000000,38834.000000000,38832.000000000,38832.000000000,20,YM
2024-06-10T13:31:33.000000000Z,32,1,80420,38831.000000000,38833.000000000,38831.000000000,38833.000000000,3,YM
2024-06-10T13:31:34.000000000Z,32,1,80420,38834.000000000,38838.000000000,38834.000000000,38838.000000000,8,YM
2024-06-10T13:31:35.000000000Z,32,1,80420,38837.000000000,38839.000000000,38836.000000000,38839.000000000,19,YM
2024-06-10T13:31:36.000000000Z,32,1,80420,38839.000000000,38843.000000000,38836.000000000,38839.000000000,61,YM
2024-06-10T13:31:37.000000000Z,32,1,80420,38839.000000000,38841.000000000,38839.000000000,38840.000000000,18,YM
2024-06-10T13:31:38.000000000Z,32,1,80420,38841.000000000,38841.000000000,38839.000000000,38839.000000000,9,YM
2024-06-10T13:31:39.000000000Z,32,1,80420,38839.000000000,38839.000000000,38837.000000000,38838.000000000,20,YM
2024-06-10T13:31:40.000000000Z,32,1,80420,38838.000000000,38839.000000000,38838.000000000,38839.000000000,12,YM
2024-06-10T13:31:41.000000000Z,32,1,80420,38840.000000000,38841.000000000,38840.000000000,38841.000000000,12,YM
2024-06-10T13:31:42.000000000Z,32,1,80420,38840.000000000,38842.000000000,38840.000000000,38842.000000000,15,YM
2024-06-10T13:31:43.000000000Z,32,1,80420,38841.000000000,38841.000000000,38838.000000000,38838.000000000,12,YM
2024-06-10T13:31:44.000000000Z,32,1,80420,38838.000000000,38838.000000000,38837.000000000,38837.000000000,5,YM
2024-06-10T13:31:45.000000000Z,32,1,80420,38838.000000000,38838.000000000,38826.000000000,38829.000000000,119,YM
2024-06-10T13:31:46.000000000Z,32,1,80420,38831.000000000,38832.000000000,38827.000000000,38827.000000000,21,YM
2024-06-10T13:31:47.000000000Z,32,1,80420,38828.000000000,38828.000000000,38820.000000000,38821.000000000,25,YM
2024-06-10T13:31:48.000000000Z,32,1,80420,38821.000000000,38823.000000000,38821.000000000,38823.000000000,5,YM
2024-06-10T13:31:49.000000000Z,32,1,80420,38824.000000000,38826.000000000,38824.000000000,38826.000000000,5,YM
2024-06-10T13:31:50.000000000Z,32,1,80420,38827.000000000,38828.000000000,38827.000000000,38827.000000000,8,YM
2024-06-10T13:31:51.000000000Z,32,1,80420,38824.000000000,38824.000000000,38820.000000000,38820.000000000,7,YM
2024-06-10T13:31:52.000000000Z,32,1,80420,38820.000000000,38822.000000000,38818.000000000,38822.000000000,6,YM
2024-06-10T13:31:53.000000000Z,32,1,80420,38822.000000000,38824.000000000,38822.000000000,38824.000000000,6,YM
2024-06-10T13:31:54.000000000Z,32,1,80420,38824.000000000,38825.000000000,38823.000000000,38823.000000000,4,YM
2024-06-10T13:31:55.000000000Z,32,1,80420,38824.000000000,38824.000000000,38821.000000000,38824.000000000,14,YM
2024-06-10T13:31:56.000000000Z,32,1,80420,38824.000000000,38824.000000000,38824.000000000,38824.000000000,3,YM
2024-06-10T13:31:57.000000000Z,32,1,80420,38822.000000000,38823.000000000,38821.000000000,38823.000000000,12,YM
2024-06-10T13:31:58.000000000Z,32,1,80420,38822.000000000,38822.000000000,38819.000000000,38819.000000000,6,YM
2024-06-10T13:31:59.000000000Z,32,1,80420,38820.000000000,38823.000000000,38820.000000000,38822.000000000,13,YM
2024-06-10T13:32:00.000000000Z,32,1,80420,38823.000000000,38824.000000000,38812.000000000,38812.000000000,32,YM
2024-06-10T13:32:01.000000000Z,32,1,80420,38813.000000000,38820.000000000,38809.000000000,38820.000000000,46,YM
2024-06-10T13:32:02.000000000Z,32,1,80420,38819.000000000,38822.000000000,38818.000000000,38818.000000000,35,YM
2024-06-10T13:32:03.000000000Z,32,1,80420,38817.000000000,38818.000000000,38811.000000000,38811.000000000,22,YM
2024-06-10T13:32:04.000000000Z,32,1,80420,38813.000000000,38816.000000000,38808.000000000,38808.000000000,27,YM
2024-06-10T13:32:05.000000000Z,32,1,80420,38807.000000000,38807.000000000,38804.000000000,38804.000000000,9,YM
2024-06-10T13:32:06.000000000Z,32,1,80420,38804.000000000,38806.000000000,38804.000000000,38806.000000000,14,YM
2024-06-10T13:32:07.000000000Z,32,1,80420,38807.000000000,38807.000000000,38803.000000000,38807.000000000,22,YM
2024-06-10T13:32:08.000000000Z,32,1,80420,38807.000000000,38808.000000000,38806.000000000,38806.000000000,7,YM
2024-06-10T13:32:09.000000000Z,32,1,80420,38809.000000000,38810.000000000,38805.000000000,38806.000000000,42,YM
2024-06-10T13:32:10.000000000Z,32,1,80420,38804.000000000,38805.000000000,38803.000000000,38803.000000000,21,YM
2024-06-10T13:32:11.000000000Z,32,1,80420,38804.000000000,38806.000000000,38804.000000000,38806.000000000,11,YM
2024-06-10T13:32:12.000000000Z,32,1,80420,38808.000000000,38808.000000000,38803.000000000,38803.000000000,7,YM
2024-06-10T13:32:13.000000000Z,32,1,80420,38803.000000000,38805.000000000,38801.000000000,38802.000000000,14,YM
2024-06-10T13:32:14.000000000Z,32,1,80420,38801.000000000,38801.000000000,38796.000000000,38796.000000000,20,YM
2024-06-10T13:32:15.000000000Z,32,1,80420,38796.000000000,38797.000000000,38789.000000000,38790.000000000,73,YM
2024-06-10T13:32:16.000000000Z,32,1,80420,38789.000000000,38790.000000000,38788.000000000,38790.000000000,14,YM
2024-06-10T13:32:17.000000000Z,32,1,80420,38789.000000000,38790.000000000,38780.000000000,38781.000000000,46,YM
2024-06-10T13:32:18.000000000Z,32,1,80420,38782.000000000,38784.000000000,38781.000000000,38782.000000000,12,YM
2024-06-10T13:32:19.000000000Z,32,1,80420,38782.000000000,38782.000000000,38777.000000000,38777.000000000,25,YM
2024-06-10T13:32:20.000000000Z,32,1,80420,38779.000000000,38779.000000000,38773.000000000,38773.000000000,33,YM
2024-06-10T13:32:21.000000000Z,32,1,80420,38775.000000000,38777.000000000,38775.000000000,38777.000000000,7,YM
2024-06-10T13:32:22.000000000Z,32,1,80420,38778.000000000,38778.000000000,38776.000000000,38776.000000000,15,YM
2024-06-10T13:32:23.000000000Z,32,1,80420,38777.000000000,38777.000000000,38772.000000000,38772.000000000,17,YM
2024-06-10T13:32:24.000000000Z,32,1,80420,38771.000000000,38771.000000000,38768.000000000,38769.000000000,20,YM
2024-06-10T13:32:25.000000000Z,32,1,80420,38769.000000000,38772.000000000,38767.000000000,38770.000000000,37,YM
2024-06-10T13:32:26.000000000Z,32,1,80420,38768.000000000,38770.000000000,38767.000000000,38770.000000000,9,YM
2024-06-10T13:32:27.000000000Z,32,1,80420,38770.000000000,38770.000000000,38765.000000000,38766.000000000,77,YM
2024-06-10T13:32:28.000000000Z,32,1,80420,38766.000000000,38766.000000000,38759.000000000,38762.000000000,143,YM
2024-06-10T13:32:29.000000000Z,32,1,80420,38763.000000000,38764.000000000,38762.000000000,38764.000000000,20,YM
2024-06-10T13:32:30.000000000Z,32,1,80420,38763.000000000,38764.000000000,38760.000000000,38762.000000000,27,YM
2024-06-10T13:32:31.000000000Z,32,1,80420,38764.000000000,38764.000000000,38758.000000000,38761.000000000,32,YM
2024-06-10T13:32:32.000000000Z,32,1,80420,38762.000000000,38765.000000000,38761.000000000,38765.000000000,22,YM
2024-06-10T13:32:33.000000000Z,32,1,80420,38766.000000000,38769.000000000,38766.000000000,38769.000000000,32,YM
2024-06-10T13:32:34.000000000Z,32,1,80420,38768.000000000,38774.000000000,38767.000000000,38774.000000000,41,YM
2024-06-10T13:32:35.000000000Z,32,1,80420,38774.000000000,38774.000000000,38770.000000000,38771.000000000,12,YM
2024-06-10T13:32:36.000000000Z,32,1,80420,38771.000000000,38771.000000000,38769.000000000,38770.000000000,14,YM
2024-06-10T13:32:37.000000000Z,32,1,80420,38770.000000000,38778.000000000,38770.000000000,38778.000000000,31,YM
2024-06-10T13:32:38.000000000Z,32,1,80420,38778.000000000,38780.000000000,38775.000000000,38780.000000000,23,YM
2024-06-10T13:32:39.000000000Z,32,1,80420,38779.000000000,38780.000000000,38777.000000000,38780.000000000,14,YM
2024-06-10T13:32:40.000000000Z,32,1,80420,38779.000000000,38779.000000000,38766.000000000,38767.000000000,41,YM
2024-06-10T13:32:41.000000000Z,32,1,80420,38766.000000000,38766.000000000,38761.000000000,38763.000000000,31,YM
2024-06-10T13:32:42.000000000Z,32,1,80420,38765.000000000,38768.000000000,38765.000000000,38767.000000000,13,YM
2024-06-10T13:32:43.000000000Z,32,1,80420,38767.000000000,38768.000000000,38766.000000000,38766.000000000,7,YM
2024-06-10T13:32:44.000000000Z,32,1,80420,38766.000000000,38769.000000000,38763.000000000,38767.000000000,23,YM
2024-06-10T13:32:45.000000000Z,32,1,80420,38767.000000000,38767.000000000,38766.000000000,38767.000000000,10,YM
2024-06-10T13:32:46.000000000Z,32,1,80420,38768.000000000,38771.000000000,38768.000000000,38771.000000000,10,YM
2024-06-10T13:32:47.000000000Z,32,1,80420,38771.000000000,38773.000000000,38771.000000000,38773.000000000,9,YM
2024-06-10T13:32:48.000000000Z,32,1,80420,38772.000000000,38772.000000000,38769.000000000,38770.000000000,8,YM
2024-06-10T13:32:49.000000000Z,32,1,80420,38774.000000000,38775.000000000,38774.000000000,38775.000000000,6,YM
2024-06-10T13:32:50.000000000Z,32,1,80420,38775.000000000,38776.000000000,38775.000000000,38776.000000000,10,YM
2024-06-10T13:32:51.000000000Z,32,1,80420,38775.000000000,38775.000000000,38771.000000000,38771.000000000,3,YM
2024-06-10T13:32:52.000000000Z,32,1,80420,38772.000000000,38775.000000000,38772.000000000,38774.000000000,8,YM
2024-06-10T13:32:53.000000000Z,32,1,80420,38774.000000000,38774.000000000,38771.000000000,38772.000000000,5,YM
2024-06-10T13:32:54.000000000Z,32,1,80420,38772.000000000,38773.000000000,38771.000000000,38773.000000000,5,YM
2024-06-10T13:32:55.000000000Z,32,1,80420,38773.000000000,38773.000000000,38773.000000000,38773.000000000,5,YM
2024-06-10T13:32:56.000000000Z,32,1,80420,38772.000000000,38772.000000000,38768.000000000,38768.000000000,7,YM
2024-06-10T13:32:57.000000000Z,32,1,80420,38768.000000000,38768.000000000,38765.000000000,38766.000000000,8,YM
2024-06-10T13:32:58.000000000Z,32,1,80420,38768.000000000,38768.000000000,38768.000000000,38768.000000000,2,YM
2024-06-10T13:32:59.000000000Z,32,1,80420,38767.000000000,38767.000000000,38764.000000000,38764.000000000,9,YM
2024-06-10T13:33:00.000000000Z,32,1,80420,38767.000000000,38774.000000000,38766.000000000,38774.000000000,19,YM
2024-06-10T13:33:01.000000000Z,32,1,80420,38772.000000000,38772.000000000,38767.000000000,38770.000000000,28,YM
2024-06-10T13:33:02.000000000Z,32,1,80420,38770.000000000,38778.000000000,38770.000000000,38775.000000000,42,YM
2024-06-10T13:33:03.000000000Z,32,1,80420,38775.000000000,38775.000000000,38772.000000000,38772.000000000,3,YM
2024-06-10T13:33:04.000000000Z,32,1,80420,38772.000000000,38772.000000000,38769.000000000,38769.000000000,18,YM
2024-06-10T13:33:05.000000000Z,32,1,80420,38769.000000000,38769.000000000,38764.000000000,38766.000000000,50,YM
2024-06-10T13:33:06.000000000Z,32,1,80420,38766.000000000,38766.000000000,38765.000000000,38765.000000000,2,YM
2024-06-10T13:33:07.000000000Z,32,1,80420,38768.000000000,38769.000000000,38766.000000000,38766.000000000,17,YM
2024-06-10T13:33:08.000000000Z,32,1,80420,38766.000000000,38768.000000000,38766.000000000,38768.000000000,5,YM
2024-06-10T13:33:09.000000000Z,32,1,80420,38768.000000000,38774.000000000,38768.000000000,38774.000000000,24,YM
2024-06-10T13:33:10.000000000Z,32,1,80420,38773.000000000,38775.000000000,38773.000000000,38774.000000000,12,YM
2024-06-10T13:33:11.000000000Z,32,1,80420,38773.000000000,38774.000000000,38771.000000000,38771.000000000,16,YM
2024-06-10T13:33:12.000000000Z,32,1,80420,38769.000000000,38771.000000000,38769.000000000,38770.000000000,16,YM
2024-06-10T13:33:13.000000000Z,32,1,80420,38767.000000000,38773.000000000,38767.000000000,38771.000000000,14,YM
2024-06-10T13:33:14.000000000Z,32,1,80420,38771.000000000,38772.000000000,38768.000000000,38772.000000000,6,YM
2024-06-10T13:33:15.000000000Z,32,1,80420,38772.000000000,38772.000000000,38768.000000000,38769.000000000,20,YM
2024-06-10T13:33:16.000000000Z,32,1,80420,38771.000000000,38773.000000000,38771.000000000,38772.000000000,11,YM
2024-06-10T13:33:17.000000000Z,32,1,80420,38770.000000000,38770.000000000,38764.000000000,38764.000000000,21,YM
2024-06-10T13:33:18.000000000Z,32,1,80420,38764.000000000,38764.000000000,38763.000000000,38764.000000000,17,YM
2024-06-10T13:33:19.000000000Z,32,1,80420,38763.000000000,38764.000000000,38754.000000000,38754.000000000,41,YM
2024-06-10T13:33:20.000000000Z,32,1,80420,38755.000000000,38755.000000000,38751.000000000,38751.000000000,41,YM
2024-06-10T13:33:21.000000000Z,32,1,80420,38751.000000000,38758.000000000,38751.000000000,38758.000000000,17,YM
2024-06-10T13:33:22.000000000Z,32,1,80420,38757.000000000,38757.000000000,38754.000000000,38757.000000000,19,YM
2024-06-10T13:33:23.000000000Z,32,1,80420,38757.000000000,38761.000000000,38757.000000000,38761.000000000,17,YM
2024-06-10T13:33:24.000000000Z,32,1,80420,38761.000000000,38764.000000000,38761.000000000,38761.000000000,21,YM
2024-06-10T13:33:25.000000000Z,32,1,80420,38762.000000000,38764.000000000,38761.000000000,38763.000000000,10,YM
2024-06-10T13:33:26.000000000Z,32,1,80420,38761.000000000,38763.000000000,38761.000000000,38761.000000000,13,YM
2024-06-10T13:33:27.000000000Z,32,1,80420,38762.000000000,38764.000000000,38762.000000000,38764.000000000,7,YM
2024-06-10T13:33:28.000000000Z,32,1,80420,38763.000000000,38764.000000000,38762.000000000,38764.000000000,9,YM
2024-06-10T13:33:29.000000000Z,32,1,80420,38764.000000000,38766.000000000,38763.000000000,38766.000000000,9,YM
2024-06-10T13:33:30.000000000Z,32,1,80420,38767.000000000,38774.000000000,38767.000000000,38769.000000000,40,YM
2024-06-10T13:33:31.000000000Z,32,1,80420,38771.000000000,38771.000000000,38769.000000000,38771.000000000,6,YM
2024-06-10T13:33:32.000000000Z,32,1,80420,38770.000000000,38772.000000000,38770.000000000,38772.000000000,11,YM
2024-06-10T13:33:33.000000000Z,32,1,80420,38774.000000000,38779.000000000,38774.000000000,38779.000000000,11,YM
2024-06-10T13:33:34.000000000Z,32,1,80420,38778.000000000,38778.000000000,38775.000000000,38776.000000000,5,YM
2024-06-10T13:33:35.000000000Z,32,1,80420,38776.000000000,38776.000000000,38773.000000000,38776.000000000,10,YM
2024-06-10T13:33:36.000000000Z,32,1,80420,38772.000000000,38772.000000000,38769.000000000,38769.000000000,4,YM
2024-06-10T13:33:37.000000000Z,32,1,80420,38770.000000000,38771.000000000,38768.000000000,38771.000000000,17,YM
2024-06-10T13:33:38.000000000Z,32,1,80420,38770.000000000,38771.000000000,38770.000000000,38771.000000000,5,YM
2024-06-10T13:33:39.000000000Z,32,1,80420,38771.000000000,38771.000000000,38770.000000000,38771.000000000,7,YM
2024-06-10T13:33:40.000000000Z,32,1,80420,38773.000000000,38773.000000000,38770.000000000,38770.000000000,6,YM
2024-06-10T13:33:41.000000000Z,32,1,80420,38770.000000000,38770.000000000,38767.000000000,38767.000000000,7,YM
2024-06-10T13:33:42.000000000Z,32,1,80420,38765.000000000,38766.000000000,38765.000000000,38765.000000000,3,YM
2024-06-10T13:33:43.000000000Z,32,1,80420,38766.000000000,38773.000000000,38766.000000000,38773.000000000,19,YM
2024-06-10T13:33:44.000000000Z,32,1,80420,38775.000000000,38775.000000000,38774.000000000,38774.000000000,5,YM
2024-06-10T13:33:45.000000000Z,32,1,80420,38776.000000000,38778.000000000,38776.000000000,38778.000000000,4,YM
2024-06-10T13:33:46.000000000Z,32,1,80420,38778.000000000,38778.000000000,38778.000000000,38778.000000000,2,YM
2024-06-10T13:33:47.000000000Z,32,1,80420,38778.000000000,38779.000000000,38778.000000000,38778.000000000,5,YM
2024-06-10T13:33:48.000000000Z,32,1,80420,38776.000000000,38776.000000000,38773.000000000,38773.000000000,17,YM
2024-06-10T13:33:49.000000000Z,32,1,80420,38773.000000000,38773.000000000,38770.000000000,38770.000000000,14,YM
2024-06-10T13:33:50.000000000Z,32,1,80420,38771.000000000,38771.000000000,38771.000000000,38771.000000000,6,YM
2024-06-10T13:33:51.000000000Z,32,1,80420,38772.000000000,38774.000000000,38772.000000000,38774.000000000,5,YM
2024-06-10T13:33:52.000000000Z,32,1,80420,38775.000000000,38777.000000000,38774.000000000,38775.000000000,5,YM
2024-06-10T13:33:53.000000000Z,32,1,80420,38774.000000000,38774.000000000,38774.000000000,38774.000000000,2,YM
2024-06-10T13:33:54.000000000Z,32,1,80420,38773.000000000,38773.000000000,38772.000000000,38772.000000000,4,YM
2024-06-10T13:33:55.000000000Z,32,1,80420,38770.000000000,38770.000000000,38762.000000000,38762.000000000,22,YM
2024-06-10T13:33:56.000000000Z,32,1,80420,38761.000000000,38765.000000000,38760.000000000,38765.000000000,21,YM
2024-06-10T13:33:57.000000000Z,32,1,80420,38766.000000000,38772.000000000,38766.000000000,38772.000000000,9,YM
2024-06-10T13:33:58.000000000Z,32,1,80420,38773.000000000,38774.000000000,38772.000000000,38774.000000000,13,YM
2024-06-10T13:33:59.000000000Z,32,1,80420,38772.000000000,38772.000000000,38772.000000000,38772.000000000,3,YM
2024-06-10T13:34:00.000000000Z,32,1,80420,38774.000000000,38778.000000000,38774.000000000,38778.000000000,14,YM
2024-06-10T13:34:01.000000000Z,32,1,80420,38779.000000000,38785.000000000,38779.000000000,38784.000000000,27,YM
2024-06-10T13:34:02.000000000Z,32,1,80420,38783.000000000,38785.000000000,38783.000000000,38783.000000000,13,YM
2024-06-10T13:34:03.000000000Z,32,1,80420,38782.000000000,38785.000000000,38781.000000000,38782.000000000,25,YM
2024-06-10T13:34:04.000000000Z,32,1,80420,38780.000000000,38780.000000000,38778.000000000,38778.000000000,4,YM
2024-06-10T13:34:05.000000000Z,32,1,80420,38780.000000000,38784.000000000,38780.000000000,38784.000000000,10,YM
2024-06-10T13:34:06.000000000Z,32,1,80420,38785.000000000,38787.000000000,38784.000000000,38785.000000000,16,YM
2024-06-10T13:34:07.000000000Z,32,1,80420,38784.000000000,38784.000000000,38777.000000000,38778.000000000,13,YM
2024-06-10T13:34:08.000000000Z,32,1,80420,38777.000000000,38780.000000000,38777.000000000,38777.000000000,14,YM
2024-06-10T13:34:09.000000000Z,32,1,80420,38779.000000000,38779.000000000,38778.000000000,38779.000000000,5,YM
2024-06-10T13:34:10.000000000Z,32,1,80420,38781.000000000,38784.000000000,38781.000000000,38784.000000000,7,YM
2024-06-10T13:34:11.000000000Z,32,1,80420,38784.000000000,38785.000000000,38782.000000000,38785.000000000,16,YM
2024-06-10T13:34:12.000000000Z,32,1,80420,38786.000000000,38786.000000000,38785.000000000,38785.000000000,2,YM
2024-06-10T13:34:13.000000000Z,32,1,80420,38785.000000000,38787.000000000,38785.000000000,38787.000000000,4,YM
2024-06-10T13:34:14.000000000Z,32,1,80420,38787.000000000,38787.000000000,38784.000000000,38784.000000000,7,YM
2024-06-10T13:34:15.000000000Z,32,1,80420,38783.000000000,38784.000000000,38782.000000000,38782.000000000,9,YM
2024-06-10T13:34:16.000000000Z,32,1,80420,38781.000000000,38782.000000000,38781.000000000,38782.000000000,9,YM
2024-06-10T13:34:17.000000000Z,32,1,80420,38781.000000000,38781.000000000,38778.000000000,38778.000000000,6,YM
2024-06-10T13:34:18.000000000Z,32,1,80420,38779.000000000,38779.000000000,38775.000000000,38775.000000000,8,YM
2024-06-10T13:34:19.000000000Z,32,1,80420,38775.000000000,38775.000000000,38767.000000000,38767.000000000,22,YM
2024-06-10T13:34:20.000000000Z,32,1,80420,38767.000000000,38768.000000000,38764.000000000,38764.000000000,19,YM
2024-06-10T13:34:21.000000000Z,32,1,80420,38763.000000000,38763.000000000,38755.000000000,38756.000000000,46,YM
2024-06-10T13:34:22.000000000Z,32,1,80420,38755.000000000,38756.000000000,38753.000000000,38753.000000000,23,YM
2024-06-10T13:34:23.000000000Z,32,1,80420,38754.000000000,38759.000000000,38752.000000000,38759.000000000,16,YM
2024-06-10T13:34:24.000000000Z,32,1,80420,38757.000000000,38757.000000000,38753.000000000,38754.000000000,10,YM
2024-06-10T13:34:25.000000000Z,32,1,80420,38754.000000000,38757.000000000,38754.000000000,38755.000000000,9,YM
2024-06-10T13:34:26.000000000Z,32,1,80420,38757.000000000,38760.000000000,38757.000000000,38757.000000000,15,YM
2024-06-10T13:34:27.000000000Z,32,1,80420,38753.000000000,38758.000000000,38753.000000000,38758.000000000,5,YM
2024-06-10T13:34:28.000000000Z,32,1,80420,38758.000000000,38761.000000000,38758.000000000,38761.000000000,20,YM
2024-06-10T13:34:29.000000000Z,32,1,80420,38760.000000000,38762.000000000,38760.000000000,38762.000000000,18,YM
2024-06-10T13:34:30.000000000Z,32,1,80420,38762.000000000,38762.000000000,38756.000000000,38758.000000000,22,YM
2024-06-10T13:34:31.000000000Z,32,1,80420,38758.000000000,38758.000000000,38756.000000000,38757.000000000,11,YM
2024-06-10T13:34:32.000000000Z,32,1,80420,38760.000000000,38762.000000000,38760.000000000,38762.000000000,5,YM
2024-06-10T13:34:33.000000000Z,32,1,80420,38762.000000000,38763.000000000,38762.000000000,38763.000000000,6,YM
2024-06-10T13:34:34.000000000Z,32,1,80420,38762.000000000,38763.000000000,38762.000000000,38762.000000000,8,YM
2024-06-10T13:34:35.000000000Z,32,1,80420,38764.000000000,38764.000000000,38763.000000000,38763.000000000,10,YM
2024-06-10T13:34:37.000000000Z,32,1,80420,38762.000000000,38765.000000000,38762.000000000,38762.000000000,8,YM
2024-06-10T13:34:38.000000000Z,32,1,80420,38761.000000000,38764.000000000,38761.000000000,38764.000000000,7,YM
2024-06-10T13:34:39.000000000Z,32,1,80420,38762.000000000,38763.000000000,38762.000000000,38763.000000000,6,YM
2024-06-10T13:34:40.000000000Z,32,1,80420,38762.000000000,38762.000000000,38762.000000000,38762.000000000,2,YM
2024-06-10T13:34:41.000000000Z,32,1,80420,38762.000000000,38764.000000000,38761.000000000,38762.000000000,12,YM
2024-06-10T13:34:42.000000000Z,32,1,80420,38762.000000000,38765.000000000,38762.000000000,38765.000000000,8,YM
2024-06-10T13:34:43.000000000Z,32,1,80420,38766.000000000,38766.000000000,38765.000000000,38765.000000000,7,YM
2024-06-10T13:34:44.000000000Z,32,1,80420,38765.000000000,38767.000000000,38765.000000000,38767.000000000,17,YM
2024-06-10T13:34:45.000000000Z,32,1,80420,38765.000000000,38765.000000000,38764.000000000,38765.000000000,7,YM
2024-06-10T13:34:46.000000000Z,32,1,80420,38764.000000000,38764.000000000,38764.000000000,38764.000000000,1,YM
2024-06-10T13:34:47.000000000Z,32,1,80420,38763.000000000,38763.000000000,38761.000000000,38761.000000000,15,YM
2024-06-10T13:34:48.000000000Z,32,1,80420,38763.000000000,38764.000000000,38763.000000000,38764.000000000,2,YM
2024-06-10T13:34:49.000000000Z,32,1,80420,38762.000000000,38762.000000000,38760.000000000,38760.000000000,5,YM
2024-06-10T13:34:50.000000000Z,32,1,80420,38757.000000000,38760.000000000,38757.000000000,38759.000000000,6,YM
2024-06-10T13:34:51.000000000Z,32,1,80420,38759.000000000,38760.000000000,38759.000000000,38759.000000000,7,YM
2024-06-10T13:34:52.000000000Z,32,1,80420,38761.000000000,38761.000000000,38760.000000000,38760.000000000,3,YM
2024-06-10T13:34:53.000000000Z,32,1,80420,38762.000000000,38768.000000000,38762.000000000,38768.000000000,22,YM
2024-06-10T13:34:54.000000000Z,32,1,80420,38767.000000000,38769.000000000,38767.000000000,38768.000000000,5,YM
2024-06-10T13:34:55.000000000Z,32,1,80420,38764.000000000,38764.000000000,38763.000000000,38764.000000000,6,YM
2024-06-10T13:34:56.000000000Z,32,1,80420,38762.000000000,38762.000000000,38762.000000000,38762.000000000,1,YM
2024-06-10T13:34:57.000000000Z,32,1,80420,38762.000000000,38762.000000000,38761.000000000,38762.000000000,4,YM
2024-06-10T13:34:58.000000000Z,32,1,80420,38761.000000000,38762.000000000,38761.000000000,38762.000000000,3,YM
2024-06-10T13:34:59.000000000Z,32,1,80420,38763.000000000,38765.000000000,38763.000000000,38765.000000000,3,YM
2024-06-10T13:35:00.000000000Z,32,1,80420,38763.000000000,38764.000000000,38760.000000000,38761.000000000,32,YM
2024-06-10T13:35:01.000000000Z,32,1,80420,38760.000000000,38761.000000000,38756.000000000,38756.000000000,65,YM
2024-06-10T13:35:02.000000000Z,32,1,80420,38756.000000000,38756.000000000,38752.000000000,38756.000000000,35,YM
2024-06-10T13:35:03.000000000Z,32,1,80420,38756.000000000,38756.000000000,38753.000000000,38754.000000000,21,YM
2024-06-10T13:35:04.000000000Z,32,1,80420,38754.000000000,38755.000000000,38754.000000000,38754.000000000,17,YM
2024-06-10T13:35:05.000000000Z,32,1,80420,38756.000000000,38757.000000000,38756.000000000,38757.000000000,16,YM
2024-06-10T13:35:06.000000000Z,32,1,80420,38756.000000000,38757.000000000,38750.000000000,38751.000000000,27,YM
2024-06-10T13:35:07.000000000Z,32,1,80420,38752.000000000,38752.000000000,38743.000000000,38745.000000000,53,YM
2024-06-10T13:35:08.000000000Z,32,1,80420,38744.000000000,38744.000000000,38739.000000000,38740.000000000,32,YM
2024-06-10T13:35:09.000000000Z,32,1,80420,38740.000000000,38741.000000000,38737.000000000,38737.000000000,29,YM
2024-06-10T13:35:10.000000000Z,32,1,80420,38738.000000000,38739.000000000,38736.000000000,38739.000000000,32,YM
2024-06-10T13:35:11.000000000Z,32,1,80420,38738.000000000,38741.000000000,38738.000000000,38740.000000000,20,YM
2024-06-10T13:35:12.000000000Z,32,1,80420,38739.000000000,38739.000000000,38736.000000000,38736.000000000,8,YM
2024-06-10T13:35:13.000000000Z,32,1,80420,38737.000000000,38738.000000000,38736.000000000,38738.000000000,9,YM
2024-06-10T13:35:14.000000000Z,32,1,80420,38739.000000000,38741.000000000,38737.000000000,38739.000000000,17,YM
2024-06-10T13:35:15.000000000Z,32,1,80420,38740.000000000,38741.000000000,38738.000000000,38741.000000000,14,YM
2024-06-10T13:35:16.000000000Z,32,1,80420,38740.000000000,38740.000000000,38740.000000000,38740.000000000,2,YM
2024-06-10T13:35:17.000000000Z,32,1,80420,38740.000000000,38741.000000000,38732.000000000,38732.000000000,20,YM
2024-06-10T13:35:18.000000000Z,32,1,80420,38735.000000000,38737.000000000,38735.000000000,38737.000000000,14,YM
2024-06-10T13:35:19.000000000Z,32,1,80420,38737.000000000,38737.000000000,38737.000000000,38737.000000000,1,YM
2024-06-10T13:35:20.000000000Z,32,1,80420,38739.000000000,38739.000000000,38738.000000000,38739.000000000,13,YM
2024-06-10T13:35:21.000000000Z,32,1,80420,38740.000000000,38740.000000000,38735.000000000,38736.000000000,8,YM
2024-06-10T13:35:22.000000000Z,32,1,80420,38736.000000000,38740.000000000,38736.000000000,38740.000000000,9,YM
2024-06-10T13:35:23.000000000Z,32,1,80420,38739.000000000,38743.000000000,38739.000000000,38743.000000000,32,YM
2024-06-10T13:35:24.000000000Z,32,1,80420,38744.000000000,38746.000000000,38744.000000000,38745.000000000,18,YM
2024-06-10T13:35:25.000000000Z,32,1,80420,38745.000000000,38747.000000000,38745.000000000,38747.000000000,10,YM
2024-06-10T13:35:26.000000000Z,32,1,80420,38747.000000000,38749.000000000,38746.000000000,38747.000000000,22,YM
2024-06-10T13:35:27.000000000Z,32,1,80420,38746.000000000,38746.000000000,38743.000000000,38744.000000000,14,YM
2024-06-10T13:35:28.000000000Z,32,1,80420,38744.000000000,38744.000000000,38742.000000000,38743.000000000,27,YM
2024-06-10T13:35:29.000000000Z,32,1,80420,38744.000000000,38745.000000000,38744.000000000,38745.000000000,3,YM
2024-06-10T13:35:30.000000000Z,32,1,80420,38747.000000000,38748.000000000,38746.000000000,38746.000000000,10,YM
2024-06-10T13:35:31.000000000Z,32,1,80420,38746.000000000,38750.000000000,38746.000000000,38749.000000000,24,YM
2024-06-10T13:35:32.000000000Z,32,1,80420,38748.000000000,38748.000000000,38747.000000000,38747.000000000,4,YM
2024-06-10T13:35:33.000000000Z,32,1,80420,38744.000000000,38744.000000000,38742.000000000,38743.000000000,17,YM
2024-06-10T13:35:34.000000000Z,32,1,80420,38745.000000000,38748.000000000,38745.000000000,38748.000000000,4,YM
2024-06-10T13:35:35.000000000Z,32,1,80420,38750.000000000,38752.000000000,38750.000000000,38752.000000000,16,YM
2024-06-10T13:35:36.000000000Z,32,1,80420,38752.000000000,38753.000000000,38751.000000000,38753.000000000,11,YM
2024-06-10T13:35:37.000000000Z,32,1,80420,38751.000000000,38751.000000000,38748.000000000,38748.000000000,9,YM
2024-06-10T13:35:38.000000000Z,32,1,80420,38748.000000000,38748.000000000,38742.000000000,38743.000000000,8,YM
2024-06-10T13:35:39.000000000Z,32,1,80420,38744.000000000,38747.000000000,38744.000000000,38746.000000000,8,YM
2024-06-10T13:35:40.000000000Z,32,1,80420,38748.000000000,38748.000000000,38745.000000000,38745.000000000,4,YM
2024-06-10T13:35:41.000000000Z,32,1,80420,38745.000000000,38752.000000000,38745.000000000,38752.000000000,19,YM
2024-06-10T13:35:42.000000000Z,32,1,80420,38749.000000000,38750.000000000,38749.000000000,38750.000000000,3,YM
2024-06-10T13:35:43.000000000Z,32,1,80420,38751.000000000,38752.000000000,38751.000000000,38752.000000000,2,YM
2024-06-10T13:35:44.000000000Z,32,1,80420,38754.000000000,38756.000000000,38752.000000000,38756.000000000,11,YM
2024-06-10T13:35:45.000000000Z,32,1,80420,38756.000000000,38756.000000000,38753.000000000,38753.000000000,10,YM
2024-06-10T13:35:46.000000000Z,32,1,80420,38755.000000000,38756.000000000,38754.000000000,38756.000000000,7,YM
2024-06-10T13:35:47.000000000Z,32,1,80420,38757.000000000,38758.000000000,38757.000000000,38757.000000000,9,YM
2024-06-10T13:35:48.000000000Z,32,1,80420,38757.000000000,38758.000000000,38756.000000000,38756.000000000,8,YM
2024-06-10T13:35:49.000000000Z,32,1,80420,38758.000000000,38758.000000000,38758.000000000,38758.000000000,1,YM
2024-06-10T13:35:50.000000000Z,32,1,80420,38757.000000000,38757.000000000,38756.000000000,38756.000000000,7,YM
2024-06-10T13:35:51.000000000Z,32,1,80420,38756.000000000,38757.000000000,38756.000000000,38757.000000000,3,YM
2024-06-10T13:35:52.000000000Z,32,1,80420,38756.000000000,38758.000000000,38756.000000000,38758.000000000,17,YM
2024-06-10T13:35:53.000000000Z,32,1,80420,38757.000000000,38757.000000000,38756.000000000,38757.000000000,51,YM
2024-06-10T13:35:54.000000000Z,32,1,80420,38755.000000000,38757.000000000,38755.000000000,38755.000000000,10,YM
2024-06-10T13:35:55.000000000Z,32,1,80420,38756.000000000,38756.000000000,38752.000000000,38754.000000000,20,YM
2024-06-10T13:35:56.000000000Z,32,1,80420,38755.000000000,38761.000000000,38755.000000000,38756.000000000,41,YM
2024-06-10T13:35:57.000000000Z,32,1,80420,38755.000000000,38755.000000000,38753.000000000,38753.000000000,14,YM
2024-06-10T13:35:58.000000000Z,32,1,80420,38752.000000000,38753.000000000,38752.000000000,38752.000000000,8,YM
2024-06-10T13:35:59.000000000Z,32,1,80420,38752.000000000,38756.000000000,38752.000000000,38756.000000000,10,YM
2024-06-10T13:36:00.000000000Z,32,1,80420,38760.000000000,38764.000000000,38760.000000000,38761.000000000,86,YM
2024-06-10T13:36:01.000000000Z,32,1,80420,38761.000000000,38761.000000000,38757.000000000,38761.000000000,16,YM
2024-06-10T13:36:02.000000000Z,32,1,80420,38760.000000000,38770.000000000,38760.000000000,38770.000000000,29,YM
2024-06-10T13:36:03.000000000Z,32,1,80420,38769.000000000,38769.000000000,38764.000000000,38764.000000000,29,YM
2024-06-10T13:36:04.000000000Z,32,1,80420,38762.000000000,38765.000000000,38762.000000000,38763.000000000,9,YM
2024-06-10T13:36:05.000000000Z,32,1,80420,38761.000000000,38764.000000000,38761.000000000,38764.000000000,19,YM
2024-06-10T13:36:06.000000000Z,32,1,80420,38762.000000000,38765.000000000,38762.000000000,38765.000000000,8,YM
2024-06-10T13:36:07.000000000Z,32,1,80420,38763.000000000,38763.000000000,38757.000000000,38759.000000000,12,YM
2024-06-10T13:36:08.000000000Z,32,1,80420,38758.000000000,38760.000000000,38758.000000000,38760.000000000,10,YM
2024-06-10T13:36:09.000000000Z,32,1,80420,38760.000000000,38762.000000000,38760.000000000,38762.000000000,10,YM
2024-06-10T13:36:10.000000000Z,32,1,80420,38762.000000000,38764.000000000,38761.000000000,38761.000000000,12,YM
2024-06-10T13:36:11.000000000Z,32,1,80420,38761.000000000,38761.000000000,38759.000000000,38760.000000000,7,YM
2024-06-10T13:36:12.000000000Z,32,1,80420,38762.000000000,38764.000000000,38762.000000000,38763.000000000,15,YM
2024-06-10T13:36:13.000000000Z,32,1,80420,38763.000000000,38763.000000000,38762.000000000,38762.000000000,7,YM
2024-06-10T13:36:14.000000000Z,32,1,80420,38760.000000000,38767.000000000,38760.000000000,38767.000000000,20,YM
2024-06-10T13:36:15.000000000Z,32,1,80420,38769.000000000,38770.000000000,38768.000000000,38769.000000000,14,YM
2024-06-10T13:36:16.000000000Z,32,1,80420,38768.000000000,38768.000000000,38768.000000000,38768.000000000,1,YM
2024-06-10T13:36:17.000000000Z,32,1,80420,38767.000000000,38767.000000000,38767.000000000,38767.000000000,1,YM
2024-06-10T13:36:18.000000000Z,32,1,80420,38768.000000000,38773.000000000,38768.000000000,38772.000000000,23,YM
2024-06-10T13:36:19.000000000Z,32,1,80420,38771.000000000,38773.000000000,38769.000000000,38773.000000000,11,YM
2024-06-10T13:36:20.000000000Z,32,1,80420,38773.000000000,38774.000000000,38772.000000000,38772.000000000,11,YM
2024-06-10T13:36:21.000000000Z,32,1,80420,38770.000000000,38770.000000000,38763.000000000,38765.000000000,21,YM
2024-06-10T13:36:22.000000000Z,32,1,80420,38766.000000000,38767.000000000,38766.000000000,38767.000000000,12,YM
2024-06-10T13:36:23.000000000Z,32,1,80420,38768.000000000,38768.000000000,38765.000000000,38765.000000000,10,YM
2024-06-10T13:36:24.000000000Z,32,1,80420,38766.000000000,38770.000000000,38766.000000000,38769.000000000,5,YM
2024-06-10T13:36:25.000000000Z,32,1,80420,38770.000000000,38774.000000000,38770.000000000,38774.000000000,11,YM
2024-06-10T13:36:26.000000000Z,32,1,80420,38773.000000000,38773.000000000,38773.000000000,38773.000000000,2,YM
2024-06-10T13:36:27.000000000Z,32,1,80420,38773.000000000,38773.000000000,38773.000000000,38773.000000000,1,YM
2024-06-10T13:36:28.000000000Z,32,1,80420,38770.000000000,38771.000000000,38770.000000000,38770.000000000,6,YM
2024-06-10T13:36:29.000000000Z,32,1,80420,38770.000000000,38770.000000000,38768.000000000,38769.000000000,20,YM
2024-06-10T13:36:30.000000000Z,32,1,80420,38769.000000000,38770.000000000,38768.000000000,38768.000000000,11,YM
2024-06-10T13:36:31.000000000Z,32,1,80420,38769.000000000,38773.000000000,38769.000000000,38772.000000000,28,YM
2024-06-10T13:36:32.000000000Z,32,1,80420,38771.000000000,38772.000000000,38769.000000000,38770.000000000,22,YM
2024-06-10T13:36:33.000000000Z,32,1,80420,38769.000000000,38770.000000000,38768.000000000,38770.000000000,12,YM
2024-06-10T13:36:34.000000000Z,32,1,80420,38771.000000000,38771.000000000,38770.000000000,38770.000000000,6,YM
2024-06-10T13:36:35.000000000Z,32,1,80420,38770.000000000,38770.000000000,38767.000000000,38767.000000000,10,YM
2024-06-10T13:36:36.000000000Z,32,1,80420,38767.000000000,38767.000000000,38764.000000000,38764.000000000,3,YM
2024-06-10T13:36:37.000000000Z,32,1,80420,38766.000000000,38772.000000000,38765.000000000,38772.000000000,26,YM
2024-06-10T13:36:38.000000000Z,32,1,80420,38770.000000000,38770.000000000,38770.000000000,38770.000000000,2,YM
2024-06-10T13:36:39.000000000Z,32,1,80420,38772.000000000,38773.000000000,38772.000000000,38773.000000000,6,YM
2024-06-10T13:36:40.000000000Z,32,1,80420,38773.000000000,38774.000000000,38771.000000000,38771.000000000,8,YM
2024-06-10T13:36:41.000000000Z,32,1,80420,38771.000000000,38773.000000000,38771.000000000,38772.000000000,13,YM
2024-06-10T13:36:42.000000000Z,32,1,80420,38771.000000000,38771.000000000,38765.000000000,38765.000000000,13,YM
2024-06-10T13:36:43.000000000Z,32,1,80420,38767.000000000,38768.000000000,38766.000000000,38767.000000000,12,YM
2024-06-10T13:36:44.000000000Z,32,1,80420,38767.000000000,38772.000000000,38767.000000000,38772.000000000,11,YM
2024-06-10T13:36:45.000000000Z,32,1,80420,38772.000000000,38775.000000000,38772.000000000,38775.000000000,10,YM
2024-06-10T13:36:46.000000000Z,32,1,80420,38773.000000000,38773.000000000,38768.000000000,38768.000000000,15,YM
2024-06-10T13:36:47.000000000Z,32,1,80420,38770.000000000,38776.000000000,38770.000000000,38776.000000000,10,YM
2024-06-10T13:36:48.000000000Z,32,1,80420,38775.000000000,38776.000000000,38775.000000000,38776.000000000,13,YM
2024-06-10T13:36:49.000000000Z,32,1,80420,38776.000000000,38777.000000000,38775.000000000,38777.000000000,15,YM
2024-06-10T13:36:50.000000000Z,32,1,80420,38777.000000000,38780.000000000,38776.000000000,38780.000000000,19,YM
2024-06-10T13:36:51.000000000Z,32,1,80420,38776.000000000,38777.000000000,38774.000000000,38774.000000000,10,YM
2024-06-10T13:36:52.000000000Z,32,1,80420,38775.000000000,38775.000000000,38774.000000000,38775.000000000,13,YM
2024-06-10T13:36:53.000000000Z,32,1,80420,38774.000000000,38775.000000000,38773.000000000,38773.000000000,8,YM
2024-06-10T13:36:54.000000000Z,32,1,80420,38773.000000000,38774.000000000,38773.000000000,38773.000000000,7,YM
2024-06-10T13:36:55.000000000Z,32,1,80420,38773.000000000,38775.000000000,38773.000000000,38775.000000000,3,YM
2024-06-10T13:36:56.000000000Z,32,1,80420,38776.000000000,38780.000000000,38776.000000000,38779.000000000,18,YM
2024-06-10T13:36:57.000000000Z,32,1,80420,38780.000000000,38783.000000000,38780.000000000,38781.000000000,14,YM
2024-06-10T13:36:58.000000000Z,32,1,80420,38782.000000000,38785.000000000,38782.000000000,38785.000000000,9,YM
2024-06-10T13:36:59.000000000Z,32,1,80420,38784.000000000,38790.000000000,38783.000000000,38787.000000000,71,YM
2024-06-10T13:37:00.000000000Z,32,1,80420,38787.000000000,38790.000000000,38787.000000000,38790.000000000,38,YM
2024-06-10T13:37:01.000000000Z,32,1,80420,38790.000000000,38794.000000000,38789.000000000,38794.000000000,29,YM
2024-06-10T13:37:02.000000000Z,32,1,80420,38792.000000000,38792.000000000,38789.000000000,38789.000000000,17,YM
2024-06-10T13:37:03.000000000Z,32,1,80420,38788.000000000,38790.000000000,38787.000000000,38788.000000000,39,YM
2024-06-10T13:37:04.000000000Z,32,1,80420,38787.000000000,38787.000000000,38784.000000000,38784.000000000,7,YM
2024-06-10T13:37:05.000000000Z,32,1,80420,38783.000000000,38783.000000000,38780.000000000,38781.000000000,15,YM
2024-06-10T13:37:06.000000000Z,32,1,80420,38781.000000000,38781.000000000,38777.000000000,38777.000000000,20,YM
2024-06-10T13:37:07.000000000Z,32,1,80420,38778.000000000,38780.000000000,38778.000000000,38779.000000000,8,YM
2024-06-10T13:37:08.000000000Z,32,1,80420,38778.000000000,38778.000000000,38773.000000000,38773.000000000,22,YM
2024-06-10T13:37:09.000000000Z,32,1,80420,38773.000000000,38773.000000000,38772.000000000,38773.000000000,4,YM
2024-06-10T13:37:10.000000000Z,32,1,80420,38773.000000000,38774.000000000,38772.000000000,38772.000000000,26,YM
2024-06-10T13:37:11.000000000Z,32,1,80420,38771.000000000,38773.000000000,38771.000000000,38772.000000000,8,YM
2024-06-10T13:37:12.000000000Z,32,1,80420,38772.000000000,38773.000000000,38772.000000000,38772.000000000,5,YM
2024-06-10T13:37:13.000000000Z,32,1,80420,38773.000000000,38773.000000000,38769.000000000,38769.000000000,18,YM
2024-06-10T13:37:14.000000000Z,32,1,80420,38771.000000000,38774.000000000,38771.000000000,38773.000000000,12,YM
2024-06-10T13:37:15.000000000Z,32,1,80420,38774.000000000,38774.000000000,38773.000000000,38774.000000000,4,YM
2024-06-10T13:37:16.000000000Z,32,1,80420,38773.000000000,38776.000000000,38773.000000000,38773.000000000,21,YM
2024-06-10T13:37:17.000000000Z,32,1,80420,38774.000000000,38778.000000000,38774.000000000,38778.000000000,27,YM
2024-06-10T13:37:18.000000000Z,32,1,80420,38777.000000000,38777.000000000,38774.000000000,38774.000000000,10,YM
2024-06-10T13:37:19.000000000Z,32,1,80420,38774.000000000,38776.000000000,38774.000000000,38776.000000000,6,YM
2024-06-10T13:37:20.000000000Z,32,1,80420,38775.000000000,38777.000000000,38775.000000000,38777.000000000,8,YM
2024-06-10T13:37:21.000000000Z,32,1,80420,38778.000000000,38778.000000000,38772.000000000,38772.000000000,12,YM
2024-06-10T13:37:22.000000000Z,32,1,80420,38772.000000000,38773.000000000,38760.000000000,38767.000000000,75,YM
2024-06-10T13:37:23.000000000Z,32,1,80420,38766.000000000,38769.000000000,38765.000000000,38769.000000000,14,YM
2024-06-10T13:37:24.000000000Z,32,1,80420,38770.000000000,38775.000000000,38770.000000000,38773.000000000,14,YM
2024-06-10T13:37:25.000000000Z,32,1,80420,38772.000000000,38773.000000000,38770.000000000,38770.000000000,24,YM
2024-06-10T13:37:26.000000000Z,32,1,80420,38771.000000000,38774.000000000,38771.000000000,38773.000000000,10,YM
2024-06-10T13:37:27.000000000Z,32,1,80420,38774.000000000,38775.000000000,38774.000000000,38775.000000000,10,YM
2024-06-10T13:37:28.000000000Z,32,1,80420,38775.000000000,38775.000000000,38773.000000000,38773.000000000,8,YM
2024-06-10T13:37:29.000000000Z,32,1,80420,38771.000000000,38776.000000000,38771.000000000,38776.000000000,11,YM
2024-06-10T13:37:30.000000000Z,32,1,80420,38776.000000000,38776.000000000,38775.000000000,38775.000000000,5,YM
2024-06-10T13:37:31.000000000Z,32,1,80420,38775.000000000,38775.000000000,38775.000000000,38775.000000000,5,YM
2024-06-10T13:37:32.000000000Z,32,1,80420,38775.000000000,38780.000000000,38775.000000000,38779.000000000,29,YM
2024-06-10T13:37:33.000000000Z,32,1,80420,38777.000000000,38777.000000000,38776.000000000,38776.000000000,2,YM
2024-06-10T13:37:34.000000000Z,32,1,80420,38776.000000000,38776.000000000,38775.000000000,38776.000000000,5,YM
2024-06-10T13:37:35.000000000Z,32,1,80420,38776.000000000,38776.000000000,38776.000000000,38776.000000000,3,YM
2024-06-10T13:37:36.000000000Z,32,1,80420,38777.000000000,38778.000000000,38777.000000000,38777.000000000,8,YM
2024-06-10T13:37:37.000000000Z,32,1,80420,38776.000000000,38776.000000000,38775.000000000,38775.000000000,5,YM
2024-06-10T13:37:38.000000000Z,32,1,80420,38776.000000000,38776.000000000,38775.000000000,38775.000000000,7,YM
2024-06-10T13:37:39.000000000Z,32,1,80420,38774.000000000,38774.000000000,38771.000000000,38771.000000000,10,YM
2024-06-10T13:37:40.000000000Z,32,1,80420,38771.000000000,38773.000000000,38771.000000000,38773.000000000,4,YM
2024-06-10T13:37:41.000000000Z,32,1,80420,38773.000000000,38775.000000000,38773.000000000,38775.000000000,9,YM
2024-06-10T13:37:42.000000000Z,32,1,80420,38775.000000000,38775.000000000,38773.000000000,38774.000000000,6,YM
2024-06-10T13:37:43.000000000Z,32,1,80420,38776.000000000,38779.000000000,38776.000000000,38777.000000000,7,YM
2024-06-10T13:37:45.000000000Z,32,1,80420,38778.000000000,38778.000000000,38778.000000000,38778.000000000,3,YM
2024-06-10T13:37:46.000000000Z,32,1,80420,38779.000000000,38779.000000000,38774.000000000,38774.000000000,9,YM
2024-06-10T13:37:47.000000000Z,32,1,80420,38774.000000000,38774.000000000,38772.000000000,38772.000000000,7,YM
2024-06-10T13:37:48.000000000Z,32,1,80420,38774.000000000,38777.000000000,38774.000000000,38777.000000000,8,YM
2024-06-10T13:37:49.000000000Z,32,1,80420,38774.000000000,38774.000000000,38774.000000000,38774.000000000,2,YM
2024-06-10T13:37:50.000000000Z,32,1,80420,38774.000000000,38774.000000000,38773.000000000,38773.000000000,7,YM
2024-06-10T13:37:51.000000000Z,32,1,80420,38773.000000000,38776.000000000,38772.000000000,38776.000000000,13,YM
2024-06-10T13:37:52.000000000Z,32,1,80420,38776.000000000,38776.000000000,38775.000000000,38776.000000000,7,YM
2024-06-10T13:37:53.000000000Z,32,1,80420,38776.000000000,38776.000000000,38775.000000000,38775.000000000,8,YM
2024-06-10T13:37:54.000000000Z,32,1,80420,38773.000000000,38774.000000000,38773.000000000,38774.000000000,4,YM
2024-06-10T13:37:55.000000000Z,32,1,80420,38772.000000000,38772.000000000,38767.000000000,38769.000000000,20,YM
2024-06-10T13:37:56.000000000Z,32,1,80420,38769.000000000,38770.000000000,38768.000000000,38770.000000000,8,YM
2024-06-10T13:37:57.000000000Z,32,1,80420,38774.000000000,38776.000000000,38774.000000000,38776.000000000,4,YM
2024-06-10T13:37:58.000000000Z,32,1,80420,38776.000000000,38778.000000000,38775.000000000,38778.000000000,10,YM
2024-06-10T13:37:59.000000000Z,32,1,80420,38778.000000000,38780.000000000,38778.000000000,38779.000000000,8,YM
2024-06-10T13:38:00.000000000Z,32,1,80420,38781.000000000,38784.000000000,38780.000000000,38784.000000000,15,YM
2024-06-10T13:38:01.000000000Z,32,1,80420,38785.000000000,38786.000000000,38785.000000000,38786.000000000,14,YM
2024-06-10T13:38:02.000000000Z,32,1,80420,38785.000000000,38787.000000000,38784.000000000,38785.000000000,19,YM
2024-06-10T13:38:03.000000000Z,32,1,80420,38785.000000000,38786.000000000,38783.000000000,38786.000000000,9,YM
2024-06-10T13:38:04.000000000Z,32,1,80420,38783.000000000,38783.000000000,38782.000000000,38782.000000000,7,YM
2024-06-10T13:38:05.000000000Z,32,1,80420,38782.000000000,38783.000000000,38781.000000000,38783.000000000,14,YM
2024-06-10T13:38:06.000000000Z,32,1,80420,38785.000000000,38785.000000000,38785.000000000,38785.000000000,3,YM
2024-06-10T13:38:08.000000000Z,32,1,80420,38786.000000000,38787.000000000,38779.000000000,38779.000000000,23,YM
2024-06-10T13:38:09.000000000Z,32,1,80420,38780.000000000,38780.000000000,38779.000000000,38779.000000000,3,YM
2024-06-10T13:38:10.000000000Z,32,1,80420,38780.000000000,38780.000000000,38776.000000000,38776.000000000,11,YM
2024-06-10T13:38:11.000000000Z,32,1,80420,38776.000000000,38776.000000000,38775.000000000,38775.000000000,5,YM
2024-06-10T13:38:12.000000000Z,32,1,80420,38774.000000000,38776.000000000,38774.000000000,38774.000000000,9,YM
2024-06-10T13:38:13.000000000Z,32,1,80420,38772.000000000,38773.000000000,38772.000000000,38772.000000000,4,YM
2024-06-10T13:38:14.000000000Z,32,1,80420,38772.000000000,38772.000000000,38772.000000000,38772.000000000,3,YM
2024-06-10T13:38:15.000000000Z,32,1,80420,38772.000000000,38772.000000000,38769.000000000,38770.000000000,28,YM
2024-06-10T13:38:16.000000000Z,32,1,80420,38768.000000000,38774.000000000,38767.000000000,38774.000000000,16,YM
2024-06-10T13:38:17.000000000Z,32,1,80420,38774.000000000,38774.000000000,38772.000000000,38772.000000000,5,YM
2024-06-10T13:38:19.000000000Z,32,1,80420,38772.000000000,38773.000000000,38769.000000000,38770.000000000,11,YM
2024-06-10T13:38:20.000000000Z,32,1,80420,38771.000000000,38771.000000000,38766.000000000,38767.000000000,7,YM
2024-06-10T13:38:21.000000000Z,32,1,80420,38769.000000000,38771.000000000,38769.000000000,38771.000000000,7,YM
2024-06-10T13:38:22.000000000Z,32,1,80420,38771.000000000,38772.000000000,38769.000000000,38770.000000000,11,YM
2024-06-10T13:38:23.000000000Z,32,1,80420,38769.000000000,38769.000000000,38768.000000000,38768.000000000,7,YM
2024-06-10T13:38:24.000000000Z,32,1,80420,38768.000000000,38769.000000000,38768.000000000,38769.000000000,4,YM
2024-06-10T13:38:25.000000000Z,32,1,80420,38768.000000000,38768.000000000,38762.000000000,38762.000000000,15,YM
2024-06-10T13:38:26.000000000Z,32,1,80420,38761.000000000,38761.000000000,38760.000000000,38761.000000000,5,YM
2024-06-10T13:38:27.000000000Z,32,1,80420,38762.000000000,38763.000000000,38761.000000000,38761.000000000,7,YM
2024-06-10T13:38:28.000000000Z,32,1,80420,38760.000000000,38760.000000000,38759.000000000,38759.000000000,7,YM
2024-06-10T13:38:29.000000000Z,32,1,80420,38758.000000000,38763.000000000,38758.000000000,38762.000000000,9,YM
2024-06-10T13:38:30.000000000Z,32,1,80420,38763.000000000,38768.000000000,38763.000000000,38768.000000000,23,YM
2024-06-10T13:38:31.000000000Z,32,1,80420,38768.000000000,38769.000000000,38768.000000000,38769.000000000,4,YM
2024-06-10T13:38:32.000000000Z,32,1,80420,38771.000000000,38771.000000000,38771.000000000,38771.000000000,4,YM
2024-06-10T13:38:33.000000000Z,32,1,80420,38771.000000000,38772.000000000,38770.000000000,38770.000000000,9,YM
2024-06-10T13:38:34.000000000Z,32,1,80420,38768.000000000,38773.000000000,38768.000000000,38773.000000000,18,YM
2024-06-10T13:38:35.000000000Z,32,1,80420,38772.000000000,38772.000000000,38772.000000000,38772.000000000,1,YM
2024-06-10T13:38:36.000000000Z,32,1,80420,38772.000000000,38772.000000000,38771.000000000,38771.000000000,6,YM
2024-06-10T13:38:37.000000000Z,32,1,80420,38769.000000000,38769.000000000,38764.000000000,38767.000000000,12,YM
2024-06-10T13:38:38.000000000Z,32,1,80420,38767.000000000,38769.000000000,38767.000000000,38769.000000000,14,YM
2024-06-10T13:38:39.000000000Z,32,1,80420,38768.000000000,38768.000000000,38764.000000000,38764.000000000,13,YM
2024-06-10T13:38:40.000000000Z,32,1,80420,38764.000000000,38765.000000000,38764.000000000,38765.000000000,4,YM
2024-06-10T13:38:41.000000000Z,32,1,80420,38764.000000000,38764.000000000,38764.000000000,38764.000000000,10,YM
2024-06-10T13:38:42.000000000Z,32,1,80420,38762.000000000,38764.000000000,38762.000000000,38764.000000000,7,YM
2024-06-10T13:38:43.000000000Z,32,1,80420,38765.000000000,38771.000000000,38765.000000000,38771.000000000,21,YM
2024-06-10T13:38:44.000000000Z,32,1,80420,38770.000000000,38770.000000000,38770.000000000,38770.000000000,1,YM
2024-06-10T13:38:45.000000000Z,32,1,80420,38769.000000000,38769.000000000,38769.000000000,38769.000000000,4,YM
2024-06-10T13:38:46.000000000Z,32,1,80420,38769.000000000,38770.000000000,38769.000000000,38769.000000000,3,YM
2024-06-10T13:38:47.000000000Z,32,1,80420,38773.000000000,38773.000000000,38773.000000000,38773.000000000,3,YM
2024-06-10T13:38:49.000000000Z,32,1,80420,38771.000000000,38771.000000000,38771.000000000,38771.000000000,1,YM
2024-06-10T13:38:50.000000000Z,32,1,80420,38772.000000000,38772.000000000,38770.000000000,38770.000000000,2,YM
2024-06-10T13:38:51.000000000Z,32,1,80420,38769.000000000,38770.000000000,38768.000000000,38770.000000000,14,YM
2024-06-10T13:38:52.000000000Z,32,1,80420,38768.000000000,38768.000000000,38767.000000000,38768.000000000,10,YM
2024-06-10T13:38:53.000000000Z,32,1,80420,38768.000000000,38768.000000000,38766.000000000,38768.000000000,6,YM
2024-06-10T13:38:54.000000000Z,32,1,80420,38767.000000000,38768.000000000,38767.000000000,38767.000000000,6,YM
2024-06-10T13:38:55.000000000Z,32,1,80420,38768.000000000,38768.000000000,38768.000000000,38768.000000000,2,YM
2024-06-10T13:38:56.000000000Z,32,1,80420,38769.000000000,38774.000000000,38769.000000000,38772.000000000,8,YM
2024-06-10T13:38:57.000000000Z,32,1,80420,38771.000000000,38771.000000000,38768.000000000,38768.000000000,6,YM
2024-06-10T13:38:58.000000000Z,32,1,80420,38768.000000000,38768.000000000,38768.000000000,38768.000000000,1,YM
2024-06-10T13:38:59.000000000Z,32,1,80420,38768.000000000,38768.000000000,38768.000000000,38768.000000000,5,YM
2024-06-10T13:39:00.000000000Z,32,1,80420,38767.000000000,38771.000000000,38767.000000000,38771.000000000,12,YM
2024-06-10T13:39:01.000000000Z,32,1,80420,38771.000000000,38773.000000000,38771.000000000,38771.000000000,14,YM
2024-06-10T13:39:02.000000000Z,32,1,80420,38773.000000000,38776.000000000,38772.000000000,38774.000000000,23,YM
2024-06-10T13:39:03.000000000Z,32,1,80420,38775.000000000,38776.000000000,38773.000000000,38774.000000000,9,YM
2024-06-10T13:39:04.000000000Z,32,1,80420,38774.000000000,38774.000000000,38773.000000000,38773.000000000,9,YM
2024-06-10T13:39:05.000000000Z,32,1,80420,38772.000000000,38772.000000000,38771.000000000,38771.000000000,10,YM
2024-06-10T13:39:07.000000000Z,32,1,80420,38769.000000000,38769.000000000,38762.000000000,38766.000000000,34,YM
2024-06-10T13:39:08.000000000Z,32,1,80420,38767.000000000,38770.000000000,38767.000000000,38769.000000000,16,YM
2024-06-10T13:39:09.000000000Z,32,1,80420,38768.000000000,38768.000000000,38766.000000000,38768.000000000,21,YM
2024-06-10T13:39:10.000000000Z,32,1,80420,38766.000000000,38766.000000000,38766.000000000,38766.000000000,2,YM
2024-06-10T13:39:11.000000000Z,32,1,80420,38767.000000000,38769.000000000,38767.000000000,38769.000000000,8,YM
2024-06-10T13:39:12.000000000Z,32,1,80420,38769.000000000,38771.000000000,38769.000000000,38771.000000000,8,YM
2024-06-10T13:39:13.000000000Z,32,1,80420,38769.000000000,38769.000000000,38768.000000000,38768.000000000,7,YM
2024-06-10T13:39:14.000000000Z,32,1,80420,38766.000000000,38766.000000000,38765.000000000,38766.000000000,6,YM
2024-06-10T13:39:16.000000000Z,32,1,80420,38766.000000000,38766.000000000,38763.000000000,38764.000000000,12,YM
2024-06-10T13:39:17.000000000Z,32,1,80420,38765.000000000,38765.000000000,38765.000000000,38765.000000000,3,YM
2024-06-10T13:39:18.000000000Z,32,1,80420,38766.000000000,38766.000000000,38765.000000000,38765.000000000,5,YM
2024-06-10T13:39:19.000000000Z,32,1,80420,38763.000000000,38763.000000000,38761.000000000,38761.000000000,4,YM
2024-06-10T13:39:20.000000000Z,32,1,80420,38762.000000000,38762.000000000,38762.000000000,38762.000000000,5,YM
2024-06-10T13:39:21.000000000Z,32,1,80420,38763.000000000,38763.000000000,38761.000000000,38762.000000000,9,YM
2024-06-10T13:39:22.000000000Z,32,1,80420,38760.000000000,38760.000000000,38755.000000000,38757.000000000,29,YM
2024-06-10T13:39:23.000000000Z,32,1,80420,38758.000000000,38758.000000000,38756.000000000,38756.000000000,5,YM
2024-06-10T13:39:24.000000000Z,32,1,80420,38755.000000000,38755.000000000,38754.000000000,38755.000000000,3,YM
2024-06-10T13:39:25.000000000Z,32,1,80420,38755.000000000,38755.000000000,38753.000000000,38753.000000000,9,YM
2024-06-10T13:39:26.000000000Z,32,1,80420,38753.000000000,38754.000000000,38753.000000000,38754.000000000,3,YM
2024-06-10T13:39:27.000000000Z,32,1,80420,38755.000000000,38756.000000000,38755.000000000,38755.000000000,6,YM
2024-06-10T13:39:28.000000000Z,32,1,80420,38755.000000000,38755.000000000,38754.000000000,38754.000000000,4,YM
2024-06-10T13:39:29.000000000Z,32,1,80420,38754.000000000,38754.000000000,38753.000000000,38753.000000000,5,YM
2024-06-10T13:39:30.000000000Z,32,1,80420,38752.000000000,38755.000000000,38751.000000000,38751.000000000,16,YM
2024-06-10T13:39:31.000000000Z,32,1,80420,38750.000000000,38752.000000000,38745.000000000,38745.000000000,135,YM
2024-06-10T13:39:32.000000000Z,32,1,80420,38746.000000000,38747.000000000,38745.000000000,38745.000000000,17,YM
2024-06-10T13:39:33.000000000Z,32,1,80420,38746.000000000,38746.000000000,38745.000000000,38745.000000000,15,YM
2024-06-10T13:39:34.000000000Z,32,1,80420,38744.000000000,38744.000000000,38743.000000000,38744.000000000,8,YM
2024-06-10T13:39:35.000000000Z,32,1,80420,38745.000000000,38745.000000000,38744.000000000,38744.000000000,5,YM
2024-06-10T13:39:36.000000000Z,32,1,80420,38743.000000000,38744.000000000,38743.000000000,38743.000000000,7,YM
2024-06-10T13:39:37.000000000Z,32,1,80420,38743.000000000,38743.000000000,38743.000000000,38743.000000000,2,YM
2024-06-10T13:39:38.000000000Z,32,1,80420,38745.000000000,38745.000000000,38744.000000000,38745.000000000,6,YM
2024-06-10T13:39:39.000000000Z,32,1,80420,38746.000000000,38748.000000000,38746.000000000,38748.000000000,4,YM
2024-06-10T13:39:40.000000000Z,32,1,80420,38749.000000000,38751.000000000,38749.000000000,38751.000000000,3,YM
2024-06-10T13:39:41.000000000Z,32,1,80420,38751.000000000,38753.000000000,38750.000000000,38750.000000000,25,YM
2024-06-10T13:39:42.000000000Z,32,1,80420,38752.000000000,38753.000000000,38752.000000000,38752.000000000,8,YM
2024-06-10T13:39:43.000000000Z,32,1,80420,38751.000000000,38751.000000000,38750.000000000,38750.000000000,3,YM
2024-06-10T13:39:44.000000000Z,32,1,80420,38750.000000000,38750.000000000,38750.000000000,38750.000000000,1,YM
2024-06-10T13:39:45.000000000Z,32,1,80420,38751.000000000,38752.000000000,38751.000000000,38752.000000000,9,YM
2024-06-10T13:39:46.000000000Z,32,1,80420,38753.000000000,38759.000000000,38753.000000000,38757.000000000,37,YM
2024-06-10T13:39:47.000000000Z,32,1,80420,38757.000000000,38757.000000000,38755.000000000,38756.000000000,6,YM
2024-06-10T13:39:48.000000000Z,32,1,80420,38754.000000000,38754.000000000,38753.000000000,38753.000000000,7,YM
2024-06-10T13:39:49.000000000Z,32,1,80420,38754.000000000,38754.000000000,38754.000000000,38754.000000000,7,YM
2024-06-10T13:39:50.000000000Z,32,1,80420,38755.000000000,38759.000000000,38755.000000000,38759.000000000,12,YM
2024-06-10T13:39:51.000000000Z,32,1,80420,38759.000000000,38759.000000000,38757.000000000,38757.000000000,10,YM
2024-06-10T13:39:52.000000000Z,32,1,80420,38756.000000000,38756.000000000,38751.000000000,38751.000000000,16,YM
2024-06-10T13:39:53.000000000Z,32,1,80420,38750.000000000,38750.000000000,38749.000000000,38750.000000000,9,YM
2024-06-10T13:39:54.000000000Z,32,1,80420,38752.000000000,38752.000000000,38752.000000000,38752.000000000,3,YM
2024-06-10T13:39:55.000000000Z,32,1,80420,38753.000000000,38753.000000000,38753.000000000,38753.000000000,1,YM
2024-06-10T13:39:56.000000000Z,32,1,80420,38754.000000000,38756.000000000,38754.000000000,38756.000000000,6,YM
2024-06-10T13:39:57.000000000Z,32,1,80420,38754.000000000,38754.000000000,38752.000000000,38752.000000000,6,YM
2024-06-10T13:39:58.000000000Z,32,1,80420,38752.000000000,38752.000000000,38748.000000000,38748.000000000,5,YM
2024-06-10T13:39:59.000000000Z,32,1,80420,38745.000000000,38745.000000000,38744.000000000,38745.000000000,4,YM
2024-06-10T13:40:00.000000000Z,32,1,80420,38746.000000000,38753.000000000,38746.000000000,38751.000000000,27,YM
2024-06-10T13:40:01.000000000Z,32,1,80420,38750.000000000,38752.000000000,38749.000000000,38752.000000000,13,YM
2024-06-10T13:40:02.000000000Z,32,1,80420,38751.000000000,38751.000000000,38747.000000000,38747.000000000,18,YM
2024-06-10T13:40:03.000000000Z,32,1,80420,38748.000000000,38750.000000000,38748.000000000,38750.000000000,13,YM
2024-06-10T13:40:04.000000000Z,32,1,80420,38749.000000000,38749.000000000,38743.000000000,38743.000000000,19,YM
2024-06-10T13:40:05.000000000Z,32,1,80420,38744.000000000,38746.000000000,38737.000000000,38739.000000000,143,YM
2024-06-10T13:40:06.000000000Z,32,1,80420,38739.000000000,38740.000000000,38738.000000000,38738.000000000,19,YM
2024-06-10T13:40:07.000000000Z,32,1,80420,38738.000000000,38738.000000000,38734.000000000,38736.000000000,32,YM
2024-06-10T13:40:08.000000000Z,32,1,80420,38735.000000000,38735.000000000,38732.000000000,38733.000000000,19,YM
2024-06-10T13:40:09.000000000Z,32,1,80420,38733.000000000,38737.000000000,38733.000000000,38737.000000000,16,YM
2024-06-10T13:40:10.000000000Z,32,1,80420,38738.000000000,38738.000000000,38733.000000000,38733.000000000,8,YM
2024-06-10T13:40:11.000000000Z,32,1,80420,38732.000000000,38733.000000000,38731.000000000,38733.000000000,33,YM
2024-06-10T13:40:12.000000000Z,32,1,80420,38733.000000000,38738.000000000,38733.000000000,38737.000000000,21,YM
2024-06-10T13:40:13.000000000Z,32,1,80420,38738.000000000,38738.000000000,38738.000000000,38738.000000000,1,YM
2024-06-10T13:40:14.000000000Z,32,1,80420,38737.000000000,38741.000000000,38737.000000000,38740.000000000,5,YM
2024-06-10T13:40:15.000000000Z,32,1,80420,38740.000000000,38742.000000000,38740.000000000,38742.000000000,8,YM
2024-06-10T13:40:16.000000000Z,32,1,80420,38741.000000000,38742.000000000,38740.000000000,38740.000000000,6,YM
2024-06-10T13:40:17.000000000Z,32,1,80420,38741.000000000,38741.000000000,38739.000000000,38739.000000000,5,YM
2024-06-10T13:40:18.000000000Z,32,1,80420,38741.000000000,38743.000000000,38740.000000000,38740.000000000,11,YM
2024-06-10T13:40:19.000000000Z,32,1,80420,38741.000000000,38741.000000000,38741.000000000,38741.000000000,3,YM
2024-06-10T13:40:20.000000000Z,32,1,80420,38740.000000000,38740.000000000,38736.000000000,38736.000000000,9,YM
2024-06-10T13:40:21.000000000Z,32,1,80420,38738.000000000,38740.000000000,38738.000000000,38739.000000000,11,YM
2024-06-10T13:40:22.000000000Z,32,1,80420,38736.000000000,38736.000000000,38736.000000000,38736.000000000,5,YM
2024-06-10T13:40:23.000000000Z,32,1,80420,38735.000000000,38735.000000000,38735.000000000,38735.000000000,8,YM
2024-06-10T13:40:24.000000000Z,32,1,80420,38735.000000000,38735.000000000,38734.000000000,38735.000000000,8,YM
2024-06-10T13:40:25.000000000Z,32,1,80420,38736.000000000,38736.000000000,38731.000000000,38731.000000000,5,YM
2024-06-10T13:40:26.000000000Z,32,1,80420,38731.000000000,38731.000000000,38730.000000000,38730.000000000,16,YM
2024-06-10T13:40:27.000000000Z,32,1,80420,38729.000000000,38729.000000000,38728.000000000,38728.000000000,12,YM
2024-06-10T13:40:28.000000000Z,32,1,80420,38728.000000000,38729.000000000,38727.000000000,38729.000000000,25,YM
2024-06-10T13:40:29.000000000Z,32,1,80420,38730.000000000,38733.000000000,38729.000000000,38732.000000000,12,YM
2024-06-10T13:40:30.000000000Z,32,1,80420,38730.000000000,38735.000000000,38730.000000000,38734.000000000,9,YM
2024-06-10T13:40:31.000000000Z,32,1,80420,38734.000000000,38739.000000000,38734.000000000,38737.000000000,13,YM
2024-06-10T13:40:33.000000000Z,32,1,80420,38736.000000000,38736.000000000,38733.000000000,38734.000000000,15,YM
2024-06-10T13:40:34.000000000Z,32,1,80420,38735.000000000,38737.000000000,38735.000000000,38737.000000000,7,YM
2024-06-10T13:40:35.000000000Z,32,1,80420,38737.000000000,38737.000000000,38736.000000000,38737.000000000,11,YM
2024-06-10T13:40:36.000000000Z,32,1,80420,38733.000000000,38734.000000000,38733.000000000,38734.000000000,10,YM
2024-06-10T13:40:37.000000000Z,32,1,80420,38735.000000000,38735.000000000,38735.000000000,38735.000000000,3,YM
2024-06-10T13:40:38.000000000Z,32,1,80420,38735.000000000,38735.000000000,38732.000000000,38732.000000000,6,YM
2024-06-10T13:40:39.000000000Z,32,1,80420,38731.000000000,38731.000000000,38730.000000000,38731.000000000,6,YM
2024-06-10T13:40:41.000000000Z,32,1,80420,38730.000000000,38733.000000000,38730.000000000,38732.000000000,11,YM
2024-06-10T13:40:42.000000000Z,32,1,80420,38733.000000000,38733.000000000,38732.000000000,38732.000000000,8,YM
2024-06-10T13:40:43.000000000Z,32,1,80420,38733.000000000,38735.000000000,38732.000000000,38735.000000000,16,YM
2024-06-10T13:40:44.000000000Z,32,1,80420,38738.000000000,38739.000000000,38737.000000000,38737.000000000,8,YM
2024-06-10T13:40:45.000000000Z,32,1,80420,38737.000000000,38737.000000000,38736.000000000,38736.000000000,6,YM
2024-06-10T13:40:46.000000000Z,32,1,80420,38737.000000000,38737.000000000,38734.000000000,38734.000000000,8,YM
2024-06-10T13:40:47.000000000Z,32,1,80420,38734.000000000,38734.000000000,38734.000000000,38734.000000000,1,YM
2024-06-10T13:40:48.000000000Z,32,1,80420,38733.000000000,38735.000000000,38732.000000000,38735.000000000,14,YM
2024-06-10T13:40:49.000000000Z,32,1,80420,38735.000000000,38738.000000000,38735.000000000,38738.000000000,5,YM
2024-06-10T13:40:50.000000000Z,32,1,80420,38736.000000000,38736.000000000,38736.000000000,38736.000000000,2,YM
2024-06-10T13:40:51.000000000Z,32,1,80420,38735.000000000,38736.000000000,38735.000000000,38736.000000000,3,YM
2024-06-10T13:40:52.000000000Z,32,1,80420,38736.000000000,38736.000000000,38734.000000000,38734.000000000,11,YM
2024-06-10T13:40:53.000000000Z,32,1,80420,38735.000000000,38737.000000000,38735.000000000,38736.000000000,9,YM
2024-06-10T13:40:54.000000000Z,32,1,80420,38734.000000000,38734.000000000,38732.000000000,38732.000000000,19,YM
2024-06-10T13:40:55.000000000Z,32,1,80420,38732.000000000,38735.000000000,38732.000000000,38735.000000000,10,YM
2024-06-10T13:40:56.000000000Z,32,1,80420,38734.000000000,38736.000000000,38728.000000000,38728.000000000,17,YM
2024-06-10T13:40:57.000000000Z,32,1,80420,38729.000000000,38729.000000000,38719.000000000,38721.000000000,63,YM
2024-06-10T13:40:58.000000000Z,32,1,80420,38721.000000000,38723.000000000,38721.000000000,38722.000000000,9,YM
2024-06-10T13:40:59.000000000Z,32,1,80420,38721.000000000,38722.000000000,38720.000000000,38720.000000000,8,YM
2024-06-10T13:41:00.000000000Z,32,1,80420,38721.000000000,38722.000000000,38720.000000000,38721.000000000,31,YM
2024-06-10T13:41:01.000000000Z,32,1,80420,38722.000000000,38724.000000000,38722.000000000,38723.000000000,8,YM
2024-06-10T13:41:02.000000000Z,32,1,80420,38724.000000000,38726.000000000,38724.000000000,38725.000000000,11,YM
2024-06-10T13:41:03.000000000Z,32,1,80420,38723.000000000,38725.000000000,38722.000000000,38725.000000000,23,YM
2024-06-10T13:41:04.000000000Z,32,1,80420,38727.000000000,38730.000000000,38727.000000000,38727.000000000,16,YM
2024-06-10T13:41:05.000000000Z,32,1,80420,38729.000000000,38729.000000000,38727.000000000,38729.000000000,8,YM
2024-06-10T13:41:06.000000000Z,32,1,80420,38728.000000000,38728.000000000,38727.000000000,38727.000000000,3,YM
2024-06-10T13:41:07.000000000Z,32,1,80420,38728.000000000,38728.000000000,38726.000000000,38728.000000000,10,YM
2024-06-10T13:41:08.000000000Z,32,1,80420,38728.000000000,38730.000000000,38728.000000000,38730.000000000,5,YM
2024-06-10T13:41:09.000000000Z,32,1,80420,38729.000000000,38731.000000000,38728.000000000,38731.000000000,16,YM
2024-06-10T13:41:10.000000000Z,32,1,80420,38731.000000000,38732.000000000,38730.000000000,38731.000000000,13,YM
2024-06-10T13:41:11.000000000Z,32,1,80420,38731.000000000,38731.000000000,38728.000000000,38729.000000000,12,YM
2024-06-10T13:41:12.000000000Z,32,1,80420,38729.000000000,38729.000000000,38729.000000000,38729.000000000,1,YM
2024-06-10T13:41:13.000000000Z,32,1,80420,38729.000000000,38729.000000000,38729.000000000,38729.000000000,4,YM
2024-06-10T13:41:14.000000000Z,32,1,80420,38731.000000000,38731.000000000,38730.000000000,38730.000000000,3,YM
2024-06-10T13:41:15.000000000Z,32,1,80420,38730.000000000,38730.000000000,38729.000000000,38729.000000000,2,YM
2024-06-10T13:41:17.000000000Z,32,1,80420,38728.000000000,38728.000000000,38726.000000000,38728.000000000,11,YM
2024-06-10T13:41:18.000000000Z,32,1,80420,38730.000000000,38731.000000000,38730.000000000,38730.000000000,5,YM
2024-06-10T13:41:19.000000000Z,32,1,80420,38730.000000000,38730.000000000,38730.000000000,38730.000000000,1,YM
2024-06-10T13:41:20.000000000Z,32,1,80420,38729.000000000,38729.000000000,38727.000000000,38728.000000000,8,YM
2024-06-10T13:41:22.000000000Z,32,1,80420,38728.000000000,38728.000000000,38728.000000000,38728.000000000,1,YM
2024-06-10T13:41:24.000000000Z,32,1,80420,38727.000000000,38727.000000000,38727.000000000,38727.000000000,1,YM
2024-06-10T13:41:25.000000000Z,32,1,80420,38727.000000000,38728.000000000,38727.000000000,38727.000000000,3,YM
2024-06-10T13:41:26.000000000Z,32,1,80420,38728.000000000,38728.000000000,38728.000000000,38728.000000000,2,YM
2024-06-10T13:41:27.000000000Z,32,1,80420,38729.000000000,38731.000000000,38729.000000000,38731.000000000,3,YM
2024-06-10T13:41:28.000000000Z,32,1,80420,38732.000000000,38732.000000000,38732.000000000,38732.000000000,7,YM
2024-06-10T13:41:29.000000000Z,32,1,80420,38730.000000000,38731.000000000,38729.000000000,38731.000000000,4,YM
2024-06-10T13:41:30.000000000Z,32,1,80420,38733.000000000,38733.000000000,38733.000000000,38733.000000000,3,YM
2024-06-10T13:41:31.000000000Z,32,1,80420,38732.000000000,38732.000000000,38732.000000000,38732.000000000,5,YM
2024-06-10T13:41:32.000000000Z,32,1,80420,38732.000000000,38733.000000000,38732.000000000,38733.000000000,3,YM
2024-06-10T13:41:33.000000000Z,32,1,80420,38734.000000000,38734.000000000,38732.000000000,38732.000000000,16,YM
2024-06-10T13:41:34.000000000Z,32,1,80420,38733.000000000,38733.000000000,38732.000000000,38732.000000000,4,YM
2024-06-10T13:41:35.000000000Z,32,1,80420,38732.000000000,38732.000000000,38732.000000000,38732.000000000,2,YM
2024-06-10T13:41:36.000000000Z,32,1,80420,38733.000000000,38734.000000000,38733.000000000,38734.000000000,2,YM
2024-06-10T13:41:37.000000000Z,32,1,80420,38734.000000000,38738.000000000,38734.000000000,38736.000000000,25,YM
2024-06-10T13:41:38.000000000Z,32,1,80420,38736.000000000,38736.000000000,38736.000000000,38736.000000000,2,YM
2024-06-10T13:41:39.000000000Z,32,1,80420,38738.000000000,38739.000000000,38738.000000000,38739.000000000,7,YM
2024-06-10T13:41:40.000000000Z,32,1,80420,38739.000000000,38739.000000000,38739.000000000,38739.000000000,3,YM
2024-06-10T13:41:41.000000000Z,32,1,80420,38739.000000000,38739.000000000,38739.000000000,38739.000000000,8,YM
2024-06-10T13:41:42.000000000Z,32,1,80420,38740.000000000,38740.000000000,38739.000000000,38740.000000000,13,YM
2024-06-10T13:41:43.000000000Z,32,1,80420,38740.000000000,38740.000000000,38739.000000000,38739.000000000,7,YM
2024-06-10T13:41:44.000000000Z,32,1,80420,38740.000000000,38742.000000000,38740.000000000,38741.000000000,10,YM
2024-06-10T13:41:45.000000000Z,32,1,80420,38741.000000000,38745.000000000,38741.000000000,38745.000000000,18,YM
2024-06-10T13:41:46.000000000Z,32,1,80420,38746.000000000,38748.000000000,38744.000000000,38744.000000000,25,YM
2024-06-10T13:41:47.000000000Z,32,1,80420,38745.000000000,38746.000000000,38745.000000000,38746.000000000,9,YM
2024-06-10T13:41:48.000000000Z,32,1,80420,38745.000000000,38751.000000000,38745.000000000,38751.000000000,26,YM
2024-06-10T13:41:49.000000000Z,32,1,80420,38752.000000000,38752.000000000,38749.000000000,38749.000000000,21,YM
2024-06-10T13:41:50.000000000Z,32,1,80420,38749.000000000,38751.000000000,38747.000000000,38748.000000000,28,YM
2024-06-10T13:41:51.000000000Z,32,1,80420,38749.000000000,38750.000000000,38749.000000000,38749.000000000,15,YM
2024-06-10T13:41:52.000000000Z,32,1,80420,38748.000000000,38748.000000000,38744.000000000,38745.000000000,11,YM
2024-06-10T13:41:53.000000000Z,32,1,80420,38743.000000000,38744.000000000,38739.000000000,38739.000000000,26,YM
2024-06-10T13:41:54.000000000Z,32,1,80420,38738.000000000,38738.000000000,38738.000000000,38738.000000000,8,YM
2024-06-10T13:41:55.000000000Z,32,1,80420,38737.000000000,38739.000000000,38737.000000000,38739.000000000,8,YM
2024-06-10T13:41:56.000000000Z,32,1,80420,38740.000000000,38740.000000000,38738.000000000,38740.000000000,8,YM
2024-06-10T13:41:57.000000000Z,32,1,80420,38738.000000000,38738.000000000,38737.000000000,38737.000000000,2,YM
2024-06-10T13:41:58.000000000Z,32,1,80420,38737.000000000,38738.000000000,38735.000000000,38735.000000000,25,YM
2024-06-10T13:41:59.000000000Z,32,1,80420,38733.000000000,38733.000000000,38731.000000000,38732.000000000,5,YM
2024-06-10T13:42:00.000000000Z,32,1,80420,38733.000000000,38737.000000000,38733.000000000,38737.000000000,14,YM
2024-06-10T13:42:01.000000000Z,32,1,80420,38737.000000000,38737.000000000,38736.000000000,38737.000000000,3,YM
2024-06-10T13:42:02.000000000Z,32,1,80420,38737.000000000,38740.000000000,38737.000000000,38740.000000000,14,YM
2024-06-10T13:42:03.000000000Z,32,1,80420,38742.000000000,38743.000000000,38742.000000000,38743.000000000,3,YM
2024-06-10T13:42:04.000000000Z,32,1,80420,38742.000000000,38742.000000000,38740.000000000,38740.000000000,14,YM
2024-06-10T13:42:05.000000000Z,32,1,80420,38741.000000000,38741.000000000,38740.000000000,38741.000000000,5,YM
2024-06-10T13:42:07.000000000Z,32,1,80420,38740.000000000,38740.000000000,38739.000000000,38739.000000000,4,YM
2024-06-10T13:42:08.000000000Z,32,1,80420,38740.000000000,38740.000000000,38738.000000000,38738.000000000,7,YM
2024-06-10T13:42:09.000000000Z,32,1,80420,38738.000000000,38740.000000000,38738.000000000,38739.000000000,7,YM
2024-06-10T13:42:10.000000000Z,32,1,80420,38739.000000000,38739.000000000,38734.000000000,38734.000000000,10,YM
2024-06-10T13:42:11.000000000Z,32,1,80420,38735.000000000,38736.000000000,38733.000000000,38733.000000000,15,YM
2024-06-10T13:42:12.000000000Z,32,1,80420,38733.000000000,38738.000000000,38733.000000000,38738.000000000,9,YM
2024-06-10T13:42:13.000000000Z,32,1,80420,38739.000000000,38739.000000000,38738.000000000,38738.000000000,19,YM
2024-06-10T13:42:15.000000000Z,32,1,80420,38739.000000000,38742.000000000,38737.000000000,38742.000000000,31,YM
2024-06-10T13:42:16.000000000Z,32,1,80420,38743.000000000,38743.000000000,38742.000000000,38742.000000000,4,YM
2024-06-10T13:42:17.000000000Z,32,1,80420,38740.000000000,38740.000000000,38740.000000000,38740.000000000,4,YM
2024-06-10T13:42:18.000000000Z,32,1,80420,38740.000000000,38740.000000000,38738.000000000,38738.000000000,9,YM
2024-06-10T13:42:19.000000000Z,32,1,80420,38739.000000000,38739.000000000,38739.000000000,38739.000000000,1,YM
2024-06-10T13:42:20.000000000Z,32,1,80420,38738.000000000,38741.000000000,38738.000000000,38741.000000000,10,YM
2024-06-10T13:42:21.000000000Z,32,1,80420,38744.000000000,38745.000000000,38743.000000000,38743.000000000,12,YM
2024-06-10T13:42:22.000000000Z,32,1,80420,38744.000000000,38744.000000000,38743.000000000,38743.000000000,5,YM
2024-06-10T13:42:23.000000000Z,32,1,80420,38744.000000000,38745.000000000,38744.000000000,38745.000000000,6,YM
2024-06-10T13:42:24.000000000Z,32,1,80420,38745.000000000,38745.000000000,38743.000000000,38743.000000000,7,YM
2024-06-10T13:42:25.000000000Z,32,1,80420,38741.000000000,38741.000000000,38736.000000000,38737.000000000,27,YM
2024-06-10T13:42:26.000000000Z,32,1,80420,38738.000000000,38738.000000000,38738.000000000,38738.000000000,1,YM
2024-06-10T13:42:27.000000000Z,32,1,80420,38741.000000000,38743.000000000,38741.000000000,38743.000000000,3,YM
2024-06-10T13:42:28.000000000Z,32,1,80420,38743.000000000,38747.000000000,38743.000000000,38747.000000000,17,YM
2024-06-10T13:42:29.000000000Z,32,1,80420,38748.000000000,38748.000000000,38748.000000000,38748.000000000,5,YM
2024-06-10T13:42:30.000000000Z,32,1,80420,38748.000000000,38748.000000000,38747.000000000,38747.000000000,4,YM
2024-06-10T13:42:31.000000000Z,32,1,80420,38748.000000000,38748.000000000,38747.000000000,38747.000000000,2,YM
2024-06-10T13:42:32.000000000Z,32,1,80420,38748.000000000,38749.000000000,38747.000000000,38749.000000000,5,YM
2024-06-10T13:42:33.000000000Z,32,1,80420,38747.000000000,38749.000000000,38747.000000000,38749.000000000,12,YM
2024-06-10T13:42:34.000000000Z,32,1,80420,38749.000000000,38750.000000000,38748.000000000,38750.000000000,7,YM
2024-06-10T13:42:35.000000000Z,32,1,80420,38749.000000000,38749.000000000,38748.000000000,38748.000000000,9,YM
2024-06-10T13:42:36.000000000Z,32,1,80420,38749.000000000,38750.000000000,38749.000000000,38750.000000000,5,YM
2024-06-10T13:42:37.000000000Z,32,1,80420,38752.000000000,38752.000000000,38750.000000000,38751.000000000,11,YM
2024-06-10T13:42:38.000000000Z,32,1,80420,38752.000000000,38752.000000000,38750.000000000,38750.000000000,9,YM
2024-06-10T13:42:39.000000000Z,32,1,80420,38751.000000000,38752.000000000,38751.000000000,38752.000000000,4,YM
2024-06-10T13:42:40.000000000Z,32,1,80420,38752.000000000,38753.000000000,38752.000000000,38752.000000000,8,YM
2024-06-10T13:42:41.000000000Z,32,1,80420,38754.000000000,38756.000000000,38754.000000000,38756.000000000,6,YM
2024-06-10T13:42:42.000000000Z,32,1,80420,38757.000000000,38757.000000000,38757.000000000,38757.000000000,4,YM
2024-06-10T13:42:43.000000000Z,32,1,80420,38757.000000000,38758.000000000,38757.000000000,38757.000000000,12,YM
2024-06-10T13:42:44.000000000Z,32,1,80420,38758.000000000,38761.000000000,38758.000000000,38761.000000000,13,YM
2024-06-10T13:42:45.000000000Z,32,1,80420,38761.000000000,38761.000000000,38756.000000000,38758.000000000,11,YM
2024-06-10T13:42:46.000000000Z,32,1,80420,38757.000000000,38758.000000000,38757.000000000,38758.000000000,5,YM
2024-06-10T13:42:47.000000000Z,32,1,80420,38758.000000000,38758.000000000,38758.000000000,38758.000000000,1,YM
2024-06-10T13:42:48.000000000Z,32,1,80420,38756.000000000,38756.000000000,38756.000000000,38756.000000000,2,YM
2024-06-10T13:42:49.000000000Z,32,1,80420,38756.000000000,38756.000000000,38754.000000000,38755.000000000,5,YM
2024-06-10T13:42:50.000000000Z,32,1,80420,38756.000000000,38760.000000000,38756.000000000,38760.000000000,4,YM
2024-06-10T13:42:51.000000000Z,32,1,80420,38761.000000000,38761.000000000,38759.000000000,38761.000000000,3,YM
2024-06-10T13:42:52.000000000Z,32,1,80420,38760.000000000,38762.000000000,38760.000000000,38762.000000000,4,YM
2024-06-10T13:42:53.000000000Z,32,1,80420,38761.000000000,38762.000000000,38761.000000000,38762.000000000,2,YM
2024-06-10T13:42:54.000000000Z,32,1,80420,38764.000000000,38764.000000000,38762.000000000,38762.000000000,10,YM
2024-06-10T13:42:55.000000000Z,32,1,80420,38761.000000000,38761.000000000,38761.000000000,38761.000000000,1,YM
2024-06-10T13:42:56.000000000Z,32,1,80420,38762.000000000,38763.000000000,38762.000000000,38763.000000000,2,YM
2024-06-10T13:42:58.000000000Z,32,1,80420,38764.000000000,38764.000000000,38762.000000000,38762.000000000,3,YM
2024-06-10T13:42:59.000000000Z,32,1,80420,38763.000000000,38763.000000000,38763.000000000,38763.000000000,1,YM
2024-06-10T13:43:00.000000000Z,32,1,80420,38763.000000000,38763.000000000,38762.000000000,38762.000000000,12,YM
2024-06-10T13:43:01.000000000Z,32,1,80420,38763.000000000,38763.000000000,38762.000000000,38763.000000000,8,YM
2024-06-10T13:43:02.000000000Z,32,1,80420,38762.000000000,38766.000000000,38762.000000000,38765.000000000,14,YM
2024-06-10T13:43:04.000000000Z,32,1,80420,38766.000000000,38766.000000000,38766.000000000,38766.000000000,6,YM
2024-06-10T13:43:05.000000000Z,32,1,80420,38766.000000000,38768.000000000,38766.000000000,38767.000000000,11,YM
2024-06-10T13:43:06.000000000Z,32,1,80420,38768.000000000,38770.000000000,38767.000000000,38770.000000000,10,YM
2024-06-10T13:43:07.000000000Z,32,1,80420,38770.000000000,38770.000000000,38768.000000000,38770.000000000,10,YM
2024-06-10T13:43:08.000000000Z,32,1,80420,38769.000000000,38771.000000000,38768.000000000,38768.000000000,14,YM
2024-06-10T13:43:09.000000000Z,32,1,80420,38769.000000000,38771.000000000,38769.000000000,38770.000000000,4,YM
2024-06-10T13:43:10.000000000Z,32,1,80420,38771.000000000,38771.000000000,38770.000000000,38770.000000000,3,YM
2024-06-10T13:43:11.000000000Z,32,1,80420,38770.000000000,38774.000000000,38770.000000000,38772.000000000,12,YM
2024-06-10T13:43:12.000000000Z,32,1,80420,38773.000000000,38775.000000000,38773.000000000,38775.000000000,8,YM
2024-06-10T13:43:13.000000000Z,32,1,80420,38775.000000000,38775.000000000,38774.000000000,38775.000000000,10,YM
2024-06-10T13:43:14.000000000Z,32,1,80420,38775.000000000,38776.000000000,38775.000000000,38776.000000000,12,YM
2024-06-10T13:43:15.000000000Z,32,1,80420,38775.000000000,38778.000000000,38775.000000000,38777.000000000,20,YM
2024-06-10T13:43:16.000000000Z,32,1,80420,38776.000000000,38777.000000000,38775.000000000,38777.000000000,5,YM
2024-06-10T13:43:17.000000000Z,32,1,80420,38774.000000000,38774.000000000,38772.000000000,38772.000000000,4,YM
2024-06-10T13:43:18.000000000Z,32,1,80420,38773.000000000,38777.000000000,38773.000000000,38775.000000000,9,YM
2024-06-10T13:43:19.000000000Z,32,1,80420,38774.000000000,38774.000000000,38772.000000000,38772.000000000,6,YM
2024-06-10T13:43:20.000000000Z,32,1,80420,38773.000000000,38776.000000000,38773.000000000,38776.000000000,6,YM
2024-06-10T13:43:21.000000000Z,32,1,80420,38773.000000000,38773.000000000,38773.000000000,38773.000000000,1,YM
2024-06-10T13:43:22.000000000Z,32,1,80420,38776.000000000,38779.000000000,38776.000000000,38779.000000000,13,YM
2024-06-10T13:43:23.000000000Z,32,1,80420,38780.000000000,38782.000000000,38780.000000000,38782.000000000,12,YM
2024-06-10T13:43:24.000000000Z,32,1,80420,38782.000000000,38782.000000000,38782.000000000,38782.000000000,1,YM
2024-06-10T13:43:25.000000000Z,32,1,80420,38780.000000000,38780.000000000,38776.000000000,38776.000000000,7,YM
2024-06-10T13:43:26.000000000Z,32,1,80420,38777.000000000,38777.000000000,38776.000000000,38776.000000000,2,YM
2024-06-10T13:43:27.000000000Z,32,1,80420,38778.000000000,38780.000000000,38778.000000000,38779.000000000,7,YM
2024-06-10T13:43:28.000000000Z,32,1,80420,38783.000000000,38783.000000000,38782.000000000,38782.000000000,9,YM
2024-06-10T13:43:29.000000000Z,32,1,80420,38783.000000000,38783.000000000,38782.000000000,38782.000000000,2,YM
2024-06-10T13:43:30.000000000Z,32,1,80420,38783.000000000,38783.000000000,38782.000000000,38782.000000000,5,YM
2024-06-10T13:43:31.000000000Z,32,1,80420,38783.000000000,38786.000000000,38783.000000000,38784.000000000,28,YM
2024-06-10T13:43:32.000000000Z,32,1,80420,38784.000000000,38784.000000000,38784.000000000,38784.000000000,8,YM
2024-06-10T13:43:33.000000000Z,32,1,80420,38786.000000000,38788.000000000,38786.000000000,38788.000000000,3,YM
2024-06-10T13:43:34.000000000Z,32,1,80420,38789.000000000,38789.000000000,38785.000000000,38785.000000000,3,YM
2024-06-10T13:43:35.000000000Z,32,1,80420,38786.000000000,38787.000000000,38786.000000000,38786.000000000,5,YM
2024-06-10T13:43:36.000000000Z,32,1,80420,38786.000000000,38787.000000000,38785.000000000,38785.000000000,6,YM
2024-06-10T13:43:38.000000000Z,32,1,80420,38784.000000000,38785.000000000,38783.000000000,38783.000000000,6,YM
2024-06-10T13:43:39.000000000Z,32,1,80420,38783.000000000,38783.000000000,38783.000000000,38783.000000000,2,YM
2024-06-10T13:43:40.000000000Z,32,1,80420,38781.000000000,38785.000000000,38781.000000000,38785.000000000,10,YM
2024-06-10T13:43:41.000000000Z,32,1,80420,38785.000000000,38786.000000000,38785.000000000,38786.000000000,4,YM
2024-06-10T13:43:42.000000000Z,32,1,80420,38787.000000000,38787.000000000,38787.000000000,38787.000000000,7,YM
2024-06-10T13:43:43.000000000Z,32,1,80420,38788.000000000,38788.000000000,38788.000000000,38788.000000000,5,YM
2024-06-10T13:43:44.000000000Z,32,1,80420,38790.000000000,38790.000000000,38788.000000000,38788.000000000,5,YM
2024-06-10T13:43:45.000000000Z,32,1,80420,38788.000000000,38788.000000000,38783.000000000,38783.000000000,9,YM
2024-06-10T13:43:46.000000000Z,32,1,80420,38783.000000000,38783.000000000,38783.000000000,38783.000000000,3,YM
2024-06-10T13:43:47.000000000Z,32,1,80420,38782.000000000,38782.000000000,38780.000000000,38781.000000000,9,YM
2024-06-10T13:43:48.000000000Z,32,1,80420,38781.000000000,38781.000000000,38780.000000000,38781.000000000,6,YM
2024-06-10T13:43:49.000000000Z,32,1,80420,38781.000000000,38781.000000000,38781.000000000,38781.000000000,1,YM
2024-06-10T13:43:50.000000000Z,32,1,80420,38780.000000000,38785.000000000,38780.000000000,38785.000000000,11,YM
2024-06-10T13:43:51.000000000Z,32,1,80420,38786.000000000,38788.000000000,38786.000000000,38788.000000000,2,YM
2024-06-10T13:43:53.000000000Z,32,1,80420,38786.000000000,38787.000000000,38785.000000000,38785.000000000,6,YM
2024-06-10T13:43:54.000000000Z,32,1,80420,38786.000000000,38787.000000000,38785.000000000,38787.000000000,5,YM
2024-06-10T13:43:55.000000000Z,32,1,80420,38787.000000000,38787.000000000,38787.000000000,38787.000000000,1,YM
2024-06-10T13:43:57.000000000Z,32,1,80420,38785.000000000,38786.000000000,38785.000000000,38786.000000000,2,YM
2024-06-10T13:43:59.000000000Z,32,1,80420,38785.000000000,38785.000000000,38785.000000000,38785.000000000,2,YM
2024-06-10T13:44:00.000000000Z,32,1,80420,38785.000000000,38787.000000000,38784.000000000,38786.000000000,9,YM
2024-06-10T13:44:01.000000000Z,32,1,80420,38785.000000000,38788.000000000,38785.000000000,38788.000000000,15,YM
2024-06-10T13:44:02.000000000Z,32,1,80420,38789.000000000,38790.000000000,38788.000000000,38790.000000000,11,YM
2024-06-10T13:44:03.000000000Z,32,1,80420,38790.000000000,38792.000000000,38790.000000000,38792.000000000,11,YM
2024-06-10T13:44:04.000000000Z,32,1,80420,38791.000000000,38792.000000000,38788.000000000,38788.000000000,28,YM
2024-06-10T13:44:05.000000000Z,32,1,80420,38788.000000000,38790.000000000,38788.000000000,38790.000000000,3,YM
2024-06-10T13:44:06.000000000Z,32,1,80420,38791.000000000,38791.000000000,38787.000000000,38787.000000000,9,YM
2024-06-10T13:44:07.000000000Z,32,1,80420,38787.000000000,38789.000000000,38786.000000000,38789.000000000,14,YM
2024-06-10T13:44:08.000000000Z,32,1,80420,38790.000000000,38791.000000000,38790.000000000,38790.000000000,16,YM
2024-06-10T13:44:09.000000000Z,32,1,80420,38791.000000000,38793.000000000,38791.000000000,38791.000000000,12,YM
2024-06-10T13:44:10.000000000Z,32,1,80420,38792.000000000,38793.000000000,38792.000000000,38793.000000000,8,YM
2024-06-10T13:44:11.000000000Z,32,1,80420,38793.000000000,38793.000000000,38790.000000000,38790.000000000,9,YM
2024-06-10T13:44:12.000000000Z,32,1,80420,38789.000000000,38789.000000000,38787.000000000,38789.000000000,21,YM
2024-06-10T13:44:13.000000000Z,32,1,80420,38791.000000000,38791.000000000,38790.000000000,38790.000000000,9,YM
2024-06-10T13:44:14.000000000Z,32,1,80420,38792.000000000,38793.000000000,38791.000000000,38793.000000000,16,YM
2024-06-10T13:44:15.000000000Z,32,1,80420,38793.000000000,38794.000000000,38792.000000000,38793.000000000,10,YM
2024-06-10T13:44:16.000000000Z,32,1,80420,38792.000000000,38794.000000000,38792.000000000,38794.000000000,9,YM
2024-06-10T13:44:17.000000000Z,32,1,80420,38792.000000000,38794.000000000,38792.000000000,38794.000000000,8,YM
2024-06-10T13:44:18.000000000Z,32,1,80420,38793.000000000,38794.000000000,38793.000000000,38794.000000000,9,YM
2024-06-10T13:44:19.000000000Z,32,1,80420,38793.000000000,38796.000000000,38793.000000000,38795.000000000,14,YM
2024-06-10T13:44:20.000000000Z,32,1,80420,38796.000000000,38797.000000000,38794.000000000,38794.000000000,13,YM
2024-06-10T13:44:21.000000000Z,32,1,80420,38795.000000000,38795.000000000,38794.000000000,38794.000000000,10,YM
2024-06-10T13:44:22.000000000Z,32,1,80420,38795.000000000,38799.000000000,38795.000000000,38798.000000000,7,YM
2024-06-10T13:44:23.000000000Z,32,1,80420,38797.000000000,38799.000000000,38796.000000000,38799.000000000,27,YM
2024-06-10T13:44:24.000000000Z,32,1,80420,38798.000000000,38800.000000000,38795.000000000,38798.000000000,64,YM
2024-06-10T13:44:25.000000000Z,32,1,80420,38798.000000000,38799.000000000,38797.000000000,38798.000000000,6,YM
2024-06-10T13:44:26.000000000Z,32,1,80420,38797.000000000,38797.000000000,38797.000000000,38797.000000000,1,YM
2024-06-10T13:44:27.000000000Z,32,1,80420,38797.000000000,38804.000000000,38797.000000000,38801.000000000,17,YM
2024-06-10T13:44:28.000000000Z,32,1,80420,38802.000000000,38802.000000000,38802.000000000,38802.000000000,2,YM
2024-06-10T13:44:29.000000000Z,32,1,80420,38800.000000000,38800.000000000,38795.000000000,38795.000000000,15,YM
2024-06-10T13:44:30.000000000Z,32,1,80420,38795.000000000,38799.000000000,38795.000000000,38798.000000000,18,YM
2024-06-10T13:44:31.000000000Z,32,1,80420,38798.000000000,38798.000000000,38798.000000000,38798.000000000,1,YM
2024-06-10T13:44:32.000000000Z,32,1,80420,38797.000000000,38797.000000000,38796.000000000,38796.000000000,9,YM
2024-06-10T13:44:33.000000000Z,32,1,80420,38796.000000000,38797.000000000,38794.000000000,38794.000000000,17,YM
2024-06-10T13:44:35.000000000Z,32,1,80420,38793.000000000,38794.000000000,38793.000000000,38794.000000000,3,YM
2024-06-10T13:44:36.000000000Z,32,1,80420,38794.000000000,38795.000000000,38794.000000000,38795.000000000,7,YM
2024-06-10T13:44:37.000000000Z,32,1,80420,38797.000000000,38797.000000000,38797.000000000,38797.000000000,3,YM
2024-06-10T13:44:38.000000000Z,32,1,80420,38798.000000000,38799.000000000,38793.000000000,38793.000000000,13,YM
2024-06-10T13:44:39.000000000Z,32,1,80420,38793.000000000,38794.000000000,38793.000000000,38794.000000000,11,YM
2024-06-10T13:44:40.000000000Z,32,1,80420,38794.000000000,38796.000000000,38794.000000000,38795.000000000,8,YM
2024-06-10T13:44:41.000000000Z,32,1,80420,38794.000000000,38794.000000000,38793.000000000,38793.000000000,4,YM
2024-06-10T13:44:42.000000000Z,32,1,80420,38793.000000000,38793.000000000,38793.000000000,38793.000000000,6,YM
2024-06-10T13:44:43.000000000Z,32,1,80420,38794.000000000,38794.000000000,38794.000000000,38794.000000000,5,YM
2024-06-10T13:44:44.000000000Z,32,1,80420,38796.000000000,38796.000000000,38795.000000000,38795.000000000,5,YM
2024-06-10T13:44:45.000000000Z,32,1,80420,38794.000000000,38796.000000000,38794.000000000,38796.000000000,4,YM
2024-06-10T13:44:46.000000000Z,32,1,80420,38799.000000000,38800.000000000,38799.000000000,38799.000000000,91,YM
2024-06-10T13:44:47.000000000Z,32,1,80420,38800.000000000,38800.000000000,38798.000000000,38799.000000000,95,YM
2024-06-10T13:44:48.000000000Z,32,1,80420,38799.000000000,38799.000000000,38798.000000000,38799.000000000,24,YM
2024-06-10T13:44:49.000000000Z,32,1,80420,38798.000000000,38804.000000000,38798.000000000,38803.000000000,79,YM
2024-06-10T13:44:50.000000000Z,32,1,80420,38804.000000000,38805.000000000,38804.000000000,38805.000000000,12,YM
2024-06-10T13:44:51.000000000Z,32,1,80420,38805.000000000,38806.000000000,38805.000000000,38806.000000000,10,YM
2024-06-10T13:44:52.000000000Z,32,1,80420,38807.000000000,38807.000000000,38806.000000000,38806.000000000,4,YM
2024-06-10T13:44:53.000000000Z,32,1,80420,38806.000000000,38807.000000000,38806.000000000,38807.000000000,6,YM
2024-06-10T13:44:54.000000000Z,32,1,80420,38808.000000000,38810.000000000,38808.000000000,38810.000000000,20,YM
2024-06-10T13:44:55.000000000Z,32,1,80420,38810.000000000,38811.000000000,38810.000000000,38811.000000000,7,YM
2024-06-10T13:44:56.000000000Z,32,1,80420,38811.000000000,38811.000000000,38811.000000000,38811.000000000,6,YM
2024-06-10T13:44:57.000000000Z,32,1,80420,38811.000000000,38812.000000000,38810.000000000,38811.000000000,4,YM
2024-06-10T13:44:58.000000000Z,32,1,80420,38811.000000000,38813.000000000,38811.000000000,38813.000000000,8,YM
2024-06-10T13:44:59.000000000Z,32,1,80420,38814.000000000,38815.000000000,38814.000000000,38815.000000000,12,YM
2024-06-10T13:45:00.000000000Z,32,1,80420,38815.000000000,38817.000000000,38811.000000000,38816.000000000,55,YM
2024-06-10T13:45:01.000000000Z,32,1,80420,38817.000000000,38817.000000000,38812.000000000,38813.000000000,14,YM
2024-06-10T13:45:02.000000000Z,32,1,80420,38811.000000000,38811.000000000,38807.000000000,38809.000000000,15,YM
2024-06-10T13:45:03.000000000Z,32,1,80420,38809.000000000,38809.000000000,38807.000000000,38808.000000000,16,YM
2024-06-10T13:45:04.000000000Z,32,1,80420,38808.000000000,38808.000000000,38806.000000000,38806.000000000,10,YM
2024-06-10T13:45:05.000000000Z,32,1,80420,38805.000000000,38805.000000000,38803.000000000,38804.000000000,18,YM
2024-06-10T13:45:06.000000000Z,32,1,80420,38804.000000000,38805.000000000,38803.000000000,38804.000000000,11,YM
2024-06-10T13:45:07.000000000Z,32,1,80420,38804.000000000,38804.000000000,38800.000000000,38800.000000000,11,YM
2024-06-10T13:45:08.000000000Z,32,1,80420,38800.000000000,38801.000000000,38799.000000000,38801.000000000,6,YM
2024-06-10T13:45:09.000000000Z,32,1,80420,38801.000000000,38802.000000000,38801.000000000,38801.000000000,10,YM
2024-06-10T13:45:11.000000000Z,32,1,80420,38802.000000000,38803.000000000,38801.000000000,38801.000000000,9,YM
2024-06-10T13:45:12.000000000Z,32,1,80420,38800.000000000,38800.000000000,38799.000000000,38799.000000000,28,YM
2024-06-10T13:45:13.000000000Z,32,1,80420,38798.000000000,38798.000000000,38796.000000000,38797.000000000,19,YM
2024-06-10T13:45:14.000000000Z,32,1,80420,38795.000000000,38795.000000000,38792.000000000,38793.000000000,8,YM
2024-06-10T13:45:15.000000000Z,32,1,80420,38792.000000000,38794.000000000,38791.000000000,38794.000000000,14,YM
2024-06-10T13:45:16.000000000Z,32,1,80420,38793.000000000,38793.000000000,38792.000000000,38793.000000000,7,YM
2024-06-10T13:45:17.000000000Z,32,1,80420,38794.000000000,38794.000000000,38792.000000000,38793.000000000,18,YM
2024-06-10T13:45:18.000000000Z,32,1,80420,38794.000000000,38794.000000000,38791.000000000,38793.000000000,10,YM
2024-06-10T13:45:19.000000000Z,32,1,80420,38794.000000000,38794.000000000,38794.000000000,38794.000000000,6,YM
2024-06-10T13:45:20.000000000Z,32,1,80420,38793.000000000,38794.000000000,38792.000000000,38793.000000000,14,YM
2024-06-10T13:45:21.000000000Z,32,1,80420,38792.000000000,38794.000000000,38792.000000000,38794.000000000,11,YM
2024-06-10T13:45:22.000000000Z,32,1,80420,38796.000000000,38796.000000000,38794.000000000,38794.000000000,4,YM
2024-06-10T13:45:23.000000000Z,32,1,80420,38793.000000000,38794.000000000,38793.000000000,38794.000000000,16,YM
2024-06-10T13:45:24.000000000Z,32,1,80420,38792.000000000,38792.000000000,38779.000000000,38781.000000000,70,YM
2024-06-10T13:45:25.000000000Z,32,1,80420,38782.000000000,38785.000000000,38782.000000000,38785.000000000,9,YM
2024-06-10T13:45:26.000000000Z,32,1,80420,38784.000000000,38785.000000000,38783.000000000,38785.000000000,6,YM
2024-06-10T13:45:27.000000000Z,32,1,80420,38786.000000000,38788.000000000,38786.000000000,38788.000000000,8,YM
2024-06-10T13:45:28.000000000Z,32,1,80420,38790.000000000,38793.000000000,38790.000000000,38792.000000000,12,YM
2024-06-10T13:45:29.000000000Z,32,1,80420,38794.000000000,38794.000000000,38792.000000000,38793.000000000,6,YM
2024-06-10T13:45:30.000000000Z,32,1,80420,38792.000000000,38792.000000000,38792.000000000,38792.000000000,1,YM
2024-06-10T13:45:31.000000000Z,32,1,80420,38791.000000000,38791.000000000,38791.000000000,38791.000000000,2,YM
2024-06-10T13:45:32.000000000Z,32,1,80420,38791.000000000,38791.000000000,38790.000000000,38790.000000000,5,YM
2024-06-10T13:45:33.000000000Z,32,1,80420,38788.000000000,38788.000000000,38788.000000000,38788.000000000,1,YM
2024-06-10T13:45:34.000000000Z,32,1,80420,38788.000000000,38788.000000000,38786.000000000,38786.000000000,5,YM
2024-06-10T13:45:35.000000000Z,32,1,80420,38785.000000000,38785.000000000,38784.000000000,38785.000000000,8,YM
2024-06-10T13:45:36.000000000Z,32,1,80420,38786.000000000,38787.000000000,38785.000000000,38787.000000000,9,YM
2024-06-10T13:45:37.000000000Z,32,1,80420,38787.000000000,38788.000000000,38786.000000000,38786.000000000,6,YM
2024-06-10T13:45:38.000000000Z,32,1,80420,38786.000000000,38786.000000000,38783.000000000,38783.000000000,25,YM
2024-06-10T13:45:39.000000000Z,32,1,80420,38783.000000000,38785.000000000,38782.000000000,38785.000000000,21,YM
2024-06-10T13:45:40.000000000Z,32,1,80420,38785.000000000,38786.000000000,38783.000000000,38783.000000000,6,YM
2024-06-10T13:45:41.000000000Z,32,1,80420,38782.000000000,38784.000000000,38782.000000000,38783.000000000,12,YM
2024-06-10T13:45:42.000000000Z,32,1,80420,38784.000000000,38784.000000000,38782.000000000,38782.000000000,5,YM
2024-06-10T13:45:43.000000000Z,32,1,80420,38784.000000000,38786.000000000,38784.000000000,38785.000000000,15,YM
2024-06-10T13:45:44.000000000Z,32,1,80420,38786.000000000,38786.000000000,38785.000000000,38785.000000000,2,YM
2024-06-10T13:45:45.000000000Z,32,1,80420,38785.000000000,38785.000000000,38785.000000000,38785.000000000,1,YM
2024-06-10T13:45:46.000000000Z,32,1,80420,38785.000000000,38785.000000000,38785.000000000,38785.000000000,1,YM
2024-06-10T13:45:47.000000000Z,32,1,80420,38782.000000000,38782.000000000,38782.000000000,38782.000000000,1,YM
2024-06-10T13:45:48.000000000Z,32,1,80420,38781.000000000,38784.000000000,38781.000000000,38784.000000000,10,YM
2024-06-10T13:45:49.000000000Z,32,1,80420,38785.000000000,38786.000000000,38785.000000000,38785.000000000,12,YM
2024-06-10T13:45:50.000000000Z,32,1,80420,38786.000000000,38786.000000000,38785.000000000,38785.000000000,3,YM
2024-06-10T13:45:51.000000000Z,32,1,80420,38786.000000000,38786.000000000,38786.000000000,38786.000000000,3,YM
2024-06-10T13:45:52.000000000Z,32,1,80420,38787.000000000,38788.000000000,38787.000000000,38788.000000000,10,YM
2024-06-10T13:45:53.000000000Z,32,1,80420,38789.000000000,38789.000000000,38786.000000000,38787.000000000,10,YM
2024-06-10T13:45:54.000000000Z,32,1,80420,38786.000000000,38786.000000000,38781.000000000,38781.000000000,12,YM
2024-06-10T13:45:55.000000000Z,32,1,80420,38781.000000000,38781.000000000,38779.000000000,38781.000000000,11,YM
2024-06-10T13:45:56.000000000Z,32,1,80420,38782.000000000,38782.000000000,38782.000000000,38782.000000000,2,YM
2024-06-10T13:45:57.000000000Z,32,1,80420,38783.000000000,38784.000000000,38783.000000000,38784.000000000,9,YM
2024-06-10T13:45:58.000000000Z,32,1,80420,38784.000000000,38785.000000000,38784.000000000,38784.000000000,4,YM
2024-06-10T13:45:59.000000000Z,32,1,80420,38785.000000000,38787.000000000,38785.000000000,38786.000000000,7,YM
2024-06-10T13:46:00.000000000Z,32,1,80420,38785.000000000,38786.000000000,38784.000000000,38784.000000000,11,YM
2024-06-10T13:46:01.000000000Z,32,1,80420,38784.000000000,38784.000000000,38782.000000000,38782.000000000,3,YM
2024-06-10T13:46:02.000000000Z,32,1,80420,38783.000000000,38785.000000000,38783.000000000,38785.000000000,6,YM
2024-06-10T13:46:03.000000000Z,32,1,80420,38786.000000000,38787.000000000,38786.000000000,38787.000000000,9,YM
2024-06-10T13:46:04.000000000Z,32,1,80420,38787.000000000,38787.000000000,38787.000000000,38787.000000000,6,YM
2024-06-10T13:46:05.000000000Z,32,1,80420,38786.000000000,38786.000000000,38786.000000000,38786.000000000,2,YM
2024-06-10T13:46:06.000000000Z,32,1,80420,38788.000000000,38788.000000000,38788.000000000,38788.000000000,5,YM
2024-06-10T13:46:07.000000000Z,32,1,80420,38789.000000000,38794.000000000,38789.000000000,38793.000000000,25,YM
2024-06-10T13:46:08.000000000Z,32,1,80420,38794.000000000,38794.000000000,38793.000000000,38794.000000000,7,YM
2024-06-10T13:46:09.000000000Z,32,1,80420,38795.000000000,38795.000000000,38795.000000000,38795.000000000,1,YM
2024-06-10T13:46:10.000000000Z,32,1,80420,38795.000000000,38796.000000000,38795.000000000,38795.000000000,3,YM
2024-06-10T13:46:11.000000000Z,32,1,80420,38796.000000000,38796.000000000,38794.000000000,38796.000000000,6,YM
2024-06-10T13:46:12.000000000Z,32,1,80420,38798.000000000,38800.000000000,38798.000000000,38798.000000000,22,YM
2024-06-10T13:46:13.000000000Z,32,1,80420,38798.000000000,38800.000000000,38798.000000000,38798.000000000,6,YM
2024-06-10T13:46:14.000000000Z,32,1,80420,38795.000000000,38796.000000000,38791.000000000,38791.000000000,20,YM
2024-06-10T13:46:15.000000000Z,32,1,80420,38791.000000000,38791.000000000,38789.000000000,38789.000000000,2,YM
2024-06-10T13:46:16.000000000Z,32,1,80420,38790.000000000,38793.000000000,38790.000000000,38793.000000000,7,YM
2024-06-10T13:46:17.000000000Z,32,1,80420,38791.000000000,38791.000000000,38791.000000000,38791.000000000,2,YM
2024-06-10T13:46:18.000000000Z,32,1,80420,38794.000000000,38794.000000000,38794.000000000,38794.000000000,8,YM
2024-06-10T13:46:19.000000000Z,32,1,80420,38793.000000000,38793.000000000,38786.000000000,38788.000000000,8,YM
2024-06-10T13:46:20.000000000Z,32,1,80420,38789.000000000,38789.000000000,38785.000000000,38785.000000000,10,YM
2024-06-10T13:46:21.000000000Z,32,1,80420,38786.000000000,38790.000000000,38786.000000000,38790.000000000,6,YM
2024-06-10T13:46:22.000000000Z,32,1,80420,38790.000000000,38790.000000000,38790.000000000,38790.000000000,1,YM
2024-06-10T13:46:23.000000000Z,32,1,80420,38789.000000000,38789.000000000,38788.000000000,38788.000000000,3,YM
2024-06-10T13:46:24.000000000Z,32,1,80420,38788.000000000,38790.000000000,38788.000000000,38790.000000000,7,YM
2024-06-10T13:46:25.000000000Z,32,1,80420,38791.000000000,38792.000000000,38791.000000000,38791.000000000,10,YM
2024-06-10T13:46:26.000000000Z,32,1,80420,38793.000000000,38793.000000000,38793.000000000,38793.000000000,3,YM
2024-06-10T13:46:27.000000000Z,32,1,80420,38794.000000000,38794.000000000,38794.000000000,38794.000000000,1,YM
2024-06-10T13:46:28.000000000Z,32,1,80420,38793.000000000,38793.000000000,38788.000000000,38789.000000000,11,YM
2024-06-10T13:46:29.000000000Z,32,1,80420,38790.000000000,38790.000000000,38788.000000000,38790.000000000,8,YM
2024-06-10T13:46:30.000000000Z,32,1,80420,38789.000000000,38791.000000000,38789.000000000,38791.000000000,10,YM
2024-06-10T13:46:31.000000000Z,32,1,80420,38791.000000000,38791.000000000,38791.000000000,38791.000000000,4,YM
2024-06-10T13:46:32.000000000Z,32,1,80420,38791.000000000,38791.000000000,38791.000000000,38791.000000000,1,YM
2024-06-10T13:46:33.000000000Z,32,1,80420,38793.000000000,38793.000000000,38791.000000000,38791.000000000,9,YM
2024-06-10T13:46:34.000000000Z,32,1,80420,38790.000000000,38794.000000000,38790.000000000,38794.000000000,11,YM
2024-06-10T13:46:35.000000000Z,32,1,80420,38793.000000000,38793.000000000,38793.000000000,38793.000000000,3,YM
2024-06-10T13:46:36.000000000Z,32,1,80420,38795.000000000,38795.000000000,38795.000000000,38795.000000000,4,YM
2024-06-10T13:46:37.000000000Z,32,1,80420,38793.000000000,38793.000000000,38793.000000000,38793.000000000,1,YM
2024-06-10T13:46:38.000000000Z,32,1,80420,38791.000000000,38793.000000000,38791.000000000,38793.000000000,2,YM
2024-06-10T13:46:41.000000000Z,32,1,80420,38792.000000000,38794.000000000,38792.000000000,38794.000000000,2,YM
2024-06-10T13:46:42.000000000Z,32,1,80420,38795.000000000,38796.000000000,38795.000000000,38796.000000000,3,YM
2024-06-10T13:46:43.000000000Z,32,1,80420,38799.000000000,38801.000000000,38799.000000000,38800.000000000,12,YM
2024-06-10T13:46:45.000000000Z,32,1,80420,38802.000000000,38805.000000000,38802.000000000,38805.000000000,17,YM
2024-06-10T13:46:46.000000000Z,32,1,80420,38806.000000000,38806.000000000,38803.000000000,38804.000000000,10,YM
2024-06-10T13:46:47.000000000Z,32,1,80420,38805.000000000,38806.000000000,38805.000000000,38806.000000000,9,YM
2024-06-10T13:46:48.000000000Z,32,1,80420,38807.000000000,38807.000000000,38806.000000000,38806.000000000,16,YM
2024-06-10T13:46:49.000000000Z,32,1,80420,38806.000000000,38806.000000000,38805.000000000,38805.000000000,5,YM
2024-06-10T13:46:50.000000000Z,32,1,80420,38805.000000000,38805.000000000,38804.000000000,38804.000000000,7,YM
2024-06-10T13:46:51.000000000Z,32,1,80420,38803.000000000,38808.000000000,38803.000000000,38806.000000000,23,YM
2024-06-10T13:46:52.000000000Z,32,1,80420,38807.000000000,38807.000000000,38803.000000000,38804.000000000,7,YM
2024-06-10T13:46:53.000000000Z,32,1,80420,38804.000000000,38804.000000000,38802.000000000,38802.000000000,5,YM
2024-06-10T13:46:54.000000000Z,32,1,80420,38801.000000000,38801.000000000,38799.000000000,38800.000000000,21,YM
2024-06-10T13:46:55.000000000Z,32,1,80420,38797.000000000,38798.000000000,38797.000000000,38798.000000000,7,YM
2024-06-10T13:46:56.000000000Z,32,1,80420,38797.000000000,38797.000000000,38797.000000000,38797.000000000,1,YM
2024-06-10T13:46:57.000000000Z,32,1,80420,38799.000000000,38802.000000000,38799.000000000,38802.000000000,4,YM
2024-06-10T13:46:58.000000000Z,32,1,80420,38804.000000000,38805.000000000,38804.000000000,38805.000000000,2,YM
2024-06-10T13:46:59.000000000Z,32,1,80420,38804.000000000,38805.000000000,38804.000000000,38805.000000000,3,YM
2024-06-10T13:47:00.000000000Z,32,1,80420,38802.000000000,38806.000000000,38800.000000000,38803.000000000,20,YM
2024-06-10T13:47:01.000000000Z,32,1,80420,38804.000000000,38807.000000000,38804.000000000,38805.000000000,71,YM
2024-06-10T13:47:02.000000000Z,32,1,80420,38804.000000000,38805.000000000,38804.000000000,38804.000000000,5,YM
2024-06-10T13:47:03.000000000Z,32,1,80420,38807.000000000,38807.000000000,38805.000000000,38805.000000000,3,YM
2024-06-10T13:47:04.000000000Z,32,1,80420,38806.000000000,38806.000000000,38802.000000000,38802.000000000,14,YM
2024-06-10T13:47:05.000000000Z,32,1,80420,38803.000000000,38804.000000000,38803.000000000,38803.000000000,4,YM
2024-06-10T13:47:06.000000000Z,32,1,80420,38802.000000000,38802.000000000,38800.000000000,38800.000000000,5,YM
2024-06-10T13:47:07.000000000Z,32,1,80420,38800.000000000,38800.000000000,38799.000000000,38800.000000000,3,YM
2024-06-10T13:47:08.000000000Z,32,1,80420,38800.000000000,38801.000000000,38797.000000000,38799.000000000,23,YM
2024-06-10T13:47:09.000000000Z,32,1,80420,38797.000000000,38797.000000000,38796.000000000,38796.000000000,10,YM
2024-06-10T13:47:10.000000000Z,32,1,80420,38796.000000000,38796.000000000,38790.000000000,38790.000000000,27,YM
2024-06-10T13:47:11.000000000Z,32,1,80420,38790.000000000,38791.000000000,38790.000000000,38791.000000000,6,YM
2024-06-10T13:47:12.000000000Z,32,1,80420,38791.000000000,38791.000000000,38788.000000000,38789.000000000,8,YM
2024-06-10T13:47:13.000000000Z,32,1,80420,38794.000000000,38794.000000000,38792.000000000,38792.000000000,11,YM
2024-06-10T13:47:14.000000000Z,32,1,80420,38798.000000000,38798.000000000,38795.000000000,38796.000000000,6,YM
2024-06-10T13:47:15.000000000Z,32,1,80420,38796.000000000,38796.000000000,38796.000000000,38796.000000000,3,YM
2024-06-10T13:47:16.000000000Z,32,1,80420,38797.000000000,38797.000000000,38797.000000000,38797.000000000,1,YM
2024-06-10T13:47:19.000000000Z,32,1,80420,38797.000000000,38797.000000000,38797.000000000,38797.000000000,4,YM
2024-06-10T13:47:20.000000000Z,32,1,80420,38798.000000000,38800.000000000,38798.000000000,38800.000000000,5,YM
2024-06-10T13:47:21.000000000Z,32,1,80420,38798.000000000,38798.000000000,38798.000000000,38798.000000000,4,YM
2024-06-10T13:47:22.000000000Z,32,1,80420,38798.000000000,38798.000000000,38795.000000000,38795.000000000,11,YM
2024-06-10T13:47:23.000000000Z,32,1,80420,38794.000000000,38794.000000000,38794.000000000,38794.000000000,1,YM
2024-06-10T13:47:24.000000000Z,32,1,80420,38796.000000000,38797.000000000,38796.000000000,38797.000000000,4,YM
2024-06-10T13:47:25.000000000Z,32,1,80420,38796.000000000,38796.000000000,38795.000000000,38796.000000000,5,YM
2024-06-10T13:47:26.000000000Z,32,1,80420,38797.000000000,38800.000000000,38797.000000000,38799.000000000,5,YM
2024-06-10T13:47:27.000000000Z,32,1,80420,38799.000000000,38799.000000000,38799.000000000,38799.000000000,4,YM
2024-06-10T13:47:29.000000000Z,32,1,80420,38798.000000000,38798.000000000,38795.000000000,38795.000000000,4,YM
2024-06-10T13:47:30.000000000Z,32,1,80420,38795.000000000,38795.000000000,38792.000000000,38792.000000000,2,YM
2024-06-10T13:47:31.000000000Z,32,1,80420,38794.000000000,38795.000000000,38794.000000000,38795.000000000,3,YM
2024-06-10T13:47:32.000000000Z,32,1,80420,38793.000000000,38793.000000000,38793.000000000,38793.000000000,1,YM
2024-06-10T13:47:33.000000000Z,32,1,80420,38792.000000000,38792.000000000,38791.000000000,38791.000000000,3,YM
2024-06-10T13:47:34.000000000Z,32,1,80420,38791.000000000,38791.000000000,38790.000000000,38791.000000000,3,YM
2024-06-10T13:47:35.000000000Z,32,1,80420,38792.000000000,38792.000000000,38792.000000000,38792.000000000,1,YM
2024-06-10T13:47:36.000000000Z,32,1,80420,38790.000000000,38790.000000000,38789.000000000,38789.000000000,2,YM
2024-06-10T13:47:37.000000000Z,32,1,80420,38789.000000000,38789.000000000,38789.000000000,38789.000000000,5,YM
2024-06-10T13:47:38.000000000Z,32,1,80420,38789.000000000,38789.000000000,38788.000000000,38789.000000000,5,YM
2024-06-10T13:47:39.000000000Z,32,1,80420,38790.000000000,38791.000000000,38790.000000000,38791.000000000,2,YM
2024-06-10T13:47:40.000000000Z,32,1,80420,38792.000000000,38795.000000000,38792.000000000,38794.000000000,6,YM
2024-06-10T13:47:41.000000000Z,32,1,80420,38794.000000000,38796.000000000,38794.000000000,38795.000000000,4,YM
2024-06-10T13:47:42.000000000Z,32,1,80420,38796.000000000,38796.000000000,38796.000000000,38796.000000000,2,YM
2024-06-10T13:47:43.000000000Z,32,1,80420,38796.000000000,38796.000000000,38795.000000000,38796.000000000,10,YM
2024-06-10T13:47:44.000000000Z,32,1,80420,38795.000000000,38795.000000000,38795.000000000,38795.000000000,1,YM
2024-06-10T13:47:45.000000000Z,32,1,80420,38798.000000000,38798.000000000,38798.000000000,38798.000000000,1,YM
2024-06-10T13:47:46.000000000Z,32,1,80420,38798.000000000,38802.000000000,38798.000000000,38800.000000000,10,YM
2024-06-10T13:47:47.000000000Z,32,1,80420,38798.000000000,38798.000000000,38796.000000000,38796.000000000,8,YM
2024-06-10T13:47:48.000000000Z,32,1,80420,38795.000000000,38796.000000000,38795.000000000,38796.000000000,2,YM
2024-06-10T13:47:49.000000000Z,32,1,80420,38795.000000000,38796.000000000,38795.000000000,38796.000000000,3,YM
2024-06-10T13:47:50.000000000Z,32,1,80420,38796.000000000,38797.000000000,38796.000000000,38797.000000000,2,YM
2024-06-10T13:47:52.000000000Z,32,1,80420,38797.000000000,38798.000000000,38797.000000000,38798.000000000,2,YM
2024-06-10T13:47:54.000000000Z,32,1,80420,38797.000000000,38797.000000000,38796.000000000,38796.000000000,2,YM
2024-06-10T13:47:55.000000000Z,32,1,80420,38795.000000000,38795.000000000,38795.000000000,38795.000000000,3,YM
2024-06-10T13:47:56.000000000Z,32,1,80420,38797.000000000,38797.000000000,38797.000000000,38797.000000000,2,YM
2024-06-10T13:47:58.000000000Z,32,1,80420,38799.000000000,38799.000000000,38799.000000000,38799.000000000,2,YM
2024-06-10T13:47:59.000000000Z,32,1,80420,38799.000000000,38801.000000000,38799.000000000,38801.000000000,4,YM
2024-06-10T13:48:00.000000000Z,32,1,80420,38802.000000000,38803.000000000,38801.000000000,38803.000000000,8,YM
2024-06-10T13:48:01.000000000Z,32,1,80420,38802.000000000,38802.000000000,38802.000000000,38802.000000000,3,YM
2024-06-10T13:48:02.000000000Z,32,1,80420,38802.000000000,38803.000000000,38802.000000000,38803.000000000,3,YM
2024-06-10T13:48:04.000000000Z,32,1,80420,38804.000000000,38804.000000000,38804.000000000,38804.000000000,3,YM
2024-06-10T13:48:05.000000000Z,32,1,80420,38805.000000000,38807.000000000,38805.000000000,38806.000000000,20,YM
2024-06-10T13:48:06.000000000Z,32,1,80420,38804.000000000,38804.000000000,38804.000000000,38804.000000000,1,YM
2024-06-10T13:48:07.000000000Z,32,1,80420,38803.000000000,38803.000000000,38803.000000000,38803.000000000,2,YM
2024-06-10T13:48:08.000000000Z,32,1,80420,38801.000000000,38801.000000000,38800.000000000,38801.000000000,7,YM
2024-06-10T13:48:09.000000000Z,32,1,80420,38800.000000000,38800.000000000,38798.000000000,38798.000000000,9,YM
2024-06-10T13:48:10.000000000Z,32,1,80420,38797.000000000,38797.000000000,38794.000000000,38795.000000000,16,YM
2024-06-10T13:48:13.000000000Z,32,1,80420,38797.000000000,38797.000000000,38796.000000000,38796.000000000,6,YM
2024-06-10T13:48:15.000000000Z,32,1,80420,38798.000000000,38798.000000000,38798.000000000,38798.000000000,1,YM
2024-06-10T13:48:16.000000000Z,32,1,80420,38801.000000000,38801.000000000,38799.000000000,38799.000000000,16,YM
2024-06-10T13:48:17.000000000Z,32,1,80420,38798.000000000,38798.000000000,38798.000000000,38798.000000000,8,YM
2024-06-10T13:48:18.000000000Z,32,1,80420,38799.000000000,38799.000000000,38797.000000000,38797.000000000,6,YM
2024-06-10T13:48:19.000000000Z,32,1,80420,38797.000000000,38797.000000000,38797.000000000,38797.000000000,3,YM
2024-06-10T13:48:20.000000000Z,32,1,80420,38797.000000000,38800.000000000,38797.000000000,38800.000000000,7,YM
2024-06-10T13:48:21.000000000Z,32,1,80420,38800.000000000,38802.000000000,38800.000000000,38802.000000000,3,YM
2024-06-10T13:48:23.000000000Z,32,1,80420,38801.000000000,38806.000000000,38801.000000000,38806.000000000,11,YM
2024-06-10T13:48:24.000000000Z,32,1,80420,38807.000000000,38811.000000000,38807.000000000,38809.000000000,11,YM
2024-06-10T13:48:25.000000000Z,32,1,80420,38810.000000000,38810.000000000,38808.000000000,38808.000000000,6,YM
2024-06-10T13:48:26.000000000Z,32,1,80420,38810.000000000,38812.000000000,38810.000000000,38812.000000000,8,YM
2024-06-10T13:48:27.000000000Z,32,1,80420,38811.000000000,38813.000000000,38811.000000000,38813.000000000,4,YM
2024-06-10T13:48:28.000000000Z,32,1,80420,38813.000000000,38813.000000000,38811.000000000,38811.000000000,4,YM
2024-06-10T13:48:29.000000000Z,32,1,80420,38812.000000000,38813.000000000,38812.000000000,38813.000000000,5,YM
2024-06-10T13:48:30.000000000Z,32,1,80420,38812.000000000,38813.000000000,38812.000000000,38813.000000000,2,YM
2024-06-10T13:48:31.000000000Z,32,1,80420,38814.000000000,38814.000000000,38814.000000000,38814.000000000,1,YM
2024-06-10T13:48:32.000000000Z,32,1,80420,38814.000000000,38815.000000000,38814.000000000,38815.000000000,3,YM
2024-06-10T13:48:33.000000000Z,32,1,80420,38814.000000000,38814.000000000,38814.000000000,38814.000000000,2,YM
2024-06-10T13:48:34.000000000Z,32,1,80420,38815.000000000,38817.000000000,38815.000000000,38817.000000000,4,YM
2024-06-10T13:48:35.000000000Z,32,1,80420,38819.000000000,38823.000000000,38819.000000000,38822.000000000,41,YM
2024-06-10T13:48:36.000000000Z,32,1,80420,38823.000000000,38825.000000000,38823.000000000,38823.000000000,9,YM
2024-06-10T13:48:37.000000000Z,32,1,80420,38825.000000000,38825.000000000,38825.000000000,38825.000000000,11,YM
2024-06-10T13:48:38.000000000Z,32,1,80420,38826.000000000,38826.000000000,38823.000000000,38823.000000000,10,YM
2024-06-10T13:48:39.000000000Z,32,1,80420,38823.000000000,38823.000000000,38821.000000000,38821.000000000,5,YM
2024-06-10T13:48:40.000000000Z,32,1,80420,38822.000000000,38824.000000000,38822.000000000,38823.000000000,12,YM
2024-06-10T13:48:41.000000000Z,32,1,80420,38824.000000000,38824.000000000,38822.000000000,38822.000000000,7,YM
2024-06-10T13:48:42.000000000Z,32,1,80420,38822.000000000,38822.000000000,38821.000000000,38821.000000000,2,YM
2024-06-10T13:48:43.000000000Z,32,1,80420,38821.000000000,38822.000000000,38821.000000000,38822.000000000,3,YM
2024-06-10T13:48:44.000000000Z,32,1,80420,38822.000000000,38824.000000000,38822.000000000,38824.000000000,3,YM
2024-06-10T13:48:45.000000000Z,32,1,80420,38823.000000000,38823.000000000,38823.000000000,38823.000000000,1,YM
2024-06-10T13:48:47.000000000Z,32,1,80420,38824.000000000,38827.000000000,38824.000000000,38827.000000000,11,YM
2024-06-10T13:48:48.000000000Z,32,1,80420,38826.000000000,38828.000000000,38826.000000000,38826.000000000,3,YM
2024-06-10T13:48:49.000000000Z,32,1,80420,38826.000000000,38826.000000000,38826.000000000,38826.000000000,1,YM
2024-06-10T13:48:50.000000000Z,32,1,80420,38825.000000000,38825.000000000,38822.000000000,38822.000000000,12,YM
2024-06-10T13:48:51.000000000Z,32,1,80420,38821.000000000,38823.000000000,38821.000000000,38822.000000000,6,YM
2024-06-10T13:48:52.000000000Z,32,1,80420,38822.000000000,38824.000000000,38822.000000000,38824.000000000,8,YM
2024-06-10T13:48:53.000000000Z,32,1,80420,38823.000000000,38823.000000000,38821.000000000,38821.000000000,9,YM
2024-06-10T13:48:54.000000000Z,32,1,80420,38820.000000000,38820.000000000,38819.000000000,38819.000000000,9,YM
2024-06-10T13:48:55.000000000Z,32,1,80420,38820.000000000,38820.000000000,38820.000000000,38820.000000000,1,YM
2024-06-10T13:48:56.000000000Z,32,1,80420,38819.000000000,38821.000000000,38819.000000000,38821.000000000,2,YM
2024-06-10T13:48:57.000000000Z,32,1,80420,38823.000000000,38823.000000000,38822.000000000,38822.000000000,5,YM
2024-06-10T13:48:58.000000000Z,32,1,80420,38823.000000000,38824.000000000,38823.000000000,38823.000000000,3,YM
2024-06-10T13:49:00.000000000Z,32,1,80420,38823.000000000,38826.000000000,38823.000000000,38826.000000000,7,YM
2024-06-10T13:49:01.000000000Z,32,1,80420,38827.000000000,38829.000000000,38827.000000000,38828.000000000,12,YM
2024-06-10T13:49:02.000000000Z,32,1,80420,38828.000000000,38828.000000000,38822.000000000,38822.000000000,12,YM
2024-06-10T13:49:03.000000000Z,32,1,80420,38822.000000000,38822.000000000,38820.000000000,38820.000000000,9,YM
2024-06-10T13:49:04.000000000Z,32,1,80420,38821.000000000,38821.000000000,38819.000000000,38821.000000000,11,YM
2024-06-10T13:49:05.000000000Z,32,1,80420,38821.000000000,38821.000000000,38819.000000000,38819.000000000,2,YM
2024-06-10T13:49:06.000000000Z,32,1,80420,38820.000000000,38821.000000000,38820.000000000,38821.000000000,7,YM
2024-06-10T13:49:07.000000000Z,32,1,80420,38822.000000000,38827.000000000,38822.000000000,38825.000000000,9,YM
2024-06-10T13:49:08.000000000Z,32,1,80420,38827.000000000,38827.000000000,38827.000000000,38827.000000000,5,YM
2024-06-10T13:49:09.000000000Z,32,1,80420,38827.000000000,38827.000000000,38824.000000000,38824.000000000,6,YM
2024-06-10T13:49:10.000000000Z,32,1,80420,38824.000000000,38826.000000000,38824.000000000,38826.000000000,5,YM
2024-06-10T13:49:12.000000000Z,32,1,80420,38828.000000000,38828.000000000,38828.000000000,38828.000000000,1,YM
2024-06-10T13:49:13.000000000Z,32,1,80420,38826.000000000,38826.000000000,38826.000000000,38826.000000000,1,YM
2024-06-10T13:49:14.000000000Z,32,1,80420,38828.000000000,38828.000000000,38825.000000000,38827.000000000,4,YM
2024-06-10T13:49:15.000000000Z,32,1,80420,38828.000000000,38828.000000000,38827.000000000,38827.000000000,2,YM
2024-06-10T13:49:18.000000000Z,32,1,80420,38829.000000000,38829.000000000,38827.000000000,38827.000000000,3,YM
2024-06-10T13:49:19.000000000Z,32,1,80420,38828.000000000,38828.000000000,38828.000000000,38828.000000000,1,YM
2024-06-10T13:49:20.000000000Z,32,1,80420,38829.000000000,38832.000000000,38829.000000000,38829.000000000,22,YM
2024-06-10T13:49:21.000000000Z,32,1,80420,38830.000000000,38830.000000000,38829.000000000,38829.000000000,7,YM
2024-06-10T13:49:24.000000000Z,32,1,80420,38833.000000000,38833.000000000,38833.000000000,38833.000000000,4,YM
2024-06-10T13:49:25.000000000Z,32,1,80420,38832.000000000,38833.000000000,38832.000000000,38833.000000000,10,YM
2024-06-10T13:49:26.000000000Z,32,1,80420,38834.000000000,38836.000000000,38834.000000000,38836.000000000,9,YM
2024-06-10T13:49:27.000000000Z,32,1,80420,38835.000000000,38836.000000000,38833.000000000,38836.000000000,12,YM
2024-06-10T13:49:28.000000000Z,32,1,80420,38833.000000000,38835.000000000,38833.000000000,38835.000000000,3,YM
2024-06-10T13:49:29.000000000Z,32,1,80420,38835.000000000,38835.000000000,38835.000000000,38835.000000000,1,YM
2024-06-10T13:49:30.000000000Z,32,1,80420,38833.000000000,38833.000000000,38830.000000000,38830.000000000,6,YM
2024-06-10T13:49:31.000000000Z,32,1,80420,38830.000000000,38830.000000000,38829.000000000,38829.000000000,3,YM
2024-06-10T13:49:32.000000000Z,32,1,80420,38831.000000000,38832.000000000,38831.000000000,38832.000000000,4,YM
2024-06-10T13:49:33.000000000Z,32,1,80420,38832.000000000,38832.000000000,38831.000000000,38831.000000000,3,YM
2024-06-10T13:49:34.000000000Z,32,1,80420,38833.000000000,38834.000000000,38833.000000000,38834.000000000,2,YM
2024-06-10T13:49:35.000000000Z,32,1,80420,38836.000000000,38836.000000000,38832.000000000,38832.000000000,3,YM
2024-06-10T13:49:36.000000000Z,32,1,80420,38832.000000000,38832.000000000,38831.000000000,38831.000000000,6,YM
2024-06-10T13:49:37.000000000Z,32,1,80420,38829.000000000,38829.000000000,38826.000000000,38826.000000000,21,YM
2024-06-10T13:49:38.000000000Z,32,1,80420,38825.000000000,38826.000000000,38825.000000000,38826.000000000,5,YM
2024-06-10T13:49:39.000000000Z,32,1,80420,38824.000000000,38824.000000000,38823.000000000,38824.000000000,12,YM
2024-06-10T13:49:41.000000000Z,32,1,80420,38823.000000000,38823.000000000,38822.000000000,38823.000000000,12,YM
2024-06-10T13:49:42.000000000Z,32,1,80420,38824.000000000,38824.000000000,38824.000000000,38824.000000000,2,YM
2024-06-10T13:49:43.000000000Z,32,1,80420,38825.000000000,38825.000000000,38825.000000000,38825.000000000,1,YM
2024-06-10T13:49:44.000000000Z,32,1,80420,38821.000000000,38821.000000000,38820.000000000,38820.000000000,7,YM
2024-06-10T13:49:45.000000000Z,32,1,80420,38821.000000000,38821.000000000,38819.000000000,38819.000000000,4,YM
2024-06-10T13:49:46.000000000Z,32,1,80420,38818.000000000,38818.000000000,38818.000000000,38818.000000000,1,YM
2024-06-10T13:49:47.000000000Z,32,1,80420,38819.000000000,38819.000000000,38819.000000000,38819.000000000,1,YM
2024-06-10T13:49:48.000000000Z,32,1,80420,38820.000000000,38820.000000000,38819.000000000,38819.000000000,4,YM
2024-06-10T13:49:49.000000000Z,32,1,80420,38818.000000000,38818.000000000,38818.000000000,38818.000000000,1,YM
2024-06-10T13:49:50.000000000Z,32,1,80420,38818.000000000,38818.000000000,38818.000000000,38818.000000000,2,YM
2024-06-10T13:49:51.000000000Z,32,1,80420,38819.000000000,38821.000000000,38819.000000000,38821.000000000,7,YM
2024-06-10T13:49:52.000000000Z,32,1,80420,38824.000000000,38825.000000000,38824.000000000,38825.000000000,4,YM
2024-06-10T13:49:53.000000000Z,32,1,80420,38826.000000000,38826.000000000,38826.000000000,38826.000000000,1,YM
2024-06-10T13:49:54.000000000Z,32,1,80420,38826.000000000,38827.000000000,38826.000000000,38827.000000000,4,YM
2024-06-10T13:49:55.000000000Z,32,1,80420,38828.000000000,38828.000000000,38828.000000000,38828.000000000,4,YM
2024-06-10T13:49:56.000000000Z,32,1,80420,38829.000000000,38831.000000000,38829.000000000,38831.000000000,3,YM
2024-06-10T13:49:57.000000000Z,32,1,80420,38829.000000000,38831.000000000,38828.000000000,38831.000000000,14,YM
2024-06-10T13:49:58.000000000Z,32,1,80420,38832.000000000,38834.000000000,38832.000000000,38834.000000000,3,YM
2024-06-10T13:50:00.000000000Z,32,1,80420,38833.000000000,38835.000000000,38833.000000000,38834.000000000,13,YM
2024-06-10T13:50:01.000000000Z,32,1,80420,38835.000000000,38835.000000000,38835.000000000,38835.000000000,5,YM
2024-06-10T13:50:02.000000000Z,32,1,80420,38835.000000000,38839.000000000,38835.000000000,38839.000000000,42,YM
2024-06-10T13:50:03.000000000Z,32,1,80420,38840.000000000,38840.000000000,38839.000000000,38840.000000000,16,YM
2024-06-10T13:50:04.000000000Z,32,1,80420,38840.000000000,38840.000000000,38837.000000000,38837.000000000,13,YM
2024-06-10T13:50:05.000000000Z,32,1,80420,38836.000000000,38837.000000000,38834.000000000,38835.000000000,5,YM
2024-06-10T13:50:06.000000000Z,32,1,80420,38834.000000000,38834.000000000,38833.000000000,38833.000000000,10,YM
2024-06-10T13:50:07.000000000Z,32,1,80420,38832.000000000,38834.000000000,38832.000000000,38834.000000000,7,YM
2024-06-10T13:50:08.000000000Z,32,1,80420,38831.000000000,38831.000000000,38831.000000000,38831.000000000,2,YM
2024-06-10T13:50:09.000000000Z,32,1,80420,38829.000000000,38829.000000000,38829.000000000,38829.000000000,3,YM
2024-06-10T13:50:11.000000000Z,32,1,80420,38830.000000000,38832.000000000,38830.000000000,38832.000000000,6,YM
2024-06-10T13:50:12.000000000Z,32,1,80420,38834.000000000,38834.000000000,38834.000000000,38834.000000000,1,YM
2024-06-10T13:50:13.000000000Z,32,1,80420,38835.000000000,38835.000000000,38835.000000000,38835.000000000,1,YM
2024-06-10T13:50:15.000000000Z,32,1,80420,38837.000000000,38838.000000000,38837.000000000,38838.000000000,5,YM
2024-06-10T13:50:17.000000000Z,32,1,80420,38837.000000000,38837.000000000,38837.000000000,38837.000000000,1,YM
2024-06-10T13:50:18.000000000Z,32,1,80420,38838.000000000,38839.000000000,38836.000000000,38836.000000000,8,YM
2024-06-10T13:50:19.000000000Z,32,1,80420,38835.000000000,38835.000000000,38835.000000000,38835.000000000,1,YM
2024-06-10T13:50:20.000000000Z,32,1,80420,38836.000000000,38836.000000000,38831.000000000,38831.000000000,9,YM
2024-06-10T13:50:21.000000000Z,32,1,80420,38832.000000000,38832.000000000,38829.000000000,38831.000000000,23,YM
2024-06-10T13:50:22.000000000Z,32,1,80420,38833.000000000,38834.000000000,38831.000000000,38833.000000000,10,YM
2024-06-10T13:50:23.000000000Z,32,1,80420,38833.000000000,38834.000000000,38832.000000000,38834.000000000,5,YM
2024-06-10T13:50:24.000000000Z,32,1,80420,38834.000000000,38834.000000000,38832.000000000,38832.000000000,12,YM
2024-06-10T13:50:25.000000000Z,32,1,80420,38833.000000000,38835.000000000,38833.000000000,38835.000000000,4,YM
2024-06-10T13:50:27.000000000Z,32,1,80420,38838.000000000,38838.000000000,38836.000000000,38837.000000000,10,YM
2024-06-10T13:50:29.000000000Z,32,1,80420,38835.000000000,38835.000000000,38833.000000000,38833.000000000,6,YM
2024-06-10T13:50:31.000000000Z,32,1,80420,38834.000000000,38834.000000000,38832.000000000,38832.000000000,6,YM
2024-06-10T13:50:32.000000000Z,32,1,80420,38832.000000000,38835.000000000,38832.000000000,38835.000000000,8,YM
2024-06-10T13:50:33.000000000Z,32,1,80420,38834.000000000,38834.000000000,38834.000000000,38834.000000000,1,YM
2024-06-10T13:50:34.000000000Z,32,1,80420,38834.000000000,38837.000000000,38834.000000000,38836.000000000,15,YM
2024-06-10T13:50:35.000000000Z,32,1,80420,38836.000000000,38838.000000000,38836.000000000,38837.000000000,4,YM
2024-06-10T13:50:36.000000000Z,32,1,80420,38836.000000000,38836.000000000,38833.000000000,38833.000000000,10,YM
2024-06-10T13:50:37.000000000Z,32,1,80420,38833.000000000,38834.000000000,38831.000000000,38831.000000000,10,YM
2024-06-10T13:50:38.000000000Z,32,1,80420,38833.000000000,38833.000000000,38831.000000000,38833.000000000,34,YM
2024-06-10T13:50:39.000000000Z,32,1,80420,38833.000000000,38833.000000000,38833.000000000,38833.000000000,1,YM
2024-06-10T13:50:40.000000000Z,32,1,80420,38831.000000000,38833.000000000,38831.000000000,38833.000000000,2,YM
2024-06-10T13:50:41.000000000Z,32,1,80420,38832.000000000,38833.000000000,38832.000000000,38833.000000000,2,YM
2024-06-10T13:50:42.000000000Z,32,1,80420,38831.000000000,38831.000000000,38830.000000000,38830.000000000,5,YM
2024-06-10T13:50:43.000000000Z,32,1,80420,38832.000000000,38837.000000000,38832.000000000,38836.000000000,12,YM
2024-06-10T13:50:44.000000000Z,32,1,80420,38837.000000000,38837.000000000,38837.000000000,38837.000000000,2,YM
2024-06-10T13:50:45.000000000Z,32,1,80420,38835.000000000,38835.000000000,38834.000000000,38834.000000000,4,YM
2024-06-10T13:50:47.000000000Z,32,1,80420,38836.000000000,38837.000000000,38836.000000000,38837.000000000,5,YM
2024-06-10T13:50:48.000000000Z,32,1,80420,38837.000000000,38842.000000000,38837.000000000,38840.000000000,72,YM
2024-06-10T13:50:50.000000000Z,32,1,80420,38840.000000000,38841.000000000,38839.000000000,38839.000000000,4,YM
2024-06-10T13:50:51.000000000Z,32,1,80420,38838.000000000,38838.000000000,38837.000000000,38837.000000000,7,YM
2024-06-10T13:50:52.000000000Z,32,1,80420,38836.000000000,38836.000000000,38836.000000000,38836.000000000,3,YM
2024-06-10T13:50:54.000000000Z,32,1,80420,38839.000000000,38841.000000000,38839.000000000,38841.000000000,5,YM
2024-06-10T13:50:55.000000000Z,32,1,80420,38841.000000000,38841.000000000,38840.000000000,38840.000000000,3,YM
2024-06-10T13:50:56.000000000Z,32,1,80420,38841.000000000,38841.000000000,38841.000000000,38841.000000000,1,YM
2024-06-10T13:50:57.000000000Z,32,1,80420,38842.000000000,38843.000000000,38842.000000000,38843.000000000,8,YM
2024-06-10T13:50:58.000000000Z,32,1,80420,38844.000000000,38845.000000000,38844.000000000,38844.000000000,9,YM
2024-06-10T13:50:59.000000000Z,32,1,80420,38844.000000000,38844.000000000,38841.000000000,38841.000000000,8,YM
2024-06-10T13:51:00.000000000Z,32,1,80420,38840.000000000,38842.000000000,38839.000000000,38842.000000000,16,YM
2024-06-10T13:51:01.000000000Z,32,1,80420,38841.000000000,38841.000000000,38841.000000000,38841.000000000,1,YM
2024-06-10T13:51:02.000000000Z,32,1,80420,38839.000000000,38840.000000000,38839.000000000,38839.000000000,4,YM
2024-06-10T13:51:03.000000000Z,32,1,80420,38839.000000000,38839.000000000,38838.000000000,38839.000000000,7,YM
2024-06-10T13:51:04.000000000Z,32,1,80420,38839.000000000,38839.000000000,38837.000000000,38838.000000000,5,YM
2024-06-10T13:51:05.000000000Z,32,1,80420,38837.000000000,38837.000000000,38837.000000000,38837.000000000,1,YM
2024-06-10T13:51:06.000000000Z,32,1,80420,38838.000000000,38838.000000000,38836.000000000,38838.000000000,10,YM
2024-06-10T13:51:07.000000000Z,32,1,80420,38838.000000000,38838.000000000,38837.000000000,38837.000000000,2,YM
2024-06-10T13:51:08.000000000Z,32,1,80420,38839.000000000,38845.000000000,38839.000000000,38844.000000000,17,YM
2024-06-10T13:51:09.000000000Z,32,1,80420,38843.000000000,38843.000000000,38840.000000000,38840.000000000,9,YM
2024-06-10T13:51:10.000000000Z,32,1,80420,38840.000000000,38841.000000000,38840.000000000,38841.000000000,5,YM
2024-06-10T13:51:11.000000000Z,32,1,80420,38840.000000000,38840.000000000,38840.000000000,38840.000000000,1,YM
2024-06-10T13:51:12.000000000Z,32,1,80420,38841.000000000,38842.000000000,38841.000000000,38842.000000000,6,YM
2024-06-10T13:51:13.000000000Z,32,1,80420,38841.000000000,38841.000000000,38841.000000000,38841.000000000,2,YM
2024-06-10T13:51:14.000000000Z,32,1,80420,38842.000000000,38846.000000000,38842.000000000,38846.000000000,4,YM
2024-06-10T13:51:15.000000000Z,32,1,80420,38844.000000000,38846.000000000,38844.000000000,38846.000000000,15,YM
2024-06-10T13:51:16.000000000Z,32,1,80420,38845.000000000,38846.000000000,38845.000000000,38846.000000000,3,YM
2024-06-10T13:51:17.000000000Z,32,1,80420,38845.000000000,38846.000000000,38844.000000000,38844.000000000,5,YM
2024-06-10T13:51:18.000000000Z,32,1,80420,38843.000000000,38843.000000000,38843.000000000,38843.000000000,1,YM
2024-06-10T13:51:19.000000000Z,32,1,80420,38843.000000000,38843.000000000,38840.000000000,38843.000000000,61,YM
2024-06-10T13:51:20.000000000Z,32,1,80420,38841.000000000,38842.000000000,38841.000000000,38842.000000000,4,YM
2024-06-10T13:51:21.000000000Z,32,1,80420,38842.000000000,38842.000000000,38840.000000000,38840.000000000,3,YM
2024-06-10T13:51:22.000000000Z,32,1,80420,38839.000000000,38840.000000000,38839.000000000,38840.000000000,10,YM
2024-06-10T13:51:23.000000000Z,32,1,80420,38841.000000000,38842.000000000,38841.000000000,38841.000000000,3,YM
2024-06-10T13:51:24.000000000Z,32,1,80420,38840.000000000,38840.000000000,38837.000000000,38837.000000000,12,YM
2024-06-10T13:51:26.000000000Z,32,1,80420,38839.000000000,38839.000000000,38837.000000000,38837.000000000,2,YM
2024-06-10T13:51:27.000000000Z,32,1,80420,38838.000000000,38840.000000000,38838.000000000,38840.000000000,2,YM
2024-06-10T13:51:28.000000000Z,32,1,80420,38840.000000000,38842.000000000,38840.000000000,38842.000000000,3,YM
2024-06-10T13:51:29.000000000Z,32,1,80420,38841.000000000,38841.000000000,38841.000000000,38841.000000000,1,YM
2024-06-10T13:51:30.000000000Z,32,1,80420,38841.000000000,38841.000000000,38841.000000000,38841.000000000,1,YM
2024-06-10T13:51:31.000000000Z,32,1,80420,38841.000000000,38845.000000000,38841.000000000,38845.000000000,11,YM
2024-06-10T13:51:32.000000000Z,32,1,80420,38845.000000000,38846.000000000,38845.000000000,38845.000000000,13,YM
2024-06-10T13:51:33.000000000Z,32,1,80420,38845.000000000,38846.000000000,38845.000000000,38846.000000000,5,YM
2024-06-10T13:51:34.000000000Z,32,1,80420,38847.000000000,38847.000000000,38847.000000000,38847.000000000,9,YM
2024-06-10T13:51:35.000000000Z,32,1,80420,38848.000000000,38848.000000000,38847.000000000,38848.000000000,7,YM
2024-06-10T13:51:36.000000000Z,32,1,80420,38847.000000000,38849.000000000,38847.000000000,38849.000000000,3,YM
2024-06-10T13:51:38.000000000Z,32,1,80420,38847.000000000,38848.000000000,38847.000000000,38848.000000000,2,YM
2024-06-10T13:51:39.000000000Z,32,1,80420,38848.000000000,38849.000000000,38848.000000000,38848.000000000,5,YM
2024-06-10T13:51:40.000000000Z,32,1,80420,38848.000000000,38849.000000000,38848.000000000,38849.000000000,3,YM
2024-06-10T13:51:41.000000000Z,32,1,80420,38850.000000000,38851.000000000,38850.000000000,38851.000000000,15,YM
2024-06-10T13:51:42.000000000Z,32,1,80420,38850.000000000,38850.000000000,38847.000000000,38847.000000000,6,YM
2024-06-10T13:51:43.000000000Z,32,1,80420,38846.000000000,38846.000000000,38846.000000000,38846.000000000,1,YM
2024-06-10T13:51:44.000000000Z,32,1,80420,38847.000000000,38847.000000000,38846.000000000,38846.000000000,3,YM
2024-06-10T13:51:45.000000000Z,32,1,80420,38848.000000000,38848.000000000,38848.000000000,38848.000000000,2,YM
2024-06-10T13:51:46.000000000Z,32,1,80420,38849.000000000,38849.000000000,38849.000000000,38849.000000000,4,YM
2024-06-10T13:51:47.000000000Z,32,1,80420,38850.000000000,38853.000000000,38850.000000000,38853.000000000,7,YM
2024-06-10T13:51:48.000000000Z,32,1,80420,38853.000000000,38853.000000000,38852.000000000,38852.000000000,5,YM
2024-06-10T13:51:49.000000000Z,32,1,80420,38852.000000000,38852.000000000,38852.000000000,38852.000000000,8,YM
2024-06-10T13:51:50.000000000Z,32,1,80420,38851.000000000,38852.000000000,38851.000000000,38852.000000000,9,YM
2024-06-10T13:51:51.000000000Z,32,1,80420,38851.000000000,38854.000000000,38851.000000000,38853.000000000,14,YM
2024-06-10T13:51:52.000000000Z,32,1,80420,38852.000000000,38852.000000000,38852.000000000,38852.000000000,2,YM
2024-06-10T13:51:53.000000000Z,32,1,80420,38851.000000000,38852.000000000,38851.000000000,38852.000000000,5,YM
2024-06-10T13:51:54.000000000Z,32,1,80420,38853.000000000,38854.000000000,38853.000000000,38854.000000000,6,YM
2024-06-10T13:51:55.000000000Z,32,1,80420,38853.000000000,38853.000000000,38853.000000000,38853.000000000,1,YM
2024-06-10T13:51:56.000000000Z,32,1,80420,38855.000000000,38858.000000000,38855.000000000,38858.000000000,25,YM
2024-06-10T13:51:57.000000000Z,32,1,80420,38857.000000000,38857.000000000,38856.000000000,38857.000000000,6,YM
2024-06-10T13:51:58.000000000Z,32,1,80420,38856.000000000,38858.000000000,38856.000000000,38858.000000000,8,YM
2024-06-10T13:51:59.000000000Z,32,1,80420,38859.000000000,38859.000000000,38857.000000000,38859.000000000,10,YM
2024-06-10T13:52:00.000000000Z,32,1,80420,38858.000000000,38858.000000000,38852.000000000,38853.000000000,20,YM
2024-06-10T13:52:01.000000000Z,32,1,80420,38853.000000000,38854.000000000,38850.000000000,38852.000000000,25,YM
2024-06-10T13:52:02.000000000Z,32,1,80420,38851.000000000,38851.000000000,38851.000000000,38851.000000000,2,YM
2024-06-10T13:52:03.000000000Z,32,1,80420,38850.000000000,38851.000000000,38850.000000000,38851.000000000,6,YM
2024-06-10T13:52:04.000000000Z,32,1,80420,38851.000000000,38851.000000000,38851.000000000,38851.000000000,3,YM
2024-06-10T13:52:05.000000000Z,32,1,80420,38852.000000000,38852.000000000,38850.000000000,38852.000000000,13,YM
2024-06-10T13:52:06.000000000Z,32,1,80420,38852.000000000,38852.000000000,38850.000000000,38852.000000000,8,YM
2024-06-10T13:52:07.000000000Z,32,1,80420,38851.000000000,38852.000000000,38851.000000000,38852.000000000,3,YM
2024-06-10T13:52:08.000000000Z,32,1,80420,38853.000000000,38859.000000000,38853.000000000,38859.000000000,15,YM
2024-06-10T13:52:09.000000000Z,32,1,80420,38859.000000000,38859.000000000,38859.000000000,38859.000000000,2,YM
2024-06-10T13:52:10.000000000Z,32,1,80420,38859.000000000,38859.000000000,38859.000000000,38859.000000000,1,YM
2024-06-10T13:52:11.000000000Z,32,1,80420,38859.000000000,38862.000000000,38858.000000000,38862.000000000,15,YM
2024-06-10T13:52:12.000000000Z,32,1,80420,38863.000000000,38864.000000000,38863.000000000,38864.000000000,4,YM
2024-06-10T13:52:13.000000000Z,32,1,80420,38863.000000000,38864.000000000,38862.000000000,38862.000000000,12,YM
2024-06-10T13:52:14.000000000Z,32,1,80420,38864.000000000,38864.000000000,38863.000000000,38863.000000000,12,YM
2024-06-10T13:52:15.000000000Z,32,1,80420,38864.000000000,38864.000000000,38864.000000000,38864.000000000,1,YM
2024-06-10T13:52:16.000000000Z,32,1,80420,38864.000000000,38865.000000000,38863.000000000,38863.000000000,40,YM
2024-06-10T13:52:17.000000000Z,32,1,80420,38862.000000000,38863.000000000,38862.000000000,38862.000000000,7,YM
2024-06-10T13:52:18.000000000Z,32,1,80420,38863.000000000,38863.000000000,38863.000000000,38863.000000000,1,YM
2024-06-10T13:52:19.000000000Z,32,1,80420,38862.000000000,38862.000000000,38862.000000000,38862.000000000,2,YM
2024-06-10T13:52:20.000000000Z,32,1,80420,38864.000000000,38864.000000000,38864.000000000,38864.000000000,4,YM
2024-06-10T13:52:21.000000000Z,32,1,80420,38866.000000000,38866.000000000,38865.000000000,38865.000000000,9,YM
2024-06-10T13:52:22.000000000Z,32,1,80420,38864.000000000,38864.000000000,38864.000000000,38864.000000000,5,YM
2024-06-10T13:52:23.000000000Z,32,1,80420,38865.000000000,38865.000000000,38865.000000000,38865.000000000,3,YM
2024-06-10T13:52:24.000000000Z,32,1,80420,38864.000000000,38866.000000000,38864.000000000,38866.000000000,11,YM
2024-06-10T13:52:25.000000000Z,32,1,80420,38867.000000000,38870.000000000,38867.000000000,38868.000000000,14,YM
2024-06-10T13:52:26.000000000Z,32,1,80420,38869.000000000,38870.000000000,38868.000000000,38868.000000000,9,YM
2024-06-10T13:52:27.000000000Z,32,1,80420,38869.000000000,38869.000000000,38868.000000000,38868.000000000,7,YM
2024-06-10T13:52:28.000000000Z,32,1,80420,38869.000000000,38869.000000000,38868.000000000,38868.000000000,4,YM
2024-06-10T13:52:29.000000000Z,32,1,80420,38868.000000000,38868.000000000,38867.000000000,38868.000000000,3,YM
2024-06-10T13:52:30.000000000Z,32,1,80420,38867.000000000,38867.000000000,38865.000000000,38867.000000000,9,YM
2024-06-10T13:52:31.000000000Z,32,1,80420,38866.000000000,38867.000000000,38866.000000000,38867.000000000,2,YM
2024-06-10T13:52:32.000000000Z,32,1,80420,38867.000000000,38868.000000000,38866.000000000,38868.000000000,5,YM
2024-06-10T13:52:33.000000000Z,32,1,80420,38868.000000000,38869.000000000,38868.000000000,38869.000000000,2,YM
2024-06-10T13:52:34.000000000Z,32,1,80420,38868.000000000,38868.000000000,38865.000000000,38866.000000000,5,YM
2024-06-10T13:52:35.000000000Z,32,1,80420,38867.000000000,38867.000000000,38867.000000000,38867.000000000,1,YM
2024-06-10T13:52:36.000000000Z,32,1,80420,38866.000000000,38866.000000000,38866.000000000,38866.000000000,1,YM
2024-06-10T13:52:37.000000000Z,32,1,80420,38867.000000000,38869.000000000,38866.000000000,38869.000000000,16,YM
2024-06-10T13:52:38.000000000Z,32,1,80420,38868.000000000,38868.000000000,38867.000000000,38867.000000000,3,YM
2024-06-10T13:52:39.000000000Z,32,1,80420,38866.000000000,38866.000000000,38864.000000000,38864.000000000,17,YM
2024-06-10T13:52:40.000000000Z,32,1,80420,38864.000000000,38864.000000000,38863.000000000,38863.000000000,7,YM
2024-06-10T13:52:41.000000000Z,32,1,80420,38863.000000000,38863.000000000,38862.000000000,38862.000000000,8,YM
2024-06-10T13:52:42.000000000Z,32,1,80420,38863.000000000,38865.000000000,38863.000000000,38865.000000000,12,YM
2024-06-10T13:52:43.000000000Z,32,1,80420,38864.000000000,38866.000000000,38864.000000000,38866.000000000,3,YM
2024-06-10T13:52:44.000000000Z,32,1,80420,38868.000000000,38869.000000000,38867.000000000,38867.000000000,13,YM
2024-06-10T13:52:45.000000000Z,32,1,80420,38869.000000000,38869.000000000,38868.000000000,38868.000000000,7,YM
2024-06-10T13:52:46.000000000Z,32,1,80420,38868.000000000,38869.000000000,38867.000000000,38869.000000000,9,YM
2024-06-10T13:52:47.000000000Z,32,1,80420,38870.000000000,38870.000000000,38868.000000000,38868.000000000,21,YM
2024-06-10T13:52:48.000000000Z,32,1,80420,38868.000000000,38868.000000000,38868.000000000,38868.000000000,1,YM
2024-06-10T13:52:49.000000000Z,32,1,80420,38868.000000000,38868.000000000,38866.000000000,38866.000000000,9,YM
2024-06-10T13:52:50.000000000Z,32,1,80420,38866.000000000,38866.000000000,38866.000000000,38866.000000000,2,YM
2024-06-10T13:52:51.000000000Z,32,1,80420,38867.000000000,38867.000000000,38867.000000000,38867.000000000,1,YM
2024-06-10T13:52:52.000000000Z,32,1,80420,38869.000000000,38869.000000000,38869.000000000,38869.000000000,5,YM
2024-06-10T13:52:53.000000000Z,32,1,80420,38869.000000000,38869.000000000,38868.000000000,38868.000000000,3,YM
2024-06-10T13:52:54.000000000Z,32,1,80420,38870.000000000,38871.000000000,38870.000000000,38871.000000000,11,YM
2024-06-10T13:52:55.000000000Z,32,1,80420,38871.000000000,38871.000000000,38871.000000000,38871.000000000,2,YM
2024-06-10T13:52:56.000000000Z,32,1,80420,38870.000000000,38870.000000000,38870.000000000,38870.000000000,7,YM
2024-06-10T13:52:57.000000000Z,32,1,80420,38870.000000000,38870.000000000,38869.000000000,38869.000000000,3,YM
2024-06-10T13:52:58.000000000Z,32,1,80420,38868.000000000,38868.000000000,38866.000000000,38867.000000000,9,YM
2024-06-10T13:52:59.000000000Z,32,1,80420,38869.000000000,38869.000000000,38869.000000000,38869.000000000,2,YM
2024-06-10T13:53:00.000000000Z,32,1,80420,38869.000000000,38871.000000000,38868.000000000,38871.000000000,11,YM
2024-06-10T13:53:01.000000000Z,32,1,80420,38871.000000000,38875.000000000,38871.000000000,38874.000000000,18,YM
2024-06-10T13:53:02.000000000Z,32,1,80420,38873.000000000,38873.000000000,38870.000000000,38870.000000000,8,YM
2024-06-10T13:53:03.000000000Z,32,1,80420,38869.000000000,38869.000000000,38865.000000000,38866.000000000,8,YM
2024-06-10T13:53:04.000000000Z,32,1,80420,38865.000000000,38866.000000000,38865.000000000,38866.000000000,5,YM
2024-06-10T13:53:05.000000000Z,32,1,80420,38867.000000000,38867.000000000,38865.000000000,38865.000000000,3,YM
2024-06-10T13:53:06.000000000Z,32,1,80420,38865.000000000,38866.000000000,38864.000000000,38864.000000000,10,YM
2024-06-10T13:53:07.000000000Z,32,1,80420,38865.000000000,38866.000000000,38863.000000000,38866.000000000,6,YM
2024-06-10T13:53:08.000000000Z,32,1,80420,38868.000000000,38870.000000000,38868.000000000,38870.000000000,5,YM
2024-06-10T13:53:09.000000000Z,32,1,80420,38870.000000000,38870.000000000,38869.000000000,38869.000000000,4,YM
2024-06-10T13:53:10.000000000Z,32,1,80420,38870.000000000,38870.000000000,38870.000000000,38870.000000000,1,YM
2024-06-10T13:53:11.000000000Z,32,1,80420,38868.000000000,38868.000000000,38867.000000000,38867.000000000,2,YM
2024-06-10T13:53:12.000000000Z,32,1,80420,38865.000000000,38865.000000000,38865.000000000,38865.000000000,2,YM
2024-06-10T13:53:14.000000000Z,32,1,80420,38868.000000000,38869.000000000,38868.000000000,38869.000000000,3,YM
2024-06-10T13:53:16.000000000Z,32,1,80420,38871.000000000,38871.000000000,38871.000000000,38871.000000000,2,YM
2024-06-10T13:53:17.000000000Z,32,1,80420,38870.000000000,38871.000000000,38870.000000000,38871.000000000,2,YM
2024-06-10T13:53:18.000000000Z,32,1,80420,38871.000000000,38872.000000000,38871.000000000,38872.000000000,3,YM
2024-06-10T13:53:19.000000000Z,32,1,80420,38872.000000000,38872.000000000,38872.000000000,38872.000000000,1,YM
2024-06-10T13:53:20.000000000Z,32,1,80420,38873.000000000,38874.000000000,38873.000000000,38874.000000000,8,YM
2024-06-10T13:53:21.000000000Z,32,1,80420,38875.000000000,38875.000000000,38875.000000000,38875.000000000,6,YM
2024-06-10T13:53:22.000000000Z,32,1,80420,38875.000000000,38875.000000000,38875.000000000,38875.000000000,1,YM
2024-06-10T13:53:23.000000000Z,32,1,80420,38876.000000000,38878.000000000,38876.000000000,38878.000000000,10,YM
2024-06-10T13:53:24.000000000Z,32,1,80420,38879.000000000,38879.000000000,38878.000000000,38878.000000000,12,YM
2024-06-10T13:53:25.000000000Z,32,1,80420,38879.000000000,38881.000000000,38879.000000000,38880.000000000,11,YM
2024-06-10T13:53:26.000000000Z,32,1,80420,38881.000000000,38881.000000000,38879.000000000,38879.000000000,8,YM
2024-06-10T13:53:27.000000000Z,32,1,80420,38880.000000000,38880.000000000,38880.000000000,38880.000000000,2,YM
2024-06-10T13:53:28.000000000Z,32,1,80420,38880.000000000,38880.000000000,38879.000000000,38880.000000000,3,YM
2024-06-10T13:53:29.000000000Z,32,1,80420,38880.000000000,38883.000000000,38880.000000000,38883.000000000,5,YM
2024-06-10T13:53:30.000000000Z,32,1,80420,38883.000000000,38883.000000000,38877.000000000,38877.000000000,12,YM
2024-06-10T13:53:31.000000000Z,32,1,80420,38878.000000000,38878.000000000,38878.000000000,38878.000000000,5,YM
2024-06-10T13:53:32.000000000Z,32,1,80420,38876.000000000,38876.000000000,38876.000000000,38876.000000000,2,YM
2024-06-10T13:53:33.000000000Z,32,1,80420,38876.000000000,38877.000000000,38874.000000000,38874.000000000,10,YM
2024-06-10T13:53:34.000000000Z,32,1,80420,38873.000000000,38875.000000000,38873.000000000,38875.000000000,9,YM
2024-06-10T13:53:35.000000000Z,32,1,80420,38875.000000000,38875.000000000,38874.000000000,38874.000000000,2,YM
2024-06-10T13:53:36.000000000Z,32,1,80420,38874.000000000,38875.000000000,38873.000000000,38874.000000000,4,YM
2024-06-10T13:53:37.000000000Z,32,1,80420,38875.000000000,38875.000000000,38870.000000000,38870.000000000,12,YM
2024-06-10T13:53:38.000000000Z,32,1,80420,38871.000000000,38871.000000000,38869.000000000,38870.000000000,17,YM
2024-06-10T13:53:39.000000000Z,32,1,80420,38869.000000000,38871.000000000,38869.000000000,38871.000000000,6,YM
2024-06-10T13:53:40.000000000Z,32,1,80420,38871.000000000,38872.000000000,38871.000000000,38872.000000000,5,YM
2024-06-10T13:53:41.000000000Z,32,1,80420,38873.000000000,38874.000000000,38873.000000000,38874.000000000,10,YM
2024-06-10T13:53:42.000000000Z,32,1,80420,38875.000000000,38875.000000000,38874.000000000,38874.000000000,2,YM
2024-06-10T13:53:43.000000000Z,32,1,80420,38876.000000000,38876.000000000,38876.000000000,38876.000000000,1,YM
2024-06-10T13:53:44.000000000Z,32,1,80420,38878.000000000,38879.000000000,38878.000000000,38879.000000000,3,YM
2024-06-10T13:53:45.000000000Z,32,1,80420,38879.000000000,38879.000000000,38879.000000000,38879.000000000,3,YM
2024-06-10T13:53:46.000000000Z,32,1,80420,38879.000000000,38879.000000000,38878.000000000,38879.000000000,4,YM
2024-06-10T13:53:47.000000000Z,32,1,80420,38876.000000000,38876.000000000,38876.000000000,38876.000000000,1,YM
2024-06-10T13:53:48.000000000Z,32,1,80420,38875.000000000,38875.000000000,38875.000000000,38875.000000000,2,YM
2024-06-10T13:53:49.000000000Z,32,1,80420,38874.000000000,38874.000000000,38871.000000000,38871.000000000,16,YM
2024-06-10T13:53:50.000000000Z,32,1,80420,38870.000000000,38874.000000000,38870.000000000,38874.000000000,5,YM
2024-06-10T13:53:51.000000000Z,32,1,80420,38875.000000000,38876.000000000,38875.000000000,38876.000000000,6,YM
2024-06-10T13:53:52.000000000Z,32,1,80420,38876.000000000,38877.000000000,38876.000000000,38877.000000000,3,YM
2024-06-10T13:53:53.000000000Z,32,1,80420,38875.000000000,38875.000000000,38875.000000000,38875.000000000,5,YM
2024-06-10T13:53:55.000000000Z,32,1,80420,38876.000000000,38876.000000000,38874.000000000,38874.000000000,3,YM
2024-06-10T13:53:56.000000000Z,32,1,80420,38876.000000000,38876.000000000,38875.000000000,38875.000000000,2,YM
2024-06-10T13:53:57.000000000Z,32,1,80420,38875.000000000,38875.000000000,38874.000000000,38874.000000000,5,YM
2024-06-10T13:53:58.000000000Z,32,1,80420,38875.000000000,38875.000000000,38875.000000000,38875.000000000,1,YM
2024-06-10T13:53:59.000000000Z,32,1,80420,38875.000000000,38875.000000000,38875.000000000,38875.000000000,4,YM
2024-06-10T13:54:00.000000000Z,32,1,80420,38874.000000000,38874.000000000,38873.000000000,38873.000000000,5,YM
2024-06-10T13:54:01.000000000Z,32,1,80420,38871.000000000,38871.000000000,38871.000000000,38871.000000000,2,YM
2024-06-10T13:54:02.000000000Z,32,1,80420,38870.000000000,38872.000000000,38870.000000000,38871.000000000,10,YM
2024-06-10T13:54:03.000000000Z,32,1,80420,38870.000000000,38871.000000000,38870.000000000,38871.000000000,4,YM
2024-06-10T13:54:04.000000000Z,32,1,80420,38872.000000000,38872.000000000,38872.000000000,38872.000000000,2,YM
2024-06-10T13:54:05.000000000Z,32,1,80420,38871.000000000,38871.000000000,38870.000000000,38870.000000000,3,YM
2024-06-10T13:54:06.000000000Z,32,1,80420,38870.000000000,38871.000000000,38870.000000000,38871.000000000,2,YM
2024-06-10T13:54:07.000000000Z,32,1,80420,38870.000000000,38870.000000000,38870.000000000,38870.000000000,1,YM
2024-06-10T13:54:08.000000000Z,32,1,80420,38869.000000000,38870.000000000,38869.000000000,38870.000000000,7,YM
2024-06-10T13:54:09.000000000Z,32,1,80420,38869.000000000,38870.000000000,38868.000000000,38869.000000000,6,YM
2024-06-10T13:54:10.000000000Z,32,1,80420,38868.000000000,38869.000000000,38868.000000000,38868.000000000,6,YM
2024-06-10T13:54:11.000000000Z,32,1,80420,38866.000000000,38867.000000000,38866.000000000,38867.000000000,2,YM
2024-06-10T13:54:12.000000000Z,32,1,80420,38869.000000000,38869.000000000,38868.000000000,38868.000000000,3,YM
2024-06-10T13:54:13.000000000Z,32,1,80420,38870.000000000,38870.000000000,38870.000000000,38870.000000000,1,YM
2024-06-10T13:54:14.000000000Z,32,1,80420,38872.000000000,38874.000000000,38872.000000000,38874.000000000,6,YM
2024-06-10T13:54:15.000000000Z,32,1,80420,38873.000000000,38873.000000000,38873.000000000,38873.000000000,2,YM
2024-06-10T13:54:16.000000000Z,32,1,80420,38875.000000000,38875.000000000,38875.000000000,38875.000000000,3,YM
2024-06-10T13:54:17.000000000Z,32,1,80420,38875.000000000,38875.000000000,38875.000000000,38875.000000000,2,YM
2024-06-10T13:54:18.000000000Z,32,1,80420,38876.000000000,38878.000000000,38876.000000000,38877.000000000,7,YM
2024-06-10T13:54:19.000000000Z,32,1,80420,38878.000000000,38879.000000000,38877.000000000,38879.000000000,9,YM
2024-06-10T13:54:20.000000000Z,32,1,80420,38879.000000000,38881.000000000,38879.000000000,38880.000000000,15,YM
2024-06-10T13:54:21.000000000Z,32,1,80420,38880.000000000,38883.000000000,38880.000000000,38881.000000000,13,YM
2024-06-10T13:54:22.000000000Z,32,1,80420,38880.000000000,38880.000000000,38880.000000000,38880.000000000,1,YM
2024-06-10T13:54:23.000000000Z,32,1,80420,38879.000000000,38879.000000000,38879.000000000,38879.000000000,7,YM
2024-06-10T13:54:24.000000000Z,32,1,80420,38879.000000000,38879.000000000,38879.000000000,38879.000000000,1,YM
2024-06-10T13:54:25.000000000Z,32,1,80420,38879.000000000,38880.000000000,38879.000000000,38879.000000000,6,YM
2024-06-10T13:54:26.000000000Z,32,1,80420,38879.000000000,38879.000000000,38879.000000000,38879.000000000,2,YM
2024-06-10T13:54:27.000000000Z,32,1,80420,38880.000000000,38880.000000000,38880.000000000,38880.000000000,8,YM
2024-06-10T13:54:28.000000000Z,32,1,80420,38879.000000000,38879.000000000,38875.000000000,38876.000000000,18,YM
2024-06-10T13:54:29.000000000Z,32,1,80420,38876.000000000,38877.000000000,38876.000000000,38877.000000000,4,YM
2024-06-10T13:54:31.000000000Z,32,1,80420,38875.000000000,38875.000000000,38875.000000000,38875.000000000,1,YM
2024-06-10T13:54:32.000000000Z,32,1,80420,38873.000000000,38873.000000000,38872.000000000,38873.000000000,5,YM
2024-06-10T13:54:33.000000000Z,32,1,80420,38875.000000000,38875.000000000,38875.000000000,38875.000000000,5,YM
2024-06-10T13:54:34.000000000Z,32,1,80420,38875.000000000,38875.000000000,38873.000000000,38873.000000000,7,YM
2024-06-10T13:54:35.000000000Z,32,1,80420,38873.000000000,38873.000000000,38873.000000000,38873.000000000,1,YM
2024-06-10T13:54:36.000000000Z,32,1,80420,38872.000000000,38872.000000000,38871.000000000,38871.000000000,2,YM
2024-06-10T13:54:37.000000000Z,32,1,80420,38870.000000000,38870.000000000,38869.000000000,38869.000000000,9,YM
2024-06-10T13:54:38.000000000Z,32,1,80420,38870.000000000,38871.000000000,38870.000000000,38870.000000000,14,YM
2024-06-10T13:54:39.000000000Z,32,1,80420,38869.000000000,38870.000000000,38864.000000000,38865.000000000,89,YM
2024-06-10T13:54:40.000000000Z,32,1,80420,38864.000000000,38864.000000000,38860.000000000,38863.000000000,20,YM
2024-06-10T13:54:41.000000000Z,32,1,80420,38863.000000000,38863.000000000,38860.000000000,38862.000000000,37,YM
2024-06-10T13:54:42.000000000Z,32,1,80420,38862.000000000,38862.000000000,38861.000000000,38861.000000000,9,YM
2024-06-10T13:54:43.000000000Z,32,1,80420,38860.000000000,38862.000000000,38860.000000000,38862.000000000,5,YM
2024-06-10T13:54:44.000000000Z,32,1,80420,38861.000000000,38862.000000000,38861.000000000,38862.000000000,2,YM
2024-06-10T13:54:45.000000000Z,32,1,80420,38862.000000000,38864.000000000,38858.000000000,38859.000000000,19,YM
2024-06-10T13:54:46.000000000Z,32,1,80420,38858.000000000,38860.000000000,38858.000000000,38859.000000000,6,YM
2024-06-10T13:54:47.000000000Z,32,1,80420,38860.000000000,38860.000000000,38858.000000000,38860.000000000,7,YM
2024-06-10T13:54:48.000000000Z,32,1,80420,38858.000000000,38859.000000000,38858.000000000,38859.000000000,4,YM
2024-06-10T13:54:49.000000000Z,32,1,80420,38860.000000000,38860.000000000,38859.000000000,38859.000000000,4,YM
2024-06-10T13:54:50.000000000Z,32,1,80420,38861.000000000,38861.000000000,38860.000000000,38861.000000000,6,YM
2024-06-10T13:54:51.000000000Z,32,1,80420,38861.000000000,38863.000000000,38861.000000000,38863.000000000,8,YM
2024-06-10T13:54:53.000000000Z,32,1,80420,38863.000000000,38864.000000000,38863.000000000,38864.000000000,7,YM
2024-06-10T13:54:54.000000000Z,32,1,80420,38864.000000000,38865.000000000,38864.000000000,38865.000000000,2,YM
2024-06-10T13:54:55.000000000Z,32,1,80420,38864.000000000,38865.000000000,38864.000000000,38865.000000000,4,YM
2024-06-10T13:54:56.000000000Z,32,1,80420,38864.000000000,38865.000000000,38864.000000000,38865.000000000,2,YM
2024-06-10T13:54:57.000000000Z,32,1,80420,38865.000000000,38867.000000000,38865.000000000,38866.000000000,6,YM
2024-06-10T13:54:58.000000000Z,32,1,80420,38867.000000000,38867.000000000,38867.000000000,38867.000000000,1,YM
2024-06-10T13:54:59.000000000Z,32,1,80420,38867.000000000,38867.000000000,38867.000000000,38867.000000000,1,YM
2024-06-10T13:55:00.000000000Z,32,1,80420,38866.000000000,38869.000000000,38866.000000000,38867.000000000,23,YM
2024-06-10T13:55:01.000000000Z,32,1,80420,38867.000000000,38867.000000000,38866.000000000,38866.000000000,7,YM
2024-06-10T13:55:02.000000000Z,32,1,80420,38866.000000000,38866.000000000,38866.000000000,38866.000000000,2,YM
2024-06-10T13:55:03.000000000Z,32,1,80420,38867.000000000,38867.000000000,38867.000000000,38867.000000000,1,YM
2024-06-10T13:55:04.000000000Z,32,1,80420,38867.000000000,38867.000000000,38866.000000000,38866.000000000,3,YM
2024-06-10T13:55:05.000000000Z,32,1,80420,38866.000000000,38866.000000000,38865.000000000,38865.000000000,4,YM
2024-06-10T13:55:06.000000000Z,32,1,80420,38866.000000000,38866.000000000,38865.000000000,38865.000000000,5,YM
2024-06-10T13:55:07.000000000Z,32,1,80420,38865.000000000,38865.000000000,38862.000000000,38864.000000000,21,YM
2024-06-10T13:55:08.000000000Z,32,1,80420,38865.000000000,38865.000000000,38862.000000000,38863.000000000,18,YM
2024-06-10T13:55:09.000000000Z,32,1,80420,38863.000000000,38863.000000000,38859.000000000,38860.000000000,18,YM
2024-06-10T13:55:10.000000000Z,32,1,80420,38859.000000000,38860.000000000,38859.000000000,38859.000000000,3,YM
2024-06-10T13:55:11.000000000Z,32,1,80420,38860.000000000,38860.000000000,38858.000000000,38858.000000000,5,YM
2024-06-10T13:55:12.000000000Z,32,1,80420,38859.000000000,38859.000000000,38857.000000000,38857.000000000,7,YM
2024-06-10T13:55:13.000000000Z,32,1,80420,38858.000000000,38858.000000000,38855.000000000,38856.000000000,10,YM
2024-06-10T13:55:14.000000000Z,32,1,80420,38856.000000000,38856.000000000,38854.000000000,38855.000000000,16,YM
2024-06-10T13:55:15.000000000Z,32,1,80420,38856.000000000,38858.000000000,38856.000000000,38856.000000000,24,YM
2024-06-10T13:55:16.000000000Z,32,1,80420,38857.000000000,38858.000000000,38854.000000000,38854.000000000,14,YM
2024-06-10T13:55:17.000000000Z,32,1,80420,38853.000000000,38854.000000000,38852.000000000,38852.000000000,7,YM
2024-06-10T13:55:18.000000000Z,32,1,80420,38852.000000000,38852.000000000,38851.000000000,38852.000000000,7,YM
2024-06-10T13:55:19.000000000Z,32,1,80420,38852.000000000,38853.000000000,38851.000000000,38851.000000000,5,YM
2024-06-10T13:55:20.000000000Z,32,1,80420,38852.000000000,38853.000000000,38852.000000000,38852.000000000,5,YM
2024-06-10T13:55:21.000000000Z,32,1,80420,38852.000000000,38852.000000000,38849.000000000,38849.000000000,4,YM
2024-06-10T13:55:22.000000000Z,32,1,80420,38849.000000000,38850.000000000,38848.000000000,38848.000000000,9,YM
2024-06-10T13:55:23.000000000Z,32,1,80420,38848.000000000,38850.000000000,38848.000000000,38850.000000000,8,YM
2024-06-10T13:55:24.000000000Z,32,1,80420,38849.000000000,38850.000000000,38849.000000000,38850.000000000,4,YM
2024-06-10T13:55:25.000000000Z,32,1,80420,38849.000000000,38851.000000000,38849.000000000,38851.000000000,5,YM
2024-06-10T13:55:26.000000000Z,32,1,80420,38850.000000000,38851.000000000,38850.000000000,38851.000000000,3,YM
2024-06-10T13:55:27.000000000Z,32,1,80420,38850.000000000,38850.000000000,38846.000000000,38846.000000000,12,YM
2024-06-10T13:55:28.000000000Z,32,1,80420,38848.000000000,38848.000000000,38843.000000000,38846.000000000,74,YM
2024-06-10T13:55:29.000000000Z,32,1,80420,38847.000000000,38848.000000000,38846.000000000,38848.000000000,9,YM
2024-06-10T13:55:31.000000000Z,32,1,80420,38849.000000000,38849.000000000,38849.000000000,38849.000000000,2,YM
2024-06-10T13:55:32.000000000Z,32,1,80420,38850.000000000,38850.000000000,38850.000000000,38850.000000000,1,YM
2024-06-10T13:55:33.000000000Z,32,1,80420,38852.000000000,38852.000000000,38851.000000000,38851.000000000,7,YM
2024-06-10T13:55:34.000000000Z,32,1,80420,38852.000000000,38855.000000000,38852.000000000,38855.000000000,8,YM
2024-06-10T13:55:35.000000000Z,32,1,80420,38855.000000000,38855.000000000,38854.000000000,38854.000000000,6,YM
2024-06-10T13:55:36.000000000Z,32,1,80420,38854.000000000,38855.000000000,38850.000000000,38850.000000000,19,YM
2024-06-10T13:55:37.000000000Z,32,1,80420,38850.000000000,38850.000000000,38850.000000000,38850.000000000,5,YM
2024-06-10T13:55:38.000000000Z,32,1,80420,38851.000000000,38851.000000000,38847.000000000,38847.000000000,4,YM
2024-06-10T13:55:39.000000000Z,32,1,80420,38847.000000000,38847.000000000,38847.000000000,38847.000000000,1,YM
2024-06-10T13:55:40.000000000Z,32,1,80420,38848.000000000,38849.000000000,38848.000000000,38849.000000000,14,YM
2024-06-10T13:55:41.000000000Z,32,1,80420,38849.000000000,38849.000000000,38847.000000000,38847.000000000,7,YM
2024-06-10T13:55:42.000000000Z,32,1,80420,38848.000000000,38849.000000000,38848.000000000,38849.000000000,2,YM
2024-06-10T13:55:43.000000000Z,32,1,80420,38848.000000000,38849.000000000,38848.000000000,38849.000000000,5,YM
2024-06-10T13:55:44.000000000Z,32,1,80420,38850.000000000,38854.000000000,38850.000000000,38854.000000000,8,YM
2024-06-10T13:55:45.000000000Z,32,1,80420,38854.000000000,38854.000000000,38854.000000000,38854.000000000,4,YM
2024-06-10T13:55:46.000000000Z,32,1,80420,38855.000000000,38855.000000000,38853.000000000,38853.000000000,4,YM
2024-06-10T13:55:48.000000000Z,32,1,80420,38852.000000000,38852.000000000,38850.000000000,38851.000000000,11,YM
2024-06-10T13:55:49.000000000Z,32,1,80420,38850.000000000,38850.000000000,38850.000000000,38850.000000000,3,YM
2024-06-10T13:55:50.000000000Z,32,1,80420,38849.000000000,38849.000000000,38848.000000000,38848.000000000,3,YM
2024-06-10T13:55:51.000000000Z,32,1,80420,38848.000000000,38848.000000000,38848.000000000,38848.000000000,2,YM
2024-06-10T13:55:52.000000000Z,32,1,80420,38846.000000000,38847.000000000,38846.000000000,38847.000000000,3,YM
2024-06-10T13:55:53.000000000Z,32,1,80420,38848.000000000,38848.000000000,38848.000000000,38848.000000000,1,YM
2024-06-10T13:55:54.000000000Z,32,1,80420,38847.000000000,38847.000000000,38846.000000000,38846.000000000,3,YM
2024-06-10T13:55:55.000000000Z,32,1,80420,38846.000000000,38846.000000000,38845.000000000,38846.000000000,4,YM
2024-06-10T13:55:56.000000000Z,32,1,80420,38847.000000000,38847.000000000,38846.000000000,38846.000000000,7,YM
2024-06-10T13:55:57.000000000Z,32,1,80420,38847.000000000,38847.000000000,38845.000000000,38845.000000000,7,YM
2024-06-10T13:55:58.000000000Z,32,1,80420,38845.000000000,38847.000000000,38845.000000000,38847.000000000,3,YM
2024-06-10T13:55:59.000000000Z,32,1,80420,38845.000000000,38845.000000000,38844.000000000,38844.000000000,8,YM
2024-06-10T13:56:00.000000000Z,32,1,80420,38848.000000000,38849.000000000,38848.000000000,38848.000000000,8,YM
2024-06-10T13:56:01.000000000Z,32,1,80420,38847.000000000,38847.000000000,38847.000000000,38847.000000000,1,YM
2024-06-10T13:56:02.000000000Z,32,1,80420,38848.000000000,38849.000000000,38848.000000000,38848.000000000,5,YM
2024-06-10T13:56:03.000000000Z,32,1,80420,38848.000000000,38848.000000000,38846.000000000,38846.000000000,3,YM
2024-06-10T13:56:04.000000000Z,32,1,80420,38845.000000000,38846.000000000,38845.000000000,38845.000000000,5,YM
2024-06-10T13:56:05.000000000Z,32,1,80420,38845.000000000,38845.000000000,38844.000000000,38844.000000000,2,YM
2024-06-10T13:56:06.000000000Z,32,1,80420,38848.000000000,38849.000000000,38847.000000000,38849.000000000,8,YM
2024-06-10T13:56:09.000000000Z,32,1,80420,38849.000000000,38849.000000000,38849.000000000,38849.000000000,4,YM
2024-06-10T13:56:10.000000000Z,32,1,80420,38849.000000000,38849.000000000,38847.000000000,38849.000000000,8,YM
2024-06-10T13:56:11.000000000Z,32,1,80420,38849.000000000,38849.000000000,38849.000000000,38849.000000000,7,YM
2024-06-10T13:56:12.000000000Z,32,1,80420,38850.000000000,38851.000000000,38848.000000000,38848.000000000,12,YM
2024-06-10T13:56:13.000000000Z,32,1,80420,38849.000000000,38849.000000000,38849.000000000,38849.000000000,3,YM
2024-06-10T13:56:14.000000000Z,32,1,80420,38849.000000000,38849.000000000,38847.000000000,38847.000000000,9,YM
2024-06-10T13:56:15.000000000Z,32,1,80420,38848.000000000,38848.000000000,38845.000000000,38845.000000000,13,YM
2024-06-10T13:56:16.000000000Z,32,1,80420,38846.000000000,38846.000000000,38844.000000000,38844.000000000,8,YM
2024-06-10T13:56:17.000000000Z,32,1,80420,38844.000000000,38844.000000000,38842.000000000,38842.000000000,15,YM
2024-06-10T13:56:18.000000000Z,32,1,80420,38843.000000000,38845.000000000,38843.000000000,38845.000000000,12,YM
2024-06-10T13:56:19.000000000Z,32,1,80420,38846.000000000,38846.000000000,38846.000000000,38846.000000000,8,YM
2024-06-10T13:56:20.000000000Z,32,1,80420,38847.000000000,38847.000000000,38846.000000000,38847.000000000,8,YM
2024-06-10T13:56:21.000000000Z,32,1,80420,38848.000000000,38848.000000000,38848.000000000,38848.000000000,5,YM
2024-06-10T13:56:22.000000000Z,32,1,80420,38849.000000000,38849.000000000,38849.000000000,38849.000000000,1,YM
2024-06-10T13:56:24.000000000Z,32,1,80420,38850.000000000,38850.000000000,38845.000000000,38845.000000000,7,YM
2024-06-10T13:56:25.000000000Z,32,1,80420,38846.000000000,38846.000000000,38844.000000000,38844.000000000,5,YM
2024-06-10T13:56:26.000000000Z,32,1,80420,38846.000000000,38846.000000000,38845.000000000,38845.000000000,5,YM
2024-06-10T13:56:27.000000000Z,32,1,80420,38846.000000000,38846.000000000,38845.000000000,38845.000000000,3,YM
2024-06-10T13:56:29.000000000Z,32,1,80420,38844.000000000,38844.000000000,38843.000000000,38843.000000000,3,YM
2024-06-10T13:56:30.000000000Z,32,1,80420,38843.000000000,38843.000000000,38841.000000000,38841.000000000,29,YM
2024-06-10T13:56:31.000000000Z,32,1,80420,38840.000000000,38840.000000000,38839.000000000,38839.000000000,4,YM
2024-06-10T13:56:32.000000000Z,32,1,80420,38838.000000000,38839.000000000,38838.000000000,38839.000000000,12,YM
2024-06-10T13:56:33.000000000Z,32,1,80420,38838.000000000,38838.000000000,38837.000000000,38837.000000000,12,YM
2024-06-10T13:56:34.000000000Z,32,1,80420,38836.000000000,38836.000000000,38836.000000000,38836.000000000,5,YM
2024-06-10T13:56:35.000000000Z,32,1,80420,38837.000000000,38838.000000000,38837.000000000,38837.000000000,11,YM
2024-06-10T13:56:36.000000000Z,32,1,80420,38837.000000000,38837.000000000,38837.000000000,38837.000000000,1,YM
2024-06-10T13:56:38.000000000Z,32,1,80420,38837.000000000,38837.000000000,38837.000000000,38837.000000000,2,YM
2024-06-10T13:56:39.000000000Z,32,1,80420,38838.000000000,38838.000000000,38838.000000000,38838.000000000,1,YM
2024-06-10T13:56:40.000000000Z,32,1,80420,38839.000000000,38843.000000000,38839.000000000,38843.000000000,13,YM
2024-06-10T13:56:41.000000000Z,32,1,80420,38843.000000000,38843.000000000,38843.000000000,38843.000000000,5,YM
2024-06-10T13:56:43.000000000Z,32,1,80420,38842.000000000,38842.000000000,38841.000000000,38841.000000000,5,YM
2024-06-10T13:56:44.000000000Z,32,1,80420,38842.000000000,38842.000000000,38841.000000000,38841.000000000,4,YM
2024-06-10T13:56:45.000000000Z,32,1,80420,38841.000000000,38841.000000000,38841.000000000,38841.000000000,2,YM
2024-06-10T13:56:46.000000000Z,32,1,80420,38841.000000000,38841.000000000,38841.000000000,38841.000000000,8,YM
2024-06-10T13:56:47.000000000Z,32,1,80420,38842.000000000,38843.000000000,38842.000000000,38843.000000000,8,YM
2024-06-10T13:56:48.000000000Z,32,1,80420,38841.000000000,38841.000000000,38841.000000000,38841.000000000,1,YM
2024-06-10T13:56:49.000000000Z,32,1,80420,38842.000000000,38842.000000000,38841.000000000,38842.000000000,11,YM
2024-06-10T13:56:50.000000000Z,32,1,80420,38840.000000000,38840.000000000,38840.000000000,38840.000000000,5,YM
2024-06-10T13:56:51.000000000Z,32,1,80420,38838.000000000,38839.000000000,38838.000000000,38839.000000000,3,YM
2024-06-10T13:56:52.000000000Z,32,1,80420,38841.000000000,38843.000000000,38841.000000000,38843.000000000,4,YM
2024-06-10T13:56:53.000000000Z,32,1,80420,38844.000000000,38844.000000000,38842.000000000,38842.000000000,4,YM
2024-06-10T13:56:55.000000000Z,32,1,80420,38841.000000000,38841.000000000,38839.000000000,38839.000000000,7,YM
2024-06-10T13:56:56.000000000Z,32,1,80420,38839.000000000,38843.000000000,38839.000000000,38843.000000000,5,YM
2024-06-10T13:56:57.000000000Z,32,1,80420,38843.000000000,38845.000000000,38843.000000000,38845.000000000,25,YM
2024-06-10T13:56:58.000000000Z,32,1,80420,38845.000000000,38845.000000000,38845.000000000,38845.000000000,4,YM
2024-06-10T13:56:59.000000000Z,32,1,80420,38846.000000000,38850.000000000,38846.000000000,38846.000000000,43,YM
2024-06-10T13:57:00.000000000Z,32,1,80420,38845.000000000,38845.000000000,38844.000000000,38845.000000000,12,YM
2024-06-10T13:57:01.000000000Z,32,1,80420,38846.000000000,38846.000000000,38846.000000000,38846.000000000,7,YM
2024-06-10T13:57:02.000000000Z,32,1,80420,38847.000000000,38848.000000000,38847.000000000,38848.000000000,2,YM
2024-06-10T13:57:03.000000000Z,32,1,80420,38848.000000000,38848.000000000,38847.000000000,38847.000000000,5,YM
2024-06-10T13:57:04.000000000Z,32,1,80420,38847.000000000,38849.000000000,38847.000000000,38849.000000000,7,YM
2024-06-10T13:57:05.000000000Z,32,1,80420,38848.000000000,38853.000000000,38848.000000000,38853.000000000,14,YM
2024-06-10T13:57:06.000000000Z,32,1,80420,38852.000000000,38852.000000000,38850.000000000,38850.000000000,4,YM
2024-06-10T13:57:07.000000000Z,32,1,80420,38852.000000000,38853.000000000,38852.000000000,38853.000000000,6,YM
2024-06-10T13:57:08.000000000Z,32,1,80420,38851.000000000,38853.000000000,38851.000000000,38852.000000000,6,YM
2024-06-10T13:57:09.000000000Z,32,1,80420,38852.000000000,38852.000000000,38852.000000000,38852.000000000,2,YM
2024-06-10T13:57:10.000000000Z,32,1,80420,38852.000000000,38852.000000000,38851.000000000,38851.000000000,4,YM
2024-06-10T13:57:11.000000000Z,32,1,80420,38851.000000000,38852.000000000,38850.000000000,38850.000000000,8,YM
2024-06-10T13:57:12.000000000Z,32,1,80420,38853.000000000,38855.000000000,38852.000000000,38852.000000000,19,YM
2024-06-10T13:57:13.000000000Z,32,1,80420,38851.000000000,38852.000000000,38850.000000000,38851.000000000,15,YM
2024-06-10T13:57:14.000000000Z,32,1,80420,38854.000000000,38854.000000000,38854.000000000,38854.000000000,3,YM
2024-06-10T13:57:15.000000000Z,32,1,80420,38852.000000000,38852.000000000,38851.000000000,38851.000000000,2,YM
2024-06-10T13:57:16.000000000Z,32,1,80420,38852.000000000,38854.000000000,38852.000000000,38853.000000000,12,YM
2024-06-10T13:57:17.000000000Z,32,1,80420,38853.000000000,38853.000000000,38848.000000000,38848.000000000,14,YM
2024-06-10T13:57:18.000000000Z,32,1,80420,38847.000000000,38848.000000000,38846.000000000,38848.000000000,8,YM
2024-06-10T13:57:19.000000000Z,32,1,80420,38850.000000000,38853.000000000,38850.000000000,38853.000000000,7,YM
2024-06-10T13:57:20.000000000Z,32,1,80420,38854.000000000,38854.000000000,38847.000000000,38847.000000000,15,YM
2024-06-10T13:57:21.000000000Z,32,1,80420,38846.000000000,38846.000000000,38846.000000000,38846.000000000,1,YM
2024-06-10T13:57:22.000000000Z,32,1,80420,38849.000000000,38850.000000000,38849.000000000,38849.000000000,5,YM
2024-06-10T13:57:23.000000000Z,32,1,80420,38850.000000000,38850.000000000,38850.000000000,38850.000000000,1,YM
2024-06-10T13:57:24.000000000Z,32,1,80420,38851.000000000,38854.000000000,38851.000000000,38854.000000000,5,YM
2024-06-10T13:57:25.000000000Z,32,1,80420,38854.000000000,38857.000000000,38854.000000000,38856.000000000,11,YM
2024-06-10T13:57:26.000000000Z,32,1,80420,38856.000000000,38858.000000000,38855.000000000,38858.000000000,15,YM
2024-06-10T13:57:27.000000000Z,32,1,80420,38857.000000000,38857.000000000,38857.000000000,38857.000000000,2,YM
2024-06-10T13:57:28.000000000Z,32,1,80420,38856.000000000,38857.000000000,38856.000000000,38857.000000000,4,YM
2024-06-10T13:57:29.000000000Z,32,1,80420,38857.000000000,38857.000000000,38850.000000000,38850.000000000,30,YM
2024-06-10T13:57:30.000000000Z,32,1,80420,38852.000000000,38853.000000000,38852.000000000,38853.000000000,5,YM
2024-06-10T13:57:31.000000000Z,32,1,80420,38852.000000000,38852.000000000,38850.000000000,38850.000000000,6,YM
2024-06-10T13:57:32.000000000Z,32,1,80420,38852.000000000,38852.000000000,38850.000000000,38850.000000000,7,YM
2024-06-10T13:57:33.000000000Z,32,1,80420,38850.000000000,38850.000000000,38849.000000000,38850.000000000,10,YM
2024-06-10T13:57:34.000000000Z,32,1,80420,38851.000000000,38851.000000000,38850.000000000,38850.000000000,2,YM
2024-06-10T13:57:35.000000000Z,32,1,80420,38850.000000000,38851.000000000,38850.000000000,38850.000000000,5,YM
2024-06-10T13:57:36.000000000Z,32,1,80420,38851.000000000,38853.000000000,38851.000000000,38853.000000000,5,YM
2024-06-10T13:57:37.000000000Z,32,1,80420,38852.000000000,38852.000000000,38852.000000000,38852.000000000,6,YM
2024-06-10T13:57:38.000000000Z,32,1,80420,38852.000000000,38853.000000000,38852.000000000,38852.000000000,3,YM
2024-06-10T13:57:39.000000000Z,32,1,80420,38853.000000000,38854.000000000,38853.000000000,38854.000000000,3,YM
2024-06-10T13:57:40.000000000Z,32,1,80420,38855.000000000,38855.000000000,38853.000000000,38854.000000000,4,YM
2024-06-10T13:57:41.000000000Z,32,1,80420,38855.000000000,38856.000000000,38852.000000000,38853.000000000,18,YM
2024-06-10T13:57:42.000000000Z,32,1,80420,38855.000000000,38859.000000000,38855.000000000,38859.000000000,10,YM
2024-06-10T13:57:43.000000000Z,32,1,80420,38858.000000000,38859.000000000,38858.000000000,38859.000000000,4,YM
2024-06-10T13:57:44.000000000Z,32,1,80420,38859.000000000,38860.000000000,38859.000000000,38859.000000000,4,YM
2024-06-10T13:57:45.000000000Z,32,1,80420,38861.000000000,38862.000000000,38861.000000000,38862.000000000,12,YM
2024-06-10T13:57:46.000000000Z,32,1,80420,38863.000000000,38866.000000000,38863.000000000,38864.000000000,9,YM
2024-06-10T13:57:47.000000000Z,32,1,80420,38865.000000000,38865.000000000,38865.000000000,38865.000000000,2,YM
2024-06-10T13:57:48.000000000Z,32,1,80420,38865.000000000,38865.000000000,38861.000000000,38861.000000000,12,YM
2024-06-10T13:57:49.000000000Z,32,1,80420,38861.000000000,38861.000000000,38858.000000000,38860.000000000,8,YM
2024-06-10T13:57:50.000000000Z,32,1,80420,38861.000000000,38861.000000000,38860.000000000,38860.000000000,8,YM
2024-06-10T13:57:51.000000000Z,32,1,80420,38860.000000000,38860.000000000,38859.000000000,38859.000000000,3,YM
2024-06-10T13:57:52.000000000Z,32,1,80420,38860.000000000,38860.000000000,38860.000000000,38860.000000000,3,YM
2024-06-10T13:57:53.000000000Z,32,1,80420,38860.000000000,38860.000000000,38860.000000000,38860.000000000,3,YM
2024-06-10T13:57:54.000000000Z,32,1,80420,38861.000000000,38863.000000000,38861.000000000,38863.000000000,5,YM
2024-06-10T13:57:55.000000000Z,32,1,80420,38863.000000000,38870.000000000,38863.000000000,38870.000000000,19,YM
2024-06-10T13:57:56.000000000Z,32,1,80420,38870.000000000,38872.000000000,38870.000000000,38870.000000000,13,YM
2024-06-10T13:57:57.000000000Z,32,1,80420,38870.000000000,38870.000000000,38870.000000000,38870.000000000,3,YM
2024-06-10T13:57:58.000000000Z,32,1,80420,38870.000000000,38871.000000000,38870.000000000,38871.000000000,3,YM
2024-06-10T13:57:59.000000000Z,32,1,80420,38870.000000000,38870.000000000,38869.000000000,38869.000000000,7,YM
2024-06-10T13:58:00.000000000Z,32,1,80420,38869.000000000,38869.000000000,38864.000000000,38866.000000000,17,YM
2024-06-10T13:58:01.000000000Z,32,1,80420,38867.000000000,38867.000000000,38865.000000000,38865.000000000,19,YM
2024-06-10T13:58:02.000000000Z,32,1,80420,38866.000000000,38866.000000000,38865.000000000,38865.000000000,6,YM
2024-06-10T13:58:03.000000000Z,32,1,80420,38866.000000000,38866.000000000,38862.000000000,38862.000000000,4,YM
2024-06-10T13:58:04.000000000Z,32,1,80420,38862.000000000,38862.000000000,38862.000000000,38862.000000000,3,YM
2024-06-10T13:58:05.000000000Z,32,1,80420,38863.000000000,38863.000000000,38863.000000000,38863.000000000,3,YM
2024-06-10T13:58:06.000000000Z,32,1,80420,38864.000000000,38864.000000000,38864.000000000,38864.000000000,2,YM
2024-06-10T13:58:07.000000000Z,32,1,80420,38865.000000000,38865.000000000,38865.000000000,38865.000000000,3,YM
2024-06-10T13:58:08.000000000Z,32,1,80420,38865.000000000,38866.000000000,38865.000000000,38866.000000000,8,YM
2024-06-10T13:58:09.000000000Z,32,1,80420,38866.000000000,38868.000000000,38866.000000000,38868.000000000,5,YM
2024-06-10T13:58:10.000000000Z,32,1,80420,38868.000000000,38868.000000000,38868.000000000,38868.000000000,6,YM
2024-06-10T13:58:11.000000000Z,32,1,80420,38868.000000000,38868.000000000,38868.000000000,38868.000000000,1,YM
2024-06-10T13:58:12.000000000Z,32,1,80420,38871.000000000,38871.000000000,38871.000000000,38871.000000000,5,YM
2024-06-10T13:58:13.000000000Z,32,1,80420,38874.000000000,38874.000000000,38874.000000000,38874.000000000,4,YM
2024-06-10T13:58:14.000000000Z,32,1,80420,38873.000000000,38873.000000000,38873.000000000,38873.000000000,2,YM
2024-06-10T13:58:15.000000000Z,32,1,80420,38873.000000000,38873.000000000,38869.000000000,38869.000000000,5,YM
2024-06-10T13:58:16.000000000Z,32,1,80420,38869.000000000,38869.000000000,38869.000000000,38869.000000000,2,YM
2024-06-10T13:58:17.000000000Z,32,1,80420,38868.000000000,38868.000000000,38868.000000000,38868.000000000,1,YM
2024-06-10T13:58:18.000000000Z,32,1,80420,38867.000000000,38867.000000000,38865.000000000,38865.000000000,4,YM
2024-06-10T13:58:19.000000000Z,32,1,80420,38867.000000000,38867.000000000,38867.000000000,38867.000000000,1,YM
2024-06-10T13:58:20.000000000Z,32,1,80420,38868.000000000,38871.000000000,38867.000000000,38871.000000000,7,YM
2024-06-10T13:58:21.000000000Z,32,1,80420,38870.000000000,38870.000000000,38869.000000000,38869.000000000,3,YM
2024-06-10T13:58:22.000000000Z,32,1,80420,38870.000000000,38871.000000000,38870.000000000,38871.000000000,3,YM
2024-06-10T13:58:23.000000000Z,32,1,80420,38872.000000000,38874.000000000,38872.000000000,38874.000000000,6,YM
2024-06-10T13:58:24.000000000Z,32,1,80420,38875.000000000,38875.000000000,38874.000000000,38874.000000000,5,YM
2024-06-10T13:58:25.000000000Z,32,1,80420,38873.000000000,38873.000000000,38872.000000000,38872.000000000,4,YM
2024-06-10T13:58:26.000000000Z,32,1,80420,38872.000000000,38872.000000000,38872.000000000,38872.000000000,1,YM
2024-06-10T13:58:27.000000000Z,32,1,80420,38872.000000000,38873.000000000,38872.000000000,38873.000000000,5,YM
2024-06-10T13:58:28.000000000Z,32,1,80420,38874.000000000,38875.000000000,38874.000000000,38875.000000000,6,YM
2024-06-10T13:58:29.000000000Z,32,1,80420,38875.000000000,38876.000000000,38874.000000000,38874.000000000,6,YM
2024-06-10T13:58:30.000000000Z,32,1,80420,38874.000000000,38875.000000000,38874.000000000,38875.000000000,2,YM
2024-06-10T13:58:31.000000000Z,32,1,80420,38875.000000000,38877.000000000,38875.000000000,38877.000000000,2,YM
2024-06-10T13:58:32.000000000Z,32,1,80420,38877.000000000,38877.000000000,38875.000000000,38875.000000000,5,YM
2024-06-10T13:58:33.000000000Z,32,1,80420,38876.000000000,38877.000000000,38875.000000000,38877.000000000,9,YM
2024-06-10T13:58:34.000000000Z,32,1,80420,38877.000000000,38877.000000000,38877.000000000,38877.000000000,2,YM
2024-06-10T13:58:35.000000000Z,32,1,80420,38878.000000000,38882.000000000,38878.000000000,38882.000000000,15,YM
2024-06-10T13:58:36.000000000Z,32,1,80420,38882.000000000,38884.000000000,38882.000000000,38884.000000000,15,YM
2024-06-10T13:58:37.000000000Z,32,1,80420,38884.000000000,38884.000000000,38883.000000000,38884.000000000,9,YM
2024-06-10T13:58:38.000000000Z,32,1,80420,38884.000000000,38884.000000000,38884.000000000,38884.000000000,1,YM
2024-06-10T13:58:39.000000000Z,32,1,80420,38885.000000000,38886.000000000,38885.000000000,38885.000000000,17,YM
2024-06-10T13:58:40.000000000Z,32,1,80420,38885.000000000,38887.000000000,38885.000000000,38885.000000000,9,YM
2024-06-10T13:58:41.000000000Z,32,1,80420,38887.000000000,38887.000000000,38886.000000000,38886.000000000,5,YM
2024-06-10T13:58:42.000000000Z,32,1,80420,38887.000000000,38887.000000000,38886.000000000,38886.000000000,17,YM
2024-06-10T13:58:43.000000000Z,32,1,80420,38885.000000000,38886.000000000,38884.000000000,38884.000000000,5,YM
2024-06-10T13:58:44.000000000Z,32,1,80420,38884.000000000,38886.000000000,38884.000000000,38886.000000000,2,YM
2024-06-10T13:58:45.000000000Z,32,1,80420,38885.000000000,38886.000000000,38884.000000000,38884.000000000,6,YM
2024-06-10T13:58:46.000000000Z,32,1,80420,38884.000000000,38884.000000000,38883.000000000,38883.000000000,2,YM
2024-06-10T13:58:47.000000000Z,32,1,80420,38882.000000000,38882.000000000,38880.000000000,38882.000000000,31,YM
2024-06-10T13:58:48.000000000Z,32,1,80420,38883.000000000,38883.000000000,38882.000000000,38882.000000000,7,YM
2024-06-10T13:58:49.000000000Z,32,1,80420,38883.000000000,38883.000000000,38883.000000000,38883.000000000,1,YM
2024-06-10T13:58:50.000000000Z,32,1,80420,38883.000000000,38884.000000000,38883.000000000,38884.000000000,2,YM
2024-06-10T13:58:51.000000000Z,32,1,80420,38882.000000000,38882.000000000,38882.000000000,38882.000000000,2,YM
2024-06-10T13:58:52.000000000Z,32,1,80420,38884.000000000,38884.000000000,38881.000000000,38882.000000000,7,YM
2024-06-10T13:58:53.000000000Z,32,1,80420,38883.000000000,38884.000000000,38883.000000000,38883.000000000,5,YM
2024-06-10T13:58:55.000000000Z,32,1,80420,38883.000000000,38884.000000000,38883.000000000,38884.000000000,2,YM
2024-06-10T13:58:56.000000000Z,32,1,80420,38885.000000000,38885.000000000,38885.000000000,38885.000000000,8,YM
2024-06-10T13:58:57.000000000Z,32,1,80420,38884.000000000,38884.000000000,38880.000000000,38880.000000000,9,YM
2024-06-10T13:58:58.000000000Z,32,1,80420,38880.000000000,38881.000000000,38878.000000000,38879.000000000,18,YM
2024-06-10T13:58:59.000000000Z,32,1,80420,38879.000000000,38879.000000000,38877.000000000,38878.000000000,13,YM
2024-06-10T13:59:00.000000000Z,32,1,80420,38877.000000000,38878.000000000,38875.000000000,38876.000000000,21,YM
2024-06-10T13:59:01.000000000Z,32,1,80420,38876.000000000,38877.000000000,38876.000000000,38877.000000000,7,YM
2024-06-10T13:59:02.000000000Z,32,1,80420,38878.000000000,38880.000000000,38877.000000000,38880.000000000,7,YM
2024-06-10T13:59:03.000000000Z,32,1,80420,38882.000000000,38884.000000000,38882.000000000,38884.000000000,7,YM
2024-06-10T13:59:04.000000000Z,32,1,80420,38883.000000000,38884.000000000,38883.000000000,38884.000000000,2,YM
2024-06-10T13:59:05.000000000Z,32,1,80420,38884.000000000,38884.000000000,38884.000000000,38884.000000000,1,YM
2024-06-10T13:59:07.000000000Z,32,1,80420,38884.000000000,38884.000000000,38884.000000000,38884.000000000,1,YM
2024-06-10T13:59:08.000000000Z,32,1,80420,38883.000000000,38883.000000000,38882.000000000,38882.000000000,5,YM
2024-06-10T13:59:09.000000000Z,32,1,80420,38881.000000000,38881.000000000,38877.000000000,38877.000000000,19,YM
2024-06-10T13:59:10.000000000Z,32,1,80420,38878.000000000,38878.000000000,38874.000000000,38874.000000000,8,YM
2024-06-10T13:59:11.000000000Z,32,1,80420,38874.000000000,38874.000000000,38874.000000000,38874.000000000,1,YM
2024-06-10T13:59:12.000000000Z,32,1,80420,38874.000000000,38874.000000000,38873.000000000,38873.000000000,7,YM
2024-06-10T13:59:13.000000000Z,32,1,80420,38872.000000000,38873.000000000,38871.000000000,38873.000000000,9,YM
2024-06-10T13:59:14.000000000Z,32,1,80420,38876.000000000,38876.000000000,38875.000000000,38875.000000000,5,YM
2024-06-10T13:59:15.000000000Z,32,1,80420,38876.000000000,38876.000000000,38876.000000000,38876.000000000,1,YM
2024-06-10T13:59:16.000000000Z,32,1,80420,38876.000000000,38879.000000000,38876.000000000,38879.000000000,4,YM
2024-06-10T13:59:17.000000000Z,32,1,80420,38878.000000000,38878.000000000,38878.000000000,38878.000000000,1,YM
2024-06-10T13:59:18.000000000Z,32,1,80420,38880.000000000,38880.000000000,38880.000000000,38880.000000000,2,YM
2024-06-10T13:59:19.000000000Z,32,1,80420,38880.000000000,38881.000000000,38879.000000000,38880.000000000,14,YM
2024-06-10T13:59:20.000000000Z,32,1,80420,38881.000000000,38881.000000000,38880.000000000,38880.000000000,5,YM
2024-06-10T13:59:21.000000000Z,32,1,80420,38879.000000000,38882.000000000,38879.000000000,38882.000000000,22,YM
2024-06-10T13:59:22.000000000Z,32,1,80420,38882.000000000,38885.000000000,38881.000000000,38885.000000000,23,YM
2024-06-10T13:59:23.000000000Z,32,1,80420,38884.000000000,38884.000000000,38882.000000000,38882.000000000,12,YM
2024-06-10T13:59:24.000000000Z,32,1,80420,38882.000000000,38883.000000000,38882.000000000,38883.000000000,4,YM
2024-06-10T13:59:25.000000000Z,32,1,80420,38882.000000000,38883.000000000,38881.000000000,38881.000000000,10,YM
2024-06-10T13:59:26.000000000Z,32,1,80420,38880.000000000,38881.000000000,38880.000000000,38881.000000000,2,YM
2024-06-10T13:59:27.000000000Z,32,1,80420,38882.000000000,38882.000000000,38880.000000000,38880.000000000,3,YM
2024-06-10T13:59:28.000000000Z,32,1,80420,38879.000000000,38882.000000000,38878.000000000,38882.000000000,9,YM
2024-06-10T13:59:29.000000000Z,32,1,80420,38882.000000000,38886.000000000,38882.000000000,38885.000000000,10,YM
2024-06-10T13:59:30.000000000Z,32,1,80420,38884.000000000,38885.000000000,38884.000000000,38885.000000000,5,YM
2024-06-10T13:59:31.000000000Z,32,1,80420,38884.000000000,38886.000000000,38884.000000000,38886.000000000,5,YM
2024-06-10T13:59:32.000000000Z,32,1,80420,38887.000000000,38888.000000000,38887.000000000,38888.000000000,9,YM
2024-06-10T13:59:33.000000000Z,32,1,80420,38887.000000000,38888.000000000,38887.000000000,38887.000000000,8,YM
2024-06-10T13:59:34.000000000Z,32,1,80420,38889.000000000,38891.000000000,38889.000000000,38891.000000000,14,YM
2024-06-10T13:59:35.000000000Z,32,1,80420,38891.000000000,38891.000000000,38889.000000000,38889.000000000,8,YM
2024-06-10T13:59:36.000000000Z,32,1,80420,38890.000000000,38890.000000000,38890.000000000,38890.000000000,4,YM
2024-06-10T13:59:37.000000000Z,32,1,80420,38889.000000000,38889.000000000,38889.000000000,38889.000000000,1,YM
2024-06-10T13:59:38.000000000Z,32,1,80420,38890.000000000,38890.000000000,38889.000000000,38889.000000000,3,YM
2024-06-10T13:59:39.000000000Z,32,1,80420,38888.000000000,38888.000000000,38882.000000000,38884.000000000,13,YM
2024-06-10T13:59:40.000000000Z,32,1,80420,38885.000000000,38885.000000000,38885.000000000,38885.000000000,5,YM
2024-06-10T13:59:41.000000000Z,32,1,80420,38886.000000000,38886.000000000,38885.000000000,38885.000000000,6,YM
2024-06-10T13:59:42.000000000Z,32,1,80420,38884.000000000,38884.000000000,38884.000000000,38884.000000000,3,YM
2024-06-10T13:59:43.000000000Z,32,1,80420,38885.000000000,38885.000000000,38884.000000000,38884.000000000,4,YM
2024-06-10T13:59:44.000000000Z,32,1,80420,38883.000000000,38883.000000000,38883.000000000,38883.000000000,2,YM
2024-06-10T13:59:45.000000000Z,32,1,80420,38882.000000000,38884.000000000,38882.000000000,38884.000000000,11,YM
2024-06-10T13:59:46.000000000Z,32,1,80420,38883.000000000,38883.000000000,38882.000000000,38882.000000000,4,YM
2024-06-10T13:59:47.000000000Z,32,1,80420,38881.000000000,38881.000000000,38880.000000000,38881.000000000,7,YM
2024-06-10T13:59:49.000000000Z,32,1,80420,38882.000000000,38882.000000000,38882.000000000,38882.000000000,1,YM
2024-06-10T13:59:50.000000000Z,32,1,80420,38882.000000000,38883.000000000,38882.000000000,38882.000000000,15,YM
2024-06-10T13:59:51.000000000Z,32,1,80420,38883.000000000,38884.000000000,38883.000000000,38884.000000000,5,YM
2024-06-10T13:59:52.000000000Z,32,1,80420,38884.000000000,38884.000000000,38883.000000000,38883.000000000,19,YM
2024-06-10T13:59:53.000000000Z,32,1,80420,38883.000000000,38883.000000000,38883.000000000,38883.000000000,1,YM
2024-06-10T13:59:54.000000000Z,32,1,80420,38884.000000000,38886.000000000,38884.000000000,38886.000000000,9,YM
2024-06-10T13:59:55.000000000Z,32,1,80420,38887.000000000,38888.000000000,38886.000000000,38888.000000000,24,YM
2024-06-10T13:59:56.000000000Z,32,1,80420,38888.000000000,38890.000000000,38888.000000000,38890.000000000,8,YM
2024-06-10T13:59:57.000000000Z,32,1,80420,38890.000000000,38891.000000000,38890.000000000,38890.000000000,11,YM
2024-06-10T13:59:58.000000000Z,32,1,80420,38891.000000000,38891.000000000,38887.000000000,38889.000000000,18,YM
2024-06-10T13:59:59.000000000Z,32,1,80420,38887.000000000,38890.000000000,38885.000000000,38890.000000000,27,YM
2024-06-10T14:00:00.000000000Z,32,1,80420,38890.000000000,38895.000000000,38889.000000000,38892.000000000,42,YM
2024-06-10T14:00:01.000000000Z,32,1,80420,38892.000000000,38892.000000000,38891.000000000,38891.000000000,20,YM
2024-06-10T14:00:02.000000000Z,32,1,80420,38892.000000000,38892.000000000,38887.000000000,38887.000000000,10,YM
2024-06-10T14:00:03.000000000Z,32,1,80420,38887.000000000,38887.000000000,38885.000000000,38886.000000000,17,YM
2024-06-10T14:00:04.000000000Z,32,1,80420,38883.000000000,38883.000000000,38883.000000000,38883.000000000,5,YM
2024-06-10T14:00:05.000000000Z,32,1,80420,38885.000000000,38887.000000000,38885.000000000,38887.000000000,5,YM
2024-06-10T14:00:06.000000000Z,32,1,80420,38887.000000000,38887.000000000,38886.000000000,38887.000000000,5,YM
2024-06-10T14:00:07.000000000Z,32,1,80420,38887.000000000,38887.000000000,38887.000000000,38887.000000000,3,YM
2024-06-10T14:00:08.000000000Z,32,1,80420,38886.000000000,38886.000000000,38885.000000000,38885.000000000,6,YM
2024-06-10T14:00:10.000000000Z,32,1,80420,38889.000000000,38889.000000000,38889.000000000,38889.000000000,4,YM
2024-06-10T14:00:11.000000000Z,32,1,80420,38890.000000000,38893.000000000,38890.000000000,38892.000000000,10,YM
2024-06-10T14:00:12.000000000Z,32,1,80420,38890.000000000,38890.000000000,38889.000000000,38889.000000000,9,YM
2024-06-10T14:00:13.000000000Z,32,1,80420,38888.000000000,38888.000000000,38888.000000000,38888.000000000,2,YM
2024-06-10T14:00:14.000000000Z,32,1,80420,38888.000000000,38888.000000000,38881.000000000,38881.000000000,22,YM
2024-06-10T14:00:15.000000000Z,32,1,80420,38881.000000000,38883.000000000,38880.000000000,38883.000000000,22,YM
2024-06-10T14:00:16.000000000Z,32,1,80420,38883.000000000,38883.000000000,38883.000000000,38883.000000000,2,YM
2024-06-10T14:00:17.000000000Z,32,1,80420,38885.000000000,38886.000000000,38884.000000000,38886.000000000,12,YM
2024-06-10T14:00:18.000000000Z,32,1,80420,38886.000000000,38887.000000000,38885.000000000,38887.000000000,13,YM
2024-06-10T14:00:19.000000000Z,32,1,80420,38886.000000000,38886.000000000,38886.000000000,38886.000000000,3,YM
2024-06-10T14:00:20.000000000Z,32,1,80420,38885.000000000,38885.000000000,38881.000000000,38882.000000000,10,YM
2024-06-10T14:00:21.000000000Z,32,1,80420,38883.000000000,38883.000000000,38881.000000000,38881.000000000,8,YM
2024-06-10T14:00:22.000000000Z,32,1,80420,38882.000000000,38884.000000000,38881.000000000,38884.000000000,8,YM
2024-06-10T14:00:23.000000000Z,32,1,80420,38883.000000000,38883.000000000,38882.000000000,38882.000000000,4,YM
2024-06-10T14:00:24.000000000Z,32,1,80420,38885.000000000,38887.000000000,38885.000000000,38887.000000000,4,YM
2024-06-10T14:00:25.000000000Z,32,1,80420,38887.000000000,38889.000000000,38886.000000000,38889.000000000,14,YM
2024-06-10T14:00:26.000000000Z,32,1,80420,38889.000000000,38889.000000000,38888.000000000,38888.000000000,7,YM
2024-06-10T14:00:27.000000000Z,32,1,80420,38890.000000000,38891.000000000,38890.000000000,38891.000000000,3,YM
2024-06-10T14:00:29.000000000Z,32,1,80420,38889.000000000,38890.000000000,38889.000000000,38890.000000000,7,YM
2024-06-10T14:00:30.000000000Z,32,1,80420,38892.000000000,38893.000000000,38892.000000000,38893.000000000,4,YM
2024-06-10T14:00:31.000000000Z,32,1,80420,38893.000000000,38896.000000000,38893.000000000,38893.000000000,20,YM
2024-06-10T14:00:32.000000000Z,32,1,80420,38892.000000000,38893.000000000,38890.000000000,38890.000000000,11,YM
2024-06-10T14:00:33.000000000Z,32,1,80420,38890.000000000,38891.000000000,38890.000000000,38891.000000000,3,YM
2024-06-10T14:00:34.000000000Z,32,1,80420,38890.000000000,38890.000000000,38888.000000000,38888.000000000,5,YM
2024-06-10T14:00:35.000000000Z,32,1,80420,38886.000000000,38886.000000000,38886.000000000,38886.000000000,1,YM
2024-06-10T14:00:36.000000000Z,32,1,80420,38887.000000000,38888.000000000,38887.000000000,38888.000000000,7,YM
2024-06-10T14:00:37.000000000Z,32,1,80420,38890.000000000,38890.000000000,38890.000000000,38890.000000000,1,YM
2024-06-10T14:00:39.000000000Z,32,1,80420,38890.000000000,38890.000000000,38890.000000000,38890.000000000,2,YM
2024-06-10T14:00:40.000000000Z,32,1,80420,38891.000000000,38892.000000000,38890.000000000,38891.000000000,9,YM
2024-06-10T14:00:41.000000000Z,32,1,80420,38890.000000000,38890.000000000,38889.000000000,38889.000000000,3,YM
2024-06-10T14:00:42.000000000Z,32,1,80420,38891.000000000,38891.000000000,38888.000000000,38888.000000000,5,YM
2024-06-10T14:00:43.000000000Z,32,1,80420,38889.000000000,38889.000000000,38887.000000000,38887.000000000,7,YM
2024-06-10T14:00:44.000000000Z,32,1,80420,38887.000000000,38888.000000000,38885.000000000,38886.000000000,23,YM
2024-06-10T14:00:45.000000000Z,32,1,80420,38887.000000000,38887.000000000,38885.000000000,38887.000000000,12,YM
2024-06-10T14:00:46.000000000Z,32,1,80420,38886.000000000,38886.000000000,38885.000000000,38886.000000000,7,YM
2024-06-10T14:00:47.000000000Z,32,1,80420,38885.000000000,38887.000000000,38885.000000000,38886.000000000,6,YM
2024-06-10T14:00:48.000000000Z,32,1,80420,38887.000000000,38888.000000000,38886.000000000,38886.000000000,5,YM
2024-06-10T14:00:49.000000000Z,32,1,80420,38885.000000000,38885.000000000,38884.000000000,38884.000000000,3,YM
2024-06-10T14:00:50.000000000Z,32,1,80420,38884.000000000,38884.000000000,38884.000000000,38884.000000000,2,YM
2024-06-10T14:00:51.000000000Z,32,1,80420,38884.000000000,38884.000000000,38884.000000000,38884.000000000,1,YM
2024-06-10T14:00:52.000000000Z,32,1,80420,38885.000000000,38885.000000000,38883.000000000,38883.000000000,10,YM
2024-06-10T14:00:53.000000000Z,32,1,80420,38883.000000000,38883.000000000,38883.000000000,38883.000000000,2,YM
2024-06-10T14:00:54.000000000Z,32,1,80420,38882.000000000,38882.000000000,38882.000000000,38882.000000000,2,YM
2024-06-10T14:00:55.000000000Z,32,1,80420,38883.000000000,38883.000000000,38882.000000000,38882.000000000,6,YM
2024-06-10T14:00:56.000000000Z,32,1,80420,38882.000000000,38882.000000000,38882.000000000,38882.000000000,1,YM
2024-06-10T14:00:57.000000000Z,32,1,80420,38881.000000000,38881.000000000,38881.000000000,38881.000000000,6,YM
2024-06-10T14:00:58.000000000Z,32,1,80420,38883.000000000,38883.000000000,38882.000000000,38883.000000000,6,YM
2024-06-10T14:01:00.000000000Z,32,1,80420,38883.000000000,38883.000000000,38879.000000000,38879.000000000,22,YM
2024-06-10T14:01:01.000000000Z,32,1,80420,38878.000000000,38879.000000000,38876.000000000,38879.000000000,30,YM
2024-06-10T14:01:02.000000000Z,32,1,80420,38878.000000000,38878.000000000,38878.000000000,38878.000000000,2,YM
2024-06-10T14:01:03.000000000Z,32,1,80420,38879.000000000,38879.000000000,38879.000000000,38879.000000000,1,YM
2024-06-10T14:01:04.000000000Z,32,1,80420,38880.000000000,38880.000000000,38878.000000000,38878.000000000,7,YM
2024-06-10T14:01:05.000000000Z,32,1,80420,38879.000000000,38884.000000000,38879.000000000,38884.000000000,9,YM
2024-06-10T14:01:06.000000000Z,32,1,80420,38885.000000000,38887.000000000,38885.000000000,38887.000000000,12,YM
2024-06-10T14:01:07.000000000Z,32,1,80420,38887.000000000,38889.000000000,38886.000000000,38888.000000000,13,YM
2024-06-10T14:01:08.000000000Z,32,1,80420,38886.000000000,38886.000000000,38885.000000000,38885.000000000,7,YM
2024-06-10T14:01:09.000000000Z,32,1,80420,38884.000000000,38884.000000000,38884.000000000,38884.000000000,5,YM
2024-06-10T14:01:10.000000000Z,32,1,80420,38885.000000000,38888.000000000,38884.000000000,38884.000000000,33,YM
2024-06-10T14:01:11.000000000Z,32,1,80420,38884.000000000,38884.000000000,38882.000000000,38882.000000000,14,YM
2024-06-10T14:01:12.000000000Z,32,1,80420,38883.000000000,38883.000000000,38883.000000000,38883.000000000,1,YM
2024-06-10T14:01:14.000000000Z,32,1,80420,38885.000000000,38885.000000000,38885.000000000,38885.000000000,2,YM
2024-06-10T14:01:15.000000000Z,32,1,80420,38883.000000000,38883.000000000,38882.000000000,38882.000000000,3,YM
2024-06-10T14:01:16.000000000Z,32,1,80420,38881.000000000,38882.000000000,38881.000000000,38882.000000000,7,YM
2024-06-10T14:01:17.000000000Z,32,1,80420,38884.000000000,38884.000000000,38884.000000000,38884.000000000,2,YM
2024-06-10T14:01:18.000000000Z,32,1,80420,38885.000000000,38887.000000000,38885.000000000,38887.000000000,3,YM
2024-06-10T14:01:20.000000000Z,32,1,80420,38886.000000000,38886.000000000,38886.000000000,38886.000000000,5,YM
2024-06-10T14:01:21.000000000Z,32,1,80420,38887.000000000,38887.000000000,38884.000000000,38884.000000000,5,YM
2024-06-10T14:01:22.000000000Z,32,1,80420,38887.000000000,38887.000000000,38887.000000000,38887.000000000,1,YM
2024-06-10T14:01:23.000000000Z,32,1,80420,38887.000000000,38889.000000000,38887.000000000,38889.000000000,5,YM
2024-06-10T14:01:24.000000000Z,32,1,80420,38890.000000000,38890.000000000,38890.000000000,38890.000000000,7,YM
2024-06-10T14:01:25.000000000Z,32,1,80420,38889.000000000,38889.000000000,38889.000000000,38889.000000000,2,YM
2024-06-10T14:01:26.000000000Z,32,1,80420,38890.000000000,38891.000000000,38890.000000000,38891.000000000,5,YM
2024-06-10T14:01:27.000000000Z,32,1,80420,38892.000000000,38892.000000000,38890.000000000,38892.000000000,9,YM
2024-06-10T14:01:28.000000000Z,32,1,80420,38893.000000000,38897.000000000,38893.000000000,38897.000000000,16,YM
2024-06-10T14:01:29.000000000Z,32,1,80420,38898.000000000,38901.000000000,38898.000000000,38898.000000000,46,YM
2024-06-10T14:01:30.000000000Z,32,1,80420,38899.000000000,38899.000000000,38897.000000000,38897.000000000,3,YM
2024-06-10T14:01:31.000000000Z,32,1,80420,38897.000000000,38897.000000000,38894.000000000,38894.000000000,5,YM
2024-06-10T14:01:32.000000000Z,32,1,80420,38892.000000000,38892.000000000,38891.000000000,38891.000000000,7,YM
2024-06-10T14:01:33.000000000Z,32,1,80420,38891.000000000,38891.000000000,38891.000000000,38891.000000000,5,YM
2024-06-10T14:01:37.000000000Z,32,1,80420,38889.000000000,38890.000000000,38889.000000000,38890.000000000,4,YM
2024-06-10T14:01:39.000000000Z,32,1,80420,38891.000000000,38891.000000000,38891.000000000,38891.000000000,3,YM
2024-06-10T14:01:41.000000000Z,32,1,80420,38890.000000000,38890.000000000,38890.000000000,38890.000000000,2,YM
2024-06-10T14:01:42.000000000Z,32,1,80420,38890.000000000,38890.000000000,38888.000000000,38888.000000000,12,YM
2024-06-10T14:01:43.000000000Z,32,1,80420,38889.000000000,38889.000000000,38888.000000000,38888.000000000,6,YM
2024-06-10T14:01:44.000000000Z,32,1,80420,38889.000000000,38890.000000000,38889.000000000,38890.000000000,3,YM
2024-06-10T14:01:45.000000000Z,32,1,80420,38889.000000000,38889.000000000,38889.000000000,38889.000000000,1,YM
2024-06-10T14:01:46.000000000Z,32,1,80420,38892.000000000,38892.000000000,38892.000000000,38892.000000000,1,YM
2024-06-10T14:01:47.000000000Z,32,1,80420,38891.000000000,38891.000000000,38891.000000000,38891.000000000,1,YM
2024-06-10T14:01:49.000000000Z,32,1,80420,38892.000000000,38892.000000000,38892.000000000,38892.000000000,1,YM
2024-06-10T14:01:50.000000000Z,32,1,80420,38893.000000000,38893.000000000,38892.000000000,38892.000000000,2,YM
2024-06-10T14:01:51.000000000Z,32,1,80420,38891.000000000,38891.000000000,38891.000000000,38891.000000000,6,YM
2024-06-10T14:01:52.000000000Z,32,1,80420,38892.000000000,38892.000000000,38892.000000000,38892.000000000,4,YM
2024-06-10T14:01:53.000000000Z,32,1,80420,38891.000000000,38892.000000000,38891.000000000,38892.000000000,2,YM
2024-06-10T14:01:54.000000000Z,32,1,80420,38892.000000000,38895.000000000,38892.000000000,38895.000000000,10,YM
2024-06-10T14:01:55.000000000Z,32,1,80420,38895.000000000,38896.000000000,38895.000000000,38896.000000000,3,YM
2024-06-10T14:01:59.000000000Z,32,1,80420,38894.000000000,38894.000000000,38892.000000000,38892.000000000,11,YM
2024-06-10T14:02:00.000000000Z,32,1,80420,38892.000000000,38893.000000000,38892.000000000,38893.000000000,5,YM
2024-06-10T14:02:01.000000000Z,32,1,80420,38894.000000000,38896.000000000,38894.000000000,38896.000000000,5,YM
2024-06-10T14:02:02.000000000Z,32,1,80420,38896.000000000,38896.000000000,38895.000000000,38896.000000000,4,YM
2024-06-10T14:02:03.000000000Z,32,1,80420,38894.000000000,38894.000000000,38894.000000000,38894.000000000,3,YM
2024-06-10T14:02:04.000000000Z,32,1,80420,38894.000000000,38894.000000000,38892.000000000,38892.000000000,5,YM
2024-06-10T14:02:05.000000000Z,32,1,80420,38892.000000000,38892.000000000,38892.000000000,38892.000000000,3,YM
2024-06-10T14:02:06.000000000Z,32,1,80420,38888.000000000,38888.000000000,38887.000000000,38887.000000000,3,YM
2024-06-10T14:02:07.000000000Z,32,1,80420,38886.000000000,38886.000000000,38883.000000000,38883.000000000,7,YM
2024-06-10T14:02:08.000000000Z,32,1,80420,38883.000000000,38883.000000000,38882.000000000,38882.000000000,2,YM
2024-06-10T14:02:09.000000000Z,32,1,80420,38882.000000000,38882.000000000,38878.000000000,38878.000000000,10,YM
2024-06-10T14:02:10.000000000Z,32,1,80420,38878.000000000,38881.000000000,38878.000000000,38880.000000000,13,YM
2024-06-10T14:02:11.000000000Z,32,1,80420,38881.000000000,38884.000000000,38881.000000000,38881.000000000,9,YM
2024-06-10T14:02:12.000000000Z,32,1,80420,38881.000000000,38881.000000000,38881.000000000,38881.000000000,3,YM
2024-06-10T14:02:13.000000000Z,32,1,80420,38881.000000000,38883.000000000,38881.000000000,38883.000000000,10,YM
2024-06-10T14:02:14.000000000Z,32,1,80420,38883.000000000,38883.000000000,38883.000000000,38883.000000000,3,YM
2024-06-10T14:02:15.000000000Z,32,1,80420,38884.000000000,38886.000000000,38884.000000000,38885.000000000,10,YM
2024-06-10T14:02:16.000000000Z,32,1,80420,38886.000000000,38886.000000000,38885.000000000,38885.000000000,5,YM
2024-06-10T14:02:17.000000000Z,32,1,80420,38884.000000000,38884.000000000,38884.000000000,38884.000000000,1,YM
2024-06-10T14:02:18.000000000Z,32,1,80420,38885.000000000,38885.000000000,38885.000000000,38885.000000000,2,YM
2024-06-10T14:02:20.000000000Z,32,1,80420,38886.000000000,38889.000000000,38886.000000000,38887.000000000,18,YM
2024-06-10T14:02:22.000000000Z,32,1,80420,38888.000000000,38889.000000000,38888.000000000,38889.000000000,5,YM
2024-06-10T14:02:23.000000000Z,32,1,80420,38889.000000000,38892.000000000,38889.000000000,38892.000000000,9,YM
2024-06-10T14:02:24.000000000Z,32,1,80420,38891.000000000,38891.000000000,38889.000000000,38891.000000000,9,YM
2024-06-10T14:02:25.000000000Z,32,1,80420,38889.000000000,38891.000000000,38889.000000000,38890.000000000,12,YM
2024-06-10T14:02:26.000000000Z,32,1,80420,38892.000000000,38892.000000000,38892.000000000,38892.000000000,2,YM
2024-06-10T14:02:27.000000000Z,32,1,80420,38892.000000000,38892.000000000,38892.000000000,38892.000000000,4,YM
2024-06-10T14:02:28.000000000Z,32,1,80420,38892.000000000,38893.000000000,38892.000000000,38893.000000000,5,YM
2024-06-10T14:02:29.000000000Z,32,1,80420,38892.000000000,38892.000000000,38891.000000000,38891.000000000,4,YM
2024-06-10T14:02:30.000000000Z,32,1,80420,38891.000000000,38891.000000000,38890.000000000,38890.000000000,22,YM
2024-06-10T14:02:31.000000000Z,32,1,80420,38891.000000000,38891.000000000,38889.000000000,38889.000000000,5,YM
2024-06-10T14:02:32.000000000Z,32,1,80420,38890.000000000,38890.000000000,38887.000000000,38887.000000000,9,YM
2024-06-10T14:02:34.000000000Z,32,1,80420,38886.000000000,38887.000000000,38886.000000000,38887.000000000,4,YM
2024-06-10T14:02:35.000000000Z,32,1,80420,38886.000000000,38887.000000000,38886.000000000,38887.000000000,3,YM
2024-06-10T14:02:36.000000000Z,32,1,80420,38887.000000000,38887.000000000,38887.000000000,38887.000000000,2,YM
2024-06-10T14:02:38.000000000Z,32,1,80420,38888.000000000,38888.000000000,38888.000000000,38888.000000000,2,YM
2024-06-10T14:02:39.000000000Z,32,1,80420,38887.000000000,38887.000000000,38886.000000000,38886.000000000,2,YM
2024-06-10T14:02:40.000000000Z,32,1,80420,38886.000000000,38888.000000000,38886.000000000,38888.000000000,7,YM
2024-06-10T14:02:42.000000000Z,32,1,80420,38887.000000000,38887.000000000,38887.000000000,38887.000000000,4,YM
2024-06-10T14:02:44.000000000Z,32,1,80420,38888.000000000,38889.000000000,38888.000000000,38889.000000000,4,YM
2024-06-10T14:02:45.000000000Z,32,1,80420,38889.000000000,38889.000000000,38889.000000000,38889.000000000,1,YM
2024-06-10T14:02:47.000000000Z,32,1,80420,38891.000000000,38891.000000000,38891.000000000,38891.000000000,10,YM
2024-06-10T14:02:48.000000000Z,32,1,80420,38892.000000000,38895.000000000,38892.000000000,38895.000000000,10,YM
2024-06-10T14:02:49.000000000Z,32,1,80420,38894.000000000,38896.000000000,38894.000000000,38895.000000000,4,YM
2024-06-10T14:02:50.000000000Z,32,1,80420,38896.000000000,38898.000000000,38896.000000000,38898.000000000,19,YM
2024-06-10T14:02:51.000000000Z,32,1,80420,38898.000000000,38899.000000000,38898.000000000,38898.000000000,3,YM
2024-06-10T14:02:52.000000000Z,32,1,80420,38896.000000000,38896.000000000,38894.000000000,38894.000000000,6,YM
2024-06-10T14:02:53.000000000Z,32,1,80420,38895.000000000,38896.000000000,38893.000000000,38893.000000000,33,YM
2024-06-10T14:02:54.000000000Z,32,1,80420,38892.000000000,38892.000000000,38892.000000000,38892.000000000,6,YM
2024-06-10T14:02:55.000000000Z,32,1,80420,38890.000000000,38891.000000000,38890.000000000,38891.000000000,4,YM
2024-06-10T14:02:56.000000000Z,32,1,80420,38891.000000000,38894.000000000,38891.000000000,38894.000000000,9,YM
2024-06-10T14:02:57.000000000Z,32,1,80420,38893.000000000,38893.000000000,38893.000000000,38893.000000000,3,YM
2024-06-10T14:02:58.000000000Z,32,1,80420,38893.000000000,38893.000000000,38893.000000000,38893.000000000,2,YM
2024-06-10T14:02:59.000000000Z,32,1,80420,38892.000000000,38892.000000000,38892.000000000,38892.000000000,3,YM
2024-06-10T14:03:00.000000000Z,32,1,80420,38892.000000000,38893.000000000,38892.000000000,38893.000000000,6,YM
2024-06-10T14:03:01.000000000Z,32,1,80420,38894.000000000,38894.000000000,38894.000000000,38894.000000000,2,YM
2024-06-10T14:03:02.000000000Z,32,1,80420,38895.000000000,38896.000000000,38895.000000000,38896.000000000,12,YM
2024-06-10T14:03:03.000000000Z,32,1,80420,38896.000000000,38896.000000000,38896.000000000,38896.000000000,2,YM
2024-06-10T14:03:04.000000000Z,32,1,80420,38895.000000000,38895.000000000,38890.000000000,38891.000000000,16,YM
2024-06-10T14:03:05.000000000Z,32,1,80420,38891.000000000,38892.000000000,38890.000000000,38892.000000000,9,YM
2024-06-10T14:03:06.000000000Z,32,1,80420,38892.000000000,38892.000000000,38891.000000000,38891.000000000,5,YM
2024-06-10T14:03:07.000000000Z,32,1,80420,38890.000000000,38890.000000000,38890.000000000,38890.000000000,4,YM
2024-06-10T14:03:08.000000000Z,32,1,80420,38891.000000000,38891.000000000,38891.000000000,38891.000000000,1,YM
2024-06-10T14:03:09.000000000Z,32,1,80420,38891.000000000,38891.000000000,38891.000000000,38891.000000000,2,YM
2024-06-10T14:03:10.000000000Z,32,1,80420,38890.000000000,38891.000000000,38890.000000000,38891.000000000,33,YM
2024-06-10T14:03:11.000000000Z,32,1,80420,38891.000000000,38891.000000000,38889.000000000,38889.000000000,3,YM
2024-06-10T14:03:13.000000000Z,32,1,80420,38892.000000000,38892.000000000,38892.000000000,38892.000000000,2,YM
2024-06-10T14:03:15.000000000Z,32,1,80420,38896.000000000,38897.000000000,38896.000000000,38897.000000000,4,YM
2024-06-10T14:03:16.000000000Z,32,1,80420,38898.000000000,38898.000000000,38897.000000000,38897.000000000,3,YM
2024-06-10T14:03:19.000000000Z,32,1,80420,38897.000000000,38897.000000000,38897.000000000,38897.000000000,2,YM
2024-06-10T14:03:20.000000000Z,32,1,80420,38896.000000000,38896.000000000,38896.000000000,38896.000000000,1,YM
2024-06-10T14:03:21.000000000Z,32,1,80420,38894.000000000,38895.000000000,38893.000000000,38893.000000000,3,YM
2024-06-10T14:03:22.000000000Z,32,1,80420,38892.000000000,38892.000000000,38892.000000000,38892.000000000,1,YM
2024-06-10T14:03:23.000000000Z,32,1,80420,38891.000000000,38891.000000000,38891.000000000,38891.000000000,3,YM
2024-06-10T14:03:24.000000000Z,32,1,80420,38890.000000000,38890.000000000,38890.000000000,38890.000000000,1,YM
2024-06-10T14:03:25.000000000Z,32,1,80420,38891.000000000,38891.000000000,38891.000000000,38891.000000000,3,YM
2024-06-10T14:03:26.000000000Z,32,1,80420,38891.000000000,38891.000000000,38891.000000000,38891.000000000,1,YM
2024-06-10T14:03:27.000000000Z,32,1,80420,38891.000000000,38891.000000000,38891.000000000,38891.000000000,2,YM
2024-06-10T14:03:28.000000000Z,32,1,80420,38890.000000000,38890.000000000,38890.000000000,38890.000000000,1,YM
2024-06-10T14:03:29.000000000Z,32,1,80420,38889.000000000,38889.000000000,38887.000000000,38887.000000000,6,YM
2024-06-10T14:03:30.000000000Z,32,1,80420,38887.000000000,38887.000000000,38885.000000000,38886.000000000,12,YM
2024-06-10T14:03:31.000000000Z,32,1,80420,38885.000000000,38886.000000000,38884.000000000,38885.000000000,7,YM
2024-06-10T14:03:32.000000000Z,32,1,80420,38885.000000000,38885.000000000,38885.000000000,38885.000000000,7,YM
2024-06-10T14:03:33.000000000Z,32,1,80420,38885.000000000,38886.000000000,38885.000000000,38886.000000000,4,YM
2024-06-10T14:03:36.000000000Z,32,1,80420,38886.000000000,38886.000000000,38885.000000000,38885.000000000,2,YM
2024-06-10T14:03:37.000000000Z,32,1,80420,38886.000000000,38886.000000000,38886.000000000,38886.000000000,1,YM
2024-06-10T14:03:39.000000000Z,32,1,80420,38887.000000000,38888.000000000,38887.000000000,38888.000000000,2,YM
2024-06-10T14:03:40.000000000Z,32,1,80420,38889.000000000,38889.000000000,38888.000000000,38888.000000000,5,YM
2024-06-10T14:03:42.000000000Z,32,1,80420,38888.000000000,38888.000000000,38883.000000000,38884.000000000,11,YM
2024-06-10T14:03:44.000000000Z,32,1,80420,38884.000000000,38884.000000000,38884.000000000,38884.000000000,1,YM
2024-06-10T14:03:45.000000000Z,32,1,80420,38884.000000000,38885.000000000,38884.000000000,38885.000000000,2,YM
2024-06-10T14:03:46.000000000Z,32,1,80420,38885.000000000,38885.000000000,38885.000000000,38885.000000000,1,YM
2024-06-10T14:03:47.000000000Z,32,1,80420,38884.000000000,38884.000000000,38882.000000000,38883.000000000,12,YM
2024-06-10T14:03:49.000000000Z,32,1,80420,38888.000000000,38888.000000000,38888.000000000,38888.000000000,1,YM
2024-06-10T14:03:50.000000000Z,32,1,80420,38887.000000000,38887.000000000,38887.000000000,38887.000000000,4,YM
2024-06-10T14:03:51.000000000Z,32,1,80420,38888.000000000,38888.000000000,38887.000000000,38887.000000000,2,YM
2024-06-10T14:03:53.000000000Z,32,1,80420,38888.000000000,38888.000000000,38887.000000000,38887.000000000,8,YM
2024-06-10T14:03:54.000000000Z,32,1,80420,38886.000000000,38886.000000000,38885.000000000,38885.000000000,5,YM
2024-06-10T14:03:55.000000000Z,32,1,80420,38884.000000000,38884.000000000,38883.000000000,38883.000000000,3,YM
2024-06-10T14:03:56.000000000Z,32,1,80420,38883.000000000,38884.000000000,38883.000000000,38884.000000000,8,YM
2024-06-10T14:03:57.000000000Z,32,1,80420,38886.000000000,38886.000000000,38885.000000000,38885.000000000,4,YM
2024-06-10T14:03:58.000000000Z,32,1,80420,38884.000000000,38884.000000000,38884.000000000,38884.000000000,1,YM
2024-06-10T14:03:59.000000000Z,32,1,80420,38884.000000000,38884.000000000,38883.000000000,38883.000000000,4,YM
2024-06-10T14:04:00.000000000Z,32,1,80420,38883.000000000,38883.000000000,38883.000000000,38883.000000000,5,YM
2024-06-10T14:04:01.000000000Z,32,1,80420,38886.000000000,38886.000000000,38886.000000000,38886.000000000,2,YM
2024-06-10T14:04:02.000000000Z,32,1,80420,38885.000000000,38885.000000000,38884.000000000,38884.000000000,6,YM
2024-06-10T14:04:03.000000000Z,32,1,80420,38884.000000000,38885.000000000,38884.000000000,38885.000000000,3,YM
2024-06-10T14:04:04.000000000Z,32,1,80420,38886.000000000,38886.000000000,38886.000000000,38886.000000000,1,YM
2024-06-10T14:04:05.000000000Z,32,1,80420,38886.000000000,38886.000000000,38886.000000000,38886.000000000,4,YM
2024-06-10T14:04:06.000000000Z,32,1,80420,38887.000000000,38887.000000000,38886.000000000,38887.000000000,7,YM
2024-06-10T14:04:07.000000000Z,32,1,80420,38887.000000000,38887.000000000,38887.000000000,38887.000000000,1,YM
2024-06-10T14:04:08.000000000Z,32,1,80420,38887.000000000,38887.000000000,38886.000000000,38886.000000000,2,YM
2024-06-10T14:04:10.000000000Z,32,1,80420,38886.000000000,38886.000000000,38886.000000000,38886.000000000,4,YM
2024-06-10T14:04:11.000000000Z,32,1,80420,38887.000000000,38888.000000000,38886.000000000,38886.000000000,6,YM
2024-06-10T14:04:12.000000000Z,32,1,80420,38886.000000000,38886.000000000,38886.000000000,38886.000000000,1,YM
2024-06-10T14:04:14.000000000Z,32,1,80420,38885.000000000,38885.000000000,38885.000000000,38885.000000000,2,YM
2024-06-10T14:04:15.000000000Z,32,1,80420,38884.000000000,38884.000000000,38881.000000000,38883.000000000,6,YM
2024-06-10T14:04:16.000000000Z,32,1,80420,38884.000000000,38886.000000000,38883.000000000,38886.000000000,5,YM
2024-06-10T14:04:17.000000000Z,32,1,80420,38885.000000000,38885.000000000,38885.000000000,38885.000000000,3,YM
2024-06-10T14:04:18.000000000Z,32,1,80420,38885.000000000,38885.000000000,38885.000000000,38885.000000000,2,YM
2024-06-10T14:04:19.000000000Z,32,1,80420,38884.000000000,38884.000000000,38884.000000000,38884.000000000,3,YM
2024-06-10T14:04:20.000000000Z,32,1,80420,38882.000000000,38883.000000000,38882.000000000,38883.000000000,3,YM
2024-06-10T14:04:21.000000000Z,32,1,80420,38883.000000000,38883.000000000,38883.000000000,38883.000000000,1,YM
2024-06-10T14:04:22.000000000Z,32,1,80420,38884.000000000,38885.000000000,38884.000000000,38885.000000000,4,YM
2024-06-10T14:04:23.000000000Z,32,1,80420,38883.000000000,38884.000000000,38883.000000000,38883.000000000,3,YM
2024-06-10T14:04:24.000000000Z,32,1,80420,38885.000000000,38885.000000000,38884.000000000,38884.000000000,2,YM
2024-06-10T14:04:25.000000000Z,32,1,80420,38883.000000000,38883.000000000,38883.000000000,38883.000000000,2,YM
2024-06-10T14:04:26.000000000Z,32,1,80420,38882.000000000,38882.000000000,38882.000000000,38882.000000000,1,YM
2024-06-10T14:04:27.000000000Z,32,1,80420,38882.000000000,38882.000000000,38881.000000000,38881.000000000,4,YM
2024-06-10T14:04:28.000000000Z,32,1,80420,38882.000000000,38882.000000000,38882.000000000,38882.000000000,1,YM
2024-06-10T14:04:29.000000000Z,32,1,80420,38881.000000000,38882.000000000,38881.000000000,38882.000000000,5,YM
2024-06-10T14:04:30.000000000Z,32,1,80420,38882.000000000,38883.000000000,38882.000000000,38883.000000000,4,YM
2024-06-10T14:04:32.000000000Z,32,1,80420,38883.000000000,38883.000000000,38883.000000000,38883.000000000,1,YM
2024-06-10T14:04:33.000000000Z,32,1,80420,38884.000000000,38886.000000000,38884.000000000,38886.000000000,8,YM
2024-06-10T14:04:34.000000000Z,32,1,80420,38885.000000000,38887.000000000,38885.000000000,38887.000000000,3,YM
2024-06-10T14:04:38.000000000Z,32,1,80420,38887.000000000,38887.000000000,38886.000000000,38886.000000000,4,YM
2024-06-10T14:04:39.000000000Z,32,1,80420,38885.000000000,38886.000000000,38885.000000000,38886.000000000,2,YM
2024-06-10T14:04:41.000000000Z,32,1,80420,38888.000000000,38888.000000000,38887.000000000,38887.000000000,7,YM
2024-06-10T14:04:42.000000000Z,32,1,80420,38887.000000000,38887.000000000,38886.000000000,38886.000000000,4,YM
2024-06-10T14:04:43.000000000Z,32,1,80420,38884.000000000,38884.000000000,38884.000000000,38884.000000000,1,YM
2024-06-10T14:04:44.000000000Z,32,1,80420,38885.000000000,38885.000000000,38885.000000000,38885.000000000,2,YM
2024-06-10T14:04:45.000000000Z,32,1,80420,38884.000000000,38884.000000000,38882.000000000,38882.000000000,3,YM
2024-06-10T14:04:46.000000000Z,32,1,80420,38882.000000000,38882.000000000,38882.000000000,38882.000000000,1,YM
2024-06-10T14:04:47.000000000Z,32,1,80420,38882.000000000,38882.000000000,38882.000000000,38882.000000000,1,YM
2024-06-10T14:04:48.000000000Z,32,1,80420,38882.000000000,38882.000000000,38882.000000000,38882.000000000,4,YM
2024-06-10T14:04:49.000000000Z,32,1,80420,38886.000000000,38886.000000000,38885.000000000,38886.000000000,6,YM
2024-06-10T14:04:50.000000000Z,32,1,80420,38887.000000000,38887.000000000,38887.000000000,38887.000000000,1,YM
2024-06-10T14:04:51.000000000Z,32,1,80420,38886.000000000,38889.000000000,38886.000000000,38889.000000000,3,YM
2024-06-10T14:04:52.000000000Z,32,1,80420,38890.000000000,38890.000000000,38890.000000000,38890.000000000,2,YM
2024-06-10T14:04:54.000000000Z,32,1,80420,38889.000000000,38889.000000000,38888.000000000,38888.000000000,2,YM
2024-06-10T14:04:56.000000000Z,32,1,80420,38889.000000000,38889.000000000,38889.000000000,38889.000000000,4,YM
2024-06-10T14:04:57.000000000Z,32,1,80420,38888.000000000,38888.000000000,38888.000000000,38888.000000000,2,YM
2024-06-10T14:04:58.000000000Z,32,1,80420,38887.000000000,38887.000000000,38887.000000000,38887.000000000,7,YM
2024-06-10T14:04:59.000000000Z,32,1,80420,38888.000000000,38888.000000000,38887.000000000,38887.000000000,3,YM
2024-06-10T14:05:00.000000000Z,32,1,80420,38885.000000000,38887.000000000,38885.000000000,38886.000000000,7,YM
2024-06-10T14:05:01.000000000Z,32,1,80420,38886.000000000,38888.000000000,38886.000000000,38888.000000000,11,YM
2024-06-10T14:05:02.000000000Z,32,1,80420,38888.000000000,38890.000000000,38888.000000000,38890.000000000,10,YM
2024-06-10T14:05:04.000000000Z,32,1,80420,38891.000000000,38891.000000000,38890.000000000,38891.000000000,4,YM
2024-06-10T14:05:05.000000000Z,32,1,80420,38892.000000000,38892.000000000,38892.000000000,38892.000000000,5,YM
2024-06-10T14:05:07.000000000Z,32,1,80420,38893.000000000,38896.000000000,38892.000000000,38896.000000000,11,YM
2024-06-10T14:05:08.000000000Z,32,1,80420,38896.000000000,38896.000000000,38896.000000000,38896.000000000,13,YM
2024-06-10T14:05:09.000000000Z,32,1,80420,38897.000000000,38897.000000000,38897.000000000,38897.000000000,4,YM
2024-06-10T14:05:10.000000000Z,32,1,80420,38896.000000000,38896.000000000,38896.000000000,38896.000000000,1,YM
2024-06-10T14:05:11.000000000Z,32,1,80420,38897.000000000,38897.000000000,38896.000000000,38896.000000000,3,YM
2024-06-10T14:05:12.000000000Z,32,1,80420,38897.000000000,38898.000000000,38897.000000000,38898.000000000,3,YM
2024-06-10T14:05:13.000000000Z,32,1,80420,38899.000000000,38899.000000000,38898.000000000,38898.000000000,6,YM
2024-06-10T14:05:14.000000000Z,32,1,80420,38899.000000000,38899.000000000,38898.000000000,38899.000000000,16,YM
2024-06-10T14:05:15.000000000Z,32,1,80420,38897.000000000,38898.000000000,38897.000000000,38898.000000000,2,YM
2024-06-10T14:05:16.000000000Z,32,1,80420,38895.000000000,38895.000000000,38893.000000000,38895.000000000,7,YM
2024-06-10T14:05:18.000000000Z,32,1,80420,38895.000000000,38895.000000000,38895.000000000,38895.000000000,4,YM
2024-06-10T14:05:20.000000000Z,32,1,80420,38898.000000000,38899.000000000,38898.000000000,38899.000000000,8,YM
2024-06-10T14:05:21.000000000Z,32,1,80420,38899.000000000,38899.000000000,38899.000000000,38899.000000000,4,YM
2024-06-10T14:05:22.000000000Z,32,1,80420,38899.000000000,38899.000000000,38899.000000000,38899.000000000,2,YM
2024-06-10T14:05:23.000000000Z,32,1,80420,38899.000000000,38899.000000000,38898.000000000,38899.000000000,3,YM
2024-06-10T14:05:24.000000000Z,32,1,80420,38900.000000000,38904.000000000,38900.000000000,38904.000000000,33,YM
2024-06-10T14:05:25.000000000Z,32,1,80420,38904.000000000,38904.000000000,38902.000000000,38902.000000000,8,YM
2024-06-10T14:05:26.000000000Z,32,1,80420,38902.000000000,38902.000000000,38900.000000000,38900.000000000,7,YM
2024-06-10T14:05:27.000000000Z,32,1,80420,38899.000000000,38899.000000000,38896.000000000,38896.000000000,3,YM
2024-06-10T14:05:28.000000000Z,32,1,80420,38897.000000000,38898.000000000,38897.000000000,38898.000000000,5,YM
2024-06-10T14:05:29.000000000Z,32,1,80420,38897.000000000,38899.000000000,38897.000000000,38899.000000000,8,YM
2024-06-10T14:05:30.000000000Z,32,1,80420,38899.000000000,38899.000000000,38898.000000000,38899.000000000,6,YM
2024-06-10T14:05:31.000000000Z,32,1,80420,38899.000000000,38899.000000000,38898.000000000,38898.000000000,3,YM
2024-06-10T14:05:32.000000000Z,32,1,80420,38898.000000000,38898.000000000,38897.000000000,38897.000000000,3,YM
2024-06-10T14:05:33.000000000Z,32,1,80420,38896.000000000,38896.000000000,38896.000000000,38896.000000000,1,YM
2024-06-10T14:05:34.000000000Z,32,1,80420,38895.000000000,38896.000000000,38895.000000000,38895.000000000,10,YM
2024-06-10T14:05:36.000000000Z,32,1,80420,38897.000000000,38897.000000000,38897.000000000,38897.000000000,4,YM
2024-06-10T14:05:37.000000000Z,32,1,80420,38896.000000000,38896.000000000,38896.000000000,38896.000000000,1,YM
2024-06-10T14:05:39.000000000Z,32,1,80420,38899.000000000,38899.000000000,38898.000000000,38898.000000000,4,YM
2024-06-10T14:05:40.000000000Z,32,1,80420,38901.000000000,38902.000000000,38901.000000000,38902.000000000,6,YM
2024-06-10T14:05:41.000000000Z,32,1,80420,38901.000000000,38901.000000000,38900.000000000,38901.000000000,5,YM
2024-06-10T14:05:42.000000000Z,32,1,80420,38900.000000000,38900.000000000,38899.000000000,38899.000000000,3,YM
2024-06-10T14:05:44.000000000Z,32,1,80420,38900.000000000,38901.000000000,38900.000000000,38901.000000000,3,YM
2024-06-10T14:05:45.000000000Z,32,1,80420,38900.000000000,38900.000000000,38900.000000000,38900.000000000,1,YM
2024-06-10T14:05:46.000000000Z,32,1,80420,38900.000000000,38900.000000000,38900.000000000,38900.000000000,4,YM
2024-06-10T14:05:48.000000000Z,32,1,80420,38901.000000000,38901.000000000,38901.000000000,38901.000000000,1,YM
2024-06-10T14:05:49.000000000Z,32,1,80420,38901.000000000,38901.000000000,38900.000000000,38900.000000000,4,YM
2024-06-10T14:05:50.000000000Z,32,1,80420,38901.000000000,38901.000000000,38901.000000000,38901.000000000,4,YM
2024-06-10T14:05:52.000000000Z,32,1,80420,38899.000000000,38900.000000000,38899.000000000,38900.000000000,2,YM
2024-06-10T14:05:53.000000000Z,32,1,80420,38898.000000000,38898.000000000,38897.000000000,38897.000000000,7,YM
2024-06-10T14:05:54.000000000Z,32,1,80420,38897.000000000,38900.000000000,38897.000000000,38899.000000000,9,YM
2024-06-10T14:05:55.000000000Z,32,1,80420,38898.000000000,38899.000000000,38898.000000000,38899.000000000,10,YM
2024-06-10T14:05:56.000000000Z,32,1,80420,38900.000000000,38901.000000000,38900.000000000,38900.000000000,7,YM
2024-06-10T14:05:57.000000000Z,32,1,80420,38901.000000000,38901.000000000,38896.000000000,38896.000000000,7,YM
2024-06-10T14:05:58.000000000Z,32,1,80420,38896.000000000,38898.000000000,38896.000000000,38898.000000000,13,YM
2024-06-10T14:05:59.000000000Z,32,1,80420,38899.000000000,38899.000000000,38899.000000000,38899.000000000,2,YM
2024-06-10T14:06:00.000000000Z,32,1,80420,38898.000000000,38900.000000000,38898.000000000,38900.000000000,3,YM
2024-06-10T14:06:01.000000000Z,32,1,80420,38900.000000000,38902.000000000,38900.000000000,38902.000000000,3,YM
2024-06-10T14:06:02.000000000Z,32,1,80420,38902.000000000,38902.000000000,38901.000000000,38901.000000000,3,YM
2024-06-10T14:06:03.000000000Z,32,1,80420,38903.000000000,38904.000000000,38903.000000000,38904.000000000,3,YM
2024-06-10T14:06:04.000000000Z,32,1,80420,38904.000000000,38904.000000000,38902.000000000,38902.000000000,3,YM
2024-06-10T14:06:06.000000000Z,32,1,80420,38902.000000000,38902.000000000,38902.000000000,38902.000000000,1,YM
2024-06-10T14:06:07.000000000Z,32,1,80420,38900.000000000,38900.000000000,38898.000000000,38898.000000000,11,YM
2024-06-10T14:06:08.000000000Z,32,1,80420,38899.000000000,38899.000000000,38898.000000000,38898.000000000,3,YM
2024-06-10T14:06:09.000000000Z,32,1,80420,38896.000000000,38896.000000000,38896.000000000,38896.000000000,1,YM
2024-06-10T14:06:10.000000000Z,32,1,80420,38895.000000000,38895.000000000,38892.000000000,38892.000000000,12,YM
2024-06-10T14:06:11.000000000Z,32,1,80420,38894.000000000,38894.000000000,38893.000000000,38893.000000000,4,YM
2024-06-10T14:06:12.000000000Z,32,1,80420,38894.000000000,38895.000000000,38894.000000000,38895.000000000,7,YM
2024-06-10T14:06:13.000000000Z,32,1,80420,38894.000000000,38894.000000000,38894.000000000,38894.000000000,3,YM
2024-06-10T14:06:14.000000000Z,32,1,80420,38894.000000000,38894.000000000,38894.000000000,38894.000000000,4,YM
2024-06-10T14:06:16.000000000Z,32,1,80420,38895.000000000,38895.000000000,38895.000000000,38895.000000000,4,YM
2024-06-10T14:06:18.000000000Z,32,1,80420,38896.000000000,38896.000000000,38895.000000000,38895.000000000,8,YM
2024-06-10T14:06:20.000000000Z,32,1,80420,38896.000000000,38896.000000000,38895.000000000,38896.000000000,7,YM
2024-06-10T14:06:21.000000000Z,32,1,80420,38895.000000000,38895.000000000,38894.000000000,38894.000000000,2,YM
2024-06-10T14:06:22.000000000Z,32,1,80420,38893.000000000,38893.000000000,38891.000000000,38891.000000000,7,YM
2024-06-10T14:06:23.000000000Z,32,1,80420,38893.000000000,38893.000000000,38893.000000000,38893.000000000,1,YM
2024-06-10T14:06:24.000000000Z,32,1,80420,38894.000000000,38895.000000000,38894.000000000,38895.000000000,3,YM
2024-06-10T14:06:25.000000000Z,32,1,80420,38896.000000000,38896.000000000,38896.000000000,38896.000000000,3,YM
2024-06-10T14:06:27.000000000Z,32,1,80420,38897.000000000,38898.000000000,38897.000000000,38898.000000000,2,YM
2024-06-10T14:06:28.000000000Z,32,1,80420,38897.000000000,38897.000000000,38897.000000000,38897.000000000,2,YM
2024-06-10T14:06:31.000000000Z,32,1,80420,38898.000000000,38900.000000000,38898.000000000,38900.000000000,5,YM
2024-06-10T14:06:32.000000000Z,32,1,80420,38899.000000000,38900.000000000,38899.000000000,38900.000000000,3,YM
2024-06-10T14:06:33.000000000Z,32,1,80420,38901.000000000,38903.000000000,38901.000000000,38901.000000000,5,YM
2024-06-10T14:06:34.000000000Z,32,1,80420,38901.000000000,38901.000000000,38899.000000000,38899.000000000,4,YM
2024-06-10T14:06:36.000000000Z,32,1,80420,38900.000000000,38911.000000000,38900.000000000,38911.000000000,116,YM
2024-06-10T14:06:37.000000000Z,32,1,80420,38912.000000000,38915.000000000,38911.000000000,38911.000000000,59,YM
2024-06-10T14:06:38.000000000Z,32,1,80420,38911.000000000,38912.000000000,38911.000000000,38912.000000000,6,YM
2024-06-10T14:06:39.000000000Z,32,1,80420,38911.000000000,38911.000000000,38909.000000000,38909.000000000,15,YM
2024-06-10T14:06:40.000000000Z,32,1,80420,38909.000000000,38910.000000000,38909.000000000,38909.000000000,6,YM
2024-06-10T14:06:41.000000000Z,32,1,80420,38908.000000000,38909.000000000,38908.000000000,38909.000000000,3,YM
2024-06-10T14:06:42.000000000Z,32,1,80420,38910.000000000,38910.000000000,38909.000000000,38910.000000000,8,YM
2024-06-10T14:06:43.000000000Z,32,1,80420,38911.000000000,38912.000000000,38911.000000000,38911.000000000,10,YM
2024-06-10T14:06:44.000000000Z,32,1,80420,38912.000000000,38912.000000000,38911.000000000,38911.000000000,4,YM
2024-06-10T14:06:46.000000000Z,32,1,80420,38912.000000000,38912.000000000,38912.000000000,38912.000000000,1,YM
2024-06-10T14:06:47.000000000Z,32,1,80420,38912.000000000,38912.000000000,38910.000000000,38911.000000000,16,YM
2024-06-10T14:06:48.000000000Z,32,1,80420,38912.000000000,38912.000000000,38911.000000000,38911.000000000,5,YM
2024-06-10T14:06:49.000000000Z,32,1,80420,38911.000000000,38911.000000000,38910.000000000,38910.000000000,15,YM
2024-06-10T14:06:50.000000000Z,32,1,80420,38912.000000000,38912.000000000,38910.000000000,38910.000000000,17,YM
2024-06-10T14:06:51.000000000Z,32,1,80420,38910.000000000,38910.000000000,38907.000000000,38907.000000000,31,YM
2024-06-10T14:06:52.000000000Z,32,1,80420,38907.000000000,38907.000000000,38907.000000000,38907.000000000,1,YM
2024-06-10T14:06:53.000000000Z,32,1,80420,38907.000000000,38907.000000000,38906.000000000,38906.000000000,6,YM
2024-06-10T14:06:54.000000000Z,32,1,80420,38906.000000000,38906.000000000,38905.000000000,38905.000000000,2,YM
2024-06-10T14:06:55.000000000Z,32,1,80420,38905.000000000,38906.000000000,38905.000000000,38906.000000000,3,YM
2024-06-10T14:06:56.000000000Z,32,1,80420,38906.000000000,38906.000000000,38906.000000000,38906.000000000,4,YM
2024-06-10T14:06:57.000000000Z,32,1,80420,38906.000000000,38906.000000000,38906.000000000,38906.000000000,1,YM
2024-06-10T14:06:58.000000000Z,32,1,80420,38906.000000000,38906.000000000,38906.000000000,38906.000000000,3,YM
2024-06-10T14:06:59.000000000Z,32,1,80420,38905.000000000,38905.000000000,38903.000000000,38903.000000000,7,YM
2024-06-10T14:07:00.000000000Z,32,1,80420,38904.000000000,38904.000000000,38903.000000000,38903.000000000,6,YM
2024-06-10T14:07:02.000000000Z,32,1,80420,38903.000000000,38904.000000000,38903.000000000,38904.000000000,5,YM
2024-06-10T14:07:03.000000000Z,32,1,80420,38904.000000000,38904.000000000,38902.000000000,38902.000000000,3,YM
2024-06-10T14:07:04.000000000Z,32,1,80420,38902.000000000,38903.000000000,38902.000000000,38903.000000000,4,YM
2024-06-10T14:07:05.000000000Z,32,1,80420,38904.000000000,38907.000000000,38904.000000000,38907.000000000,8,YM
2024-06-10T14:07:06.000000000Z,32,1,80420,38906.000000000,38906.000000000,38905.000000000,38906.000000000,8,YM
2024-06-10T14:07:07.000000000Z,32,1,80420,38906.000000000,38907.000000000,38906.000000000,38907.000000000,5,YM
2024-06-10T14:07:08.000000000Z,32,1,80420,38906.000000000,38906.000000000,38904.000000000,38904.000000000,6,YM
2024-06-10T14:07:09.000000000Z,32,1,80420,38905.000000000,38905.000000000,38901.000000000,38903.000000000,12,YM
2024-06-10T14:07:10.000000000Z,32,1,80420,38902.000000000,38903.000000000,38902.000000000,38903.000000000,3,YM
2024-06-10T14:07:11.000000000Z,32,1,80420,38902.000000000,38902.000000000,38902.000000000,38902.000000000,7,YM
2024-06-10T14:07:13.000000000Z,32,1,80420,38902.000000000,38903.000000000,38902.000000000,38903.000000000,2,YM
2024-06-10T14:07:14.000000000Z,32,1,80420,38901.000000000,38901.000000000,38901.000000000,38901.000000000,2,YM
2024-06-10T14:07:15.000000000Z,32,1,80420,38901.000000000,38901.000000000,38901.000000000,38901.000000000,5,YM
2024-06-10T14:07:16.000000000Z,32,1,80420,38900.000000000,38900.000000000,38897.000000000,38897.000000000,16,YM
2024-06-10T14:07:18.000000000Z,32,1,80420,38898.000000000,38899.000000000,38898.000000000,38899.000000000,2,YM
2024-06-10T14:07:20.000000000Z,32,1,80420,38900.000000000,38901.000000000,38900.000000000,38901.000000000,2,YM
2024-06-10T14:07:21.000000000Z,32,1,80420,38902.000000000,38902.000000000,38901.000000000,38901.000000000,3,YM
2024-06-10T14:07:22.000000000Z,32,1,80420,38899.000000000,38899.000000000,38898.000000000,38898.000000000,2,YM
2024-06-10T14:07:23.000000000Z,32,1,80420,38898.000000000,38901.000000000,38898.000000000,38901.000000000,3,YM
2024-06-10T14:07:25.000000000Z,32,1,80420,38900.000000000,38900.000000000,38900.000000000,38900.000000000,1,YM
2024-06-10T14:07:26.000000000Z,32,1,80420,38898.000000000,38898.000000000,38896.000000000,38897.000000000,6,YM
2024-06-10T14:07:29.000000000Z,32,1,80420,38899.000000000,38900.000000000,38899.000000000,38900.000000000,4,YM
2024-06-10T14:07:30.000000000Z,32,1,80420,38898.000000000,38898.000000000,38898.000000000,38898.000000000,1,YM
2024-06-10T14:07:31.000000000Z,32,1,80420,38899.000000000,38899.000000000,38896.000000000,38896.000000000,4,YM
2024-06-10T14:07:32.000000000Z,32,1,80420,38897.000000000,38897.000000000,38896.000000000,38897.000000000,4,YM
2024-06-10T14:07:33.000000000Z,32,1,80420,38896.000000000,38896.000000000,38896.000000000,38896.000000000,1,YM
2024-06-10T14:07:34.000000000Z,32,1,80420,38896.000000000,38896.000000000,38896.000000000,38896.000000000,1,YM
2024-06-10T14:07:35.000000000Z,32,1,80420,38896.000000000,38896.000000000,38893.000000000,38894.000000000,11,YM
2024-06-10T14:07:36.000000000Z,32,1,80420,38895.000000000,38897.000000000,38895.000000000,38897.000000000,3,YM
2024-06-10T14:07:37.000000000Z,32,1,80420,38895.000000000,38895.000000000,38895.000000000,38895.000000000,1,YM
2024-06-10T14:07:38.000000000Z,32,1,80420,38897.000000000,38897.000000000,38897.000000000,38897.000000000,1,YM
2024-06-10T14:07:40.000000000Z,32,1,80420,38896.000000000,38896.000000000,38894.000000000,38894.000000000,6,YM
2024-06-10T14:07:41.000000000Z,32,1,80420,38894.000000000,38896.000000000,38894.000000000,38896.000000000,8,YM
2024-06-10T14:07:44.000000000Z,32,1,80420,38896.000000000,38896.000000000,38896.000000000,38896.000000000,1,YM
2024-06-10T14:07:45.000000000Z,32,1,80420,38897.000000000,38897.000000000,38897.000000000,38897.000000000,1,YM
2024-06-10T14:07:46.000000000Z,32,1,80420,38897.000000000,38897.000000000,38896.000000000,38896.000000000,2,YM
2024-06-10T14:07:47.000000000Z,32,1,80420,38895.000000000,38895.000000000,38895.000000000,38895.000000000,1,YM
2024-06-10T14:07:48.000000000Z,32,1,80420,38896.000000000,38896.000000000,38896.000000000,38896.000000000,2,YM
2024-06-10T14:07:49.000000000Z,32,1,80420,38896.000000000,38896.000000000,38896.000000000,38896.000000000,3,YM
2024-06-10T14:07:50.000000000Z,32,1,80420,38896.000000000,38896.000000000,38895.000000000,38895.000000000,3,YM
2024-06-10T14:07:51.000000000Z,32,1,80420,38897.000000000,38900.000000000,38897.000000000,38900.000000000,7,YM
2024-06-10T14:07:54.000000000Z,32,1,80420,38900.000000000,38900.000000000,38900.000000000,38900.000000000,2,YM
2024-06-10T14:07:55.000000000Z,32,1,80420,38901.000000000,38901.000000000,38901.000000000,38901.000000000,1,YM
2024-06-10T14:07:56.000000000Z,32,1,80420,38901.000000000,38901.000000000,38901.000000000,38901.000000000,1,YM
2024-06-10T14:07:57.000000000Z,32,1,80420,38902.000000000,38903.000000000,38902.000000000,38903.000000000,4,YM
2024-06-10T14:07:59.000000000Z,32,1,80420,38903.000000000,38903.000000000,38903.000000000,38903.000000000,1,YM
2024-06-10T14:08:00.000000000Z,32,1,80420,38902.000000000,38902.000000000,38901.000000000,38901.000000000,3,YM
2024-06-10T14:08:01.000000000Z,32,1,80420,38902.000000000,38903.000000000,38901.000000000,38902.000000000,13,YM
2024-06-10T14:08:02.000000000Z,32,1,80420,38901.000000000,38902.000000000,38901.000000000,38901.000000000,11,YM
2024-06-10T14:08:03.000000000Z,32,1,80420,38903.000000000,38903.000000000,38902.000000000,38902.000000000,4,YM
2024-06-10T14:08:04.000000000Z,32,1,80420,38903.000000000,38903.000000000,38903.000000000,38903.000000000,2,YM
2024-06-10T14:08:05.000000000Z,32,1,80420,38902.000000000,38902.000000000,38901.000000000,38901.000000000,11,YM
2024-06-10T14:08:06.000000000Z,32,1,80420,38901.000000000,38902.000000000,38900.000000000,38900.000000000,12,YM
2024-06-10T14:08:07.000000000Z,32,1,80420,38899.000000000,38899.000000000,38899.000000000,38899.000000000,2,YM
2024-06-10T14:08:08.000000000Z,32,1,80420,38899.000000000,38900.000000000,38899.000000000,38900.000000000,11,YM
2024-06-10T14:08:09.000000000Z,32,1,80420,38900.000000000,38900.000000000,38899.000000000,38899.000000000,5,YM
2024-06-10T14:08:10.000000000Z,32,1,80420,38899.000000000,38899.000000000,38899.000000000,38899.000000000,3,YM
2024-06-10T14:08:11.000000000Z,32,1,80420,38901.000000000,38901.000000000,38900.000000000,38900.000000000,4,YM
2024-06-10T14:08:12.000000000Z,32,1,80420,38899.000000000,38899.000000000,38899.000000000,38899.000000000,1,YM
2024-06-10T14:08:14.000000000Z,32,1,80420,38900.000000000,38900.000000000,38899.000000000,38899.000000000,4,YM
2024-06-10T14:08:15.000000000Z,32,1,80420,38901.000000000,38901.000000000,38899.000000000,38899.000000000,4,YM
2024-06-10T14:08:16.000000000Z,32,1,80420,38898.000000000,38900.000000000,38898.000000000,38900.000000000,33,YM
2024-06-10T14:08:17.000000000Z,32,1,80420,38901.000000000,38901.000000000,38901.000000000,38901.000000000,3,YM
2024-06-10T14:08:18.000000000Z,32,1,80420,38902.000000000,38902.000000000,38902.000000000,38902.000000000,3,YM
2024-06-10T14:08:19.000000000Z,32,1,80420,38902.000000000,38902.000000000,38902.000000000,38902.000000000,3,YM
2024-06-10T14:08:20.000000000Z,32,1,80420,38902.000000000,38903.000000000,38902.000000000,38903.000000000,4,YM
2024-06-10T14:08:21.000000000Z,32,1,80420,38902.000000000,38902.000000000,38902.000000000,38902.000000000,1,YM
2024-06-10T14:08:22.000000000Z,32,1,80420,38902.000000000,38902.000000000,38902.000000000,38902.000000000,2,YM
2024-06-10T14:08:23.000000000Z,32,1,80420,38902.000000000,38902.000000000,38902.000000000,38902.000000000,3,YM
2024-06-10T14:08:24.000000000Z,32,1,80420,38904.000000000,38904.000000000,38903.000000000,38903.000000000,4,YM
2024-06-10T14:08:25.000000000Z,32,1,80420,38904.000000000,38904.000000000,38903.000000000,38903.000000000,2,YM
2024-06-10T14:08:26.000000000Z,32,1,80420,38903.000000000,38903.000000000,38903.000000000,38903.000000000,2,YM
2024-06-10T14:08:27.000000000Z,32,1,80420,38903.000000000,38903.000000000,38903.000000000,38903.000000000,1,YM
2024-06-10T14:08:28.000000000Z,32,1,80420,38903.000000000,38903.000000000,38903.000000000,38903.000000000,1,YM
2024-06-10T14:08:29.000000000Z,32,1,80420,38901.000000000,38902.000000000,38901.000000000,38902.000000000,3,YM
2024-06-10T14:08:30.000000000Z,32,1,80420,38903.000000000,38904.000000000,38903.000000000,38904.000000000,2,YM
2024-06-10T14:08:31.000000000Z,32,1,80420,38903.000000000,38903.000000000,38903.000000000,38903.000000000,2,YM
2024-06-10T14:08:32.000000000Z,32,1,80420,38903.000000000,38903.000000000,38903.000000000,38903.000000000,1,YM
2024-06-10T14:08:33.000000000Z,32,1,80420,38903.000000000,38903.000000000,38903.000000000,38903.000000000,4,YM
2024-06-10T14:08:35.000000000Z,32,1,80420,38904.000000000,38904.000000000,38904.000000000,38904.000000000,1,YM
2024-06-10T14:08:36.000000000Z,32,1,80420,38904.000000000,38904.000000000,38902.000000000,38902.000000000,8,YM
2024-06-10T14:08:37.000000000Z,32,1,80420,38902.000000000,38902.000000000,38902.000000000,38902.000000000,2,YM
2024-06-10T14:08:38.000000000Z,32,1,80420,38904.000000000,38904.000000000,38904.000000000,38904.000000000,1,YM
2024-06-10T14:08:40.000000000Z,32,1,80420,38905.000000000,38906.000000000,38905.000000000,38906.000000000,9,YM
2024-06-10T14:08:41.000000000Z,32,1,80420,38906.000000000,38906.000000000,38906.000000000,38906.000000000,2,YM
2024-06-10T14:08:42.000000000Z,32,1,80420,38906.000000000,38906.000000000,38906.000000000,38906.000000000,6,YM
2024-06-10T14:08:43.000000000Z,32,1,80420,38905.000000000,38905.000000000,38904.000000000,38904.000000000,6,YM
2024-06-10T14:08:45.000000000Z,32,1,80420,38903.000000000,38904.000000000,38902.000000000,38904.000000000,5,YM
2024-06-10T14:08:46.000000000Z,32,1,80420,38903.000000000,38903.000000000,38903.000000000,38903.000000000,2,YM
2024-06-10T14:08:47.000000000Z,32,1,80420,38903.000000000,38906.000000000,38903.000000000,38906.000000000,3,YM
2024-06-10T14:08:48.000000000Z,32,1,80420,38905.000000000,38905.000000000,38905.000000000,38905.000000000,1,YM
2024-06-10T14:08:50.000000000Z,32,1,80420,38903.000000000,38903.000000000,38903.000000000,38903.000000000,1,YM
2024-06-10T14:08:52.000000000Z,32,1,80420,38903.000000000,38904.000000000,38903.000000000,38904.000000000,4,YM
2024-06-10T14:08:53.000000000Z,32,1,80420,38904.000000000,38904.000000000,38904.000000000,38904.000000000,1,YM
2024-06-10T14:08:54.000000000Z,32,1,80420,38904.000000000,38904.000000000,38904.000000000,38904.000000000,1,YM
2024-06-10T14:08:57.000000000Z,32,1,80420,38903.000000000,38903.000000000,38903.000000000,38903.000000000,4,YM
2024-06-10T14:08:58.000000000Z,32,1,80420,38904.000000000,38904.000000000,38903.000000000,38903.000000000,6,YM
2024-06-10T14:08:59.000000000Z,32,1,80420,38903.000000000,38903.000000000,38903.000000000,38903.000000000,1,YM
2024-06-10T14:09:00.000000000Z,32,1,80420,38903.000000000,38903.000000000,38903.000000000,38903.000000000,3,YM
2024-06-10T14:09:01.000000000Z,32,1,80420,38904.000000000,38904.000000000,38904.000000000,38904.000000000,1,YM
2024-06-10T14:09:02.000000000Z,32,1,80420,38904.000000000,38904.000000000,38904.000000000,38904.000000000,2,YM
2024-06-10T14:09:03.000000000Z,32,1,80420,38903.000000000,38903.000000000,38902.000000000,38902.000000000,3,YM
2024-06-10T14:09:04.000000000Z,32,1,80420,38904.000000000,38904.000000000,38903.000000000,38903.000000000,3,YM
2024-06-10T14:09:05.000000000Z,32,1,80420,38903.000000000,38903.000000000,38903.000000000,38903.000000000,1,YM
2024-06-10T14:09:06.000000000Z,32,1,80420,38902.000000000,38902.000000000,38900.000000000,38900.000000000,5,YM
2024-06-10T14:09:07.000000000Z,32,1,80420,38899.000000000,38902.000000000,38895.000000000,38895.000000000,24,YM
2024-06-10T14:09:08.000000000Z,32,1,80420,38895.000000000,38896.000000000,38895.000000000,38896.000000000,3,YM
2024-06-10T14:09:09.000000000Z,32,1,80420,38896.000000000,38897.000000000,38896.000000000,38897.000000000,5,YM
2024-06-10T14:09:10.000000000Z,32,1,80420,38899.000000000,38899.000000000,38898.000000000,38898.000000000,6,YM
2024-06-10T14:09:12.000000000Z,32,1,80420,38898.000000000,38899.000000000,38898.000000000,38899.000000000,4,YM
2024-06-10T14:09:13.000000000Z,32,1,80420,38897.000000000,38897.000000000,38897.000000000,38897.000000000,1,YM
2024-06-10T14:09:14.000000000Z,32,1,80420,38896.000000000,38896.000000000,38896.000000000,38896.000000000,1,YM
2024-06-10T14:09:15.000000000Z,32,1,80420,38895.000000000,38895.000000000,38893.000000000,38894.000000000,11,YM
2024-06-10T14:09:16.000000000Z,32,1,80420,38894.000000000,38894.000000000,38894.000000000,38894.000000000,5,YM
2024-06-10T14:09:18.000000000Z,32,1,80420,38894.000000000,38894.000000000,38894.000000000,38894.000000000,1,YM
2024-06-10T14:09:19.000000000Z,32,1,80420,38894.000000000,38894.000000000,38894.000000000,38894.000000000,1,YM
2024-06-10T14:09:20.000000000Z,32,1,80420,38895.000000000,38895.000000000,38895.000000000,38895.000000000,3,YM
2024-06-10T14:09:21.000000000Z,32,1,80420,38896.000000000,38896.000000000,38896.000000000,38896.000000000,6,YM
2024-06-10T14:09:23.000000000Z,32,1,80420,38897.000000000,38897.000000000,38894.000000000,38894.000000000,9,YM
2024-06-10T14:09:24.000000000Z,32,1,80420,38896.000000000,38897.000000000,38895.000000000,38896.000000000,22,YM
2024-06-10T14:09:25.000000000Z,32,1,80420,38893.000000000,38893.000000000,38892.000000000,38892.000000000,5,YM
2024-06-10T14:09:26.000000000Z,32,1,80420,38892.000000000,38892.000000000,38891.000000000,38891.000000000,12,YM
2024-06-10T14:09:27.000000000Z,32,1,80420,38891.000000000,38892.000000000,38891.000000000,38891.000000000,5,YM
2024-06-10T14:09:28.000000000Z,32,1,80420,38891.000000000,38891.000000000,38891.000000000,38891.000000000,4,YM
2024-06-10T14:09:29.000000000Z,32,1,80420,38890.000000000,38890.000000000,38889.000000000,38889.000000000,7,YM
2024-06-10T14:09:30.000000000Z,32,1,80420,38889.000000000,38889.000000000,38889.000000000,38889.000000000,3,YM
2024-06-10T14:09:31.000000000Z,32,1,80420,38888.000000000,38889.000000000,38887.000000000,38888.000000000,10,YM
2024-06-10T14:09:32.000000000Z,32,1,80420,38888.000000000,38889.000000000,38888.000000000,38889.000000000,5,YM
2024-06-10T14:09:33.000000000Z,32,1,80420,38890.000000000,38890.000000000,38890.000000000,38890.000000000,1,YM
2024-06-10T14:09:34.000000000Z,32,1,80420,38889.000000000,38889.000000000,38889.000000000,38889.000000000,1,YM
2024-06-10T14:09:35.000000000Z,32,1,80420,38890.000000000,38891.000000000,38890.000000000,38890.000000000,3,YM
2024-06-10T14:09:36.000000000Z,32,1,80420,38889.000000000,38890.000000000,38889.000000000,38890.000000000,3,YM
2024-06-10T14:09:37.000000000Z,32,1,80420,38889.000000000,38889.000000000,38886.000000000,38886.000000000,7,YM
2024-06-10T14:09:38.000000000Z,32,1,80420,38885.000000000,38885.000000000,38883.000000000,38883.000000000,13,YM
2024-06-10T14:09:39.000000000Z,32,1,80420,38883.000000000,38883.000000000,38882.000000000,38882.000000000,6,YM
2024-06-10T14:09:40.000000000Z,32,1,80420,38882.000000000,38884.000000000,38882.000000000,38884.000000000,11,YM
2024-06-10T14:09:41.000000000Z,32,1,80420,38884.000000000,38884.000000000,38884.000000000,38884.000000000,3,YM
2024-06-10T14:09:42.000000000Z,32,1,80420,38885.000000000,38885.000000000,38884.000000000,38885.000000000,6,YM
2024-06-10T14:09:43.000000000Z,32,1,80420,38886.000000000,38888.000000000,38886.000000000,38888.000000000,11,YM
2024-06-10T14:09:44.000000000Z,32,1,80420,38888.000000000,38889.000000000,38888.000000000,38889.000000000,7,YM
2024-06-10T14:09:45.000000000Z,32,1,80420,38889.000000000,38889.000000000,38889.000000000,38889.000000000,1,YM
2024-06-10T14:09:46.000000000Z,32,1,80420,38889.000000000,38889.000000000,38888.000000000,38888.000000000,6,YM
2024-06-10T14:09:47.000000000Z,32,1,80420,38888.000000000,38889.000000000,38888.000000000,38889.000000000,4,YM
2024-06-10T14:09:49.000000000Z,32,1,80420,38890.000000000,38890.000000000,38890.000000000,38890.000000000,3,YM
2024-06-10T14:09:52.000000000Z,32,1,80420,38889.000000000,38889.000000000,38889.000000000,38889.000000000,3,YM
2024-06-10T14:09:53.000000000Z,32,1,80420,38888.000000000,38889.000000000,38888.000000000,38889.000000000,14,YM
2024-06-10T14:09:54.000000000Z,32,1,80420,38889.000000000,38889.000000000,38889.000000000,38889.000000000,1,YM
2024-06-10T14:09:56.000000000Z,32,1,80420,38889.000000000,38889.000000000,38889.000000000,38889.000000000,2,YM
2024-06-10T14:09:57.000000000Z,32,1,80420,38890.000000000,38890.000000000,38890.000000000,38890.000000000,4,YM
2024-06-10T14:09:58.000000000Z,32,1,80420,38891.000000000,38891.000000000,38891.000000000,38891.000000000,1,YM
2024-06-10T14:10:00.000000000Z,32,1,80420,38892.000000000,38894.000000000,38891.000000000,38891.000000000,12,YM
2024-06-10T14:10:01.000000000Z,32,1,80420,38893.000000000,38894.000000000,38893.000000000,38894.000000000,2,YM
2024-06-10T14:10:02.000000000Z,32,1,80420,38893.000000000,38893.000000000,38892.000000000,38892.000000000,4,YM
2024-06-10T14:10:03.000000000Z,32,1,80420,38891.000000000,38891.000000000,38891.000000000,38891.000000000,1,YM
2024-06-10T14:10:04.000000000Z,32,1,80420,38891.000000000,38892.000000000,38891.000000000,38892.000000000,2,YM
2024-06-10T14:10:05.000000000Z,32,1,80420,38892.000000000,38892.000000000,38887.000000000,38887.000000000,4,YM
2024-06-10T14:10:06.000000000Z,32,1,80420,38886.000000000,38886.000000000,38885.000000000,38885.000000000,9,YM
2024-06-10T14:10:07.000000000Z,32,1,80420,38886.000000000,38888.000000000,38886.000000000,38888.000000000,6,YM
2024-06-10T14:10:08.000000000Z,32,1,80420,38890.000000000,38890.000000000,38890.000000000,38890.000000000,3,YM
2024-06-10T14:10:09.000000000Z,32,1,80420,38891.000000000,38891.000000000,38889.000000000,38889.000000000,10,YM
2024-06-10T14:10:10.000000000Z,32,1,80420,38889.000000000,38889.000000000,38889.000000000,38889.000000000,5,YM
2024-06-10T14:10:11.000000000Z,32,1,80420,38891.000000000,38891.000000000,38890.000000000,38890.000000000,2,YM
2024-06-10T14:10:12.000000000Z,32,1,80420,38889.000000000,38889.000000000,38888.000000000,38888.000000000,7,YM
2024-06-10T14:10:14.000000000Z,32,1,80420,38889.000000000,38891.000000000,38889.000000000,38891.000000000,7,YM
2024-06-10T14:10:15.000000000Z,32,1,80420,38890.000000000,38890.000000000,38890.000000000,38890.000000000,3,YM
2024-06-10T14:10:17.000000000Z,32,1,80420,38888.000000000,38888.000000000,38888.000000000,38888.000000000,2,YM
2024-06-10T14:10:18.000000000Z,32,1,80420,38889.000000000,38889.000000000,38889.000000000,38889.000000000,1,YM
2024-06-10T14:10:19.000000000Z,32,1,80420,38890.000000000,38892.000000000,38890.000000000,38892.000000000,4,YM
2024-06-10T14:10:20.000000000Z,32,1,80420,38893.000000000,38893.000000000,38893.000000000,38893.000000000,4,YM
2024-06-10T14:10:22.000000000Z,32,1,80420,38893.000000000,38893.000000000,38893.000000000,38893.000000000,1,YM
2024-06-10T14:10:23.000000000Z,32,1,80420,38891.000000000,38891.000000000,38891.000000000,38891.000000000,4,YM
2024-06-10T14:10:24.000000000Z,32,1,80420,38890.000000000,38891.000000000,38889.000000000,38891.000000000,7,YM
2024-06-10T14:10:25.000000000Z,32,1,80420,38892.000000000,38894.000000000,38891.000000000,38891.000000000,12,YM
2024-06-10T14:10:27.000000000Z,32,1,80420,38893.000000000,38893.000000000,38891.000000000,38891.000000000,8,YM
2024-06-10T14:10:28.000000000Z,32,1,80420,38892.000000000,38892.000000000,38892.000000000,38892.000000000,1,YM
2024-06-10T14:10:29.000000000Z,32,1,80420,38891.000000000,38891.000000000,38891.000000000,38891.000000000,1,YM
2024-06-10T14:10:30.000000000Z,32,1,80420,38890.000000000,38890.000000000,38887.000000000,38887.000000000,6,YM
2024-06-10T14:10:31.000000000Z,32,1,80420,38888.000000000,38889.000000000,38888.000000000,38888.000000000,11,YM
2024-06-10T14:10:32.000000000Z,32,1,80420,38887.000000000,38887.000000000,38887.000000000,38887.000000000,2,YM
2024-06-10T14:10:34.000000000Z,32,1,80420,38887.000000000,38888.000000000,38887.000000000,38888.000000000,4,YM
2024-06-10T14:10:36.000000000Z,32,1,80420,38888.000000000,38888.000000000,38888.000000000,38888.000000000,3,YM
2024-06-10T14:10:37.000000000Z,32,1,80420,38888.000000000,38888.000000000,38888.000000000,38888.000000000,1,YM
2024-06-10T14:10:38.000000000Z,32,1,80420,38888.000000000,38888.000000000,38888.000000000,38888.000000000,1,YM
2024-06-10T14:10:39.000000000Z,32,1,80420,38889.000000000,38889.000000000,38889.000000000,38889.000000000,1,YM
2024-06-10T14:10:40.000000000Z,32,1,80420,38888.000000000,38888.000000000,38888.000000000,38888.000000000,3,YM
2024-06-10T14:10:41.000000000Z,32,1,80420,38887.000000000,38887.000000000,38886.000000000,38886.000000000,7,YM
2024-06-10T14:10:42.000000000Z,32,1,80420,38886.000000000,38886.000000000,38883.000000000,38883.000000000,14,YM
2024-06-10T14:10:43.000000000Z,32,1,80420,38884.000000000,38887.000000000,38884.000000000,38887.000000000,2,YM
2024-06-10T14:10:44.000000000Z,32,1,80420,38888.000000000,38888.000000000,38888.000000000,38888.000000000,1,YM
2024-06-10T14:10:45.000000000Z,32,1,80420,38886.000000000,38886.000000000,38886.000000000,38886.000000000,1,YM
2024-06-10T14:10:46.000000000Z,32,1,80420,38887.000000000,38887.000000000,38886.000000000,38886.000000000,12,YM
2024-06-10T14:10:47.000000000Z,32,1,80420,38886.000000000,38886.000000000,38885.000000000,38885.000000000,4,YM
2024-06-10T14:10:48.000000000Z,32,1,80420,38886.000000000,38886.000000000,38886.000000000,38886.000000000,1,YM
2024-06-10T14:10:49.000000000Z,32,1,80420,38886.000000000,38886.000000000,38884.000000000,38884.000000000,5,YM
2024-06-10T14:10:50.000000000Z,32,1,80420,38885.000000000,38885.000000000,38882.000000000,38882.000000000,21,YM
2024-06-10T14:10:51.000000000Z,32,1,80420,38882.000000000,38883.000000000,38881.000000000,38881.000000000,40,YM
2024-06-10T14:10:52.000000000Z,32,1,80420,38882.000000000,38883.000000000,38882.000000000,38883.000000000,2,YM
2024-06-10T14:10:54.000000000Z,32,1,80420,38884.000000000,38884.000000000,38884.000000000,38884.000000000,1,YM
2024-06-10T14:10:56.000000000Z,32,1,80420,38884.000000000,38885.000000000,38884.000000000,38885.000000000,3,YM
2024-06-10T14:10:57.000000000Z,32,1,80420,38887.000000000,38887.000000000,38887.000000000,38887.000000000,4,YM
2024-06-10T14:10:58.000000000Z,32,1,80420,38888.000000000,38888.000000000,38888.000000000,38888.000000000,1,YM
2024-06-10T14:10:59.000000000Z,32,1,80420,38887.000000000,38887.000000000,38885.000000000,38886.000000000,7,YM
2024-06-10T14:11:00.000000000Z,32,1,80420,38885.000000000,38885.000000000,38885.000000000,38885.000000000,1,YM
2024-06-10T14:11:01.000000000Z,32,1,80420,38886.000000000,38886.000000000,38886.000000000,38886.000000000,1,YM
2024-06-10T14:11:02.000000000Z,32,1,80420,38886.000000000,38886.000000000,38886.000000000,38886.000000000,3,YM
2024-06-10T14:11:03.000000000Z,32,1,80420,38886.000000000,38886.000000000,38886.000000000,38886.000000000,3,YM
2024-06-10T14:11:04.000000000Z,32,1,80420,38886.000000000,38886.000000000,38886.000000000,38886.000000000,4,YM
2024-06-10T14:11:05.000000000Z,32,1,80420,38886.000000000,38886.000000000,38882.000000000,38882.000000000,23,YM
2024-06-10T14:11:07.000000000Z,32,1,80420,38882.000000000,38882.000000000,38879.000000000,38880.000000000,14,YM
2024-06-10T14:11:08.000000000Z,32,1,80420,38880.000000000,38880.000000000,38880.000000000,38880.000000000,1,YM
2024-06-10T14:11:09.000000000Z,32,1,80420,38880.000000000,38880.000000000,38877.000000000,38877.000000000,7,YM
2024-06-10T14:11:10.000000000Z,32,1,80420,38876.000000000,38876.000000000,38875.000000000,38876.000000000,18,YM
2024-06-10T14:11:11.000000000Z,32,1,80420,38876.000000000,38876.000000000,38874.000000000,38874.000000000,5,YM
2024-06-10T14:11:12.000000000Z,32,1,80420,38873.000000000,38873.000000000,38872.000000000,38872.000000000,11,YM
2024-06-10T14:11:13.000000000Z,32,1,80420,38871.000000000,38871.000000000,38868.000000000,38868.000000000,39,YM
2024-06-10T14:11:14.000000000Z,32,1,80420,38869.000000000,38869.000000000,38868.000000000,38868.000000000,15,YM
2024-06-10T14:11:15.000000000Z,32,1,80420,38869.000000000,38869.000000000,38869.000000000,38869.000000000,5,YM
2024-06-10T14:11:16.000000000Z,32,1,80420,38868.000000000,38868.000000000,38868.000000000,38868.000000000,17,YM
2024-06-10T14:11:17.000000000Z,32,1,80420,38867.000000000,38867.000000000,38867.000000000,38867.000000000,11,YM
2024-06-10T14:11:18.000000000Z,32,1,80420,38867.000000000,38867.000000000,38866.000000000,38866.000000000,3,YM
2024-06-10T14:11:19.000000000Z,32,1,80420,38865.000000000,38867.000000000,38865.000000000,38867.000000000,9,YM
2024-06-10T14:11:20.000000000Z,32,1,80420,38868.000000000,38870.000000000,38867.000000000,38870.000000000,42,YM
2024-06-10T14:11:21.000000000Z,32,1,80420,38869.000000000,38870.000000000,38869.000000000,38870.000000000,4,YM
2024-06-10T14:11:23.000000000Z,32,1,80420,38870.000000000,38870.000000000,38870.000000000,38870.000000000,1,YM
2024-06-10T14:11:25.000000000Z,32,1,80420,38871.000000000,38872.000000000,38871.000000000,38872.000000000,2,YM
2024-06-10T14:11:26.000000000Z,32,1,80420,38870.000000000,38872.000000000,38870.000000000,38871.000000000,9,YM
2024-06-10T14:11:27.000000000Z,32,1,80420,38871.000000000,38872.000000000,38871.000000000,38872.000000000,2,YM
2024-06-10T14:11:28.000000000Z,32,1,80420,38872.000000000,38872.000000000,38872.000000000,38872.000000000,4,YM
2024-06-10T14:11:29.000000000Z,32,1,80420,38872.000000000,38872.000000000,38869.000000000,38869.000000000,22,YM
2024-06-10T14:11:30.000000000Z,32,1,80420,38869.000000000,38870.000000000,38869.000000000,38870.000000000,12,YM
2024-06-10T14:11:31.000000000Z,32,1,80420,38871.000000000,38871.000000000,38868.000000000,38868.000000000,6,YM
2024-06-10T14:11:32.000000000Z,32,1,80420,38869.000000000,38869.000000000,38869.000000000,38869.000000000,1,YM
2024-06-10T14:11:33.000000000Z,32,1,80420,38868.000000000,38870.000000000,38868.000000000,38870.000000000,3,YM
2024-06-10T14:11:34.000000000Z,32,1,80420,38868.000000000,38868.000000000,38867.000000000,38867.000000000,3,YM
2024-06-10T14:11:36.000000000Z,32,1,80420,38867.000000000,38868.000000000,38866.000000000,38868.000000000,5,YM
2024-06-10T14:11:37.000000000Z,32,1,80420,38867.000000000,38867.000000000,38867.000000000,38867.000000000,1,YM
2024-06-10T14:11:38.000000000Z,32,1,80420,38866.000000000,38866.000000000,38866.000000000,38866.000000000,5,YM
2024-06-10T14:11:40.000000000Z,32,1,80420,38866.000000000,38866.000000000,38866.000000000,38866.000000000,3,YM
2024-06-10T14:11:41.000000000Z,32,1,80420,38867.000000000,38867.000000000,38867.000000000,38867.000000000,2,YM
2024-06-10T14:11:42.000000000Z,32,1,80420,38867.000000000,38867.000000000,38867.000000000,38867.000000000,1,YM
2024-06-10T14:11:43.000000000Z,32,1,80420,38866.000000000,38867.000000000,38865.000000000,38866.000000000,7,YM
2024-06-10T14:11:44.000000000Z,32,1,80420,38866.000000000,38866.000000000,38866.000000000,38866.000000000,3,YM
2024-06-10T14:11:45.000000000Z,32,1,80420,38866.000000000,38866.000000000,38865.000000000,38866.000000000,3,YM
2024-06-10T14:11:46.000000000Z,32,1,80420,38864.000000000,38865.000000000,38863.000000000,38863.000000000,10,YM
2024-06-10T14:11:48.000000000Z,32,1,80420,38865.000000000,38867.000000000,38865.000000000,38867.000000000,3,YM
2024-06-10T14:11:49.000000000Z,32,1,80420,38865.000000000,38867.000000000,38865.000000000,38867.000000000,5,YM
2024-06-10T14:11:50.000000000Z,32,1,80420,38866.000000000,38867.000000000,38866.000000000,38867.000000000,6,YM
2024-06-10T14:11:51.000000000Z,32,1,80420,38867.000000000,38867.000000000,38866.000000000,38866.000000000,7,YM
2024-06-10T14:11:52.000000000Z,32,1,80420,38866.000000000,38866.000000000,38866.000000000,38866.000000000,2,YM
2024-06-10T14:11:53.000000000Z,32,1,80420,38864.000000000,38864.000000000,38864.000000000,38864.000000000,6,YM
2024-06-10T14:11:54.000000000Z,32,1,80420,38865.000000000,38866.000000000,38865.000000000,38866.000000000,4,YM
2024-06-10T14:11:55.000000000Z,32,1,80420,38866.000000000,38866.000000000,38865.000000000,38865.000000000,2,YM
2024-06-10T14:11:56.000000000Z,32,1,80420,38865.000000000,38865.000000000,38865.000000000,38865.000000000,1,YM
2024-06-10T14:11:57.000000000Z,32,1,80420,38865.000000000,38866.000000000,38865.000000000,38865.000000000,5,YM
2024-06-10T14:11:58.000000000Z,32,1,80420,38866.000000000,38866.000000000,38866.000000000,38866.000000000,1,YM
2024-06-10T14:11:59.000000000Z,32,1,80420,38866.000000000,38866.000000000,38864.000000000,38865.000000000,12,YM
2024-06-10T14:12:00.000000000Z,32,1,80420,38865.000000000,38865.000000000,38865.000000000,38865.000000000,4,YM
2024-06-10T14:12:01.000000000Z,32,1,80420,38866.000000000,38867.000000000,38866.000000000,38867.000000000,9,YM
2024-06-10T14:12:02.000000000Z,32,1,80420,38867.000000000,38869.000000000,38867.000000000,38869.000000000,16,YM
2024-06-10T14:12:03.000000000Z,32,1,80420,38868.000000000,38868.000000000,38867.000000000,38867.000000000,5,YM
2024-06-10T14:12:04.000000000Z,32,1,80420,38867.000000000,38867.000000000,38865.000000000,38866.000000000,7,YM
2024-06-10T14:12:05.000000000Z,32,1,80420,38865.000000000,38866.000000000,38864.000000000,38866.000000000,7,YM
2024-06-10T14:12:06.000000000Z,32,1,80420,38867.000000000,38867.000000000,38864.000000000,38864.000000000,19,YM
2024-06-10T14:12:07.000000000Z,32,1,80420,38864.000000000,38864.000000000,38864.000000000,38864.000000000,2,YM
2024-06-10T14:12:08.000000000Z,32,1,80420,38865.000000000,38865.000000000,38862.000000000,38864.000000000,16,YM
2024-06-10T14:12:09.000000000Z,32,1,80420,38865.000000000,38865.000000000,38865.000000000,38865.000000000,6,YM
2024-06-10T14:12:10.000000000Z,32,1,80420,38864.000000000,38864.000000000,38864.000000000,38864.000000000,2,YM
2024-06-10T14:12:11.000000000Z,32,1,80420,38866.000000000,38866.000000000,38866.000000000,38866.000000000,1,YM
2024-06-10T14:12:12.000000000Z,32,1,80420,38867.000000000,38868.000000000,38866.000000000,38868.000000000,10,YM
2024-06-10T14:12:13.000000000Z,32,1,80420,38867.000000000,38868.000000000,38867.000000000,38868.000000000,4,YM
2024-06-10T14:12:14.000000000Z,32,1,80420,38867.000000000,38868.000000000,38867.000000000,38868.000000000,4,YM
2024-06-10T14:12:15.000000000Z,32,1,80420,38867.000000000,38867.000000000,38866.000000000,38866.000000000,2,YM
2024-06-10T14:12:16.000000000Z,32,1,80420,38865.000000000,38865.000000000,38865.000000000,38865.000000000,2,YM
2024-06-10T14:12:17.000000000Z,32,1,80420,38864.000000000,38864.000000000,38862.000000000,38864.000000000,4,YM
2024-06-10T14:12:18.000000000Z,32,1,80420,38862.000000000,38865.000000000,38861.000000000,38861.000000000,22,YM
2024-06-10T14:12:19.000000000Z,32,1,80420,38860.000000000,38861.000000000,38860.000000000,38861.000000000,4,YM
2024-06-10T14:12:20.000000000Z,32,1,80420,38859.000000000,38860.000000000,38859.000000000,38860.000000000,3,YM
2024-06-10T14:12:21.000000000Z,32,1,80420,38861.000000000,38861.000000000,38861.000000000,38861.000000000,10,YM
2024-06-10T14:12:22.000000000Z,32,1,80420,38861.000000000,38861.000000000,38861.000000000,38861.000000000,2,YM
2024-06-10T14:12:23.000000000Z,32,1,80420,38861.000000000,38861.000000000,38860.000000000,38860.000000000,8,YM
2024-06-10T14:12:24.000000000Z,32,1,80420,38860.000000000,38860.000000000,38860.000000000,38860.000000000,2,YM
2024-06-10T14:12:25.000000000Z,32,1,80420,38860.000000000,38860.000000000,38860.000000000,38860.000000000,7,YM
2024-06-10T14:12:26.000000000Z,32,1,80420,38861.000000000,38861.000000000,38861.000000000,38861.000000000,2,YM
2024-06-10T14:12:27.000000000Z,32,1,80420,38861.000000000,38861.000000000,38860.000000000,38860.000000000,4,YM
2024-06-10T14:12:28.000000000Z,32,1,80420,38860.000000000,38861.000000000,38860.000000000,38861.000000000,4,YM
2024-06-10T14:12:30.000000000Z,32,1,80420,38860.000000000,38861.000000000,38860.000000000,38861.000000000,4,YM
2024-06-10T14:12:31.000000000Z,32,1,80420,38860.000000000,38860.000000000,38859.000000000,38859.000000000,3,YM
2024-06-10T14:12:32.000000000Z,32,1,80420,38860.000000000,38860.000000000,38860.000000000,38860.000000000,2,YM
2024-06-10T14:12:34.000000000Z,32,1,80420,38861.000000000,38861.000000000,38856.000000000,38856.000000000,24,YM
2024-06-10T14:12:35.000000000Z,32,1,80420,38857.000000000,38858.000000000,38857.000000000,38858.000000000,10,YM
2024-06-10T14:12:36.000000000Z,32,1,80420,38857.000000000,38857.000000000,38854.000000000,38855.000000000,18,YM
2024-06-10T14:12:37.000000000Z,32,1,80420,38856.000000000,38856.000000000,38855.000000000,38855.000000000,7,YM
2024-06-10T14:12:38.000000000Z,32,1,80420,38855.000000000,38855.000000000,38855.000000000,38855.000000000,1,YM
2024-06-10T14:12:40.000000000Z,32,1,80420,38854.000000000,38855.000000000,38854.000000000,38854.000000000,4,YM
2024-06-10T14:12:41.000000000Z,32,1,80420,38854.000000000,38855.000000000,38854.000000000,38854.000000000,4,YM
2024-06-10T14:12:42.000000000Z,32,1,80420,38854.000000000,38856.000000000,38854.000000000,38855.000000000,11,YM
2024-06-10T14:12:43.000000000Z,32,1,80420,38854.000000000,38854.000000000,38854.000000000,38854.000000000,4,YM
2024-06-10T14:12:45.000000000Z,32,1,80420,38854.000000000,38854.000000000,38854.000000000,38854.000000000,8,YM
2024-06-10T14:12:46.000000000Z,32,1,80420,38853.000000000,38855.000000000,38853.000000000,38855.000000000,2,YM
2024-06-10T14:12:47.000000000Z,32,1,80420,38855.000000000,38855.000000000,38855.000000000,38855.000000000,1,YM
2024-06-10T14:12:48.000000000Z,32,1,80420,38854.000000000,38854.000000000,38851.000000000,38852.000000000,29,YM
2024-06-10T14:12:49.000000000Z,32,1,80420,38853.000000000,38853.000000000,38852.000000000,38853.000000000,3,YM
2024-06-10T14:12:50.000000000Z,32,1,80420,38854.000000000,38856.000000000,38854.000000000,38856.000000000,24,YM
2024-06-10T14:12:51.000000000Z,32,1,80420,38856.000000000,38857.000000000,38856.000000000,38856.000000000,14,YM
2024-06-10T14:12:52.000000000Z,32,1,80420,38856.000000000,38857.000000000,38855.000000000,38855.000000000,8,YM
2024-06-10T14:12:53.000000000Z,32,1,80420,38853.000000000,38855.000000000,38852.000000000,38852.000000000,6,YM
2024-06-10T14:12:54.000000000Z,32,1,80420,38853.000000000,38853.000000000,38853.000000000,38853.000000000,1,YM
2024-06-10T14:12:55.000000000Z,32,1,80420,38853.000000000,38853.000000000,38852.000000000,38852.000000000,7,YM
2024-06-10T14:12:57.000000000Z,32,1,80420,38855.000000000,38856.000000000,38855.000000000,38856.000000000,2,YM
2024-06-10T14:12:58.000000000Z,32,1,80420,38856.000000000,38857.000000000,38856.000000000,38857.000000000,3,YM
2024-06-10T14:12:59.000000000Z,32,1,80420,38857.000000000,38858.000000000,38857.000000000,38858.000000000,17,YM
2024-06-10T14:13:00.000000000Z,32,1,80420,38855.000000000,38859.000000000,38855.000000000,38858.000000000,17,YM
2024-06-10T14:13:01.000000000Z,32,1,80420,38858.000000000,38862.000000000,38858.000000000,38862.000000000,21,YM
2024-06-10T14:13:02.000000000Z,32,1,80420,38862.000000000,38862.000000000,38862.000000000,38862.000000000,5,YM
2024-06-10T14:13:03.000000000Z,32,1,80420,38860.000000000,38860.000000000,38860.000000000,38860.000000000,2,YM
2024-06-10T14:13:04.000000000Z,32,1,80420,38861.000000000,38861.000000000,38860.000000000,38860.000000000,11,YM
2024-06-10T14:13:05.000000000Z,32,1,80420,38856.000000000,38856.000000000,38855.000000000,38855.000000000,4,YM
2024-06-10T14:13:07.000000000Z,32,1,80420,38854.000000000,38854.000000000,38854.000000000,38854.000000000,2,YM
2024-06-10T14:13:08.000000000Z,32,1,80420,38855.000000000,38855.000000000,38855.000000000,38855.000000000,1,YM
2024-06-10T14:13:09.000000000Z,32,1,80420,38856.000000000,38856.000000000,38856.000000000,38856.000000000,2,YM
2024-06-10T14:13:10.000000000Z,32,1,80420,38857.000000000,38857.000000000,38857.000000000,38857.000000000,4,YM
2024-06-10T14:13:12.000000000Z,32,1,80420,38857.000000000,38857.000000000,38857.000000000,38857.000000000,1,YM
2024-06-10T14:13:14.000000000Z,32,1,80420,38857.000000000,38857.000000000,38857.000000000,38857.000000000,1,YM
2024-06-10T14:13:15.000000000Z,32,1,80420,38856.000000000,38856.000000000,38856.000000000,38856.000000000,1,YM
2024-06-10T14:13:16.000000000Z,32,1,80420,38856.000000000,38856.000000000,38853.000000000,38853.000000000,6,YM
2024-06-10T14:13:17.000000000Z,32,1,80420,38852.000000000,38852.000000000,38851.000000000,38851.000000000,2,YM
2024-06-10T14:13:18.000000000Z,32,1,80420,38852.000000000,38853.000000000,38851.000000000,38853.000000000,6,YM
2024-06-10T14:13:19.000000000Z,32,1,80420,38854.000000000,38854.000000000,38852.000000000,38852.000000000,2,YM
2024-06-10T14:13:20.000000000Z,32,1,80420,38853.000000000,38854.000000000,38853.000000000,38854.000000000,4,YM
2024-06-10T14:13:21.000000000Z,32,1,80420,38854.000000000,38854.000000000,38854.000000000,38854.000000000,5,YM
2024-06-10T14:13:22.000000000Z,32,1,80420,38853.000000000,38853.000000000,38853.000000000,38853.000000000,1,YM
2024-06-10T14:13:23.000000000Z,32,1,80420,38853.000000000,38854.000000000,38853.000000000,38854.000000000,2,YM
2024-06-10T14:13:24.000000000Z,32,1,80420,38854.000000000,38854.000000000,38853.000000000,38854.000000000,4,YM
2024-06-10T14:13:26.000000000Z,32,1,80420,38852.000000000,38852.000000000,38851.000000000,38851.000000000,4,YM
2024-06-10T14:13:27.000000000Z,32,1,80420,38851.000000000,38851.000000000,38851.000000000,38851.000000000,1,YM
2024-06-10T14:13:28.000000000Z,32,1,80420,38850.000000000,38851.000000000,38850.000000000,38851.000000000,2,YM
2024-06-10T14:13:29.000000000Z,32,1,80420,38852.000000000,38853.000000000,38852.000000000,38853.000000000,3,YM
2024-06-10T14:13:30.000000000Z,32,1,80420,38852.000000000,38855.000000000,38852.000000000,38855.000000000,7,YM
2024-06-10T14:13:31.000000000Z,32,1,80420,38854.000000000,38854.000000000,38854.000000000,38854.000000000,1,YM
2024-06-10T14:13:32.000000000Z,32,1,80420,38854.000000000,38854.000000000,38853.000000000,38853.000000000,3,YM
2024-06-10T14:13:33.000000000Z,32,1,80420,38853.000000000,38853.000000000,38853.000000000,38853.000000000,1,YM
2024-06-10T14:13:36.000000000Z,32,1,80420,38855.000000000,38855.000000000,38855.000000000,38855.000000000,1,YM
2024-06-10T14:13:37.000000000Z,32,1,80420,38856.000000000,38856.000000000,38856.000000000,38856.000000000,1,YM
2024-06-10T14:13:38.000000000Z,32,1,80420,38857.000000000,38858.000000000,38857.000000000,38858.000000000,4,YM
2024-06-10T14:13:39.000000000Z,32,1,80420,38859.000000000,38859.000000000,38859.000000000,38859.000000000,4,YM
2024-06-10T14:13:40.000000000Z,32,1,80420,38858.000000000,38858.000000000,38858.000000000,38858.000000000,2,YM
2024-06-10T14:13:42.000000000Z,32,1,80420,38859.000000000,38859.000000000,38859.000000000,38859.000000000,4,YM
2024-06-10T14:13:43.000000000Z,32,1,80420,38858.000000000,38859.000000000,38858.000000000,38859.000000000,6,YM
2024-06-10T14:13:45.000000000Z,32,1,80420,38859.000000000,38859.000000000,38859.000000000,38859.000000000,1,YM
2024-06-10T14:13:48.000000000Z,32,1,80420,38860.000000000,38861.000000000,38860.000000000,38861.000000000,6,YM
2024-06-10T14:13:49.000000000Z,32,1,80420,38861.000000000,38861.000000000,38860.000000000,38860.000000000,9,YM
2024-06-10T14:13:50.000000000Z,32,1,80420,38860.000000000,38861.000000000,38860.000000000,38861.000000000,3,YM
2024-06-10T14:13:51.000000000Z,32,1,80420,38861.000000000,38861.000000000,38861.000000000,38861.000000000,1,YM
2024-06-10T14:13:52.000000000Z,32,1,80420,38861.000000000,38866.000000000,38861.000000000,38865.000000000,19,YM
2024-06-10T14:13:54.000000000Z,32,1,80420,38865.000000000,38865.000000000,38865.000000000,38865.000000000,1,YM
2024-06-10T14:13:55.000000000Z,32,1,80420,38865.000000000,38866.000000000,38865.000000000,38866.000000000,4,YM
2024-06-10T14:13:56.000000000Z,32,1,80420,38867.000000000,38867.000000000,38867.000000000,38867.000000000,5,YM
2024-06-10T14:13:57.000000000Z,32,1,80420,38867.000000000,38868.000000000,38867.000000000,38868.000000000,9,YM
2024-06-10T14:13:58.000000000Z,32,1,80420,38868.000000000,38868.000000000,38867.000000000,38867.000000000,3,YM
2024-06-10T14:13:59.000000000Z,32,1,80420,38866.000000000,38866.000000000,38866.000000000,38866.000000000,1,YM
2024-06-10T14:14:00.000000000Z,32,1,80420,38867.000000000,38867.000000000,38867.000000000,38867.000000000,4,YM
2024-06-10T14:14:01.000000000Z,32,1,80420,38868.000000000,38868.000000000,38868.000000000,38868.000000000,8,YM
2024-06-10T14:14:02.000000000Z,32,1,80420,38867.000000000,38867.000000000,38866.000000000,38866.000000000,8,YM
2024-06-10T14:14:03.000000000Z,32,1,80420,38866.000000000,38866.000000000,38866.000000000,38866.000000000,1,YM
2024-06-10T14:14:04.000000000Z,32,1,80420,38867.000000000,38867.000000000,38867.000000000,38867.000000000,5,YM
2024-06-10T14:14:05.000000000Z,32,1,80420,38868.000000000,38868.000000000,38868.000000000,38868.000000000,4,YM
2024-06-10T14:14:06.000000000Z,32,1,80420,38868.000000000,38868.000000000,38868.000000000,38868.000000000,2,YM
2024-06-10T14:14:07.000000000Z,32,1,80420,38867.000000000,38867.000000000,38866.000000000,38866.000000000,5,YM
2024-06-10T14:14:09.000000000Z,32,1,80420,38868.000000000,38869.000000000,38868.000000000,38869.000000000,8,YM
2024-06-10T14:14:10.000000000Z,32,1,80420,38869.000000000,38869.000000000,38869.000000000,38869.000000000,2,YM
2024-06-10T14:14:11.000000000Z,32,1,80420,38868.000000000,38868.000000000,38868.000000000,38868.000000000,6,YM
2024-06-10T14:14:12.000000000Z,32,1,80420,38868.000000000,38868.000000000,38868.000000000,38868.000000000,4,YM
2024-06-10T14:14:13.000000000Z,32,1,80420,38866.000000000,38866.000000000,38866.000000000,38866.000000000,2,YM
2024-06-10T14:14:15.000000000Z,32,1,80420,38865.000000000,38865.000000000,38865.000000000,38865.000000000,6,YM
2024-06-10T14:14:16.000000000Z,32,1,80420,38865.000000000,38865.000000000,38865.000000000,38865.000000000,2,YM
2024-06-10T14:14:17.000000000Z,32,1,80420,38865.000000000,38865.000000000,38865.000000000,38865.000000000,2,YM
2024-06-10T14:14:20.000000000Z,32,1,80420,38864.000000000,38864.000000000,38861.000000000,38861.000000000,2,YM
2024-06-10T14:14:21.000000000Z,32,1,80420,38862.000000000,38864.000000000,38862.000000000,38864.000000000,11,YM
2024-06-10T14:14:24.000000000Z,32,1,80420,38864.000000000,38864.000000000,38864.000000000,38864.000000000,4,YM
2024-06-10T14:14:25.000000000Z,32,1,80420,38862.000000000,38863.000000000,38861.000000000,38862.000000000,24,YM
2024-06-10T14:14:26.000000000Z,32,1,80420,38863.000000000,38863.000000000,38863.000000000,38863.000000000,4,YM
2024-06-10T14:14:28.000000000Z,32,1,80420,38863.000000000,38863.000000000,38863.000000000,38863.000000000,1,YM
2024-06-10T14:14:30.000000000Z,32,1,80420,38863.000000000,38863.000000000,38863.000000000,38863.000000000,2,YM
2024-06-10T14:14:31.000000000Z,32,1,80420,38862.000000000,38862.000000000,38862.000000000,38862.000000000,1,YM
2024-06-10T14:14:32.000000000Z,32,1,80420,38864.000000000,38865.000000000,38864.000000000,38865.000000000,5,YM
2024-06-10T14:14:33.000000000Z,32,1,80420,38866.000000000,38866.000000000,38866.000000000,38866.000000000,1,YM
2024-06-10T14:14:34.000000000Z,32,1,80420,38865.000000000,38866.000000000,38865.000000000,38866.000000000,9,YM
2024-06-10T14:14:36.000000000Z,32,1,80420,38866.000000000,38866.000000000,38866.000000000,38866.000000000,2,YM
2024-06-10T14:14:37.000000000Z,32,1,80420,38866.000000000,38866.000000000,38865.000000000,38866.000000000,14,YM
2024-06-10T14:14:38.000000000Z,32,1,80420,38867.000000000,38867.000000000,38867.000000000,38867.000000000,1,YM
2024-06-10T14:14:39.000000000Z,32,1,80420,38867.000000000,38867.000000000,38867.000000000,38867.000000000,1,YM
2024-06-10T14:14:40.000000000Z,32,1,80420,38867.000000000,38868.000000000,38867.000000000,38868.000000000,6,YM
2024-06-10T14:14:41.000000000Z,32,1,80420,38867.000000000,38868.000000000,38867.000000000,38867.000000000,8,YM
2024-06-10T14:14:43.000000000Z,32,1,80420,38865.000000000,38865.000000000,38865.000000000,38865.000000000,4,YM
2024-06-10T14:14:45.000000000Z,32,1,80420,38864.000000000,38864.000000000,38864.000000000,38864.000000000,2,YM
2024-06-10T14:14:46.000000000Z,32,1,80420,38864.000000000,38864.000000000,38864.000000000,38864.000000000,4,YM
2024-06-10T14:14:47.000000000Z,32,1,80420,38863.000000000,38863.000000000,38863.000000000,38863.000000000,1,YM
2024-06-10T14:14:48.000000000Z,32,1,80420,38864.000000000,38864.000000000,38864.000000000,38864.000000000,2,YM
2024-06-10T14:14:49.000000000Z,32,1,80420,38864.000000000,38864.000000000,38864.000000000,38864.000000000,1,YM
2024-06-10T14:14:50.000000000Z,32,1,80420,38864.000000000,38865.000000000,38863.000000000,38863.000000000,7,YM
2024-06-10T14:14:51.000000000Z,32,1,80420,38865.000000000,38865.000000000,38864.000000000,38864.000000000,4,YM
2024-06-10T14:14:53.000000000Z,32,1,80420,38864.000000000,38864.000000000,38864.000000000,38864.000000000,2,YM
2024-06-10T14:14:54.000000000Z,32,1,80420,38865.000000000,38865.000000000,38865.000000000,38865.000000000,1,YM
2024-06-10T14:14:55.000000000Z,32,1,80420,38867.000000000,38869.000000000,38867.000000000,38868.000000000,10,YM
2024-06-10T14:14:57.000000000Z,32,1,80420,38869.000000000,38869.000000000,38866.000000000,38866.000000000,8,YM
2024-06-10T14:14:58.000000000Z,32,1,80420,38868.000000000,38868.000000000,38868.000000000,38868.000000000,1,YM
2024-06-10T14:14:59.000000000Z,32,1,80420,38868.000000000,38868.000000000,38868.000000000,38868.000000000,2,YM
2024-06-10T14:15:00.000000000Z,32,1,80420,38869.000000000,38869.000000000,38867.000000000,38867.000000000,3,YM
2024-06-10T14:15:01.000000000Z,32,1,80420,38869.000000000,38871.000000000,38869.000000000,38871.000000000,8,YM
2024-06-10T14:15:02.000000000Z,32,1,80420,38872.000000000,38872.000000000,38867.000000000,38867.000000000,7,YM
2024-06-10T14:15:03.000000000Z,32,1,80420,38868.000000000,38869.000000000,38868.000000000,38869.000000000,5,YM
2024-06-10T14:15:04.000000000Z,32,1,80420,38870.000000000,38870.000000000,38870.000000000,38870.000000000,3,YM
2024-06-10T14:15:05.000000000Z,32,1,80420,38869.000000000,38869.000000000,38869.000000000,38869.000000000,1,YM
2024-06-10T14:15:06.000000000Z,32,1,80420,38870.000000000,38870.000000000,38870.000000000,38870.000000000,1,YM
2024-06-10T14:15:07.000000000Z,32,1,80420,38870.000000000,38871.000000000,38870.000000000,38871.000000000,8,YM
2024-06-10T14:15:08.000000000Z,32,1,80420,38872.000000000,38872.000000000,38871.000000000,38871.000000000,3,YM
2024-06-10T14:15:10.000000000Z,32,1,80420,38870.000000000,38870.000000000,38870.000000000,38870.000000000,5,YM
2024-06-10T14:15:12.000000000Z,32,1,80420,38872.000000000,38874.000000000,38872.000000000,38873.000000000,5,YM
2024-06-10T14:15:13.000000000Z,32,1,80420,38873.000000000,38874.000000000,38873.000000000,38874.000000000,8,YM
2024-06-10T14:15:14.000000000Z,32,1,80420,38874.000000000,38874.000000000,38874.000000000,38874.000000000,4,YM
2024-06-10T14:15:15.000000000Z,32,1,80420,38875.000000000,38875.000000000,38875.000000000,38875.000000000,4,YM
2024-06-10T14:15:16.000000000Z,32,1,80420,38875.000000000,38876.000000000,38875.000000000,38876.000000000,2,YM
2024-06-10T14:15:17.000000000Z,32,1,80420,38877.000000000,38877.000000000,38877.000000000,38877.000000000,7,YM
2024-06-10T14:15:19.000000000Z,32,1,80420,38876.000000000,38876.000000000,38876.000000000,38876.000000000,1,YM
2024-06-10T14:15:20.000000000Z,32,1,80420,38878.000000000,38878.000000000,38877.000000000,38877.000000000,8,YM
2024-06-10T14:15:21.000000000Z,32,1,80420,38878.000000000,38879.000000000,38878.000000000,38878.000000000,5,YM
2024-06-10T14:15:22.000000000Z,32,1,80420,38878.000000000,38878.000000000,38877.000000000,38878.000000000,6,YM
2024-06-10T14:15:25.000000000Z,32,1,80420,38879.000000000,38879.000000000,38879.000000000,38879.000000000,3,YM
2024-06-10T14:15:26.000000000Z,32,1,80420,38879.000000000,38879.000000000,38879.000000000,38879.000000000,2,YM
2024-06-10T14:15:27.000000000Z,32,1,80420,38878.000000000,38878.000000000,38878.000000000,38878.000000000,2,YM
2024-06-10T14:15:28.000000000Z,32,1,80420,38879.000000000,38880.000000000,38879.000000000,38880.000000000,8,YM
2024-06-10T14:15:29.000000000Z,32,1,80420,38881.000000000,38881.000000000,38881.000000000,38881.000000000,2,YM
2024-06-10T14:15:30.000000000Z,32,1,80420,38880.000000000,38880.000000000,38880.000000000,38880.000000000,6,YM
2024-06-10T14:15:31.000000000Z,32,1,80420,38879.000000000,38879.000000000,38879.000000000,38879.000000000,4,YM
2024-06-10T14:15:32.000000000Z,32,1,80420,38878.000000000,38879.000000000,38878.000000000,38879.000000000,5,YM
2024-06-10T14:15:33.000000000Z,32,1,80420,38879.000000000,38879.000000000,38878.000000000,38879.000000000,5,YM
2024-06-10T14:15:34.000000000Z,32,1,80420,38879.000000000,38879.000000000,38879.000000000,38879.000000000,7,YM
2024-06-10T14:15:35.000000000Z,32,1,80420,38880.000000000,38880.000000000,38879.000000000,38879.000000000,6,YM
2024-06-10T14:15:36.000000000Z,32,1,80420,38879.000000000,38879.000000000,38879.000000000,38879.000000000,2,YM
2024-06-10T14:15:37.000000000Z,32,1,80420,38880.000000000,38880.000000000,38879.000000000,38879.000000000,2,YM
2024-06-10T14:15:38.000000000Z,32,1,80420,38880.000000000,38880.000000000,38879.000000000,38879.000000000,9,YM
2024-06-10T14:15:39.000000000Z,32,1,80420,38878.000000000,38878.000000000,38878.000000000,38878.000000000,2,YM
2024-06-10T14:15:40.000000000Z,32,1,80420,38879.000000000,38879.000000000,38878.000000000,38878.000000000,3,YM
2024-06-10T14:15:41.000000000Z,32,1,80420,38879.000000000,38879.000000000,38879.000000000,38879.000000000,5,YM
2024-06-10T14:15:42.000000000Z,32,1,80420,38880.000000000,38880.000000000,38880.000000000,38880.000000000,4,YM
2024-06-10T14:15:43.000000000Z,32,1,80420,38879.000000000,38879.000000000,38877.000000000,38877.000000000,8,YM
2024-06-10T14:15:45.000000000Z,32,1,80420,38878.000000000,38879.000000000,38878.000000000,38879.000000000,6,YM
2024-06-10T14:15:46.000000000Z,32,1,80420,38880.000000000,38880.000000000,38880.000000000,38880.000000000,1,YM
2024-06-10T14:15:47.000000000Z,32,1,80420,38880.000000000,38880.000000000,38880.000000000,38880.000000000,3,YM
2024-06-10T14:15:48.000000000Z,32,1,80420,38880.000000000,38880.000000000,38880.000000000,38880.000000000,2,YM
2024-06-10T14:15:49.000000000Z,32,1,80420,38880.000000000,38880.000000000,38880.000000000,38880.000000000,1,YM
2024-06-10T14:15:50.000000000Z,32,1,80420,38879.000000000,38879.000000000,38878.000000000,38878.000000000,7,YM
2024-06-10T14:15:51.000000000Z,32,1,80420,38877.000000000,38877.000000000,38877.000000000,38877.000000000,1,YM
2024-06-10T14:15:52.000000000Z,32,1,80420,38878.000000000,38878.000000000,38878.000000000,38878.000000000,4,YM
2024-06-10T14:15:53.000000000Z,32,1,80420,38879.000000000,38879.000000000,38879.000000000,38879.000000000,8,YM
2024-06-10T14:15:54.000000000Z,32,1,80420,38879.000000000,38879.000000000,38879.000000000,38879.000000000,4,YM
2024-06-10T14:15:56.000000000Z,32,1,80420,38880.000000000,38881.000000000,38880.000000000,38881.000000000,11,YM
2024-06-10T14:15:57.000000000Z,32,1,80420,38882.000000000,38883.000000000,38882.000000000,38882.000000000,3,YM
2024-06-10T14:15:58.000000000Z,32,1,80420,38882.000000000,38882.000000000,38882.000000000,38882.000000000,2,YM
2024-06-10T14:15:59.000000000Z,32,1,80420,38883.000000000,38883.000000000,38882.000000000,38883.000000000,6,YM
2024-06-10T14:16:00.000000000Z,32,1,80420,38884.000000000,38887.000000000,38884.000000000,38885.000000000,21,YM
2024-06-10T14:16:01.000000000Z,32,1,80420,38886.000000000,38886.000000000,38884.000000000,38884.000000000,5,YM
2024-06-10T14:16:02.000000000Z,32,1,80420,38884.000000000,38886.000000000,38883.000000000,38884.000000000,5,YM
2024-06-10T14:16:03.000000000Z,32,1,80420,38883.000000000,38883.000000000,38882.000000000,38882.000000000,2,YM
2024-06-10T14:16:04.000000000Z,32,1,80420,38881.000000000,38881.000000000,38881.000000000,38881.000000000,3,YM
2024-06-10T14:16:05.000000000Z,32,1,80420,38882.000000000,38885.000000000,38882.000000000,38885.000000000,8,YM
2024-06-10T14:16:06.000000000Z,32,1,80420,38886.000000000,38886.000000000,38885.000000000,38885.000000000,4,YM
2024-06-10T14:16:07.000000000Z,32,1,80420,38885.000000000,38887.000000000,38885.000000000,38887.000000000,3,YM
2024-06-10T14:16:08.000000000Z,32,1,80420,38887.000000000,38888.000000000,38887.000000000,38888.000000000,3,YM
2024-06-10T14:16:09.000000000Z,32,1,80420,38887.000000000,38887.000000000,38887.000000000,38887.000000000,1,YM
2024-06-10T14:16:11.000000000Z,32,1,80420,38888.000000000,38888.000000000,38887.000000000,38887.000000000,13,YM
2024-06-10T14:16:12.000000000Z,32,1,80420,38888.000000000,38890.000000000,38888.000000000,38889.000000000,11,YM
2024-06-10T14:16:13.000000000Z,32,1,80420,38888.000000000,38888.000000000,38887.000000000,38887.000000000,3,YM
2024-06-10T14:16:14.000000000Z,32,1,80420,38887.000000000,38887.000000000,38886.000000000,38886.000000000,3,YM
2024-06-10T14:16:15.000000000Z,32,1,80420,38886.000000000,38888.000000000,38886.000000000,38888.000000000,2,YM
2024-06-10T14:16:16.000000000Z,32,1,80420,38888.000000000,38888.000000000,38888.000000000,38888.000000000,1,YM
2024-06-10T14:16:17.000000000Z,32,1,80420,38888.000000000,38888.000000000,38888.000000000,38888.000000000,2,YM
2024-06-10T14:16:18.000000000Z,32,1,80420,38889.000000000,38891.000000000,38889.000000000,38890.000000000,11,YM
2024-06-10T14:16:19.000000000Z,32,1,80420,38891.000000000,38891.000000000,38891.000000000,38891.000000000,1,YM
2024-06-10T14:16:20.000000000Z,32,1,80420,38892.000000000,38896.000000000,38892.000000000,38896.000000000,16,YM
2024-06-10T14:16:21.000000000Z,32,1,80420,38896.000000000,38896.000000000,38894.000000000,38894.000000000,3,YM
2024-06-10T14:16:22.000000000Z,32,1,80420,38894.000000000,38896.000000000,38894.000000000,38896.000000000,9,YM
2024-06-10T14:16:23.000000000Z,32,1,80420,38896.000000000,38897.000000000,38896.000000000,38897.000000000,10,YM
2024-06-10T14:16:24.000000000Z,32,1,80420,38896.000000000,38896.000000000,38895.000000000,38895.000000000,4,YM
2024-06-10T14:16:25.000000000Z,32,1,80420,38893.000000000,38893.000000000,38893.000000000,38893.000000000,7,YM
2024-06-10T14:16:26.000000000Z,32,1,80420,38892.000000000,38894.000000000,38892.000000000,38894.000000000,3,YM
2024-06-10T14:16:29.000000000Z,32,1,80420,38893.000000000,38894.000000000,38893.000000000,38893.000000000,6,YM
2024-06-10T14:16:30.000000000Z,32,1,80420,38892.000000000,38892.000000000,38892.000000000,38892.000000000,1,YM
2024-06-10T14:16:33.000000000Z,32,1,80420,38894.000000000,38895.000000000,38894.000000000,38894.000000000,7,YM
2024-06-10T14:16:34.000000000Z,32,1,80420,38895.000000000,38895.000000000,38895.000000000,38895.000000000,2,YM
2024-06-10T14:16:35.000000000Z,32,1,80420,38895.000000000,38896.000000000,38894.000000000,38896.000000000,13,YM
2024-06-10T14:16:36.000000000Z,32,1,80420,38896.000000000,38896.000000000,38896.000000000,38896.000000000,1,YM
2024-06-10T14:16:37.000000000Z,32,1,80420,38898.000000000,38898.000000000,38898.000000000,38898.000000000,1,YM
2024-06-10T14:16:38.000000000Z,32,1,80420,38897.000000000,38897.000000000,38896.000000000,38896.000000000,4,YM
2024-06-10T14:16:39.000000000Z,32,1,80420,38896.000000000,38897.000000000,38896.000000000,38897.000000000,4,YM
2024-06-10T14:16:41.000000000Z,32,1,80420,38898.000000000,38898.000000000,38898.000000000,38898.000000000,2,YM
2024-06-10T14:16:42.000000000Z,32,1,80420,38898.000000000,38898.000000000,38898.000000000,38898.000000000,7,YM
2024-06-10T14:16:43.000000000Z,32,1,80420,38899.000000000,38899.000000000,38899.000000000,38899.000000000,2,YM
2024-06-10T14:16:44.000000000Z,32,1,80420,38899.000000000,38899.000000000,38899.000000000,38899.000000000,1,YM
2024-06-10T14:16:46.000000000Z,32,1,80420,38899.000000000,38899.000000000,38899.000000000,38899.000000000,3,YM
2024-06-10T14:16:47.000000000Z,32,1,80420,38900.000000000,38900.000000000,38900.000000000,38900.000000000,7,YM
2024-06-10T14:16:48.000000000Z,32,1,80420,38900.000000000,38900.000000000,38900.000000000,38900.000000000,1,YM
2024-06-10T14:16:49.000000000Z,32,1,80420,38901.000000000,38902.000000000,38901.000000000,38902.000000000,10,YM
2024-06-10T14:16:50.000000000Z,32,1,80420,38900.000000000,38901.000000000,38900.000000000,38900.000000000,4,YM
2024-06-10T14:16:51.000000000Z,32,1,80420,38900.000000000,38900.000000000,38899.000000000,38899.000000000,7,YM
2024-06-10T14:16:52.000000000Z,32,1,80420,38898.000000000,38899.000000000,38896.000000000,38896.000000000,18,YM
2024-06-10T14:16:53.000000000Z,32,1,80420,38894.000000000,38895.000000000,38894.000000000,38895.000000000,5,YM
2024-06-10T14:16:54.000000000Z,32,1,80420,38894.000000000,38894.000000000,38893.000000000,38893.000000000,2,YM
2024-06-10T14:16:55.000000000Z,32,1,80420,38893.000000000,38893.000000000,38892.000000000,38892.000000000,2,YM
2024-06-10T14:16:56.000000000Z,32,1,80420,38893.000000000,38893.000000000,38893.000000000,38893.000000000,4,YM
2024-06-10T14:16:58.000000000Z,32,1,80420,38892.000000000,38893.000000000,38892.000000000,38892.000000000,3,YM
2024-06-10T14:16:59.000000000Z,32,1,80420,38892.000000000,38892.000000000,38890.000000000,38892.000000000,22,YM
2024-06-10T14:17:00.000000000Z,32,1,80420,38893.000000000,38895.000000000,38893.000000000,38895.000000000,3,YM
2024-06-10T14:17:01.000000000Z,32,1,80420,38895.000000000,38896.000000000,38895.000000000,38896.000000000,3,YM
2024-06-10T14:17:03.000000000Z,32,1,80420,38897.000000000,38897.000000000,38897.000000000,38897.000000000,8,YM
2024-06-10T14:17:04.000000000Z,32,1,80420,38897.000000000,38897.000000000,38897.000000000,38897.000000000,2,YM
2024-06-10T14:17:05.000000000Z,32,1,80420,38897.000000000,38897.000000000,38897.000000000,38897.000000000,1,YM
2024-06-10T14:17:06.000000000Z,32,1,80420,38897.000000000,38897.000000000,38894.000000000,38894.000000000,5,YM
2024-06-10T14:17:07.000000000Z,32,1,80420,38893.000000000,38894.000000000,38893.000000000,38894.000000000,4,YM
2024-06-10T14:17:08.000000000Z,32,1,80420,38896.000000000,38896.000000000,38896.000000000,38896.000000000,1,YM
2024-06-10T14:17:09.000000000Z,32,1,80420,38897.000000000,38897.000000000,38896.000000000,38897.000000000,8,YM
2024-06-10T14:17:10.000000000Z,32,1,80420,38897.000000000,38897.000000000,38892.000000000,38892.000000000,10,YM
2024-06-10T14:17:11.000000000Z,32,1,80420,38891.000000000,38891.000000000,38889.000000000,38889.000000000,19,YM
2024-06-10T14:17:12.000000000Z,32,1,80420,38888.000000000,38889.000000000,38887.000000000,38887.000000000,15,YM
2024-06-10T14:17:13.000000000Z,32,1,80420,38888.000000000,38889.000000000,38887.000000000,38888.000000000,14,YM
2024-06-10T14:17:14.000000000Z,32,1,80420,38889.000000000,38889.000000000,38888.000000000,38889.000000000,6,YM
2024-06-10T14:17:15.000000000Z,32,1,80420,38890.000000000,38891.000000000,38888.000000000,38891.000000000,11,YM
2024-06-10T14:17:16.000000000Z,32,1,80420,38891.000000000,38891.000000000,38888.000000000,38888.000000000,8,YM
2024-06-10T14:17:17.000000000Z,32,1,80420,38888.000000000,38888.000000000,38888.000000000,38888.000000000,2,YM
2024-06-10T14:17:18.000000000Z,32,1,80420,38887.000000000,38887.000000000,38884.000000000,38885.000000000,12,YM
2024-06-10T14:17:19.000000000Z,32,1,80420,38886.000000000,38886.000000000,38884.000000000,38885.000000000,5,YM
2024-06-10T14:17:20.000000000Z,32,1,80420,38886.000000000,38886.000000000,38885.000000000,38885.000000000,5,YM
2024-06-10T14:17:21.000000000Z,32,1,80420,38887.000000000,38888.000000000,38887.000000000,38887.000000000,4,YM
2024-06-10T14:17:22.000000000Z,32,1,80420,38889.000000000,38889.000000000,38889.000000000,38889.000000000,1,YM
2024-06-10T14:17:24.000000000Z,32,1,80420,38890.000000000,38890.000000000,38890.000000000,38890.000000000,1,YM
2024-06-10T14:17:25.000000000Z,32,1,80420,38891.000000000,38892.000000000,38891.000000000,38891.000000000,3,YM
2024-06-10T14:17:26.000000000Z,32,1,80420,38890.000000000,38890.000000000,38890.000000000,38890.000000000,1,YM
2024-06-10T14:17:27.000000000Z,32,1,80420,38892.000000000,38892.000000000,38891.000000000,38891.000000000,5,YM
2024-06-10T14:17:29.000000000Z,32,1,80420,38890.000000000,38890.000000000,38890.000000000,38890.000000000,2,YM
2024-06-10T14:17:30.000000000Z,32,1,80420,38890.000000000,38890.000000000,38890.000000000,38890.000000000,1,YM
2024-06-10T14:17:32.000000000Z,32,1,80420,38889.000000000,38889.000000000,38889.000000000,38889.000000000,4,YM
2024-06-10T14:17:33.000000000Z,32,1,80420,38887.000000000,38887.000000000,38887.000000000,38887.000000000,1,YM
2024-06-10T14:17:34.000000000Z,32,1,80420,38888.000000000,38888.000000000,38888.000000000,38888.000000000,1,YM
2024-06-10T14:17:35.000000000Z,32,1,80420,38887.000000000,38887.000000000,38886.000000000,38886.000000000,9,YM
2024-06-10T14:17:36.000000000Z,32,1,80420,38886.000000000,38887.000000000,38886.000000000,38886.000000000,12,YM
2024-06-10T14:17:37.000000000Z,32,1,80420,38885.000000000,38885.000000000,38885.000000000,38885.000000000,2,YM
2024-06-10T14:17:38.000000000Z,32,1,80420,38888.000000000,38888.000000000,38888.000000000,38888.000000000,1,YM
2024-06-10T14:17:39.000000000Z,32,1,80420,38887.000000000,38887.000000000,38887.000000000,38887.000000000,1,YM
2024-06-10T14:17:40.000000000Z,32,1,80420,38887.000000000,38887.000000000,38887.000000000,38887.000000000,2,YM
2024-06-10T14:17:42.000000000Z,32,1,80420,38887.000000000,38887.000000000,38887.000000000,38887.000000000,2,YM
2024-06-10T14:17:43.000000000Z,32,1,80420,38886.000000000,38886.000000000,38886.000000000,38886.000000000,1,YM
2024-06-10T14:17:45.000000000Z,32,1,80420,38887.000000000,38887.000000000,38887.000000000,38887.000000000,2,YM
2024-06-10T14:17:46.000000000Z,32,1,80420,38888.000000000,38888.000000000,38887.000000000,38887.000000000,2,YM
2024-06-10T14:17:49.000000000Z,32,1,80420,38888.000000000,38890.000000000,38888.000000000,38890.000000000,3,YM
2024-06-10T14:17:50.000000000Z,32,1,80420,38889.000000000,38889.000000000,38889.000000000,38889.000000000,1,YM
2024-06-10T14:17:51.000000000Z,32,1,80420,38890.000000000,38890.000000000,38890.000000000,38890.000000000,1,YM
2024-06-10T14:17:52.000000000Z,32,1,80420,38890.000000000,38890.000000000,38890.000000000,38890.000000000,1,YM
2024-06-10T14:17:53.000000000Z,32,1,80420,38890.000000000,38890.000000000,38890.000000000,38890.000000000,1,YM
2024-06-10T14:17:54.000000000Z,32,1,80420,38891.000000000,38891.000000000,38891.000000000,38891.000000000,2,YM
2024-06-10T14:17:55.000000000Z,32,1,80420,38892.000000000,38892.000000000,38892.000000000,38892.000000000,1,YM
2024-06-10T14:17:57.000000000Z,32,1,80420,38891.000000000,38891.000000000,38891.000000000,38891.000000000,1,YM
2024-06-10T14:17:58.000000000Z,32,1,80420,38892.000000000,38892.000000000,38891.000000000,38891.000000000,2,YM
2024-06-10T14:17:59.000000000Z,32,1,80420,38891.000000000,38891.000000000,38891.000000000,38891.000000000,3,YM
2024-06-10T14:18:00.000000000Z,32,1,80420,38892.000000000,38893.000000000,38892.000000000,38893.000000000,5,YM
2024-06-10T14:18:01.000000000Z,32,1,80420,38892.000000000,38892.000000000,38890.000000000,38891.000000000,10,YM
2024-06-10T14:18:02.000000000Z,32,1,80420,38891.000000000,38891.000000000,38891.000000000,38891.000000000,2,YM
2024-06-10T14:18:03.000000000Z,32,1,80420,38891.000000000,38891.000000000,38891.000000000,38891.000000000,2,YM
2024-06-10T14:18:04.000000000Z,32,1,80420,38890.000000000,38890.000000000,38890.000000000,38890.000000000,1,YM
2024-06-10T14:18:05.000000000Z,32,1,80420,38890.000000000,38890.000000000,38889.000000000,38889.000000000,4,YM
2024-06-10T14:18:06.000000000Z,32,1,80420,38887.000000000,38887.000000000,38887.000000000,38887.000000000,1,YM
2024-06-10T14:18:07.000000000Z,32,1,80420,38889.000000000,38890.000000000,38889.000000000,38890.000000000,4,YM
2024-06-10T14:18:08.000000000Z,32,1,80420,38891.000000000,38891.000000000,38889.000000000,38889.000000000,4,YM
2024-06-10T14:18:09.000000000Z,32,1,80420,38888.000000000,38888.000000000,38888.000000000,38888.000000000,2,YM
2024-06-10T14:18:12.000000000Z,32,1,80420,38887.000000000,38887.000000000,38887.000000000,38887.000000000,2,YM
2024-06-10T14:18:13.000000000Z,32,1,80420,38885.000000000,38886.000000000,38885.000000000,38886.000000000,4,YM
2024-06-10T14:18:15.000000000Z,32,1,80420,38885.000000000,38885.000000000,38883.000000000,38883.000000000,5,YM
2024-06-10T14:18:16.000000000Z,32,1,80420,38884.000000000,38885.000000000,38884.000000000,38885.000000000,7,YM
2024-06-10T14:18:18.000000000Z,32,1,80420,38887.000000000,38887.000000000,38886.000000000,38886.000000000,2,YM
2024-06-10T14:18:19.000000000Z,32,1,80420,38885.000000000,38885.000000000,38884.000000000,38884.000000000,3,YM
2024-06-10T14:18:20.000000000Z,32,1,80420,38885.000000000,38886.000000000,38885.000000000,38886.000000000,4,YM
2024-06-10T14:18:21.000000000Z,32,1,80420,38886.000000000,38887.000000000,38886.000000000,38887.000000000,3,YM
2024-06-10T14:18:22.000000000Z,32,1,80420,38887.000000000,38888.000000000,38887.000000000,38887.000000000,5,YM
2024-06-10T14:18:23.000000000Z,32,1,80420,38888.000000000,38888.000000000,38888.000000000,38888.000000000,2,YM
2024-06-10T14:18:24.000000000Z,32,1,80420,38889.000000000,38889.000000000,38889.000000000,38889.000000000,2,YM
2024-06-10T14:18:25.000000000Z,32,1,80420,38888.000000000,38889.000000000,38887.000000000,38887.000000000,4,YM
2024-06-10T14:18:26.000000000Z,32,1,80420,38886.000000000,38886.000000000,38886.000000000,38886.000000000,1,YM
2024-06-10T14:18:27.000000000Z,32,1,80420,38885.000000000,38885.000000000,38885.000000000,38885.000000000,1,YM
2024-06-10T14:18:28.000000000Z,32,1,80420,38884.000000000,38884.000000000,38884.000000000,38884.000000000,2,YM
2024-06-10T14:18:29.000000000Z,32,1,80420,38884.000000000,38884.000000000,38884.000000000,38884.000000000,4,YM
2024-06-10T14:18:30.000000000Z,32,1,80420,38883.000000000,38883.000000000,38883.000000000,38883.000000000,1,YM
2024-06-10T14:18:32.000000000Z,32,1,80420,38883.000000000,38883.000000000,38883.000000000,38883.000000000,3,YM
2024-06-10T14:18:33.000000000Z,32,1,80420,38883.000000000,38883.000000000,38883.000000000,38883.000000000,1,YM
2024-06-10T14:18:35.000000000Z,32,1,80420,38883.000000000,38884.000000000,38883.000000000,38883.000000000,5,YM
2024-06-10T14:18:36.000000000Z,32,1,80420,38883.000000000,38884.000000000,38883.000000000,38884.000000000,4,YM
2024-06-10T14:18:37.000000000Z,32,1,80420,38884.000000000,38884.000000000,38882.000000000,38882.000000000,6,YM
2024-06-10T14:18:38.000000000Z,32,1,80420,38882.000000000,38882.000000000,38882.000000000,38882.000000000,5,YM
2024-06-10T14:18:39.000000000Z,32,1,80420,38882.000000000,38882.000000000,38881.000000000,38881.000000000,7,YM
2024-06-10T14:18:40.000000000Z,32,1,80420,38880.000000000,38880.000000000,38879.000000000,38880.000000000,3,YM
2024-06-10T14:18:41.000000000Z,32,1,80420,38879.000000000,38879.000000000,38878.000000000,38878.000000000,8,YM
2024-06-10T14:18:42.000000000Z,32,1,80420,38878.000000000,38878.000000000,38875.000000000,38875.000000000,10,YM
2024-06-10T14:18:43.000000000Z,32,1,80420,38875.000000000,38876.000000000,38875.000000000,38876.000000000,3,YM
2024-06-10T14:18:44.000000000Z,32,1,80420,38875.000000000,38875.000000000,38875.000000000,38875.000000000,1,YM
2024-06-10T14:18:46.000000000Z,32,1,80420,38875.000000000,38875.000000000,38875.000000000,38875.000000000,6,YM
2024-06-10T14:18:48.000000000Z,32,1,80420,38875.000000000,38875.000000000,38872.000000000,38872.000000000,7,YM
2024-06-10T14:18:49.000000000Z,32,1,80420,38872.000000000,38873.000000000,38872.000000000,38873.000000000,2,YM
2024-06-10T14:18:50.000000000Z,32,1,80420,38874.000000000,38875.000000000,38874.000000000,38875.000000000,2,YM
2024-06-10T14:18:51.000000000Z,32,1,80420,38873.000000000,38873.000000000,38873.000000000,38873.000000000,3,YM
2024-06-10T14:18:52.000000000Z,32,1,80420,38874.000000000,38874.000000000,38874.000000000,38874.000000000,2,YM
2024-06-10T14:18:53.000000000Z,32,1,80420,38874.000000000,38874.000000000,38874.000000000,38874.000000000,9,YM
2024-06-10T14:18:54.000000000Z,32,1,80420,38874.000000000,38874.000000000,38874.000000000,38874.000000000,1,YM
2024-06-10T14:18:55.000000000Z,32,1,80420,38875.000000000,38875.000000000,38875.000000000,38875.000000000,1,YM
2024-06-10T14:18:56.000000000Z,32,1,80420,38875.000000000,38879.000000000,38875.000000000,38879.000000000,10,YM
2024-06-10T14:18:57.000000000Z,32,1,80420,38879.000000000,38879.000000000,38879.000000000,38879.000000000,3,YM
2024-06-10T14:18:58.000000000Z,32,1,80420,38879.000000000,38879.000000000,38878.000000000,38878.000000000,12,YM
2024-06-10T14:19:00.000000000Z,32,1,80420,38882.000000000,38882.000000000,38880.000000000,38880.000000000,9,YM
2024-06-10T14:19:01.000000000Z,32,1,80420,38879.000000000,38879.000000000,38878.000000000,38878.000000000,2,YM
2024-06-10T14:19:03.000000000Z,32,1,80420,38877.000000000,38877.000000000,38875.000000000,38875.000000000,4,YM
2024-06-10T14:19:04.000000000Z,32,1,80420,38874.000000000,38874.000000000,38873.000000000,38873.000000000,3,YM
2024-06-10T14:19:06.000000000Z,32,1,80420,38872.000000000,38872.000000000,38872.000000000,38872.000000000,1,YM
2024-06-10T14:19:07.000000000Z,32,1,80420,38873.000000000,38874.000000000,38872.000000000,38873.000000000,10,YM
2024-06-10T14:19:10.000000000Z,32,1,80420,38874.000000000,38874.000000000,38874.000000000,38874.000000000,2,YM
2024-06-10T14:19:11.000000000Z,32,1,80420,38874.000000000,38874.000000000,38874.000000000,38874.000000000,1,YM
2024-06-10T14:19:12.000000000Z,32,1,80420,38874.000000000,38874.000000000,38874.000000000,38874.000000000,5,YM
2024-06-10T14:19:15.000000000Z,32,1,80420,38875.000000000,38875.000000000,38875.000000000,38875.000000000,1,YM
2024-06-10T14:19:16.000000000Z,32,1,80420,38875.000000000,38875.000000000,38874.000000000,38874.000000000,3,YM
2024-06-10T14:19:17.000000000Z,32,1,80420,38874.000000000,38874.000000000,38874.000000000,38874.000000000,5,YM
2024-06-10T14:19:19.000000000Z,32,1,80420,38873.000000000,38873.000000000,38872.000000000,38872.000000000,5,YM
2024-06-10T14:19:20.000000000Z,32,1,80420,38873.000000000,38873.000000000,38873.000000000,38873.000000000,4,YM
2024-06-10T14:19:22.000000000Z,32,1,80420,38873.000000000,38873.000000000,38873.000000000,38873.000000000,4,YM
2024-06-10T14:19:24.000000000Z,32,1,80420,38872.000000000,38872.000000000,38872.000000000,38872.000000000,1,YM
2024-06-10T14:19:25.000000000Z,32,1,80420,38872.000000000,38872.000000000,38872.000000000,38872.000000000,1,YM
2024-06-10T14:19:26.000000000Z,32,1,80420,38870.000000000,38870.000000000,38870.000000000,38870.000000000,1,YM
2024-06-10T14:19:27.000000000Z,32,1,80420,38869.000000000,38869.000000000,38869.000000000,38869.000000000,4,YM
2024-06-10T14:19:28.000000000Z,32,1,80420,38870.000000000,38870.000000000,38869.000000000,38869.000000000,2,YM
2024-06-10T14:19:29.000000000Z,32,1,80420,38870.000000000,38870.000000000,38869.000000000,38869.000000000,5,YM
2024-06-10T14:19:31.000000000Z,32,1,80420,38870.000000000,38870.000000000,38870.000000000,38870.000000000,1,YM
2024-06-10T14:19:32.000000000Z,32,1,80420,38870.000000000,38870.000000000,38870.000000000,38870.000000000,8,YM
2024-06-10T14:19:33.000000000Z,32,1,80420,38870.000000000,38870.000000000,38870.000000000,38870.000000000,2,YM
2024-06-10T14:19:34.000000000Z,32,1,80420,38871.000000000,38871.000000000,38871.000000000,38871.000000000,5,YM
2024-06-10T14:19:38.000000000Z,32,1,80420,38870.000000000,38870.000000000,38869.000000000,38870.000000000,11,YM
2024-06-10T14:19:39.000000000Z,32,1,80420,38870.000000000,38870.000000000,38869.000000000,38869.000000000,6,YM
2024-06-10T14:19:40.000000000Z,32,1,80420,38869.000000000,38869.000000000,38866.000000000,38866.000000000,12,YM
2024-06-10T14:19:41.000000000Z,32,1,80420,38866.000000000,38866.000000000,38866.000000000,38866.000000000,1,YM
2024-06-10T14:19:42.000000000Z,32,1,80420,38866.000000000,38866.000000000,38866.000000000,38866.000000000,4,YM
2024-06-10T14:19:43.000000000Z,32,1,80420,38865.000000000,38865.000000000,38865.000000000,38865.000000000,2,YM
2024-06-10T14:19:44.000000000Z,32,1,80420,38864.000000000,38864.000000000,38863.000000000,38863.000000000,7,YM
2024-06-10T14:19:45.000000000Z,32,1,80420,38862.000000000,38862.000000000,38860.000000000,38860.000000000,16,YM
2024-06-10T14:19:46.000000000Z,32,1,80420,38861.000000000,38862.000000000,38861.000000000,38862.000000000,4,YM
2024-06-10T14:19:47.000000000Z,32,1,80420,38861.000000000,38861.000000000,38861.000000000,38861.000000000,1,YM
2024-06-10T14:19:48.000000000Z,32,1,80420,38860.000000000,38860.000000000,38860.000000000,38860.000000000,3,YM
2024-06-10T14:19:49.000000000Z,32,1,80420,38860.000000000,38860.000000000,38860.000000000,38860.000000000,5,YM
2024-06-10T14:19:50.000000000Z,32,1,80420,38860.000000000,38860.000000000,38859.000000000,38859.000000000,2,YM
2024-06-10T14:19:51.000000000Z,32,1,80420,38859.000000000,38859.000000000,38859.000000000,38859.000000000,8,YM
2024-06-10T14:19:52.000000000Z,32,1,80420,38859.000000000,38859.000000000,38859.000000000,38859.000000000,4,YM
2024-06-10T14:19:53.000000000Z,32,1,80420,38858.000000000,38858.000000000,38856.000000000,38857.000000000,11,YM
2024-06-10T14:19:54.000000000Z,32,1,80420,38857.000000000,38857.000000000,38857.000000000,38857.000000000,3,YM
2024-06-10T14:19:56.000000000Z,32,1,80420,38858.000000000,38859.000000000,38858.000000000,38859.000000000,8,YM
2024-06-10T14:19:57.000000000Z,32,1,80420,38861.000000000,38862.000000000,38861.000000000,38862.000000000,6,YM
2024-06-10T14:19:58.000000000Z,32,1,80420,38861.000000000,38862.000000000,38861.000000000,38862.000000000,2,YM
2024-06-10T14:19:59.000000000Z,32,1,80420,38863.000000000,38863.000000000,38863.000000000,38863.000000000,5,YM
2024-06-10T14:20:00.000000000Z,32,1,80420,38862.000000000,38862.000000000,38860.000000000,38860.000000000,6,YM
2024-06-10T14:20:01.000000000Z,32,1,80420,38862.000000000,38862.000000000,38862.000000000,38862.000000000,2,YM
2024-06-10T14:20:02.000000000Z,32,1,80420,38863.000000000,38863.000000000,38863.000000000,38863.000000000,2,YM
2024-06-10T14:20:04.000000000Z,32,1,80420,38864.000000000,38864.000000000,38864.000000000,38864.000000000,2,YM
2024-06-10T14:20:05.000000000Z,32,1,80420,38864.000000000,38864.000000000,38864.000000000,38864.000000000,1,YM
2024-06-10T14:20:06.000000000Z,32,1,80420,38863.000000000,38863.000000000,38860.000000000,38861.000000000,16,YM
2024-06-10T14:20:07.000000000Z,32,1,80420,38860.000000000,38863.000000000,38860.000000000,38862.000000000,12,YM
2024-06-10T14:20:08.000000000Z,32,1,80420,38863.000000000,38864.000000000,38863.000000000,38864.000000000,2,YM
2024-06-10T14:20:10.000000000Z,32,1,80420,38864.000000000,38864.000000000,38862.000000000,38862.000000000,9,YM
2024-06-10T14:20:11.000000000Z,32,1,80420,38864.000000000,38864.000000000,38863.000000000,38863.000000000,13,YM
2024-06-10T14:20:12.000000000Z,32,1,80420,38864.000000000,38864.000000000,38864.000000000,38864.000000000,8,YM
2024-06-10T14:20:13.000000000Z,32,1,80420,38865.000000000,38865.000000000,38865.000000000,38865.000000000,4,YM
2024-06-10T14:20:14.000000000Z,32,1,80420,38864.000000000,38864.000000000,38861.000000000,38862.000000000,9,YM
2024-06-10T14:20:15.000000000Z,32,1,80420,38861.000000000,38861.000000000,38861.000000000,38861.000000000,2,YM
2024-06-10T14:20:16.000000000Z,32,1,80420,38859.000000000,38859.000000000,38858.000000000,38858.000000000,4,YM
2024-06-10T14:20:17.000000000Z,32,1,80420,38857.000000000,38857.000000000,38857.000000000,38857.000000000,8,YM
2024-06-10T14:20:18.000000000Z,32,1,80420,38857.000000000,38857.000000000,38857.000000000,38857.000000000,1,YM
2024-06-10T14:20:19.000000000Z,32,1,80420,38858.000000000,38858.000000000,38858.000000000,38858.000000000,1,YM
2024-06-10T14:20:20.000000000Z,32,1,80420,38860.000000000,38861.000000000,38860.000000000,38861.000000000,8,YM
2024-06-10T14:20:21.000000000Z,32,1,80420,38861.000000000,38862.000000000,38861.000000000,38862.000000000,2,YM
2024-06-10T14:20:22.000000000Z,32,1,80420,38863.000000000,38863.000000000,38863.000000000,38863.000000000,1,YM
2024-06-10T14:20:23.000000000Z,32,1,80420,38863.000000000,38863.000000000,38862.000000000,38862.000000000,3,YM
2024-06-10T14:20:24.000000000Z,32,1,80420,38861.000000000,38861.000000000,38861.000000000,38861.000000000,2,YM
2024-06-10T14:20:25.000000000Z,32,1,80420,38861.000000000,38861.000000000,38861.000000000,38861.000000000,1,YM
2024-06-10T14:20:26.000000000Z,32,1,80420,38860.000000000,38860.000000000,38860.000000000,38860.000000000,1,YM
2024-06-10T14:20:28.000000000Z,32,1,80420,38860.000000000,38860.000000000,38860.000000000,38860.000000000,4,YM
2024-06-10T14:20:29.000000000Z,32,1,80420,38859.000000000,38859.000000000,38855.000000000,38855.000000000,19,YM
2024-06-10T14:20:30.000000000Z,32,1,80420,38854.000000000,38855.000000000,38853.000000000,38854.000000000,16,YM
2024-06-10T14:20:31.000000000Z,32,1,80420,38854.000000000,38854.000000000,38854.000000000,38854.000000000,2,YM
2024-06-10T14:20:32.000000000Z,32,1,80420,38855.000000000,38855.000000000,38854.000000000,38854.000000000,4,YM
2024-06-10T14:20:33.000000000Z,32,1,80420,38854.000000000,38854.000000000,38854.000000000,38854.000000000,3,YM
2024-06-10T14:20:34.000000000Z,32,1,80420,38853.000000000,38853.000000000,38852.000000000,38852.000000000,8,YM
2024-06-10T14:20:35.000000000Z,32,1,80420,38852.000000000,38853.000000000,38852.000000000,38853.000000000,10,YM
2024-06-10T14:20:36.000000000Z,32,1,80420,38854.000000000,38854.000000000,38852.000000000,38853.000000000,8,YM
2024-06-10T14:20:37.000000000Z,32,1,80420,38852.000000000,38852.000000000,38852.000000000,38852.000000000,5,YM
2024-06-10T14:20:39.000000000Z,32,1,80420,38853.000000000,38853.000000000,38853.000000000,38853.000000000,1,YM
2024-06-10T14:20:40.000000000Z,32,1,80420,38851.000000000,38851.000000000,38850.000000000,38851.000000000,13,YM
2024-06-10T14:20:41.000000000Z,32,1,80420,38850.000000000,38851.000000000,38850.000000000,38851.000000000,6,YM
2024-06-10T14:20:42.000000000Z,32,1,80420,38850.000000000,38850.000000000,38848.000000000,38848.000000000,8,YM
2024-06-10T14:20:43.000000000Z,32,1,80420,38848.000000000,38848.000000000,38848.000000000,38848.000000000,5,YM
2024-06-10T14:20:44.000000000Z,32,1,80420,38847.000000000,38847.000000000,38846.000000000,38847.000000000,18,YM
2024-06-10T14:20:45.000000000Z,32,1,80420,38847.000000000,38847.000000000,38845.000000000,38845.000000000,10,YM
2024-06-10T14:20:46.000000000Z,32,1,80420,38845.000000000,38845.000000000,38844.000000000,38844.000000000,27,YM
2024-06-10T14:20:47.000000000Z,32,1,80420,38844.000000000,38845.000000000,38844.000000000,38845.000000000,3,YM
2024-06-10T14:20:48.000000000Z,32,1,80420,38845.000000000,38845.000000000,38845.000000000,38845.000000000,1,YM
2024-06-10T14:20:50.000000000Z,32,1,80420,38844.000000000,38844.000000000,38843.000000000,38843.000000000,4,YM
2024-06-10T14:20:51.000000000Z,32,1,80420,38844.000000000,38845.000000000,38844.000000000,38845.000000000,16,YM
2024-06-10T14:20:52.000000000Z,32,1,80420,38844.000000000,38844.000000000,38844.000000000,38844.000000000,2,YM
2024-06-10T14:20:53.000000000Z,32,1,80420,38844.000000000,38845.000000000,38844.000000000,38845.000000000,4,YM
2024-06-10T14:20:54.000000000Z,32,1,80420,38844.000000000,38844.000000000,38844.000000000,38844.000000000,1,YM
2024-06-10T14:20:55.000000000Z,32,1,80420,38845.000000000,38845.000000000,38845.000000000,38845.000000000,8,YM
2024-06-10T14:20:56.000000000Z,32,1,80420,38844.000000000,38844.000000000,38844.000000000,38844.000000000,1,YM
2024-06-10T14:20:57.000000000Z,32,1,80420,38844.000000000,38845.000000000,38844.000000000,38844.000000000,5,YM
2024-06-10T14:20:58.000000000Z,32,1,80420,38844.000000000,38845.000000000,38844.000000000,38845.000000000,4,YM
2024-06-10T14:20:59.000000000Z,32,1,80420,38844.000000000,38845.000000000,38843.000000000,38843.000000000,5,YM
2024-06-10T14:21:00.000000000Z,32,1,80420,38843.000000000,38844.000000000,38843.000000000,38844.000000000,10,YM
2024-06-10T14:21:01.000000000Z,32,1,80420,38845.000000000,38846.000000000,38844.000000000,38845.000000000,8,YM
2024-06-10T14:21:02.000000000Z,32,1,80420,38843.000000000,38843.000000000,38842.000000000,38842.000000000,11,YM
2024-06-10T14:21:03.000000000Z,32,1,80420,38842.000000000,38843.000000000,38842.000000000,38843.000000000,6,YM
2024-06-10T14:21:04.000000000Z,32,1,80420,38844.000000000,38844.000000000,38843.000000000,38843.000000000,3,YM
2024-06-10T14:21:05.000000000Z,32,1,80420,38843.000000000,38843.000000000,38843.000000000,38843.000000000,1,YM
2024-06-10T14:21:06.000000000Z,32,1,80420,38844.000000000,38844.000000000,38844.000000000,38844.000000000,1,YM
2024-06-10T14:21:08.000000000Z,32,1,80420,38845.000000000,38845.000000000,38845.000000000,38845.000000000,1,YM
2024-06-10T14:21:09.000000000Z,32,1,80420,38844.000000000,38844.000000000,38844.000000000,38844.000000000,4,YM
2024-06-10T14:21:10.000000000Z,32,1,80420,38844.000000000,38844.000000000,38844.000000000,38844.000000000,1,YM
2024-06-10T14:21:11.000000000Z,32,1,80420,38844.000000000,38844.000000000,38844.000000000,38844.000000000,1,YM
2024-06-10T14:21:12.000000000Z,32,1,80420,38843.000000000,38843.000000000,38842.000000000,38842.000000000,5,YM
2024-06-10T14:21:15.000000000Z,32,1,80420,38842.000000000,38842.000000000,38840.000000000,38840.000000000,11,YM
2024-06-10T14:21:16.000000000Z,32,1,80420,38839.000000000,38840.000000000,38839.000000000,38840.000000000,10,YM
2024-06-10T14:21:17.000000000Z,32,1,80420,38839.000000000,38839.000000000,38834.000000000,38834.000000000,27,YM
2024-06-10T14:21:18.000000000Z,32,1,80420,38833.000000000,38834.000000000,38833.000000000,38834.000000000,20,YM
2024-06-10T14:21:19.000000000Z,32,1,80420,38834.000000000,38835.000000000,38834.000000000,38835.000000000,3,YM
2024-06-10T14:21:21.000000000Z,32,1,80420,38836.000000000,38837.000000000,38836.000000000,38837.000000000,2,YM
2024-06-10T14:21:22.000000000Z,32,1,80420,38836.000000000,38836.000000000,38836.000000000,38836.000000000,1,YM
2024-06-10T14:21:23.000000000Z,32,1,80420,38835.000000000,38835.000000000,38830.000000000,38830.000000000,23,YM
2024-06-10T14:21:24.000000000Z,32,1,80420,38830.000000000,38832.000000000,38829.000000000,38832.000000000,7,YM
2024-06-10T14:21:25.000000000Z,32,1,80420,38830.000000000,38832.000000000,38830.000000000,38832.000000000,5,YM
2024-06-10T14:21:27.000000000Z,32,1,80420,38835.000000000,38835.000000000,38835.000000000,38835.000000000,1,YM
2024-06-10T14:21:28.000000000Z,32,1,80420,38837.000000000,38838.000000000,38836.000000000,38837.000000000,9,YM
2024-06-10T14:21:29.000000000Z,32,1,80420,38837.000000000,38837.000000000,38837.000000000,38837.000000000,3,YM
2024-06-10T14:21:30.000000000Z,32,1,80420,38838.000000000,38839.000000000,38838.000000000,38839.000000000,3,YM
2024-06-10T14:21:31.000000000Z,32,1,80420,38837.000000000,38837.000000000,38836.000000000,38836.000000000,4,YM
2024-06-10T14:21:32.000000000Z,32,1,80420,38836.000000000,38836.000000000,38835.000000000,38835.000000000,2,YM
2024-06-10T14:21:33.000000000Z,32,1,80420,38835.000000000,38835.000000000,38835.000000000,38835.000000000,2,YM
2024-06-10T14:21:34.000000000Z,32,1,80420,38836.000000000,38837.000000000,38836.000000000,38837.000000000,2,YM
2024-06-10T14:21:35.000000000Z,32,1,80420,38837.000000000,38837.000000000,38837.000000000,38837.000000000,1,YM
2024-06-10T14:21:36.000000000Z,32,1,80420,38837.000000000,38837.000000000,38837.000000000,38837.000000000,1,YM
2024-06-10T14:21:38.000000000Z,32,1,80420,38836.000000000,38836.000000000,38835.000000000,38835.000000000,2,YM
2024-06-10T14:21:39.000000000Z,32,1,80420,38833.000000000,38833.000000000,38833.000000000,38833.000000000,1,YM
2024-06-10T14:21:40.000000000Z,32,1,80420,38836.000000000,38838.000000000,38836.000000000,38838.000000000,9,YM
2024-06-10T14:21:41.000000000Z,32,1,80420,38837.000000000,38837.000000000,38837.000000000,38837.000000000,1,YM
2024-06-10T14:21:42.000000000Z,32,1,80420,38838.000000000,38838.000000000,38837.000000000,38837.000000000,2,YM
2024-06-10T14:21:43.000000000Z,32,1,80420,38836.000000000,38836.000000000,38836.000000000,38836.000000000,4,YM
2024-06-10T14:21:44.000000000Z,32,1,80420,38837.000000000,38838.000000000,38837.000000000,38838.000000000,6,YM
2024-06-10T14:21:46.000000000Z,32,1,80420,38838.000000000,38838.000000000,38838.000000000,38838.000000000,1,YM
2024-06-10T14:21:47.000000000Z,32,1,80420,38838.000000000,38839.000000000,38838.000000000,38839.000000000,2,YM
2024-06-10T14:21:48.000000000Z,32,1,80420,38839.000000000,38839.000000000,38839.000000000,38839.000000000,1,YM
2024-06-10T14:21:49.000000000Z,32,1,80420,38839.000000000,38839.000000000,38839.000000000,38839.000000000,6,YM
2024-06-10T14:21:50.000000000Z,32,1,80420,38839.000000000,38841.000000000,38839.000000000,38841.000000000,4,YM
2024-06-10T14:21:51.000000000Z,32,1,80420,38841.000000000,38841.000000000,38840.000000000,38840.000000000,2,YM
2024-06-10T14:21:53.000000000Z,32,1,80420,38842.000000000,38843.000000000,38842.000000000,38843.000000000,5,YM
2024-06-10T14:21:54.000000000Z,32,1,80420,38843.000000000,38843.000000000,38842.000000000,38842.000000000,3,YM
2024-06-10T14:21:55.000000000Z,32,1,80420,38842.000000000,38842.000000000,38842.000000000,38842.000000000,4,YM
2024-06-10T14:21:56.000000000Z,32,1,80420,38842.000000000,38844.000000000,38842.000000000,38843.000000000,6,YM
2024-06-10T14:21:57.000000000Z,32,1,80420,38842.000000000,38843.000000000,38842.000000000,38843.000000000,2,YM
2024-06-10T14:21:58.000000000Z,32,1,80420,38844.000000000,38844.000000000,38843.000000000,38843.000000000,5,YM
2024-06-10T14:21:59.000000000Z,32,1,80420,38844.000000000,38844.000000000,38843.000000000,38843.000000000,4,YM
2024-06-10T14:22:00.000000000Z,32,1,80420,38843.000000000,38844.000000000,38843.000000000,38844.000000000,3,YM
2024-06-10T14:22:02.000000000Z,32,1,80420,38845.000000000,38845.000000000,38845.000000000,38845.000000000,1,YM
2024-06-10T14:22:04.000000000Z,32,1,80420,38844.000000000,38844.000000000,38844.000000000,38844.000000000,5,YM
2024-06-10T14:22:05.000000000Z,32,1,80420,38842.000000000,38842.000000000,38842.000000000,38842.000000000,1,YM
2024-06-10T14:22:06.000000000Z,32,1,80420,38842.000000000,38842.000000000,38840.000000000,38840.000000000,8,YM
2024-06-10T14:22:07.000000000Z,32,1,80420,38839.000000000,38840.000000000,38839.000000000,38840.000000000,3,YM
2024-06-10T14:22:08.000000000Z,32,1,80420,38841.000000000,38841.000000000,38841.000000000,38841.000000000,2,YM
2024-06-10T14:22:09.000000000Z,32,1,80420,38843.000000000,38844.000000000,38843.000000000,38844.000000000,6,YM
2024-06-10T14:22:10.000000000Z,32,1,80420,38842.000000000,38844.000000000,38842.000000000,38843.000000000,7,YM
2024-06-10T14:22:11.000000000Z,32,1,80420,38843.000000000,38843.000000000,38843.000000000,38843.000000000,1,YM
2024-06-10T14:22:12.000000000Z,32,1,80420,38844.000000000,38844.000000000,38844.000000000,38844.000000000,1,YM
2024-06-10T14:22:13.000000000Z,32,1,80420,38843.000000000,38843.000000000,38843.000000000,38843.000000000,3,YM
2024-06-10T14:22:14.000000000Z,32,1,80420,38842.000000000,38842.000000000,38839.000000000,38839.000000000,9,YM
2024-06-10T14:22:15.000000000Z,32,1,80420,38839.000000000,38839.000000000,38839.000000000,38839.000000000,2,YM
2024-06-10T14:22:16.000000000Z,32,1,80420,38838.000000000,38839.000000000,38838.000000000,38839.000000000,7,YM
2024-06-10T14:22:17.000000000Z,32,1,80420,38838.000000000,38839.000000000,38838.000000000,38838.000000000,3,YM
2024-06-10T14:22:18.000000000Z,32,1,80420,38839.000000000,38841.000000000,38839.000000000,38841.000000000,5,YM
2024-06-10T14:22:19.000000000Z,32,1,80420,38842.000000000,38845.000000000,38842.000000000,38842.000000000,15,YM
2024-06-10T14:22:21.000000000Z,32,1,80420,38840.000000000,38841.000000000,38840.000000000,38841.000000000,6,YM
2024-06-10T14:22:23.000000000Z,32,1,80420,38844.000000000,38844.000000000,38844.000000000,38844.000000000,4,YM
2024-06-10T14:22:24.000000000Z,32,1,80420,38843.000000000,38843.000000000,38843.000000000,38843.000000000,1,YM
2024-06-10T14:22:25.000000000Z,32,1,80420,38844.000000000,38845.000000000,38844.000000000,38845.000000000,8,YM
2024-06-10T14:22:26.000000000Z,32,1,80420,38845.000000000,38845.000000000,38844.000000000,38844.000000000,3,YM
2024-06-10T14:22:27.000000000Z,32,1,80420,38844.000000000,38844.000000000,38844.000000000,38844.000000000,1,YM
2024-06-10T14:22:30.000000000Z,32,1,80420,38838.000000000,38838.000000000,38838.000000000,38838.000000000,3,YM
2024-06-10T14:22:31.000000000Z,32,1,80420,38838.000000000,38838.000000000,38838.000000000,38838.000000000,1,YM
2024-06-10T14:22:32.000000000Z,32,1,80420,38839.000000000,38839.000000000,38839.000000000,38839.000000000,3,YM
2024-06-10T14:22:34.000000000Z,32,1,80420,38838.000000000,38838.000000000,38838.000000000,38838.000000000,1,YM
2024-06-10T14:22:35.000000000Z,32,1,80420,38837.000000000,38837.000000000,38837.000000000,38837.000000000,5,YM
2024-06-10T14:22:36.000000000Z,32,1,80420,38838.000000000,38838.000000000,38836.000000000,38836.000000000,5,YM
2024-06-10T14:22:38.000000000Z,32,1,80420,38836.000000000,38836.000000000,38836.000000000,38836.000000000,2,YM
2024-06-10T14:22:39.000000000Z,32,1,80420,38835.000000000,38836.000000000,38835.000000000,38836.000000000,3,YM
2024-06-10T14:22:40.000000000Z,32,1,80420,38834.000000000,38834.000000000,38830.000000000,38830.000000000,10,YM
2024-06-10T14:22:41.000000000Z,32,1,80420,38829.000000000,38829.000000000,38829.000000000,38829.000000000,8,YM
2024-06-10T14:22:43.000000000Z,32,1,80420,38830.000000000,38830.000000000,38829.000000000,38829.000000000,4,YM
2024-06-10T14:22:44.000000000Z,32,1,80420,38828.000000000,38828.000000000,38828.000000000,38828.000000000,2,YM
2024-06-10T14:22:45.000000000Z,32,1,80420,38828.000000000,38828.000000000,38828.000000000,38828.000000000,2,YM
2024-06-10T14:22:46.000000000Z,32,1,80420,38829.000000000,38829.000000000,38828.000000000,38828.000000000,8,YM
2024-06-10T14:22:47.000000000Z,32,1,80420,38827.000000000,38828.000000000,38827.000000000,38828.000000000,21,YM
2024-06-10T14:22:50.000000000Z,32,1,80420,38828.000000000,38828.000000000,38828.000000000,38828.000000000,10,YM
2024-06-10T14:22:51.000000000Z,32,1,80420,38830.000000000,38833.000000000,38830.000000000,38833.000000000,9,YM
2024-06-10T14:22:52.000000000Z,32,1,80420,38833.000000000,38833.000000000,38833.000000000,38833.000000000,4,YM
2024-06-10T14:22:53.000000000Z,32,1,80420,38832.000000000,38832.000000000,38832.000000000,38832.000000000,4,YM
2024-06-10T14:22:55.000000000Z,32,1,80420,38831.000000000,38831.000000000,38830.000000000,38830.000000000,2,YM
2024-06-10T14:22:56.000000000Z,32,1,80420,38830.000000000,38830.000000000,38829.000000000,38830.000000000,5,YM
2024-06-10T14:22:57.000000000Z,32,1,80420,38829.000000000,38829.000000000,38829.000000000,38829.000000000,1,YM
2024-06-10T14:22:58.000000000Z,32,1,80420,38829.000000000,38829.000000000,38829.000000000,38829.000000000,1,YM
2024-06-10T14:22:59.000000000Z,32,1,80420,38828.000000000,38828.000000000,38828.000000000,38828.000000000,3,YM
2024-06-10T14:23:00.000000000Z,32,1,80420,38828.000000000,38829.000000000,38828.000000000,38828.000000000,7,YM
2024-06-10T14:23:01.000000000Z,32,1,80420,38827.000000000,38828.000000000,38827.000000000,38828.000000000,2,YM
2024-06-10T14:23:02.000000000Z,32,1,80420,38827.000000000,38828.000000000,38827.000000000,38828.000000000,2,YM
2024-06-10T14:23:03.000000000Z,32,1,80420,38827.000000000,38829.000000000,38826.000000000,38829.000000000,22,YM
2024-06-10T14:23:04.000000000Z,32,1,80420,38829.000000000,38829.000000000,38828.000000000,38828.000000000,3,YM
2024-06-10T14:23:06.000000000Z,32,1,80420,38829.000000000,38829.000000000,38829.000000000,38829.000000000,2,YM
2024-06-10T14:23:09.000000000Z,32,1,80420,38830.000000000,38830.000000000,38828.000000000,38829.000000000,5,YM
2024-06-10T14:23:11.000000000Z,32,1,80420,38829.000000000,38829.000000000,38829.000000000,38829.000000000,1,YM
2024-06-10T14:23:12.000000000Z,32,1,80420,38829.000000000,38829.000000000,38829.000000000,38829.000000000,1,YM
2024-06-10T14:23:13.000000000Z,32,1,80420,38829.000000000,38829.000000000,38827.000000000,38827.000000000,2,YM
2024-06-10T14:23:14.000000000Z,32,1,80420,38828.000000000,38828.000000000,38828.000000000,38828.000000000,1,YM
2024-06-10T14:23:15.000000000Z,32,1,80420,38827.000000000,38827.000000000,38827.000000000,38827.000000000,1,YM
2024-06-10T14:23:16.000000000Z,32,1,80420,38828.000000000,38828.000000000,38826.000000000,38826.000000000,2,YM
2024-06-10T14:23:17.000000000Z,32,1,80420,38827.000000000,38827.000000000,38824.000000000,38824.000000000,5,YM
2024-06-10T14:23:18.000000000Z,32,1,80420,38825.000000000,38826.000000000,38825.000000000,38826.000000000,5,YM
2024-06-10T14:23:19.000000000Z,32,1,80420,38824.000000000,38824.000000000,38824.000000000,38824.000000000,1,YM
2024-06-10T14:23:20.000000000Z,32,1,80420,38824.000000000,38826.000000000,38824.000000000,38826.000000000,5,YM
2024-06-10T14:23:21.000000000Z,32,1,80420,38825.000000000,38825.000000000,38825.000000000,38825.000000000,1,YM
2024-06-10T14:23:22.000000000Z,32,1,80420,38824.000000000,38825.000000000,38824.000000000,38825.000000000,4,YM
2024-06-10T14:23:23.000000000Z,32,1,80420,38823.000000000,38823.000000000,38822.000000000,38822.000000000,9,YM
2024-06-10T14:23:24.000000000Z,32,1,80420,38823.000000000,38823.000000000,38822.000000000,38822.000000000,3,YM
2024-06-10T14:23:25.000000000Z,32,1,80420,38824.000000000,38827.000000000,38824.000000000,38827.000000000,11,YM
2024-06-10T14:23:26.000000000Z,32,1,80420,38827.000000000,38827.000000000,38827.000000000,38827.000000000,2,YM
2024-06-10T14:23:27.000000000Z,32,1,80420,38828.000000000,38829.000000000,38828.000000000,38828.000000000,6,YM
2024-06-10T14:23:28.000000000Z,32,1,80420,38829.000000000,38829.000000000,38829.000000000,38829.000000000,5,YM
2024-06-10T14:23:29.000000000Z,32,1,80420,38829.000000000,38830.000000000,38829.000000000,38829.000000000,7,YM
2024-06-10T14:23:30.000000000Z,32,1,80420,38831.000000000,38832.000000000,38831.000000000,38832.000000000,6,YM
2024-06-10T14:23:31.000000000Z,32,1,80420,38832.000000000,38832.000000000,38832.000000000,38832.000000000,5,YM
2024-06-10T14:23:33.000000000Z,32,1,80420,38833.000000000,38833.000000000,38833.000000000,38833.000000000,4,YM
2024-06-10T14:23:34.000000000Z,32,1,80420,38832.000000000,38833.000000000,38832.000000000,38833.000000000,2,YM
2024-06-10T14:23:35.000000000Z,32,1,80420,38834.000000000,38834.000000000,38833.000000000,38833.000000000,3,YM
2024-06-10T14:23:36.000000000Z,32,1,80420,38832.000000000,38832.000000000,38832.000000000,38832.000000000,2,YM
2024-06-10T14:23:37.000000000Z,32,1,80420,38831.000000000,38831.000000000,38831.000000000,38831.000000000,1,YM
2024-06-10T14:23:38.000000000Z,32,1,80420,38830.000000000,38832.000000000,38830.000000000,38832.000000000,7,YM
2024-06-10T14:23:39.000000000Z,32,1,80420,38830.000000000,38830.000000000,38830.000000000,38830.000000000,1,YM
2024-06-10T14:23:40.000000000Z,32,1,80420,38832.000000000,38834.000000000,38832.000000000,38834.000000000,7,YM
2024-06-10T14:23:42.000000000Z,32,1,80420,38834.000000000,38834.000000000,38834.000000000,38834.000000000,4,YM
2024-06-10T14:23:43.000000000Z,32,1,80420,38834.000000000,38834.000000000,38834.000000000,38834.000000000,2,YM
2024-06-10T14:23:45.000000000Z,32,1,80420,38833.000000000,38833.000000000,38833.000000000,38833.000000000,1,YM
2024-06-10T14:23:48.000000000Z,32,1,80420,38834.000000000,38834.000000000,38834.000000000,38834.000000000,8,YM
2024-06-10T14:23:49.000000000Z,32,1,80420,38835.000000000,38836.000000000,38835.000000000,38835.000000000,12,YM
2024-06-10T14:23:51.000000000Z,32,1,80420,38835.000000000,38835.000000000,38835.000000000,38835.000000000,1,YM
2024-06-10T14:23:52.000000000Z,32,1,80420,38836.000000000,38836.000000000,38835.000000000,38835.000000000,2,YM
2024-06-10T14:23:53.000000000Z,32,1,80420,38834.000000000,38834.000000000,38833.000000000,38833.000000000,15,YM
2024-06-10T14:23:55.000000000Z,32,1,80420,38832.000000000,38833.000000000,38832.000000000,38833.000000000,2,YM
2024-06-10T14:23:57.000000000Z,32,1,80420,38833.000000000,38833.000000000,38833.000000000,38833.000000000,1,YM
2024-06-10T14:23:58.000000000Z,32,1,80420,38833.000000000,38833.000000000,38833.000000000,38833.000000000,1,YM
2024-06-10T14:24:00.000000000Z,32,1,80420,38835.000000000,38836.000000000,38835.000000000,38836.000000000,6,YM
2024-06-10T14:24:01.000000000Z,32,1,80420,38837.000000000,38839.000000000,38837.000000000,38839.000000000,12,YM
2024-06-10T14:24:02.000000000Z,32,1,80420,38839.000000000,38841.000000000,38839.000000000,38841.000000000,7,YM
2024-06-10T14:24:03.000000000Z,32,1,80420,38842.000000000,38842.000000000,38840.000000000,38840.000000000,4,YM
2024-06-10T14:24:04.000000000Z,32,1,80420,38839.000000000,38840.000000000,38839.000000000,38840.000000000,2,YM
2024-06-10T14:24:05.000000000Z,32,1,80420,38841.000000000,38841.000000000,38839.000000000,38839.000000000,6,YM
2024-06-10T14:24:06.000000000Z,32,1,80420,38839.000000000,38840.000000000,38838.000000000,38839.000000000,7,YM
2024-06-10T14:24:07.000000000Z,32,1,80420,38840.000000000,38841.000000000,38840.000000000,38841.000000000,3,YM
2024-06-10T14:24:09.000000000Z,32,1,80420,38841.000000000,38842.000000000,38841.000000000,38841.000000000,4,YM
2024-06-10T14:24:10.000000000Z,32,1,80420,38841.000000000,38841.000000000,38841.000000000,38841.000000000,1,YM
2024-06-10T14:24:12.000000000Z,32,1,80420,38840.000000000,38841.000000000,38840.000000000,38841.000000000,5,YM
2024-06-10T14:24:14.000000000Z,32,1,80420,38841.000000000,38841.000000000,38839.000000000,38839.000000000,2,YM
2024-06-10T14:24:15.000000000Z,32,1,80420,38840.000000000,38840.000000000,38839.000000000,38839.000000000,2,YM
2024-06-10T14:24:16.000000000Z,32,1,80420,38839.000000000,38839.000000000,38839.000000000,38839.000000000,3,YM
2024-06-10T14:24:17.000000000Z,32,1,80420,38840.000000000,38843.000000000,38840.000000000,38843.000000000,8,YM
2024-06-10T14:24:18.000000000Z,32,1,80420,38844.000000000,38845.000000000,38843.000000000,38845.000000000,7,YM
2024-06-10T14:24:19.000000000Z,32,1,80420,38845.000000000,38846.000000000,38845.000000000,38846.000000000,8,YM
2024-06-10T14:24:20.000000000Z,32,1,80420,38847.000000000,38848.000000000,38846.000000000,38846.000000000,12,YM
2024-06-10T14:24:21.000000000Z,32,1,80420,38846.000000000,38847.000000000,38846.000000000,38847.000000000,2,YM
2024-06-10T14:24:22.000000000Z,32,1,80420,38845.000000000,38846.000000000,38845.000000000,38846.000000000,3,YM
2024-06-10T14:24:23.000000000Z,32,1,80420,38845.000000000,38845.000000000,38845.000000000,38845.000000000,1,YM
2024-06-10T14:24:24.000000000Z,32,1,80420,38844.000000000,38844.000000000,38844.000000000,38844.000000000,1,YM
2024-06-10T14:24:27.000000000Z,32,1,80420,38846.000000000,38846.000000000,38845.000000000,38845.000000000,3,YM
2024-06-10T14:24:29.000000000Z,32,1,80420,38845.000000000,38845.000000000,38845.000000000,38845.000000000,2,YM
2024-06-10T14:24:30.000000000Z,32,1,80420,38845.000000000,38845.000000000,38845.000000000,38845.000000000,1,YM
2024-06-10T14:24:32.000000000Z,32,1,80420,38844.000000000,38844.000000000,38840.000000000,38840.000000000,16,YM
2024-06-10T14:24:33.000000000Z,32,1,80420,38839.000000000,38840.000000000,38839.000000000,38840.000000000,4,YM
2024-06-10T14:24:34.000000000Z,32,1,80420,38841.000000000,38841.000000000,38841.000000000,38841.000000000,4,YM
2024-06-10T14:24:36.000000000Z,32,1,80420,38842.000000000,38843.000000000,38842.000000000,38843.000000000,3,YM
2024-06-10T14:24:38.000000000Z,32,1,80420,38843.000000000,38843.000000000,38842.000000000,38842.000000000,5,YM
2024-06-10T14:24:41.000000000Z,32,1,80420,38842.000000000,38842.000000000,38841.000000000,38841.000000000,3,YM
2024-06-10T14:24:43.000000000Z,32,1,80420,38841.000000000,38841.000000000,38841.000000000,38841.000000000,2,YM
2024-06-10T14:24:44.000000000Z,32,1,80420,38842.000000000,38842.000000000,38842.000000000,38842.000000000,1,YM
2024-06-10T14:24:45.000000000Z,32,1,80420,38843.000000000,38844.000000000,38843.000000000,38844.000000000,8,YM
2024-06-10T14:24:47.000000000Z,32,1,80420,38844.000000000,38844.000000000,38844.000000000,38844.000000000,2,YM
2024-06-10T14:24:48.000000000Z,32,1,80420,38843.000000000,38843.000000000,38841.000000000,38842.000000000,6,YM
2024-06-10T14:24:49.000000000Z,32,1,80420,38840.000000000,38840.000000000,38840.000000000,38840.000000000,1,YM
2024-06-10T14:24:51.000000000Z,32,1,80420,38840.000000000,38842.000000000,38840.000000000,38842.000000000,2,YM
2024-06-10T14:24:52.000000000Z,32,1,80420,38843.000000000,38844.000000000,38843.000000000,38844.000000000,4,YM
2024-06-10T14:24:54.000000000Z,32,1,80420,38844.000000000,38844.000000000,38844.000000000,38844.000000000,1,YM
2024-06-10T14:24:55.000000000Z,32,1,80420,38843.000000000,38843.000000000,38843.000000000,38843.000000000,1,YM
2024-06-10T14:24:56.000000000Z,32,1,80420,38843.000000000,38843.000000000,38843.000000000,38843.000000000,2,YM
2024-06-10T14:24:58.000000000Z,32,1,80420,38844.000000000,38844.000000000,38844.000000000,38844.000000000,1,YM
2024-06-10T14:24:59.000000000Z,32,1,80420,38842.000000000,38843.000000000,38842.000000000,38843.000000000,4,YM
2024-06-10T14:25:00.000000000Z,32,1,80420,38844.000000000,38844.000000000,38844.000000000,38844.000000000,5,YM
2024-06-10T14:25:01.000000000Z,32,1,80420,38845.000000000,38845.000000000,38844.000000000,38844.000000000,5,YM
2024-06-10T14:25:02.000000000Z,32,1,80420,38843.000000000,38843.000000000,38842.000000000,38842.000000000,5,YM
2024-06-10T14:25:03.000000000Z,32,1,80420,38842.000000000,38842.000000000,38842.000000000,38842.000000000,1,YM
2024-06-10T14:25:04.000000000Z,32,1,80420,38842.000000000,38844.000000000,38842.000000000,38844.000000000,9,YM
2024-06-10T14:25:05.000000000Z,32,1,80420,38845.000000000,38846.000000000,38845.000000000,38845.000000000,9,YM
2024-06-10T14:25:06.000000000Z,32,1,80420,38846.000000000,38846.000000000,38846.000000000,38846.000000000,4,YM
2024-06-10T14:25:07.000000000Z,32,1,80420,38846.000000000,38846.000000000,38846.000000000,38846.000000000,1,YM
2024-06-10T14:25:08.000000000Z,32,1,80420,38846.000000000,38846.000000000,38846.000000000,38846.000000000,3,YM
2024-06-10T14:25:10.000000000Z,32,1,80420,38846.000000000,38846.000000000,38844.000000000,38844.000000000,9,YM
2024-06-10T14:25:11.000000000Z,32,1,80420,38843.000000000,38843.000000000,38842.000000000,38842.000000000,2,YM
2024-06-10T14:25:13.000000000Z,32,1,80420,38845.000000000,38845.000000000,38845.000000000,38845.000000000,1,YM
2024-06-10T14:25:15.000000000Z,32,1,80420,38844.000000000,38844.000000000,38843.000000000,38843.000000000,5,YM
2024-06-10T14:25:17.000000000Z,32,1,80420,38843.000000000,38843.000000000,38843.000000000,38843.000000000,3,YM
2024-06-10T14:25:18.000000000Z,32,1,80420,38842.000000000,38842.000000000,38842.000000000,38842.000000000,5,YM
2024-06-10T14:25:19.000000000Z,32,1,80420,38842.000000000,38842.000000000,38842.000000000,38842.000000000,1,YM
2024-06-10T14:25:20.000000000Z,32,1,80420,38842.000000000,38843.000000000,38842.000000000,38842.000000000,3,YM
2024-06-10T14:25:21.000000000Z,32,1,80420,38843.000000000,38843.000000000,38843.000000000,38843.000000000,3,YM
2024-06-10T14:25:23.000000000Z,32,1,80420,38843.000000000,38843.000000000,38843.000000000,38843.000000000,1,YM
2024-06-10T14:25:24.000000000Z,32,1,80420,38843.000000000,38843.000000000,38843.000000000,38843.000000000,1,YM
2024-06-10T14:25:25.000000000Z,32,1,80420,38843.000000000,38843.000000000,38842.000000000,38842.000000000,2,YM
2024-06-10T14:25:27.000000000Z,32,1,80420,38841.000000000,38841.000000000,38841.000000000,38841.000000000,2,YM
2024-06-10T14:25:29.000000000Z,32,1,80420,38844.000000000,38844.000000000,38844.000000000,38844.000000000,1,YM
2024-06-10T14:25:30.000000000Z,32,1,80420,38843.000000000,38843.000000000,38843.000000000,38843.000000000,1,YM
2024-06-10T14:25:32.000000000Z,32,1,80420,38844.000000000,38844.000000000,38844.000000000,38844.000000000,4,YM
2024-06-10T14:25:33.000000000Z,32,1,80420,38845.000000000,38845.000000000,38845.000000000,38845.000000000,1,YM
2024-06-10T14:25:35.000000000Z,32,1,80420,38847.000000000,38847.000000000,38847.000000000,38847.000000000,1,YM
2024-06-10T14:25:36.000000000Z,32,1,80420,38847.000000000,38848.000000000,38847.000000000,38848.000000000,5,YM
2024-06-10T14:25:37.000000000Z,32,1,80420,38848.000000000,38848.000000000,38848.000000000,38848.000000000,8,YM
2024-06-10T14:25:38.000000000Z,32,1,80420,38848.000000000,38848.000000000,38843.000000000,38843.000000000,10,YM
2024-06-10T14:25:39.000000000Z,32,1,80420,38844.000000000,38844.000000000,38844.000000000,38844.000000000,1,YM
2024-06-10T14:25:40.000000000Z,32,1,80420,38844.000000000,38845.000000000,38844.000000000,38845.000000000,2,YM
2024-06-10T14:25:41.000000000Z,32,1,80420,38845.000000000,38846.000000000,38845.000000000,38846.000000000,3,YM
2024-06-10T14:25:42.000000000Z,32,1,80420,38847.000000000,38847.000000000,38847.000000000,38847.000000000,3,YM
2024-06-10T14:25:43.000000000Z,32,1,80420,38847.000000000,38847.000000000,38847.000000000,38847.000000000,1,YM
2024-06-10T14:25:44.000000000Z,32,1,80420,38846.000000000,38846.000000000,38845.000000000,38845.000000000,2,YM
2024-06-10T14:25:47.000000000Z,32,1,80420,38846.000000000,38846.000000000,38846.000000000,38846.000000000,3,YM
2024-06-10T14:25:48.000000000Z,32,1,80420,38846.000000000,38846.000000000,38845.000000000,38845.000000000,3,YM
2024-06-10T14:25:51.000000000Z,32,1,80420,38843.000000000,38843.000000000,38841.000000000,38841.000000000,5,YM
2024-06-10T14:25:52.000000000Z,32,1,80420,38841.000000000,38842.000000000,38841.000000000,38842.000000000,3,YM
2024-06-10T14:25:53.000000000Z,32,1,80420,38841.000000000,38843.000000000,38841.000000000,38843.000000000,3,YM
2024-06-10T14:25:54.000000000Z,32,1,80420,38843.000000000,38843.000000000,38843.000000000,38843.000000000,1,YM
2024-06-10T14:25:56.000000000Z,32,1,80420,38843.000000000,38843.000000000,38841.000000000,38843.000000000,14,YM
2024-06-10T14:25:57.000000000Z,32,1,80420,38843.000000000,38844.000000000,38843.000000000,38843.000000000,3,YM
2024-06-10T14:25:58.000000000Z,32,1,80420,38842.000000000,38842.000000000,38841.000000000,38841.000000000,3,YM
2024-06-10T14:25:59.000000000Z,32,1,80420,38841.000000000,38841.000000000,38840.000000000,38841.000000000,4,YM
2024-06-10T14:26:00.000000000Z,32,1,80420,38840.000000000,38840.000000000,38839.000000000,38839.000000000,8,YM
2024-06-10T14:26:01.000000000Z,32,1,80420,38840.000000000,38840.000000000,38839.000000000,38839.000000000,5,YM
2024-06-10T14:26:02.000000000Z,32,1,80420,38840.000000000,38840.000000000,38838.000000000,38838.000000000,6,YM
2024-06-10T14:26:03.000000000Z,32,1,80420,38839.000000000,38840.000000000,38839.000000000,38839.000000000,14,YM
2024-06-10T14:26:04.000000000Z,32,1,80420,38840.000000000,38840.000000000,38840.000000000,38840.000000000,2,YM
2024-06-10T14:26:05.000000000Z,32,1,80420,38841.000000000,38842.000000000,38841.000000000,38842.000000000,7,YM
2024-06-10T14:26:06.000000000Z,32,1,80420,38841.000000000,38841.000000000,38841.000000000,38841.000000000,1,YM
2024-06-10T14:26:07.000000000Z,32,1,80420,38840.000000000,38840.000000000,38840.000000000,38840.000000000,4,YM
2024-06-10T14:26:08.000000000Z,32,1,80420,38840.000000000,38840.000000000,38840.000000000,38840.000000000,1,YM
2024-06-10T14:26:09.000000000Z,32,1,80420,38839.000000000,38839.000000000,38838.000000000,38838.000000000,6,YM
2024-06-10T14:26:10.000000000Z,32,1,80420,38839.000000000,38840.000000000,38839.000000000,38840.000000000,3,YM
2024-06-10T14:26:11.000000000Z,32,1,80420,38840.000000000,38840.000000000,38839.000000000,38839.000000000,4,YM
2024-06-10T14:26:12.000000000Z,32,1,80420,38839.000000000,38839.000000000,38839.000000000,38839.000000000,1,YM
2024-06-10T14:26:13.000000000Z,32,1,80420,38838.000000000,38838.000000000,38837.000000000,38837.000000000,10,YM
2024-06-10T14:26:15.000000000Z,32,1,80420,38839.000000000,38839.000000000,38839.000000000,38839.000000000,2,YM
2024-06-10T14:26:16.000000000Z,32,1,80420,38839.000000000,38839.000000000,38838.000000000,38838.000000000,7,YM
2024-06-10T14:26:18.000000000Z,32,1,80420,38837.000000000,38838.000000000,38837.000000000,38838.000000000,9,YM
2024-06-10T14:26:20.000000000Z,32,1,80420,38839.000000000,38839.000000000,38839.000000000,38839.000000000,3,YM
2024-06-10T14:26:21.000000000Z,32,1,80420,38839.000000000,38840.000000000,38839.000000000,38840.000000000,11,YM
2024-06-10T14:26:22.000000000Z,32,1,80420,38840.000000000,38841.000000000,38838.000000000,38841.000000000,16,YM
2024-06-10T14:26:23.000000000Z,32,1,80420,38840.000000000,38840.000000000,38840.000000000,38840.000000000,6,YM
2024-06-10T14:26:24.000000000Z,32,1,80420,38839.000000000,38839.000000000,38839.000000000,38839.000000000,4,YM
2024-06-10T14:26:25.000000000Z,32,1,80420,38839.000000000,38840.000000000,38839.000000000,38840.000000000,3,YM
2024-06-10T14:26:26.000000000Z,32,1,80420,38839.000000000,38839.000000000,38837.000000000,38837.000000000,5,YM
2024-06-10T14:26:27.000000000Z,32,1,80420,38838.000000000,38838.000000000,38837.000000000,38837.000000000,5,YM
2024-06-10T14:26:28.000000000Z,32,1,80420,38837.000000000,38838.000000000,38837.000000000,38838.000000000,5,YM
2024-06-10T14:26:29.000000000Z,32,1,80420,38838.000000000,38842.000000000,38838.000000000,38842.000000000,10,YM
2024-06-10T14:26:30.000000000Z,32,1,80420,38844.000000000,38845.000000000,38844.000000000,38844.000000000,4,YM
2024-06-10T14:26:31.000000000Z,32,1,80420,38844.000000000,38844.000000000,38844.000000000,38844.000000000,3,YM
2024-06-10T14:26:32.000000000Z,32,1,80420,38845.000000000,38845.000000000,38844.000000000,38844.000000000,4,YM
2024-06-10T14:26:33.000000000Z,32,1,80420,38844.000000000,38844.000000000,38844.000000000,38844.000000000,1,YM
2024-06-10T14:26:35.000000000Z,32,1,80420,38843.000000000,38843.000000000,38843.000000000,38843.000000000,1,YM
2024-06-10T14:26:36.000000000Z,32,1,80420,38844.000000000,38844.000000000,38843.000000000,38843.000000000,9,YM
2024-06-10T14:26:37.000000000Z,32,1,80420,38843.000000000,38843.000000000,38843.000000000,38843.000000000,1,YM
2024-06-10T14:26:38.000000000Z,32,1,80420,38844.000000000,38844.000000000,38844.000000000,38844.000000000,1,YM
2024-06-10T14:26:40.000000000Z,32,1,80420,38843.000000000,38843.000000000,38843.000000000,38843.000000000,2,YM
2024-06-10T14:26:41.000000000Z,32,1,80420,38842.000000000,38842.000000000,38842.000000000,38842.000000000,2,YM
2024-06-10T14:26:43.000000000Z,32,1,80420,38842.000000000,38843.000000000,38841.000000000,38841.000000000,6,YM
2024-06-10T14:26:45.000000000Z,32,1,80420,38838.000000000,38838.000000000,38838.000000000,38838.000000000,2,YM
2024-06-10T14:26:46.000000000Z,32,1,80420,38837.000000000,38837.000000000,38837.000000000,38837.000000000,1,YM
2024-06-10T14:26:47.000000000Z,32,1,80420,38837.000000000,38837.000000000,38837.000000000,38837.000000000,4,YM
2024-06-10T14:26:48.000000000Z,32,1,80420,38836.000000000,38836.000000000,38835.000000000,38835.000000000,5,YM
2024-06-10T14:26:49.000000000Z,32,1,80420,38834.000000000,38835.000000000,38834.000000000,38835.000000000,4,YM
2024-06-10T14:26:50.000000000Z,32,1,80420,38834.000000000,38835.000000000,38834.000000000,38835.000000000,3,YM
2024-06-10T14:26:51.000000000Z,32,1,80420,38836.000000000,38838.000000000,38836.000000000,38838.000000000,4,YM
2024-06-10T14:26:52.000000000Z,32,1,80420,38837.000000000,38837.000000000,38836.000000000,38836.000000000,3,YM
2024-06-10T14:26:53.000000000Z,32,1,80420,38836.000000000,38836.000000000,38835.000000000,38835.000000000,6,YM
2024-06-10T14:26:54.000000000Z,32,1,80420,38835.000000000,38835.000000000,38835.000000000,38835.000000000,2,YM
2024-06-10T14:26:59.000000000Z,32,1,80420,38835.000000000,38835.000000000,38835.000000000,38835.000000000,2,YM
2024-06-10T14:27:01.000000000Z,32,1,80420,38835.000000000,38835.000000000,38835.000000000,38835.000000000,4,YM
2024-06-10T14:27:02.000000000Z,32,1,80420,38835.000000000,38836.000000000,38835.000000000,38836.000000000,2,YM
2024-06-10T14:27:03.000000000Z,32,1,80420,38838.000000000,38838.000000000,38838.000000000,38838.000000000,1,YM
2024-06-10T14:27:04.000000000Z,32,1,80420,38837.000000000,38837.000000000,38836.000000000,38837.000000000,6,YM
2024-06-10T14:27:05.000000000Z,32,1,80420,38835.000000000,38835.000000000,38835.000000000,38835.000000000,3,YM
2024-06-10T14:27:06.000000000Z,32,1,80420,38836.000000000,38837.000000000,38836.000000000,38837.000000000,3,YM
2024-06-10T14:27:08.000000000Z,32,1,80420,38836.000000000,38836.000000000,38834.000000000,38834.000000000,6,YM
2024-06-10T14:27:09.000000000Z,32,1,80420,38833.000000000,38833.000000000,38831.000000000,38831.000000000,4,YM
2024-06-10T14:27:10.000000000Z,32,1,80420,38830.000000000,38830.000000000,38830.000000000,38830.000000000,3,YM
2024-06-10T14:27:11.000000000Z,32,1,80420,38831.000000000,38832.000000000,38831.000000000,38831.000000000,4,YM
2024-06-10T14:27:12.000000000Z,32,1,80420,38830.000000000,38830.000000000,38830.000000000,38830.000000000,1,YM
2024-06-10T14:27:13.000000000Z,32,1,80420,38830.000000000,38830.000000000,38830.000000000,38830.000000000,1,YM
2024-06-10T14:27:16.000000000Z,32,1,80420,38831.000000000,38831.000000000,38831.000000000,38831.000000000,1,YM
2024-06-10T14:27:17.000000000Z,32,1,80420,38832.000000000,38832.000000000,38831.000000000,38831.000000000,6,YM
2024-06-10T14:27:18.000000000Z,32,1,80420,38831.000000000,38834.000000000,38831.000000000,38833.000000000,15,YM
2024-06-10T14:27:19.000000000Z,32,1,80420,38833.000000000,38833.000000000,38833.000000000,38833.000000000,3,YM
2024-06-10T14:27:20.000000000Z,32,1,80420,38834.000000000,38834.000000000,38834.000000000,38834.000000000,2,YM
2024-06-10T14:27:21.000000000Z,32,1,80420,38834.000000000,38834.000000000,38834.000000000,38834.000000000,1,YM
2024-06-10T14:27:23.000000000Z,32,1,80420,38834.000000000,38834.000000000,38833.000000000,38834.000000000,10,YM
2024-06-10T14:27:25.000000000Z,32,1,80420,38835.000000000,38835.000000000,38835.000000000,38835.000000000,2,YM
2024-06-10T14:27:27.000000000Z,32,1,80420,38837.000000000,38838.000000000,38834.000000000,38834.000000000,6,YM
2024-06-10T14:27:29.000000000Z,32,1,80420,38832.000000000,38832.000000000,38832.000000000,38832.000000000,1,YM
2024-06-10T14:27:31.000000000Z,32,1,80420,38834.000000000,38834.000000000,38833.000000000,38833.000000000,4,YM
2024-06-10T14:27:32.000000000Z,32,1,80420,38833.000000000,38834.000000000,38833.000000000,38834.000000000,2,YM
2024-06-10T14:27:36.000000000Z,32,1,80420,38832.000000000,38832.000000000,38832.000000000,38832.000000000,1,YM
2024-06-10T14:27:37.000000000Z,32,1,80420,38833.000000000,38834.000000000,38833.000000000,38834.000000000,3,YM
2024-06-10T14:27:39.000000000Z,32,1,80420,38832.000000000,38832.000000000,38831.000000000,38831.000000000,6,YM
2024-06-10T14:27:40.000000000Z,32,1,80420,38831.000000000,38831.000000000,38831.000000000,38831.000000000,1,YM
2024-06-10T14:27:41.000000000Z,32,1,80420,38831.000000000,38831.000000000,38829.000000000,38829.000000000,8,YM
2024-06-10T14:27:43.000000000Z,32,1,80420,38828.000000000,38830.000000000,38828.000000000,38830.000000000,5,YM
2024-06-10T14:27:44.000000000Z,32,1,80420,38829.000000000,38829.000000000,38829.000000000,38829.000000000,1,YM
2024-06-10T14:27:45.000000000Z,32,1,80420,38829.000000000,38829.000000000,38828.000000000,38828.000000000,3,YM
2024-06-10T14:27:47.000000000Z,32,1,80420,38827.000000000,38827.000000000,38827.000000000,38827.000000000,4,YM
2024-06-10T14:27:50.000000000Z,32,1,80420,38829.000000000,38829.000000000,38829.000000000,38829.000000000,1,YM
2024-06-10T14:27:51.000000000Z,32,1,80420,38829.000000000,38829.000000000,38829.000000000,38829.000000000,3,YM
2024-06-10T14:27:52.000000000Z,32,1,80420,38830.000000000,38830.000000000,38829.000000000,38829.000000000,2,YM
2024-06-10T14:27:54.000000000Z,32,1,80420,38829.000000000,38829.000000000,38829.000000000,38829.000000000,2,YM
2024-06-10T14:27:56.000000000Z,32,1,80420,38829.000000000,38829.000000000,38829.000000000,38829.000000000,1,YM
2024-06-10T14:27:57.000000000Z,32,1,80420,38830.000000000,38830.000000000,38830.000000000,38830.000000000,1,YM
2024-06-10T14:27:58.000000000Z,32,1,80420,38831.000000000,38832.000000000,38831.000000000,38832.000000000,2,YM
2024-06-10T14:27:59.000000000Z,32,1,80420,38831.000000000,38831.000000000,38831.000000000,38831.000000000,1,YM
2024-06-10T14:28:00.000000000Z,32,1,80420,38830.000000000,38830.000000000,38829.000000000,38829.000000000,7,YM
2024-06-10T14:28:01.000000000Z,32,1,80420,38828.000000000,38828.000000000,38828.000000000,38828.000000000,1,YM
2024-06-10T14:28:02.000000000Z,32,1,80420,38827.000000000,38827.000000000,38827.000000000,38827.000000000,9,YM
2024-06-10T14:28:03.000000000Z,32,1,80420,38827.000000000,38827.000000000,38827.000000000,38827.000000000,2,YM
2024-06-10T14:28:04.000000000Z,32,1,80420,38827.000000000,38827.000000000,38826.000000000,38826.000000000,5,YM
2024-06-10T14:28:06.000000000Z,32,1,80420,38825.000000000,38826.000000000,38825.000000000,38826.000000000,4,YM
2024-06-10T14:28:07.000000000Z,32,1,80420,38826.000000000,38826.000000000,38825.000000000,38825.000000000,4,YM
2024-06-10T14:28:08.000000000Z,32,1,80420,38825.000000000,38825.000000000,38825.000000000,38825.000000000,1,YM
2024-06-10T14:28:09.000000000Z,32,1,80420,38826.000000000,38826.000000000,38825.000000000,38825.000000000,6,YM
2024-06-10T14:28:10.000000000Z,32,1,80420,38827.000000000,38827.000000000,38827.000000000,38827.000000000,2,YM
2024-06-10T14:28:11.000000000Z,32,1,80420,38827.000000000,38828.000000000,38827.000000000,38827.000000000,11,YM
2024-06-10T14:28:12.000000000Z,32,1,80420,38827.000000000,38828.000000000,38827.000000000,38828.000000000,7,YM
2024-06-10T14:28:13.000000000Z,32,1,80420,38829.000000000,38829.000000000,38829.000000000,38829.000000000,1,YM
2024-06-10T14:28:14.000000000Z,32,1,80420,38827.000000000,38827.000000000,38826.000000000,38826.000000000,2,YM
2024-06-10T14:28:15.000000000Z,32,1,80420,38826.000000000,38826.000000000,38826.000000000,38826.000000000,4,YM
2024-06-10T14:28:16.000000000Z,32,1,80420,38826.000000000,38827.000000000,38826.000000000,38826.000000000,4,YM
2024-06-10T14:28:17.000000000Z,32,1,80420,38826.000000000,38826.000000000,38826.000000000,38826.000000000,1,YM
2024-06-10T14:28:18.000000000Z,32,1,80420,38826.000000000,38826.000000000,38826.000000000,38826.000000000,3,YM
2024-06-10T14:28:19.000000000Z,32,1,80420,38825.000000000,38825.000000000,38824.000000000,38824.000000000,50,YM
2024-06-10T14:28:20.000000000Z,32,1,80420,38824.000000000,38824.000000000,38824.000000000,38824.000000000,5,YM
2024-06-10T14:28:22.000000000Z,32,1,80420,38825.000000000,38825.000000000,38825.000000000,38825.000000000,3,YM
2024-06-10T14:28:25.000000000Z,32,1,80420,38824.000000000,38825.000000000,38824.000000000,38825.000000000,3,YM
2024-06-10T14:28:26.000000000Z,32,1,80420,38824.000000000,38824.000000000,38824.000000000,38824.000000000,6,YM
2024-06-10T14:28:27.000000000Z,32,1,80420,38823.000000000,38823.000000000,38823.000000000,38823.000000000,1,YM
2024-06-10T14:28:28.000000000Z,32,1,80420,38823.000000000,38823.000000000,38819.000000000,38819.000000000,26,YM
2024-06-10T14:28:29.000000000Z,32,1,80420,38819.000000000,38819.000000000,38819.000000000,38819.000000000,2,YM
2024-06-10T14:28:30.000000000Z,32,1,80420,38820.000000000,38820.000000000,38819.000000000,38819.000000000,7,YM
2024-06-10T14:28:31.000000000Z,32,1,80420,38821.000000000,38822.000000000,38821.000000000,38822.000000000,5,YM
2024-06-10T14:28:33.000000000Z,32,1,80420,38822.000000000,38825.000000000,38822.000000000,38822.000000000,20,YM
2024-06-10T14:28:36.000000000Z,32,1,80420,38822.000000000,38822.000000000,38822.000000000,38822.000000000,2,YM
2024-06-10T14:28:37.000000000Z,32,1,80420,38823.000000000,38823.000000000,38823.000000000,38823.000000000,1,YM
2024-06-10T14:28:38.000000000Z,32,1,80420,38823.000000000,38823.000000000,38823.000000000,38823.000000000,5,YM
2024-06-10T14:28:39.000000000Z,32,1,80420,38822.000000000,38822.000000000,38821.000000000,38821.000000000,3,YM
2024-06-10T14:28:40.000000000Z,32,1,80420,38822.000000000,38822.000000000,38822.000000000,38822.000000000,1,YM
2024-06-10T14:28:41.000000000Z,32,1,80420,38823.000000000,38823.000000000,38822.000000000,38822.000000000,5,YM
2024-06-10T14:28:43.000000000Z,32,1,80420,38823.000000000,38825.000000000,38823.000000000,38825.000000000,3,YM
2024-06-10T14:28:44.000000000Z,32,1,80420,38825.000000000,38825.000000000,38825.000000000,38825.000000000,4,YM
2024-06-10T14:28:45.000000000Z,32,1,80420,38826.000000000,38828.000000000,38826.000000000,38828.000000000,11,YM
2024-06-10T14:28:46.000000000Z,32,1,80420,38828.000000000,38830.000000000,38828.000000000,38830.000000000,13,YM
2024-06-10T14:28:47.000000000Z,32,1,80420,38829.000000000,38829.000000000,38829.000000000,38829.000000000,1,YM
2024-06-10T14:28:48.000000000Z,32,1,80420,38829.000000000,38829.000000000,38829.000000000,38829.000000000,1,YM
2024-06-10T14:28:50.000000000Z,32,1,80420,38828.000000000,38829.000000000,38828.000000000,38829.000000000,8,YM
2024-06-10T14:28:51.000000000Z,32,1,80420,38830.000000000,38830.000000000,38829.000000000,38829.000000000,4,YM
2024-06-10T14:28:52.000000000Z,32,1,80420,38829.000000000,38829.000000000,38829.000000000,38829.000000000,2,YM
2024-06-10T14:28:53.000000000Z,32,1,80420,38829.000000000,38830.000000000,38829.000000000,38830.000000000,4,YM
2024-06-10T14:28:54.000000000Z,32,1,80420,38829.000000000,38829.000000000,38829.000000000,38829.000000000,1,YM
2024-06-10T14:28:55.000000000Z,32,1,80420,38828.000000000,38828.000000000,38828.000000000,38828.000000000,1,YM
2024-06-10T14:28:59.000000000Z,32,1,80420,38826.000000000,38826.000000000,38826.000000000,38826.000000000,1,YM
2024-06-10T14:29:00.000000000Z,32,1,80420,38828.000000000,38828.000000000,38828.000000000,38828.000000000,2,YM
2024-06-10T14:29:01.000000000Z,32,1,80420,38828.000000000,38829.000000000,38828.000000000,38829.000000000,4,YM
2024-06-10T14:29:02.000000000Z,32,1,80420,38828.000000000,38828.000000000,38828.000000000,38828.000000000,2,YM
2024-06-10T14:29:04.000000000Z,32,1,80420,38828.000000000,38828.000000000,38828.000000000,38828.000000000,1,YM
2024-06-10T14:29:05.000000000Z,32,1,80420,38827.000000000,38827.000000000,38826.000000000,38826.000000000,4,YM
2024-06-10T14:29:06.000000000Z,32,1,80420,38827.000000000,38827.000000000,38827.000000000,38827.000000000,1,YM
2024-06-10T14:29:07.000000000Z,32,1,80420,38829.000000000,38830.000000000,38829.000000000,38830.000000000,14,YM
2024-06-10T14:29:08.000000000Z,32,1,80420,38829.000000000,38829.000000000,38828.000000000,38828.000000000,3,YM
2024-06-10T14:29:10.000000000Z,32,1,80420,38830.000000000,38830.000000000,38830.000000000,38830.000000000,2,YM
2024-06-10T14:29:13.000000000Z,32,1,80420,38830.000000000,38830.000000000,38830.000000000,38830.000000000,2,YM
2024-06-10T14:29:14.000000000Z,32,1,80420,38830.000000000,38830.000000000,38829.000000000,38829.000000000,3,YM
2024-06-10T14:29:15.000000000Z,32,1,80420,38828.000000000,38828.000000000,38828.000000000,38828.000000000,1,YM
2024-06-10T14:29:18.000000000Z,32,1,80420,38830.000000000,38831.000000000,38830.000000000,38831.000000000,4,YM
2024-06-10T14:29:20.000000000Z,32,1,80420,38832.000000000,38832.000000000,38832.000000000,38832.000000000,2,YM
2024-06-10T14:29:22.000000000Z,32,1,80420,38832.000000000,38832.000000000,38832.000000000,38832.000000000,3,YM
2024-06-10T14:29:23.000000000Z,32,1,80420,38831.000000000,38831.000000000,38830.000000000,38830.000000000,7,YM
2024-06-10T14:29:24.000000000Z,32,1,80420,38829.000000000,38829.000000000,38827.000000000,38827.000000000,4,YM
2024-06-10T14:29:26.000000000Z,32,1,80420,38826.000000000,38826.000000000,38825.000000000,38825.000000000,6,YM
2024-06-10T14:29:27.000000000Z,32,1,80420,38825.000000000,38825.000000000,38824.000000000,38824.000000000,2,YM
2024-06-10T14:29:28.000000000Z,32,1,80420,38824.000000000,38824.000000000,38824.000000000,38824.000000000,1,YM
2024-06-10T14:29:29.000000000Z,32,1,80420,38825.000000000,38825.000000000,38825.000000000,38825.000000000,4,YM
2024-06-10T14:29:30.000000000Z,32,1,80420,38825.000000000,38825.000000000,38825.000000000,38825.000000000,2,YM
2024-06-10T14:29:31.000000000Z,32,1,80420,38825.000000000,38825.000000000,38824.000000000,38824.000000000,6,YM
2024-06-10T14:29:34.000000000Z,32,1,80420,38825.000000000,38825.000000000,38825.000000000,38825.000000000,2,YM
2024-06-10T14:29:37.000000000Z,32,1,80420,38825.000000000,38825.000000000,38825.000000000,38825.000000000,1,YM
2024-06-10T14:29:38.000000000Z,32,1,80420,38827.000000000,38828.000000000,38827.000000000,38828.000000000,3,YM
2024-06-10T14:29:39.000000000Z,32,1,80420,38827.000000000,38827.000000000,38827.000000000,38827.000000000,5,YM
2024-06-10T14:29:40.000000000Z,32,1,80420,38827.000000000,38827.000000000,38827.000000000,38827.000000000,4,YM
2024-06-10T14:29:43.000000000Z,32,1,80420,38827.000000000,38827.000000000,38827.000000000,38827.000000000,1,YM
2024-06-10T14:29:44.000000000Z,32,1,80420,38827.000000000,38827.000000000,38827.000000000,38827.000000000,2,YM
2024-06-10T14:29:45.000000000Z,32,1,80420,38826.000000000,38826.000000000,38822.000000000,38822.000000000,9,YM
2024-06-10T14:29:46.000000000Z,32,1,80420,38821.000000000,38821.000000000,38821.000000000,38821.000000000,2,YM
2024-06-10T14:29:47.000000000Z,32,1,80420,38822.000000000,38822.000000000,38822.000000000,38822.000000000,4,YM
2024-06-10T14:29:48.000000000Z,32,1,80420,38823.000000000,38823.000000000,38823.000000000,38823.000000000,1,YM
2024-06-10T14:29:50.000000000Z,32,1,80420,38822.000000000,38823.000000000,38822.000000000,38823.000000000,3,YM
2024-06-10T14:29:51.000000000Z,32,1,80420,38822.000000000,38822.000000000,38822.000000000,38822.000000000,3,YM
2024-06-10T14:29:52.000000000Z,32,1,80420,38823.000000000,38823.000000000,38823.000000000,38823.000000000,1,YM
2024-06-10T14:29:53.000000000Z,32,1,80420,38824.000000000,38825.000000000,38824.000000000,38825.000000000,4,YM
2024-06-10T14:29:55.000000000Z,32,1,80420,38826.000000000,38826.000000000,38823.000000000,38823.000000000,6,YM
2024-06-10T14:29:56.000000000Z,32,1,80420,38823.000000000,38823.000000000,38823.000000000,38823.000000000,2,YM
2024-06-10T14:29:58.000000000Z,32,1,80420,38826.000000000,38826.000000000,38826.000000000,38826.000000000,5,YM
2024-06-10T14:29:59.000000000Z,32,1,80420,38827.000000000,38827.000000000,38826.000000000,38826.000000000,6,YM
2024-06-10T14:30:00.000000000Z,32,1,80420,38826.000000000,38826.000000000,38826.000000000,38826.000000000,1,YM
2024-06-10T14:30:01.000000000Z,32,1,80420,38826.000000000,38828.000000000,38826.000000000,38828.000000000,13,YM
2024-06-10T14:30:02.000000000Z,32,1,80420,38827.000000000,38827.000000000,38827.000000000,38827.000000000,4,YM
2024-06-10T14:30:03.000000000Z,32,1,80420,38828.000000000,38830.000000000,38827.000000000,38830.000000000,10,YM
2024-06-10T14:30:04.000000000Z,32,1,80420,38827.000000000,38827.000000000,38826.000000000,38826.000000000,5,YM
2024-06-10T14:30:05.000000000Z,32,1,80420,38825.000000000,38825.000000000,38825.000000000,38825.000000000,1,YM
2024-06-10T14:30:06.000000000Z,32,1,80420,38823.000000000,38823.000000000,38819.000000000,38820.000000000,7,YM
2024-06-10T14:30:07.000000000Z,32,1,80420,38820.000000000,38821.000000000,38820.000000000,38821.000000000,2,YM
2024-06-10T14:30:08.000000000Z,32,1,80420,38821.000000000,38821.000000000,38821.000000000,38821.000000000,2,YM
2024-06-10T14:30:09.000000000Z,32,1,80420,38820.000000000,38820.000000000,38820.000000000,38820.000000000,1,YM
2024-06-10T14:30:10.000000000Z,32,1,80420,38820.000000000,38820.000000000,38819.000000000,38819.000000000,3,YM
2024-06-10T14:30:11.000000000Z,32,1,80420,38819.000000000,38820.000000000,38817.000000000,38819.000000000,11,YM
2024-06-10T14:30:12.000000000Z,32,1,80420,38819.000000000,38820.000000000,38819.000000000,38820.000000000,13,YM
2024-06-10T14:30:13.000000000Z,32,1,80420,38821.000000000,38821.000000000,38819.000000000,38820.000000000,7,YM
2024-06-10T14:30:14.000000000Z,32,1,80420,38820.000000000,38822.000000000,38820.000000000,38822.000000000,7,YM
2024-06-10T14:30:15.000000000Z,32,1,80420,38821.000000000,38821.000000000,38821.000000000,38821.000000000,1,YM
2024-06-10T14:30:16.000000000Z,32,1,80420,38821.000000000,38822.000000000,38821.000000000,38822.000000000,2,YM
2024-06-10T14:30:17.000000000Z,32,1,80420,38823.000000000,38824.000000000,38823.000000000,38823.000000000,5,YM
2024-06-10T14:30:18.000000000Z,32,1,80420,38822.000000000,38823.000000000,38822.000000000,38823.000000000,9,YM
2024-06-10T14:30:19.000000000Z,32,1,80420,38823.000000000,38823.000000000,38823.000000000,38823.000000000,1,YM
2024-06-10T14:30:20.000000000Z,32,1,80420,38821.000000000,38821.000000000,38819.000000000,38819.000000000,5,YM
2024-06-10T14:30:21.000000000Z,32,1,80420,38820.000000000,38820.000000000,38819.000000000,38819.000000000,2,YM
2024-06-10T14:30:22.000000000Z,32,1,80420,38819.000000000,38820.000000000,38819.000000000,38820.000000000,6,YM
2024-06-10T14:30:23.000000000Z,32,1,80420,38821.000000000,38821.000000000,38821.000000000,38821.000000000,1,YM
2024-06-10T14:30:24.000000000Z,32,1,80420,38820.000000000,38820.000000000,38820.000000000,38820.000000000,2,YM
2024-06-10T14:30:25.000000000Z,32,1,80420,38821.000000000,38822.000000000,38821.000000000,38822.000000000,3,YM
2024-06-10T14:30:26.000000000Z,32,1,80420,38822.000000000,38822.000000000,38822.000000000,38822.000000000,3,YM
2024-06-10T14:30:27.000000000Z,32,1,80420,38822.000000000,38822.000000000,38822.000000000,38822.000000000,1,YM
2024-06-10T14:30:28.000000000Z,32,1,80420,38822.000000000,38822.000000000,38821.000000000,38821.000000000,10,YM
2024-06-10T14:30:29.000000000Z,32,1,80420,38821.000000000,38821.000000000,38821.000000000,38821.000000000,3,YM
2024-06-10T14:30:30.000000000Z,32,1,80420,38821.000000000,38821.000000000,38821.000000000,38821.000000000,1,YM
2024-06-10T14:30:32.000000000Z,32,1,80420,38820.000000000,38820.000000000,38820.000000000,38820.000000000,3,YM
2024-06-10T14:30:33.000000000Z,32,1,80420,38821.000000000,38821.000000000,38821.000000000,38821.000000000,3,YM
2024-06-10T14:30:34.000000000Z,32,1,80420,38820.000000000,38820.000000000,38820.000000000,38820.000000000,8,YM
2024-06-10T14:30:35.000000000Z,32,1,80420,38820.000000000,38820.000000000,38820.000000000,38820.000000000,2,YM
2024-06-10T14:30:36.000000000Z,32,1,80420,38820.000000000,38820.000000000,38820.000000000,38820.000000000,4,YM
2024-06-10T14:30:37.000000000Z,32,1,80420,38820.000000000,38820.000000000,38820.000000000,38820.000000000,1,YM
2024-06-10T14:30:38.000000000Z,32,1,80420,38819.000000000,38820.000000000,38819.000000000,38820.000000000,7,YM
2024-06-10T14:30:39.000000000Z,32,1,80420,38820.000000000,38820.000000000,38820.000000000,38820.000000000,1,YM
2024-06-10T14:30:40.000000000Z,32,1,80420,38821.000000000,38821.000000000,38821.000000000,38821.000000000,1,YM
2024-06-10T14:30:42.000000000Z,32,1,80420,38821.000000000,38821.000000000,38820.000000000,38820.000000000,5,YM
2024-06-10T14:30:43.000000000Z,32,1,80420,38820.000000000,38820.000000000,38820.000000000,38820.000000000,4,YM
2024-06-10T14:30:44.000000000Z,32,1,80420,38820.000000000,38820.000000000,38818.000000000,38818.000000000,16,YM
2024-06-10T14:30:45.000000000Z,32,1,80420,38818.000000000,38818.000000000,38818.000000000,38818.000000000,1,YM
2024-06-10T14:30:46.000000000Z,32,1,80420,38817.000000000,38817.000000000,38817.000000000,38817.000000000,7,YM
2024-06-10T14:30:47.000000000Z,32,1,80420,38816.000000000,38816.000000000,38816.000000000,38816.000000000,8,YM
2024-06-10T14:30:48.000000000Z,32,1,80420,38817.000000000,38818.000000000,38817.000000000,38817.000000000,13,YM
2024-06-10T14:30:49.000000000Z,32,1,80420,38818.000000000,38818.000000000,38818.000000000,38818.000000000,4,YM
2024-06-10T14:30:50.000000000Z,32,1,80420,38818.000000000,38819.000000000,38818.000000000,38819.000000000,10,YM
2024-06-10T14:30:51.000000000Z,32,1,80420,38817.000000000,38817.000000000,38817.000000000,38817.000000000,6,YM
2024-06-10T14:30:53.000000000Z,32,1,80420,38818.000000000,38819.000000000,38818.000000000,38819.000000000,3,YM
2024-06-10T14:30:55.000000000Z,32,1,80420,38819.000000000,38819.000000000,38819.000000000,38819.000000000,1,YM
2024-06-10T14:30:57.000000000Z,32,1,80420,38820.000000000,38820.000000000,38820.000000000,38820.000000000,1,YM
2024-06-10T14:30:59.000000000Z,32,1,80420,38820.000000000,38820.000000000,38820.000000000,38820.000000000,2,YM
2024-06-10T14:31:00.000000000Z,32,1,80420,38819.000000000,38822.000000000,38819.000000000,38822.000000000,7,YM
2024-06-10T14:31:01.000000000Z,32,1,80420,38822.000000000,38822.000000000,38822.000000000,38822.000000000,2,YM
2024-06-10T14:31:02.000000000Z,32,1,80420,38821.000000000,38821.000000000,38821.000000000,38821.000000000,1,YM
2024-06-10T14:31:03.000000000Z,32,1,80420,38822.000000000,38822.000000000,38822.000000000,38822.000000000,6,YM
2024-06-10T14:31:04.000000000Z,32,1,80420,38822.000000000,38822.000000000,38822.000000000,38822.000000000,1,YM
2024-06-10T14:31:05.000000000Z,32,1,80420,38821.000000000,38821.000000000,38821.000000000,38821.000000000,1,YM
2024-06-10T14:31:06.000000000Z,32,1,80420,38819.000000000,38820.000000000,38818.000000000,38820.000000000,4,YM
2024-06-10T14:31:09.000000000Z,32,1,80420,38821.000000000,38821.000000000,38820.000000000,38820.000000000,4,YM
2024-06-10T14:31:10.000000000Z,32,1,80420,38820.000000000,38820.000000000,38820.000000000,38820.000000000,1,YM
2024-06-10T14:31:11.000000000Z,32,1,80420,38821.000000000,38822.000000000,38821.000000000,38821.000000000,3,YM
2024-06-10T14:31:12.000000000Z,32,1,80420,38820.000000000,38820.000000000,38820.000000000,38820.000000000,1,YM
2024-06-10T14:31:14.000000000Z,32,1,80420,38823.000000000,38823.000000000,38821.000000000,38821.000000000,10,YM
2024-06-10T14:31:15.000000000Z,32,1,80420,38823.000000000,38824.000000000,38823.000000000,38824.000000000,4,YM
2024-06-10T14:31:16.000000000Z,32,1,80420,38824.000000000,38824.000000000,38824.000000000,38824.000000000,3,YM
2024-06-10T14:31:17.000000000Z,32,1,80420,38823.000000000,38823.000000000,38823.000000000,38823.000000000,2,YM
2024-06-10T14:31:18.000000000Z,32,1,80420,38824.000000000,38824.000000000,38824.000000000,38824.000000000,1,YM
2024-06-10T14:31:20.000000000Z,32,1,80420,38826.000000000,38826.000000000,38826.000000000,38826.000000000,2,YM
2024-06-10T14:31:21.000000000Z,32,1,80420,38825.000000000,38827.000000000,38825.000000000,38827.000000000,3,YM
2024-06-10T14:31:23.000000000Z,32,1,80420,38828.000000000,38828.000000000,38828.000000000,38828.000000000,2,YM
2024-06-10T14:31:24.000000000Z,32,1,80420,38828.000000000,38828.000000000,38827.000000000,38827.000000000,3,YM
2024-06-10T14:31:25.000000000Z,32,1,80420,38826.000000000,38826.000000000,38825.000000000,38825.000000000,4,YM
2024-06-10T14:31:27.000000000Z,32,1,80420,38824.000000000,38824.000000000,38823.000000000,38824.000000000,7,YM
2024-06-10T14:31:28.000000000Z,32,1,80420,38825.000000000,38826.000000000,38825.000000000,38826.000000000,2,YM
2024-06-10T14:31:29.000000000Z,32,1,80420,38823.000000000,38823.000000000,38823.000000000,38823.000000000,1,YM
2024-06-10T14:31:30.000000000Z,32,1,80420,38825.000000000,38825.000000000,38824.000000000,38824.000000000,2,YM
2024-06-10T14:31:31.000000000Z,32,1,80420,38823.000000000,38823.000000000,38822.000000000,38822.000000000,4,YM
2024-06-10T14:31:32.000000000Z,32,1,80420,38824.000000000,38824.000000000,38823.000000000,38824.000000000,11,YM
2024-06-10T14:31:34.000000000Z,32,1,80420,38822.000000000,38822.000000000,38822.000000000,38822.000000000,1,YM
2024-06-10T14:31:35.000000000Z,32,1,80420,38821.000000000,38821.000000000,38821.000000000,38821.000000000,5,YM
2024-06-10T14:31:36.000000000Z,32,1,80420,38822.000000000,38822.000000000,38822.000000000,38822.000000000,2,YM
2024-06-10T14:31:39.000000000Z,32,1,80420,38822.000000000,38822.000000000,38822.000000000,38822.000000000,1,YM
2024-06-10T14:31:40.000000000Z,32,1,80420,38822.000000000,38822.000000000,38818.000000000,38818.000000000,12,YM
2024-06-10T14:31:41.000000000Z,32,1,80420,38818.000000000,38819.000000000,38816.000000000,38816.000000000,11,YM
2024-06-10T14:31:42.000000000Z,32,1,80420,38816.000000000,38818.000000000,38816.000000000,38818.000000000,10,YM
2024-06-10T14:31:43.000000000Z,32,1,80420,38818.000000000,38818.000000000,38818.000000000,38818.000000000,4,YM
2024-06-10T14:31:45.000000000Z,32,1,80420,38818.000000000,38818.000000000,38817.000000000,38817.000000000,3,YM
2024-06-10T14:31:47.000000000Z,32,1,80420,38817.000000000,38817.000000000,38817.000000000,38817.000000000,2,YM
2024-06-10T14:31:48.000000000Z,32,1,80420,38816.000000000,38817.000000000,38816.000000000,38817.000000000,3,YM
2024-06-10T14:31:49.000000000Z,32,1,80420,38818.000000000,38818.000000000,38817.000000000,38817.000000000,3,YM
2024-06-10T14:31:51.000000000Z,32,1,80420,38818.000000000,38818.000000000,38818.000000000,38818.000000000,5,YM
2024-06-10T14:31:52.000000000Z,32,1,80420,38817.000000000,38817.000000000,38817.000000000,38817.000000000,3,YM
2024-06-10T14:31:53.000000000Z,32,1,80420,38818.000000000,38818.000000000,38818.000000000,38818.000000000,2,YM
2024-06-10T14:31:55.000000000Z,32,1,80420,38818.000000000,38820.000000000,38818.000000000,38820.000000000,16,YM
2024-06-10T14:31:58.000000000Z,32,1,80420,38819.000000000,38819.000000000,38818.000000000,38818.000000000,5,YM
2024-06-10T14:32:00.000000000Z,32,1,80420,38819.000000000,38820.000000000,38819.000000000,38820.000000000,3,YM
2024-06-10T14:32:01.000000000Z,32,1,80420,38820.000000000,38820.000000000,38820.000000000,38820.000000000,3,YM
2024-06-10T14:32:02.000000000Z,32,1,80420,38819.000000000,38821.000000000,38819.000000000,38821.000000000,6,YM
2024-06-10T14:32:03.000000000Z,32,1,80420,38821.000000000,38823.000000000,38821.000000000,38823.000000000,9,YM
2024-06-10T14:32:04.000000000Z,32,1,80420,38824.000000000,38824.000000000,38824.000000000,38824.000000000,1,YM
2024-06-10T14:32:05.000000000Z,32,1,80420,38824.000000000,38824.000000000,38824.000000000,38824.000000000,4,YM
2024-06-10T14:32:06.000000000Z,32,1,80420,38824.000000000,38825.000000000,38824.000000000,38824.000000000,5,YM
2024-06-10T14:32:07.000000000Z,32,1,80420,38824.000000000,38824.000000000,38824.000000000,38824.000000000,2,YM
2024-06-10T14:32:08.000000000Z,32,1,80420,38824.000000000,38824.000000000,38824.000000000,38824.000000000,1,YM
2024-06-10T14:32:09.000000000Z,32,1,80420,38825.000000000,38825.000000000,38825.000000000,38825.000000000,2,YM
2024-06-10T14:32:12.000000000Z,32,1,80420,38824.000000000,38824.000000000,38823.000000000,38823.000000000,3,YM
2024-06-10T14:32:13.000000000Z,32,1,80420,38822.000000000,38822.000000000,38821.000000000,38821.000000000,12,YM
2024-06-10T14:32:14.000000000Z,32,1,80420,38821.000000000,38822.000000000,38821.000000000,38821.000000000,8,YM
2024-06-10T14:32:16.000000000Z,32,1,80420,38821.000000000,38823.000000000,38821.000000000,38822.000000000,4,YM
2024-06-10T14:32:17.000000000Z,32,1,80420,38822.000000000,38822.000000000,38822.000000000,38822.000000000,7,YM
2024-06-10T14:32:18.000000000Z,32,1,80420,38822.000000000,38822.000000000,38822.000000000,38822.000000000,1,YM
2024-06-10T14:32:19.000000000Z,32,1,80420,38823.000000000,38823.000000000,38823.000000000,38823.000000000,3,YM
2024-06-10T14:32:20.000000000Z,32,1,80420,38822.000000000,38823.000000000,38822.000000000,38823.000000000,3,YM
2024-06-10T14:32:21.000000000Z,32,1,80420,38824.000000000,38824.000000000,38823.000000000,38823.000000000,8,YM
2024-06-10T14:32:22.000000000Z,32,1,80420,38824.000000000,38824.000000000,38823.000000000,38823.000000000,8,YM
2024-06-10T14:32:24.000000000Z,32,1,80420,38823.000000000,38823.000000000,38823.000000000,38823.000000000,3,YM
2024-06-10T14:32:25.000000000Z,32,1,80420,38823.000000000,38823.000000000,38823.000000000,38823.000000000,4,YM
2024-06-10T14:32:26.000000000Z,32,1,80420,38823.000000000,38824.000000000,38823.000000000,38824.000000000,9,YM
2024-06-10T14:32:27.000000000Z,32,1,80420,38823.000000000,38823.000000000,38822.000000000,38822.000000000,5,YM
2024-06-10T14:32:29.000000000Z,32,1,80420,38822.000000000,38822.000000000,38822.000000000,38822.000000000,7,YM
2024-06-10T14:32:35.000000000Z,32,1,80420,38824.000000000,38824.000000000,38823.000000000,38823.000000000,3,YM
2024-06-10T14:32:37.000000000Z,32,1,80420,38823.000000000,38824.000000000,38823.000000000,38824.000000000,3,YM
2024-06-10T14:32:39.000000000Z,32,1,80420,38823.000000000,38823.000000000,38823.000000000,38823.000000000,1,YM
2024-06-10T14:32:40.000000000Z,32,1,80420,38824.000000000,38824.000000000,38824.000000000,38824.000000000,2,YM
2024-06-10T14:32:42.000000000Z,32,1,80420,38823.000000000,38823.000000000,38823.000000000,38823.000000000,2,YM
2024-06-10T14:32:43.000000000Z,32,1,80420,38823.000000000,38823.000000000,38823.000000000,38823.000000000,3,YM
2024-06-10T14:32:44.000000000Z,32,1,80420,38824.000000000,38825.000000000,38824.000000000,38825.000000000,3,YM
2024-06-10T14:32:45.000000000Z,32,1,80420,38825.000000000,38825.000000000,38825.000000000,38825.000000000,1,YM
2024-06-10T14:32:48.000000000Z,32,1,80420,38824.000000000,38824.000000000,38823.000000000,38824.000000000,5,YM
2024-06-10T14:32:51.000000000Z,32,1,80420,38825.000000000,38825.000000000,38825.000000000,38825.000000000,3,YM
2024-06-10T14:32:52.000000000Z,32,1,80420,38826.000000000,38826.000000000,38825.000000000,38825.000000000,23,YM
2024-06-10T14:32:53.000000000Z,32,1,80420,38827.000000000,38829.000000000,38827.000000000,38829.000000000,4,YM
2024-06-10T14:32:54.000000000Z,32,1,80420,38828.000000000,38828.000000000,38827.000000000,38827.000000000,3,YM
2024-06-10T14:32:56.000000000Z,32,1,80420,38825.000000000,38826.000000000,38825.000000000,38826.000000000,2,YM
2024-06-10T14:32:58.000000000Z,32,1,80420,38825.000000000,38825.000000000,38825.000000000,38825.000000000,1,YM
2024-06-10T14:32:59.000000000Z,32,1,80420,38825.000000000,38825.000000000,38825.000000000,38825.000000000,2,YM
2024-06-10T14:33:00.000000000Z,32,1,80420,38826.000000000,38826.000000000,38825.000000000,38825.000000000,2,YM
2024-06-10T14:33:01.000000000Z,32,1,80420,38825.000000000,38826.000000000,38825.000000000,38826.000000000,6,YM
2024-06-10T14:33:02.000000000Z,32,1,80420,38826.000000000,38826.000000000,38826.000000000,38826.000000000,2,YM
2024-06-10T14:33:07.000000000Z,32,1,80420,38826.000000000,38826.000000000,38826.000000000,38826.000000000,1,YM
2024-06-10T14:33:10.000000000Z,32,1,80420,38829.000000000,38829.000000000,38829.000000000,38829.000000000,1,YM
2024-06-10T14:33:12.000000000Z,32,1,80420,38828.000000000,38828.000000000,38828.000000000,38828.000000000,1,YM
2024-06-10T14:33:14.000000000Z,32,1,80420,38828.000000000,38828.000000000,38828.000000000,38828.000000000,1,YM
2024-06-10T14:33:15.000000000Z,32,1,80420,38828.000000000,38828.000000000,38828.000000000,38828.000000000,4,YM
2024-06-10T14:33:18.000000000Z,32,1,80420,38829.000000000,38831.000000000,38829.000000000,38831.000000000,7,YM
2024-06-10T14:33:19.000000000Z,32,1,80420,38830.000000000,38830.000000000,38830.000000000,38830.000000000,1,YM
2024-06-10T14:33:22.000000000Z,32,1,80420,38830.000000000,38830.000000000,38830.000000000,38830.000000000,4,YM
2024-06-10T14:33:23.000000000Z,32,1,80420,38829.000000000,38829.000000000,38828.000000000,38829.000000000,25,YM
2024-06-10T14:33:25.000000000Z,32,1,80420,38828.000000000,38828.000000000,38828.000000000,38828.000000000,1,YM
2024-06-10T14:33:26.000000000Z,32,1,80420,38828.000000000,38828.000000000,38828.000000000,38828.000000000,2,YM
2024-06-10T14:33:27.000000000Z,32,1,80420,38828.000000000,38829.000000000,38828.000000000,38828.000000000,5,YM
2024-06-10T14:33:28.000000000Z,32,1,80420,38828.000000000,38828.000000000,38828.000000000,38828.000000000,2,YM
2024-06-10T14:33:29.000000000Z,32,1,80420,38828.000000000,38828.000000000,38828.000000000,38828.000000000,2,YM
2024-06-10T14:33:30.000000000Z,32,1,80420,38828.000000000,38828.000000000,38828.000000000,38828.000000000,3,YM
2024-06-10T14:33:31.000000000Z,32,1,80420,38827.000000000,38827.000000000,38825.000000000,38825.000000000,19,YM
2024-06-10T14:33:32.000000000Z,32,1,80420,38824.000000000,38825.000000000,38824.000000000,38825.000000000,4,YM
2024-06-10T14:33:33.000000000Z,32,1,80420,38824.000000000,38824.000000000,38824.000000000,38824.000000000,1,YM
2024-06-10T14:33:34.000000000Z,32,1,80420,38825.000000000,38826.000000000,38825.000000000,38826.000000000,7,YM
2024-06-10T14:33:35.000000000Z,32,1,80420,38826.000000000,38826.000000000,38826.000000000,38826.000000000,2,YM
2024-06-10T14:33:38.000000000Z,32,1,80420,38824.000000000,38824.000000000,38824.000000000,38824.000000000,3,YM
2024-06-10T14:33:39.000000000Z,32,1,80420,38825.000000000,38825.000000000,38825.000000000,38825.000000000,1,YM
2024-06-10T14:33:40.000000000Z,32,1,80420,38826.000000000,38826.000000000,38826.000000000,38826.000000000,1,YM
2024-06-10T14:33:41.000000000Z,32,1,80420,38825.000000000,38825.000000000,38822.000000000,38823.000000000,11,YM
2024-06-10T14:33:42.000000000Z,32,1,80420,38823.000000000,38823.000000000,38823.000000000,38823.000000000,5,YM
2024-06-10T14:33:43.000000000Z,32,1,80420,38822.000000000,38822.000000000,38822.000000000,38822.000000000,2,YM
2024-06-10T14:33:45.000000000Z,32,1,80420,38823.000000000,38823.000000000,38823.000000000,38823.000000000,10,YM
2024-06-10T14:33:46.000000000Z,32,1,80420,38823.000000000,38823.000000000,38823.000000000,38823.000000000,4,YM
2024-06-10T14:33:47.000000000Z,32,1,80420,38823.000000000,38823.000000000,38823.000000000,38823.000000000,1,YM
2024-06-10T14:33:48.000000000Z,32,1,80420,38824.000000000,38825.000000000,38824.000000000,38824.000000000,7,YM
2024-06-10T14:33:49.000000000Z,32,1,80420,38823.000000000,38823.000000000,38823.000000000,38823.000000000,1,YM
2024-06-10T14:33:51.000000000Z,32,1,80420,38823.000000000,38824.000000000,38823.000000000,38824.000000000,8,YM
2024-06-10T14:33:52.000000000Z,32,1,80420,38824.000000000,38825.000000000,38824.000000000,38824.000000000,4,YM
2024-06-10T14:33:53.000000000Z,32,1,80420,38825.000000000,38825.000000000,38825.000000000,38825.000000000,1,YM
2024-06-10T14:33:56.000000000Z,32,1,80420,38823.000000000,38823.000000000,38823.000000000,38823.000000000,3,YM
2024-06-10T14:33:57.000000000Z,32,1,80420,38823.000000000,38824.000000000,38823.000000000,38824.000000000,4,YM
2024-06-10T14:33:59.000000000Z,32,1,80420,38824.000000000,38824.000000000,38824.000000000,38824.000000000,2,YM
2024-06-10T14:34:00.000000000Z,32,1,80420,38825.000000000,38825.000000000,38825.000000000,38825.000000000,1,YM
2024-06-10T14:34:01.000000000Z,32,1,80420,38826.000000000,38827.000000000,38826.000000000,38827.000000000,5,YM
2024-06-10T14:34:02.000000000Z,32,1,80420,38828.000000000,38828.000000000,38828.000000000,38828.000000000,2,YM
2024-06-10T14:34:03.000000000Z,32,1,80420,38828.000000000,38828.000000000,38828.000000000,38828.000000000,2,YM
2024-06-10T14:34:04.000000000Z,32,1,80420,38828.000000000,38828.000000000,38828.000000000,38828.000000000,5,YM
2024-06-10T14:34:06.000000000Z,32,1,80420,38827.000000000,38827.000000000,38825.000000000,38826.000000000,15,YM
2024-06-10T14:34:07.000000000Z,32,1,80420,38826.000000000,38827.000000000,38826.000000000,38827.000000000,4,YM
2024-06-10T14:34:09.000000000Z,32,1,80420,38828.000000000,38828.000000000,38828.000000000,38828.000000000,2,YM
2024-06-10T14:34:12.000000000Z,32,1,80420,38830.000000000,38830.000000000,38829.000000000,38829.000000000,6,YM
2024-06-10T14:34:13.000000000Z,32,1,80420,38829.000000000,38829.000000000,38829.000000000,38829.000000000,3,YM
2024-06-10T14:34:14.000000000Z,32,1,80420,38829.000000000,38829.000000000,38829.000000000,38829.000000000,1,YM
2024-06-10T14:34:15.000000000Z,32,1,80420,38829.000000000,38830.000000000,38828.000000000,38830.000000000,5,YM
2024-06-10T14:34:16.000000000Z,32,1,80420,38830.000000000,38832.000000000,38830.000000000,38832.000000000,11,YM
2024-06-10T14:34:17.000000000Z,32,1,80420,38831.000000000,38832.000000000,38831.000000000,38832.000000000,2,YM
2024-06-10T14:34:18.000000000Z,32,1,80420,38831.000000000,38831.000000000,38831.000000000,38831.000000000,1,YM
2024-06-10T14:34:19.000000000Z,32,1,80420,38831.000000000,38831.000000000,38830.000000000,38830.000000000,8,YM
2024-06-10T14:34:20.000000000Z,32,1,80420,38831.000000000,38832.000000000,38830.000000000,38832.000000000,11,YM
2024-06-10T14:34:21.000000000Z,32,1,80420,38832.000000000,38833.000000000,38832.000000000,38833.000000000,8,YM
2024-06-10T14:34:22.000000000Z,32,1,80420,38834.000000000,38835.000000000,38834.000000000,38835.000000000,9,YM
2024-06-10T14:34:23.000000000Z,32,1,80420,38835.000000000,38835.000000000,38833.000000000,38833.000000000,5,YM
2024-06-10T14:34:24.000000000Z,32,1,80420,38834.000000000,38835.000000000,38834.000000000,38835.000000000,3,YM
2024-06-10T14:34:25.000000000Z,32,1,80420,38833.000000000,38833.000000000,38833.000000000,38833.000000000,1,YM
2024-06-10T14:34:26.000000000Z,32,1,80420,38833.000000000,38833.000000000,38833.000000000,38833.000000000,2,YM
2024-06-10T14:34:27.000000000Z,32,1,80420,38833.000000000,38833.000000000,38833.000000000,38833.000000000,1,YM
2024-06-10T14:34:28.000000000Z,32,1,80420,38834.000000000,38834.000000000,38833.000000000,38833.000000000,4,YM
2024-06-10T14:34:29.000000000Z,32,1,80420,38834.000000000,38835.000000000,38834.000000000,38835.000000000,2,YM
2024-06-10T14:34:30.000000000Z,32,1,80420,38835.000000000,38837.000000000,38835.000000000,38837.000000000,7,YM
2024-06-10T14:34:31.000000000Z,32,1,80420,38836.000000000,38837.000000000,38836.000000000,38837.000000000,5,YM
2024-06-10T14:34:32.000000000Z,32,1,80420,38835.000000000,38835.000000000,38835.000000000,38835.000000000,3,YM
2024-06-10T14:34:33.000000000Z,32,1,80420,38834.000000000,38834.000000000,38834.000000000,38834.000000000,1,YM
2024-06-10T14:34:34.000000000Z,32,1,80420,38834.000000000,38834.000000000,38834.000000000,38834.000000000,3,YM
2024-06-10T14:34:35.000000000Z,32,1,80420,38833.000000000,38834.000000000,38833.000000000,38834.000000000,2,YM
2024-06-10T14:34:36.000000000Z,32,1,80420,38834.000000000,38835.000000000,38834.000000000,38835.000000000,6,YM
2024-06-10T14:34:37.000000000Z,32,1,80420,38834.000000000,38834.000000000,38834.000000000,38834.000000000,4,YM
2024-06-10T14:34:38.000000000Z,32,1,80420,38835.000000000,38835.000000000,38835.000000000,38835.000000000,1,YM
2024-06-10T14:34:39.000000000Z,32,1,80420,38836.000000000,38836.000000000,38836.000000000,38836.000000000,3,YM
2024-06-10T14:34:40.000000000Z,32,1,80420,38837.000000000,38838.000000000,38837.000000000,38838.000000000,14,YM
2024-06-10T14:34:42.000000000Z,32,1,80420,38839.000000000,38840.000000000,38838.000000000,38838.000000000,17,YM
2024-06-10T14:34:43.000000000Z,32,1,80420,38838.000000000,38838.000000000,38837.000000000,38837.000000000,4,YM
2024-06-10T14:34:44.000000000Z,32,1,80420,38835.000000000,38835.000000000,38834.000000000,38834.000000000,4,YM
2024-06-10T14:34:45.000000000Z,32,1,80420,38834.000000000,38834.000000000,38833.000000000,38834.000000000,5,YM
2024-06-10T14:34:46.000000000Z,32,1,80420,38834.000000000,38835.000000000,38834.000000000,38835.000000000,3,YM
2024-06-10T14:34:47.000000000Z,32,1,80420,38836.000000000,38836.000000000,38836.000000000,38836.000000000,4,YM
2024-06-10T14:34:48.000000000Z,32,1,80420,38836.000000000,38836.000000000,38836.000000000,38836.000000000,1,YM
2024-06-10T14:34:49.000000000Z,32,1,80420,38838.000000000,38838.000000000,38838.000000000,38838.000000000,1,YM
2024-06-10T14:34:50.000000000Z,32,1,80420,38839.000000000,38839.000000000,38839.000000000,38839.000000000,8,YM
2024-06-10T14:34:51.000000000Z,32,1,80420,38838.000000000,38838.000000000,38838.000000000,38838.000000000,1,YM
2024-06-10T14:34:52.000000000Z,32,1,80420,38838.000000000,38838.000000000,38838.000000000,38838.000000000,2,YM
2024-06-10T14:34:53.000000000Z,32,1,80420,38838.000000000,38838.000000000,38838.000000000,38838.000000000,2,YM
2024-06-10T14:34:54.000000000Z,32,1,80420,38838.000000000,38838.000000000,38837.000000000,38837.000000000,3,YM
2024-06-10T14:34:55.000000000Z,32,1,80420,38838.000000000,38838.000000000,38838.000000000,38838.000000000,2,YM
2024-06-10T14:34:58.000000000Z,32,1,80420,38837.000000000,38837.000000000,38836.000000000,38836.000000000,12,YM
2024-06-10T14:34:59.000000000Z,32,1,80420,38835.000000000,38836.000000000,38833.000000000,38833.000000000,7,YM
2024-06-10T14:35:00.000000000Z,32,1,80420,38832.000000000,38836.000000000,38832.000000000,38836.000000000,27,YM
2024-06-10T14:35:01.000000000Z,32,1,80420,38833.000000000,38833.000000000,38832.000000000,38832.000000000,3,YM
2024-06-10T14:35:02.000000000Z,32,1,80420,38832.000000000,38833.000000000,38832.000000000,38833.000000000,4,YM
2024-06-10T14:35:04.000000000Z,32,1,80420,38834.000000000,38834.000000000,38834.000000000,38834.000000000,6,YM
2024-06-10T14:35:05.000000000Z,32,1,80420,38834.000000000,38834.000000000,38834.000000000,38834.000000000,4,YM
2024-06-10T14:35:07.000000000Z,32,1,80420,38835.000000000,38835.000000000,38835.000000000,38835.000000000,1,YM
2024-06-10T14:35:08.000000000Z,32,1,80420,38835.000000000,38835.000000000,38835.000000000,38835.000000000,1,YM
2024-06-10T14:35:09.000000000Z,32,1,80420,38834.000000000,38834.000000000,38833.000000000,38833.000000000,2,YM
2024-06-10T14:35:10.000000000Z,32,1,80420,38834.000000000,38834.000000000,38834.000000000,38834.000000000,2,YM
2024-06-10T14:35:12.000000000Z,32,1,80420,38835.000000000,38835.000000000,38834.000000000,38834.000000000,2,YM
2024-06-10T14:35:14.000000000Z,32,1,80420,38834.000000000,38834.000000000,38834.000000000,38834.000000000,1,YM
2024-06-10T14:35:16.000000000Z,32,1,80420,38834.000000000,38834.000000000,38834.000000000,38834.000000000,1,YM
2024-06-10T14:35:17.000000000Z,32,1,80420,38833.000000000,38833.000000000,38833.000000000,38833.000000000,5,YM
2024-06-10T14:35:18.000000000Z,32,1,80420,38835.000000000,38835.000000000,38835.000000000,38835.000000000,1,YM
2024-06-10T14:35:20.000000000Z,32,1,80420,38834.000000000,38834.000000000,38831.000000000,38832.000000000,10,YM
2024-06-10T14:35:21.000000000Z,32,1,80420,38830.000000000,38830.000000000,38830.000000000,38830.000000000,1,YM
2024-06-10T14:35:22.000000000Z,32,1,80420,38830.000000000,38830.000000000,38827.000000000,38827.000000000,5,YM
2024-06-10T14:35:23.000000000Z,32,1,80420,38828.000000000,38828.000000000,38828.000000000,38828.000000000,1,YM
2024-06-10T14:35:24.000000000Z,32,1,80420,38826.000000000,38826.000000000,38826.000000000,38826.000000000,2,YM
2024-06-10T14:35:26.000000000Z,32,1,80420,38825.000000000,38825.000000000,38820.000000000,38820.000000000,19,YM
2024-06-10T14:35:27.000000000Z,32,1,80420,38821.000000000,38822.000000000,38821.000000000,38822.000000000,6,YM
2024-06-10T14:35:28.000000000Z,32,1,80420,38823.000000000,38827.000000000,38823.000000000,38827.000000000,7,YM
2024-06-10T14:35:30.000000000Z,32,1,80420,38826.000000000,38826.000000000,38826.000000000,38826.000000000,1,YM
2024-06-10T14:35:31.000000000Z,32,1,80420,38827.000000000,38827.000000000,38827.000000000,38827.000000000,1,YM
2024-06-10T14:35:32.000000000Z,32,1,80420,38825.000000000,38825.000000000,38825.000000000,38825.000000000,1,YM
2024-06-10T14:35:33.000000000Z,32,1,80420,38826.000000000,38826.000000000,38826.000000000,38826.000000000,1,YM
2024-06-10T14:35:37.000000000Z,32,1,80420,38828.000000000,38829.000000000,38828.000000000,38829.000000000,5,YM
2024-06-10T14:35:38.000000000Z,32,1,80420,38828.000000000,38828.000000000,38828.000000000,38828.000000000,1,YM
2024-06-10T14:35:40.000000000Z,32,1,80420,38829.000000000,38830.000000000,38829.000000000,38830.000000000,4,YM
2024-06-10T14:35:41.000000000Z,32,1,80420,38830.000000000,38830.000000000,38830.000000000,38830.000000000,2,YM
2024-06-10T14:35:42.000000000Z,32,1,80420,38831.000000000,38832.000000000,38831.000000000,38832.000000000,21,YM
2024-06-10T14:35:44.000000000Z,32,1,80420,38830.000000000,38830.000000000,38830.000000000,38830.000000000,1,YM
2024-06-10T14:35:45.000000000Z,32,1,80420,38830.000000000,38830.000000000,38830.000000000,38830.000000000,2,YM
2024-06-10T14:35:48.000000000Z,32,1,80420,38829.000000000,38829.000000000,38829.000000000,38829.000000000,2,YM
2024-06-10T14:35:49.000000000Z,32,1,80420,38828.000000000,38828.000000000,38828.000000000,38828.000000000,3,YM
2024-06-10T14:35:53.000000000Z,32,1,80420,38829.000000000,38829.000000000,38828.000000000,38828.000000000,13,YM
2024-06-10T14:35:54.000000000Z,32,1,80420,38829.000000000,38829.000000000,38829.000000000,38829.000000000,1,YM
2024-06-10T14:35:56.000000000Z,32,1,80420,38827.000000000,38827.000000000,38827.000000000,38827.000000000,2,YM
2024-06-10T14:35:57.000000000Z,32,1,80420,38825.000000000,38825.000000000,38825.000000000,38825.000000000,3,YM
2024-06-10T14:36:01.000000000Z,32,1,80420,38824.000000000,38824.000000000,38823.000000000,38824.000000000,7,YM
2024-06-10T14:36:02.000000000Z,32,1,80420,38823.000000000,38823.000000000,38823.000000000,38823.000000000,1,YM
2024-06-10T14:36:04.000000000Z,32,1,80420,38822.000000000,38822.000000000,38822.000000000,38822.000000000,4,YM
2024-06-10T14:36:05.000000000Z,32,1,80420,38822.000000000,38822.000000000,38822.000000000,38822.000000000,4,YM
2024-06-10T14:36:07.000000000Z,32,1,80420,38824.000000000,38825.000000000,38824.000000000,38825.000000000,3,YM
2024-06-10T14:36:08.000000000Z,32,1,80420,38826.000000000,38826.000000000,38826.000000000,38826.000000000,1,YM
2024-06-10T14:36:09.000000000Z,32,1,80420,38827.000000000,38827.000000000,38827.000000000,38827.000000000,2,YM
2024-06-10T14:36:10.000000000Z,32,1,80420,38827.000000000,38828.000000000,38827.000000000,38828.000000000,2,YM
2024-06-10T14:36:11.000000000Z,32,1,80420,38827.000000000,38828.000000000,38827.000000000,38828.000000000,6,YM
2024-06-10T14:36:12.000000000Z,32,1,80420,38826.000000000,38826.000000000,38826.000000000,38826.000000000,1,YM
2024-06-10T14:36:13.000000000Z,32,1,80420,38824.000000000,38824.000000000,38824.000000000,38824.000000000,1,YM
2024-06-10T14:36:14.000000000Z,32,1,80420,38822.000000000,38822.000000000,38821.000000000,38821.000000000,2,YM
2024-06-10T14:36:15.000000000Z,32,1,80420,38820.000000000,38821.000000000,38820.000000000,38821.000000000,6,YM
2024-06-10T14:36:17.000000000Z,32,1,80420,38822.000000000,38822.000000000,38822.000000000,38822.000000000,4,YM
2024-06-10T14:36:18.000000000Z,32,1,80420,38820.000000000,38820.000000000,38820.000000000,38820.000000000,2,YM
2024-06-10T14:36:19.000000000Z,32,1,80420,38819.000000000,38819.000000000,38819.000000000,38819.000000000,7,YM
2024-06-10T14:36:20.000000000Z,32,1,80420,38820.000000000,38820.000000000,38820.000000000,38820.000000000,3,YM
2024-06-10T14:36:22.000000000Z,32,1,80420,38819.000000000,38821.000000000,38819.000000000,38821.000000000,5,YM
2024-06-10T14:36:24.000000000Z,32,1,80420,38822.000000000,38822.000000000,38822.000000000,38822.000000000,4,YM
2024-06-10T14:36:25.000000000Z,32,1,80420,38821.000000000,38821.000000000,38821.000000000,38821.000000000,3,YM
2024-06-10T14:36:26.000000000Z,32,1,80420,38821.000000000,38821.000000000,38820.000000000,38820.000000000,3,YM
2024-06-10T14:36:27.000000000Z,32,1,80420,38820.000000000,38820.000000000,38820.000000000,38820.000000000,1,YM
2024-06-10T14:36:28.000000000Z,32,1,80420,38819.000000000,38819.000000000,38819.000000000,38819.000000000,1,YM
2024-06-10T14:36:29.000000000Z,32,1,80420,38818.000000000,38818.000000000,38818.000000000,38818.000000000,3,YM
2024-06-10T14:36:30.000000000Z,32,1,80420,38819.000000000,38819.000000000,38819.000000000,38819.000000000,2,YM
2024-06-10T14:36:31.000000000Z,32,1,80420,38818.000000000,38818.000000000,38818.000000000,38818.000000000,1,YM
2024-06-10T14:36:32.000000000Z,32,1,80420,38819.000000000,38819.000000000,38819.000000000,38819.000000000,2,YM
2024-06-10T14:36:34.000000000Z,32,1,80420,38819.000000000,38819.000000000,38819.000000000,38819.000000000,1,YM
2024-06-10T14:36:35.000000000Z,32,1,80420,38819.000000000,38819.000000000,38818.000000000,38818.000000000,3,YM
2024-06-10T14:36:36.000000000Z,32,1,80420,38817.000000000,38817.000000000,38817.000000000,38817.000000000,12,YM
2024-06-10T14:36:37.000000000Z,32,1,80420,38817.000000000,38817.000000000,38817.000000000,38817.000000000,2,YM
2024-06-10T14:36:40.000000000Z,32,1,80420,38817.000000000,38817.000000000,38817.000000000,38817.000000000,2,YM
2024-06-10T14:36:41.000000000Z,32,1,80420,38818.000000000,38820.000000000,38818.000000000,38820.000000000,5,YM
2024-06-10T14:36:42.000000000Z,32,1,80420,38822.000000000,38823.000000000,38822.000000000,38823.000000000,4,YM
2024-06-10T14:36:43.000000000Z,32,1,80420,38822.000000000,38822.000000000,38822.000000000,38822.000000000,1,YM
2024-06-10T14:36:44.000000000Z,32,1,80420,38822.000000000,38822.000000000,38822.000000000,38822.000000000,2,YM
2024-06-10T14:36:45.000000000Z,32,1,80420,38822.000000000,38822.000000000,38822.000000000,38822.000000000,2,YM
2024-06-10T14:36:47.000000000Z,32,1,80420,38824.000000000,38825.000000000,38824.000000000,38825.000000000,6,YM
2024-06-10T14:36:48.000000000Z,32,1,80420,38827.000000000,38827.000000000,38827.000000000,38827.000000000,4,YM
2024-06-10T14:36:49.000000000Z,32,1,80420,38827.000000000,38827.000000000,38827.000000000,38827.000000000,2,YM
2024-06-10T14:36:50.000000000Z,32,1,80420,38827.000000000,38827.000000000,38827.000000000,38827.000000000,1,YM
2024-06-10T14:36:52.000000000Z,32,1,80420,38826.000000000,38826.000000000,38826.000000000,38826.000000000,1,YM
2024-06-10T14:36:53.000000000Z,32,1,80420,38827.000000000,38829.000000000,38827.000000000,38829.000000000,6,YM
2024-06-10T14:36:54.000000000Z,32,1,80420,38829.000000000,38829.000000000,38829.000000000,38829.000000000,4,YM
2024-06-10T14:36:55.000000000Z,32,1,80420,38828.000000000,38828.000000000,38826.000000000,38826.000000000,9,YM
2024-06-10T14:36:56.000000000Z,32,1,80420,38825.000000000,38825.000000000,38825.000000000,38825.000000000,1,YM
2024-06-10T14:36:57.000000000Z,32,1,80420,38826.000000000,38826.000000000,38826.000000000,38826.000000000,1,YM
2024-06-10T14:36:58.000000000Z,32,1,80420,38826.000000000,38826.000000000,38826.000000000,38826.000000000,1,YM
2024-06-10T14:36:59.000000000Z,32,1,80420,38826.000000000,38826.000000000,38826.000000000,38826.000000000,9,YM
2024-06-10T14:37:00.000000000Z,32,1,80420,38827.000000000,38828.000000000,38827.000000000,38828.000000000,7,YM
2024-06-10T14:37:01.000000000Z,32,1,80420,38828.000000000,38828.000000000,38828.000000000,38828.000000000,1,YM
2024-06-10T14:37:02.000000000Z,32,1,80420,38827.000000000,38827.000000000,38827.000000000,38827.000000000,3,YM
2024-06-10T14:37:03.000000000Z,32,1,80420,38827.000000000,38828.000000000,38826.000000000,38826.000000000,5,YM
2024-06-10T14:37:04.000000000Z,32,1,80420,38827.000000000,38827.000000000,38826.000000000,38826.000000000,5,YM
2024-06-10T14:37:05.000000000Z,32,1,80420,38825.000000000,38826.000000000,38825.000000000,38826.000000000,16,YM
2024-06-10T14:37:06.000000000Z,32,1,80420,38826.000000000,38826.000000000,38826.000000000,38826.000000000,2,YM
2024-06-10T14:37:07.000000000Z,32,1,80420,38825.000000000,38825.000000000,38825.000000000,38825.000000000,1,YM
2024-06-10T14:37:08.000000000Z,32,1,80420,38825.000000000,38825.000000000,38825.000000000,38825.000000000,3,YM
2024-06-10T14:37:10.000000000Z,32,1,80420,38826.000000000,38826.000000000,38826.000000000,38826.000000000,4,YM
2024-06-10T14:37:11.000000000Z,32,1,80420,38826.000000000,38826.000000000,38826.000000000,38826.000000000,1,YM
2024-06-10T14:37:12.000000000Z,32,1,80420,38825.000000000,38826.000000000,38825.000000000,38826.000000000,6,YM
2024-06-10T14:37:13.000000000Z,32,1,80420,38825.000000000,38825.000000000,38825.000000000,38825.000000000,2,YM
2024-06-10T14:37:14.000000000Z,32,1,80420,38824.000000000,38824.000000000,38824.000000000,38824.000000000,1,YM
2024-06-10T14:37:16.000000000Z,32,1,80420,38823.000000000,38823.000000000,38822.000000000,38823.000000000,3,YM
2024-06-10T14:37:17.000000000Z,32,1,80420,38822.000000000,38822.000000000,38822.000000000,38822.000000000,2,YM
2024-06-10T14:37:18.000000000Z,32,1,80420,38822.000000000,38822.000000000,38822.000000000,38822.000000000,1,YM
2024-06-10T14:37:20.000000000Z,32,1,80420,38822.000000000,38822.000000000,38822.000000000,38822.000000000,1,YM
2024-06-10T14:37:21.000000000Z,32,1,80420,38823.000000000,38823.000000000,38823.000000000,38823.000000000,3,YM
2024-06-10T14:37:22.000000000Z,32,1,80420,38823.000000000,38824.000000000,38823.000000000,38824.000000000,6,YM
2024-06-10T14:37:23.000000000Z,32,1,80420,38822.000000000,38822.000000000,38822.000000000,38822.000000000,2,YM
2024-06-10T14:37:24.000000000Z,32,1,80420,38823.000000000,38823.000000000,38823.000000000,38823.000000000,6,YM
2024-06-10T14:37:25.000000000Z,32,1,80420,38823.000000000,38824.000000000,38823.000000000,38823.000000000,11,YM
2024-06-10T14:37:26.000000000Z,32,1,80420,38823.000000000,38823.000000000,38823.000000000,38823.000000000,1,YM
2024-06-10T14:37:28.000000000Z,32,1,80420,38824.000000000,38824.000000000,38824.000000000,38824.000000000,3,YM
2024-06-10T14:37:29.000000000Z,32,1,80420,38823.000000000,38823.000000000,38823.000000000,38823.000000000,1,YM
2024-06-10T14:37:30.000000000Z,32,1,80420,38822.000000000,38822.000000000,38822.000000000,38822.000000000,1,YM
2024-06-10T14:37:31.000000000Z,32,1,80420,38821.000000000,38821.000000000,38821.000000000,38821.000000000,2,YM
2024-06-10T14:37:37.000000000Z,32,1,80420,38820.000000000,38820.000000000,38820.000000000,38820.000000000,4,YM
2024-06-10T14:37:38.000000000Z,32,1,80420,38819.000000000,38819.000000000,38819.000000000,38819.000000000,3,YM
2024-06-10T14:37:39.000000000Z,32,1,80420,38819.000000000,38819.000000000,38819.000000000,38819.000000000,3,YM
2024-06-10T14:37:40.000000000Z,32,1,80420,38818.000000000,38818.000000000,38813.000000000,38813.000000000,27,YM
2024-06-10T14:37:41.000000000Z,32,1,80420,38814.000000000,38814.000000000,38814.000000000,38814.000000000,3,YM
2024-06-10T14:37:42.000000000Z,32,1,80420,38813.000000000,38813.000000000,38813.000000000,38813.000000000,3,YM
2024-06-10T14:37:43.000000000Z,32,1,80420,38814.000000000,38814.000000000,38813.000000000,38813.000000000,14,YM
2024-06-10T14:37:45.000000000Z,32,1,80420,38815.000000000,38815.000000000,38815.000000000,38815.000000000,2,YM
2024-06-10T14:37:46.000000000Z,32,1,80420,38815.000000000,38815.000000000,38815.000000000,38815.000000000,1,YM
2024-06-10T14:37:47.000000000Z,32,1,80420,38814.000000000,38814.000000000,38814.000000000,38814.000000000,1,YM
2024-06-10T14:37:48.000000000Z,32,1,80420,38815.000000000,38815.000000000,38815.000000000,38815.000000000,2,YM
2024-06-10T14:37:49.000000000Z,32,1,80420,38816.000000000,38816.000000000,38816.000000000,38816.000000000,2,YM
2024-06-10T14:37:50.000000000Z,32,1,80420,38815.000000000,38815.000000000,38814.000000000,38814.000000000,3,YM
2024-06-10T14:37:51.000000000Z,32,1,80420,38813.000000000,38813.000000000,38810.000000000,38810.000000000,9,YM
2024-06-10T14:37:52.000000000Z,32,1,80420,38810.000000000,38812.000000000,38810.000000000,38811.000000000,16,YM
2024-06-10T14:37:53.000000000Z,32,1,80420,38811.000000000,38811.000000000,38810.000000000,38810.000000000,2,YM
2024-06-10T14:37:54.000000000Z,32,1,80420,38812.000000000,38812.000000000,38810.000000000,38810.000000000,3,YM
2024-06-10T14:37:55.000000000Z,32,1,80420,38809.000000000,38809.000000000,38808.000000000,38808.000000000,14,YM
2024-06-10T14:37:56.000000000Z,32,1,80420,38807.000000000,38807.000000000,38806.000000000,38806.000000000,11,YM
2024-06-10T14:37:57.000000000Z,32,1,80420,38807.000000000,38807.000000000,38805.000000000,38805.000000000,5,YM
2024-06-10T14:37:58.000000000Z,32,1,80420,38806.000000000,38806.000000000,38806.000000000,38806.000000000,1,YM
2024-06-10T14:37:59.000000000Z,32,1,80420,38805.000000000,38806.000000000,38805.000000000,38805.000000000,5,YM
2024-06-10T14:38:01.000000000Z,32,1,80420,38806.000000000,38806.000000000,38806.000000000,38806.000000000,3,YM
2024-06-10T14:38:02.000000000Z,32,1,80420,38806.000000000,38808.000000000,38806.000000000,38808.000000000,4,YM
2024-06-10T14:38:03.000000000Z,32,1,80420,38807.000000000,38807.000000000,38807.000000000,38807.000000000,3,YM
2024-06-10T14:38:04.000000000Z,32,1,80420,38808.000000000,38808.000000000,38808.000000000,38808.000000000,1,YM
2024-06-10T14:38:05.000000000Z,32,1,80420,38806.000000000,38807.000000000,38806.000000000,38807.000000000,5,YM
2024-06-10T14:38:06.000000000Z,32,1,80420,38805.000000000,38805.000000000,38803.000000000,38803.000000000,13,YM
2024-06-10T14:38:08.000000000Z,32,1,80420,38803.000000000,38803.000000000,38803.000000000,38803.000000000,6,YM
2024-06-10T14:38:09.000000000Z,32,1,80420,38803.000000000,38803.000000000,38802.000000000,38802.000000000,7,YM
2024-06-10T14:38:10.000000000Z,32,1,80420,38801.000000000,38801.000000000,38800.000000000,38800.000000000,6,YM
2024-06-10T14:38:11.000000000Z,32,1,80420,38801.000000000,38801.000000000,38801.000000000,38801.000000000,1,YM
2024-06-10T14:38:12.000000000Z,32,1,80420,38800.000000000,38801.000000000,38800.000000000,38801.000000000,21,YM
2024-06-10T14:38:13.000000000Z,32,1,80420,38800.000000000,38801.000000000,38800.000000000,38801.000000000,6,YM
2024-06-10T14:38:14.000000000Z,32,1,80420,38800.000000000,38800.000000000,38800.000000000,38800.000000000,1,YM
2024-06-10T14:38:16.000000000Z,32,1,80420,38800.000000000,38800.000000000,38798.000000000,38798.000000000,6,YM
2024-06-10T14:38:17.000000000Z,32,1,80420,38799.000000000,38799.000000000,38799.000000000,38799.000000000,3,YM
2024-06-10T14:38:18.000000000Z,32,1,80420,38800.000000000,38800.000000000,38800.000000000,38800.000000000,3,YM
2024-06-10T14:38:19.000000000Z,32,1,80420,38799.000000000,38799.000000000,38799.000000000,38799.000000000,1,YM
2024-06-10T14:38:21.000000000Z,32,1,80420,38800.000000000,38800.000000000,38798.000000000,38798.000000000,5,YM
2024-06-10T14:38:22.000000000Z,32,1,80420,38799.000000000,38799.000000000,38799.000000000,38799.000000000,1,YM
2024-06-10T14:38:23.000000000Z,32,1,80420,38798.000000000,38799.000000000,38797.000000000,38798.000000000,7,YM
2024-06-10T14:38:24.000000000Z,32,1,80420,38799.000000000,38800.000000000,38799.000000000,38799.000000000,4,YM
2024-06-10T14:38:25.000000000Z,32,1,80420,38798.000000000,38799.000000000,38798.000000000,38799.000000000,3,YM
2024-06-10T14:38:26.000000000Z,32,1,80420,38800.000000000,38800.000000000,38800.000000000,38800.000000000,1,YM
2024-06-10T14:38:30.000000000Z,32,1,80420,38799.000000000,38799.000000000,38798.000000000,38798.000000000,7,YM
2024-06-10T14:38:31.000000000Z,32,1,80420,38798.000000000,38798.000000000,38798.000000000,38798.000000000,3,YM
2024-06-10T14:38:32.000000000Z,32,1,80420,38797.000000000,38797.000000000,38797.000000000,38797.000000000,6,YM
2024-06-10T14:38:33.000000000Z,32,1,80420,38797.000000000,38798.000000000,38797.000000000,38798.000000000,2,YM
2024-06-10T14:38:35.000000000Z,32,1,80420,38799.000000000,38800.000000000,38799.000000000,38800.000000000,3,YM
2024-06-10T14:38:37.000000000Z,32,1,80420,38801.000000000,38802.000000000,38801.000000000,38802.000000000,11,YM
2024-06-10T14:38:38.000000000Z,32,1,80420,38801.000000000,38803.000000000,38800.000000000,38803.000000000,16,YM
2024-06-10T14:38:39.000000000Z,32,1,80420,38802.000000000,38802.000000000,38801.000000000,38801.000000000,2,YM
2024-06-10T14:38:40.000000000Z,32,1,80420,38800.000000000,38800.000000000,38800.000000000,38800.000000000,1,YM
2024-06-10T14:38:41.000000000Z,32,1,80420,38800.000000000,38800.000000000,38800.000000000,38800.000000000,1,YM
2024-06-10T14:38:43.000000000Z,32,1,80420,38800.000000000,38800.000000000,38800.000000000,38800.000000000,1,YM
2024-06-10T14:38:44.000000000Z,32,1,80420,38801.000000000,38801.000000000,38801.000000000,38801.000000000,2,YM
2024-06-10T14:38:45.000000000Z,32,1,80420,38801.000000000,38801.000000000,38801.000000000,38801.000000000,1,YM
2024-06-10T14:38:46.000000000Z,32,1,80420,38800.000000000,38800.000000000,38800.000000000,38800.000000000,5,YM
2024-06-10T14:38:48.000000000Z,32,1,80420,38799.000000000,38799.000000000,38799.000000000,38799.000000000,2,YM
2024-06-10T14:38:52.000000000Z,32,1,80420,38800.000000000,38801.000000000,38800.000000000,38801.000000000,5,YM
2024-06-10T14:38:54.000000000Z,32,1,80420,38800.000000000,38800.000000000,38800.000000000,38800.000000000,2,YM
2024-06-10T14:38:55.000000000Z,32,1,80420,38800.000000000,38800.000000000,38800.000000000,38800.000000000,4,YM
2024-06-10T14:38:56.000000000Z,32,1,80420,38800.000000000,38800.000000000,38800.000000000,38800.000000000,1,YM
2024-06-10T14:38:57.000000000Z,32,1,80420,38800.000000000,38800.000000000,38799.000000000,38799.000000000,6,YM
2024-06-10T14:38:59.000000000Z,32,1,80420,38798.000000000,38798.000000000,38798.000000000,38798.000000000,2,YM
2024-06-10T14:39:00.000000000Z,32,1,80420,38797.000000000,38798.000000000,38797.000000000,38798.000000000,5,YM
2024-06-10T14:39:01.000000000Z,32,1,80420,38798.000000000,38799.000000000,38798.000000000,38799.000000000,2,YM
2024-06-10T14:39:02.000000000Z,32,1,80420,38799.000000000,38799.000000000,38799.000000000,38799.000000000,2,YM
2024-06-10T14:39:03.000000000Z,32,1,80420,38799.000000000,38799.000000000,38799.000000000,38799.000000000,2,YM
2024-06-10T14:39:07.000000000Z,32,1,80420,38799.000000000,38799.000000000,38799.000000000,38799.000000000,1,YM
2024-06-10T14:39:10.000000000Z,32,1,80420,38799.000000000,38799.000000000,38799.000000000,38799.000000000,1,YM
2024-06-10T14:39:11.000000000Z,32,1,80420,38799.000000000,38799.000000000,38799.000000000,38799.000000000,1,YM
2024-06-10T14:39:12.000000000Z,32,1,80420,38799.000000000,38799.000000000,38799.000000000,38799.000000000,1,YM
2024-06-10T14:39:13.000000000Z,32,1,80420,38799.000000000,38799.000000000,38799.000000000,38799.000000000,4,YM
2024-06-10T14:39:14.000000000Z,32,1,80420,38798.000000000,38798.000000000,38798.000000000,38798.000000000,9,YM
2024-06-10T14:39:15.000000000Z,32,1,80420,38798.000000000,38798.000000000,38797.000000000,38798.000000000,6,YM
2024-06-10T14:39:16.000000000Z,32,1,80420,38799.000000000,38800.000000000,38799.000000000,38800.000000000,7,YM
2024-06-10T14:39:18.000000000Z,32,1,80420,38798.000000000,38798.000000000,38798.000000000,38798.000000000,1,YM
2024-06-10T14:39:20.000000000Z,32,1,80420,38799.000000000,38799.000000000,38799.000000000,38799.000000000,1,YM
2024-06-10T14:39:21.000000000Z,32,1,80420,38800.000000000,38801.000000000,38800.000000000,38801.000000000,3,YM
2024-06-10T14:39:22.000000000Z,32,1,80420,38800.000000000,38800.000000000,38800.000000000,38800.000000000,1,YM
2024-06-10T14:39:23.000000000Z,32,1,80420,38800.000000000,38800.000000000,38800.000000000,38800.000000000,1,YM
2024-06-10T14:39:26.000000000Z,32,1,80420,38801.000000000,38801.000000000,38801.000000000,38801.000000000,5,YM
2024-06-10T14:39:28.000000000Z,32,1,80420,38800.000000000,38800.000000000,38799.000000000,38799.000000000,3,YM
2024-06-10T14:39:29.000000000Z,32,1,80420,38798.000000000,38798.000000000,38798.000000000,38798.000000000,4,YM
2024-06-10T14:39:30.000000000Z,32,1,80420,38798.000000000,38798.000000000,38798.000000000,38798.000000000,1,YM
2024-06-10T14:39:31.000000000Z,32,1,80420,38797.000000000,38797.000000000,38797.000000000,38797.000000000,1,YM
2024-06-10T14:39:33.000000000Z,32,1,80420,38796.000000000,38796.000000000,38796.000000000,38796.000000000,4,YM
2024-06-10T14:39:34.000000000Z,32,1,80420,38796.000000000,38797.000000000,38796.000000000,38797.000000000,12,YM
2024-06-10T14:39:36.000000000Z,32,1,80420,38797.000000000,38797.000000000,38797.000000000,38797.000000000,1,YM
2024-06-10T14:39:37.000000000Z,32,1,80420,38797.000000000,38797.000000000,38797.000000000,38797.000000000,1,YM
2024-06-10T14:39:38.000000000Z,32,1,80420,38798.000000000,38798.000000000,38798.000000000,38798.000000000,1,YM
2024-06-10T14:39:40.000000000Z,32,1,80420,38799.000000000,38799.000000000,38797.000000000,38799.000000000,15,YM
2024-06-10T14:39:41.000000000Z,32,1,80420,38800.000000000,38800.000000000,38800.000000000,38800.000000000,1,YM
2024-06-10T14:39:44.000000000Z,32,1,80420,38798.000000000,38798.000000000,38796.000000000,38796.000000000,13,YM
2024-06-10T14:39:46.000000000Z,32,1,80420,38795.000000000,38796.000000000,38795.000000000,38795.000000000,7,YM
2024-06-10T14:39:47.000000000Z,32,1,80420,38795.000000000,38795.000000000,38794.000000000,38794.000000000,8,YM
2024-06-10T14:39:48.000000000Z,32,1,80420,38794.000000000,38795.000000000,38794.000000000,38795.000000000,9,YM
2024-06-10T14:39:50.000000000Z,32,1,80420,38795.000000000,38796.000000000,38795.000000000,38796.000000000,4,YM
2024-06-10T14:39:51.000000000Z,32,1,80420,38796.000000000,38796.000000000,38796.000000000,38796.000000000,1,YM
2024-06-10T14:39:54.000000000Z,32,1,80420,38796.000000000,38796.000000000,38796.000000000,38796.000000000,2,YM
2024-06-10T14:39:57.000000000Z,32,1,80420,38796.000000000,38796.000000000,38796.000000000,38796.000000000,6,YM
2024-06-10T14:39:59.000000000Z,32,1,80420,38797.000000000,38797.000000000,38797.000000000,38797.000000000,10,YM
2024-06-10T14:40:00.000000000Z,32,1,80420,38797.000000000,38798.000000000,38797.000000000,38798.000000000,11,YM
2024-06-10T14:40:01.000000000Z,32,1,80420,38799.000000000,38800.000000000,38799.000000000,38800.000000000,11,YM
2024-06-10T14:40:02.000000000Z,32,1,80420,38801.000000000,38803.000000000,38801.000000000,38803.000000000,17,YM
2024-06-10T14:40:03.000000000Z,32,1,80420,38804.000000000,38805.000000000,38804.000000000,38805.000000000,8,YM
2024-06-10T14:40:04.000000000Z,32,1,80420,38803.000000000,38803.000000000,38802.000000000,38803.000000000,5,YM
2024-06-10T14:40:05.000000000Z,32,1,80420,38802.000000000,38803.000000000,38802.000000000,38803.000000000,3,YM
2024-06-10T14:40:06.000000000Z,32,1,80420,38803.000000000,38803.000000000,38803.000000000,38803.000000000,1,YM
2024-06-10T14:40:07.000000000Z,32,1,80420,38803.000000000,38803.000000000,38803.000000000,38803.000000000,2,YM
2024-06-10T14:40:08.000000000Z,32,1,80420,38803.000000000,38803.000000000,38803.000000000,38803.000000000,3,YM
2024-06-10T14:40:09.000000000Z,32,1,80420,38802.000000000,38802.000000000,38802.000000000,38802.000000000,2,YM
2024-06-10T14:40:10.000000000Z,32,1,80420,38803.000000000,38804.000000000,38803.000000000,38803.000000000,3,YM
2024-06-10T14:40:12.000000000Z,32,1,80420,38803.000000000,38803.000000000,38802.000000000,38802.000000000,5,YM
2024-06-10T14:40:13.000000000Z,32,1,80420,38801.000000000,38801.000000000,38801.000000000,38801.000000000,1,YM
2024-06-10T14:40:15.000000000Z,32,1,80420,38801.000000000,38801.000000000,38801.000000000,38801.000000000,3,YM
2024-06-10T14:40:16.000000000Z,32,1,80420,38801.000000000,38801.000000000,38800.000000000,38800.000000000,3,YM
2024-06-10T14:40:18.000000000Z,32,1,80420,38798.000000000,38798.000000000,38797.000000000,38797.000000000,5,YM
2024-06-10T14:40:19.000000000Z,32,1,80420,38799.000000000,38799.000000000,38799.000000000,38799.000000000,1,YM
2024-06-10T14:40:20.000000000Z,32,1,80420,38798.000000000,38799.000000000,38798.000000000,38799.000000000,5,YM
2024-06-10T14:40:21.000000000Z,32,1,80420,38800.000000000,38800.000000000,38800.000000000,38800.000000000,2,YM
2024-06-10T14:40:22.000000000Z,32,1,80420,38800.000000000,38801.000000000,38800.000000000,38801.000000000,2,YM
2024-06-10T14:40:23.000000000Z,32,1,80420,38801.000000000,38801.000000000,38801.000000000,38801.000000000,3,YM
2024-06-10T14:40:24.000000000Z,32,1,80420,38801.000000000,38802.000000000,38801.000000000,38802.000000000,4,YM
2024-06-10T14:40:27.000000000Z,32,1,80420,38800.000000000,38800.000000000,38800.000000000,38800.000000000,1,YM
2024-06-10T14:40:29.000000000Z,32,1,80420,38801.000000000,38802.000000000,38801.000000000,38802.000000000,9,YM
2024-06-10T14:40:30.000000000Z,32,1,80420,38801.000000000,38801.000000000,38801.000000000,38801.000000000,4,YM
2024-06-10T14:40:32.000000000Z,32,1,80420,38800.000000000,38800.000000000,38800.000000000,38800.000000000,2,YM
2024-06-10T14:40:33.000000000Z,32,1,80420,38800.000000000,38800.000000000,38799.000000000,38799.000000000,4,YM
2024-06-10T14:40:34.000000000Z,32,1,80420,38798.000000000,38798.000000000,38798.000000000,38798.000000000,1,YM
2024-06-10T14:40:36.000000000Z,32,1,80420,38799.000000000,38801.000000000,38799.000000000,38801.000000000,5,YM
2024-06-10T14:40:37.000000000Z,32,1,80420,38802.000000000,38802.000000000,38801.000000000,38802.000000000,6,YM
2024-06-10T14:40:38.000000000Z,32,1,80420,38802.000000000,38802.000000000,38802.000000000,38802.000000000,1,YM
2024-06-10T14:40:40.000000000Z,32,1,80420,38803.000000000,38803.000000000,38803.000000000,38803.000000000,1,YM
2024-06-10T14:40:41.000000000Z,32,1,80420,38803.000000000,38803.000000000,38803.000000000,38803.000000000,2,YM
2024-06-10T14:40:43.000000000Z,32,1,80420,38804.000000000,38804.000000000,38804.000000000,38804.000000000,3,YM
2024-06-10T14:40:44.000000000Z,32,1,80420,38804.000000000,38804.000000000,38803.000000000,38804.000000000,13,YM
2024-06-10T14:40:45.000000000Z,32,1,80420,38804.000000000,38804.000000000,38803.000000000,38803.000000000,2,YM
2024-06-10T14:40:46.000000000Z,32,1,80420,38804.000000000,38804.000000000,38801.000000000,38801.000000000,10,YM
2024-06-10T14:40:47.000000000Z,32,1,80420,38801.000000000,38803.000000000,38801.000000000,38802.000000000,10,YM
2024-06-10T14:40:49.000000000Z,32,1,80420,38800.000000000,38800.000000000,38800.000000000,38800.000000000,1,YM
2024-06-10T14:40:51.000000000Z,32,1,80420,38800.000000000,38800.000000000,38800.000000000,38800.000000000,3,YM
2024-06-10T14:40:52.000000000Z,32,1,80420,38801.000000000,38801.000000000,38801.000000000,38801.000000000,7,YM
2024-06-10T14:40:53.000000000Z,32,1,80420,38799.000000000,38799.000000000,38798.000000000,38798.000000000,8,YM
2024-06-10T14:40:54.000000000Z,32,1,80420,38796.000000000,38796.000000000,38796.000000000,38796.000000000,1,YM
2024-06-10T14:40:57.000000000Z,32,1,80420,38795.000000000,38795.000000000,38794.000000000,38795.000000000,8,YM
2024-06-10T14:40:58.000000000Z,32,1,80420,38795.000000000,38795.000000000,38795.000000000,38795.000000000,1,YM
2024-06-10T14:41:00.000000000Z,32,1,80420,38798.000000000,38799.000000000,38798.000000000,38799.000000000,5,YM
2024-06-10T14:41:01.000000000Z,32,1,80420,38800.000000000,38800.000000000,38800.000000000,38800.000000000,1,YM
2024-06-10T14:41:02.000000000Z,32,1,80420,38800.000000000,38802.000000000,38800.000000000,38802.000000000,4,YM
2024-06-10T14:41:03.000000000Z,32,1,80420,38802.000000000,38802.000000000,38802.000000000,38802.000000000,4,YM
2024-06-10T14:41:04.000000000Z,32,1,80420,38802.000000000,38803.000000000,38801.000000000,38801.000000000,4,YM
2024-06-10T14:41:05.000000000Z,32,1,80420,38802.000000000,38802.000000000,38802.000000000,38802.000000000,2,YM
2024-06-10T14:41:06.000000000Z,32,1,80420,38801.000000000,38802.000000000,38801.000000000,38802.000000000,4,YM
2024-06-10T14:41:07.000000000Z,32,1,80420,38802.000000000,38802.000000000,38801.000000000,38801.000000000,2,YM
2024-06-10T14:41:08.000000000Z,32,1,80420,38800.000000000,38800.000000000,38798.000000000,38798.000000000,8,YM
2024-06-10T14:41:09.000000000Z,32,1,80420,38796.000000000,38796.000000000,38794.000000000,38795.000000000,11,YM
2024-06-10T14:41:10.000000000Z,32,1,80420,38795.000000000,38795.000000000,38795.000000000,38795.000000000,10,YM
2024-06-10T14:41:11.000000000Z,32,1,80420,38794.000000000,38794.000000000,38794.000000000,38794.000000000,2,YM
2024-06-10T14:41:12.000000000Z,32,1,80420,38793.000000000,38793.000000000,38791.000000000,38791.000000000,21,YM
2024-06-10T14:41:13.000000000Z,32,1,80420,38791.000000000,38791.000000000,38791.000000000,38791.000000000,1,YM
2024-06-10T14:41:14.000000000Z,32,1,80420,38790.000000000,38790.000000000,38790.000000000,38790.000000000,1,YM
2024-06-10T14:41:15.000000000Z,32,1,80420,38789.000000000,38791.000000000,38789.000000000,38791.000000000,11,YM
2024-06-10T14:41:16.000000000Z,32,1,80420,38792.000000000,38792.000000000,38792.000000000,38792.000000000,1,YM
2024-06-10T14:41:17.000000000Z,32,1,80420,38792.000000000,38793.000000000,38791.000000000,38793.000000000,5,YM
2024-06-10T14:41:18.000000000Z,32,1,80420,38791.000000000,38791.000000000,38791.000000000,38791.000000000,1,YM
2024-06-10T14:41:19.000000000Z,32,1,80420,38791.000000000,38791.000000000,38791.000000000,38791.000000000,3,YM
2024-06-10T14:41:21.000000000Z,32,1,80420,38791.000000000,38791.000000000,38790.000000000,38790.000000000,9,YM
2024-06-10T14:41:23.000000000Z,32,1,80420,38791.000000000,38791.000000000,38791.000000000,38791.000000000,1,YM
2024-06-10T14:41:24.000000000Z,32,1,80420,38790.000000000,38791.000000000,38790.000000000,38791.000000000,2,YM
2024-06-10T14:41:25.000000000Z,32,1,80420,38791.000000000,38792.000000000,38791.000000000,38792.000000000,3,YM
2024-06-10T14:41:26.000000000Z,32,1,80420,38792.000000000,38792.000000000,38792.000000000,38792.000000000,2,YM
2024-06-10T14:41:27.000000000Z,32,1,80420,38793.000000000,38793.000000000,38793.000000000,38793.000000000,2,YM
2024-06-10T14:41:28.000000000Z,32,1,80420,38790.000000000,38790.000000000,38790.000000000,38790.000000000,2,YM
2024-06-10T14:41:29.000000000Z,32,1,80420,38791.000000000,38791.000000000,38791.000000000,38791.000000000,1,YM
2024-06-10T14:41:30.000000000Z,32,1,80420,38792.000000000,38792.000000000,38792.000000000,38792.000000000,1,YM
2024-06-10T14:41:31.000000000Z,32,1,80420,38793.000000000,38794.000000000,38793.000000000,38794.000000000,2,YM
2024-06-10T14:41:33.000000000Z,32,1,80420,38793.000000000,38793.000000000,38792.000000000,38792.000000000,9,YM
2024-06-10T14:41:34.000000000Z,32,1,80420,38793.000000000,38793.000000000,38793.000000000,38793.000000000,1,YM
2024-06-10T14:41:35.000000000Z,32,1,80420,38792.000000000,38792.000000000,38792.000000000,38792.000000000,1,YM
2024-06-10T14:41:38.000000000Z,32,1,80420,38790.000000000,38790.000000000,38790.000000000,38790.000000000,1,YM
2024-06-10T14:41:41.000000000Z,32,1,80420,38789.000000000,38789.000000000,38789.000000000,38789.000000000,1,YM
2024-06-10T14:41:42.000000000Z,32,1,80420,38789.000000000,38789.000000000,38788.000000000,38789.000000000,4,YM
2024-06-10T14:41:43.000000000Z,32,1,80420,38787.000000000,38787.000000000,38787.000000000,38787.000000000,3,YM
2024-06-10T14:41:44.000000000Z,32,1,80420,38788.000000000,38788.000000000,38788.000000000,38788.000000000,5,YM
2024-06-10T14:41:45.000000000Z,32,1,80420,38788.000000000,38788.000000000,38787.000000000,38787.000000000,2,YM
2024-06-10T14:41:46.000000000Z,32,1,80420,38787.000000000,38787.000000000,38787.000000000,38787.000000000,1,YM
2024-06-10T14:41:47.000000000Z,32,1,80420,38788.000000000,38788.000000000,38788.000000000,38788.000000000,1,YM
2024-06-10T14:41:48.000000000Z,32,1,80420,38787.000000000,38787.000000000,38787.000000000,38787.000000000,1,YM
2024-06-10T14:41:49.000000000Z,32,1,80420,38788.000000000,38788.000000000,38788.000000000,38788.000000000,1,YM
2024-06-10T14:41:50.000000000Z,32,1,80420,38788.000000000,38788.000000000,38788.000000000,38788.000000000,5,YM
2024-06-10T14:41:52.000000000Z,32,1,80420,38787.000000000,38787.000000000,38787.000000000,38787.000000000,5,YM
2024-06-10T14:41:53.000000000Z,32,1,80420,38787.000000000,38788.000000000,38787.000000000,38788.000000000,3,YM
2024-06-10T14:41:56.000000000Z,32,1,80420,38788.000000000,38788.000000000,38788.000000000,38788.000000000,3,YM
2024-06-10T14:41:57.000000000Z,32,1,80420,38787.000000000,38787.000000000,38786.000000000,38786.000000000,3,YM
2024-06-10T14:41:59.000000000Z,32,1,80420,38787.000000000,38787.000000000,38787.000000000,38787.000000000,4,YM
2024-06-10T14:42:00.000000000Z,32,1,80420,38788.000000000,38788.000000000,38788.000000000,38788.000000000,1,YM
2024-06-10T14:42:01.000000000Z,32,1,80420,38787.000000000,38789.000000000,38787.000000000,38789.000000000,3,YM
2024-06-10T14:42:02.000000000Z,32,1,80420,38790.000000000,38790.000000000,38790.000000000,38790.000000000,4,YM
2024-06-10T14:42:03.000000000Z,32,1,80420,38789.000000000,38789.000000000,38789.000000000,38789.000000000,5,YM
2024-06-10T14:42:04.000000000Z,32,1,80420,38790.000000000,38790.000000000,38790.000000000,38790.000000000,6,YM
2024-06-10T14:42:05.000000000Z,32,1,80420,38789.000000000,38790.000000000,38789.000000000,38790.000000000,3,YM
2024-06-10T14:42:06.000000000Z,32,1,80420,38789.000000000,38789.000000000,38789.000000000,38789.000000000,2,YM
2024-06-10T14:42:07.000000000Z,32,1,80420,38788.000000000,38788.000000000,38788.000000000,38788.000000000,1,YM
2024-06-10T14:42:08.000000000Z,32,1,80420,38787.000000000,38788.000000000,38787.000000000,38788.000000000,3,YM
2024-06-10T14:42:09.000000000Z,32,1,80420,38786.000000000,38786.000000000,38786.000000000,38786.000000000,1,YM
2024-06-10T14:42:10.000000000Z,32,1,80420,38785.000000000,38785.000000000,38784.000000000,38784.000000000,9,YM
2024-06-10T14:42:11.000000000Z,32,1,80420,38784.000000000,38784.000000000,38783.000000000,38783.000000000,2,YM
2024-06-10T14:42:13.000000000Z,32,1,80420,38784.000000000,38784.000000000,38784.000000000,38784.000000000,3,YM
2024-06-10T14:42:14.000000000Z,32,1,80420,38784.000000000,38784.000000000,38783.000000000,38783.000000000,12,YM
2024-06-10T14:42:15.000000000Z,32,1,80420,38783.000000000,38785.000000000,38783.000000000,38784.000000000,9,YM
2024-06-10T14:42:16.000000000Z,32,1,80420,38784.000000000,38784.000000000,38784.000000000,38784.000000000,2,YM
2024-06-10T14:42:17.000000000Z,32,1,80420,38785.000000000,38786.000000000,38784.000000000,38784.000000000,11,YM
2024-06-10T14:42:18.000000000Z,32,1,80420,38785.000000000,38785.000000000,38785.000000000,38785.000000000,1,YM
2024-06-10T14:42:19.000000000Z,32,1,80420,38785.000000000,38785.000000000,38785.000000000,38785.000000000,2,YM
2024-06-10T14:42:20.000000000Z,32,1,80420,38785.000000000,38787.000000000,38785.000000000,38786.000000000,4,YM
2024-06-10T14:42:21.000000000Z,32,1,80420,38786.000000000,38786.000000000,38784.000000000,38785.000000000,7,YM
2024-06-10T14:42:22.000000000Z,32,1,80420,38785.000000000,38785.000000000,38785.000000000,38785.000000000,1,YM
2024-06-10T14:42:23.000000000Z,32,1,80420,38784.000000000,38785.000000000,38784.000000000,38784.000000000,4,YM
2024-06-10T14:42:24.000000000Z,32,1,80420,38786.000000000,38787.000000000,38785.000000000,38787.000000000,16,YM
2024-06-10T14:42:25.000000000Z,32,1,80420,38786.000000000,38786.000000000,38784.000000000,38785.000000000,9,YM
2024-06-10T14:42:26.000000000Z,32,1,80420,38785.000000000,38785.000000000,38785.000000000,38785.000000000,1,YM
2024-06-10T14:42:27.000000000Z,32,1,80420,38786.000000000,38786.000000000,38786.000000000,38786.000000000,1,YM
2024-06-10T14:42:28.000000000Z,32,1,80420,38784.000000000,38784.000000000,38784.000000000,38784.000000000,1,YM
2024-06-10T14:42:29.000000000Z,32,1,80420,38784.000000000,38784.000000000,38784.000000000,38784.000000000,3,YM
2024-06-10T14:42:30.000000000Z,32,1,80420,38784.000000000,38784.000000000,38784.000000000,38784.000000000,2,YM
2024-06-10T14:42:31.000000000Z,32,1,80420,38784.000000000,38784.000000000,38784.000000000,38784.000000000,2,YM
2024-06-10T14:42:32.000000000Z,32,1,80420,38784.000000000,38784.000000000,38784.000000000,38784.000000000,1,YM
2024-06-10T14:42:33.000000000Z,32,1,80420,38783.000000000,38785.000000000,38783.000000000,38785.000000000,7,YM
2024-06-10T14:42:34.000000000Z,32,1,80420,38784.000000000,38785.000000000,38784.000000000,38785.000000000,10,YM
2024-06-10T14:42:35.000000000Z,32,1,80420,38784.000000000,38784.000000000,38784.000000000,38784.000000000,1,YM
2024-06-10T14:42:36.000000000Z,32,1,80420,38786.000000000,38786.000000000,38786.000000000,38786.000000000,4,YM
2024-06-10T14:42:37.000000000Z,32,1,80420,38787.000000000,38787.000000000,38787.000000000,38787.000000000,2,YM
2024-06-10T14:42:38.000000000Z,32,1,80420,38788.000000000,38788.000000000,38788.000000000,38788.000000000,1,YM
2024-06-10T14:42:39.000000000Z,32,1,80420,38788.000000000,38788.000000000,38788.000000000,38788.000000000,1,YM
2024-06-10T14:42:40.000000000Z,32,1,80420,38786.000000000,38786.000000000,38785.000000000,38786.000000000,14,YM
2024-06-10T14:42:41.000000000Z,32,1,80420,38787.000000000,38787.000000000,38787.000000000,38787.000000000,1,YM
2024-06-10T14:42:42.000000000Z,32,1,80420,38788.000000000,38789.000000000,38788.000000000,38789.000000000,8,YM
2024-06-10T14:42:43.000000000Z,32,1,80420,38790.000000000,38790.000000000,38789.000000000,38789.000000000,2,YM
2024-06-10T14:42:44.000000000Z,32,1,80420,38789.000000000,38790.000000000,38789.000000000,38790.000000000,4,YM
2024-06-10T14:42:45.000000000Z,32,1,80420,38789.000000000,38789.000000000,38789.000000000,38789.000000000,2,YM
2024-06-10T14:42:46.000000000Z,32,1,80420,38790.000000000,38790.000000000,38790.000000000,38790.000000000,1,YM
2024-06-10T14:42:47.000000000Z,32,1,80420,38790.000000000,38790.000000000,38789.000000000,38789.000000000,2,YM
2024-06-10T14:42:48.000000000Z,32,1,80420,38788.000000000,38789.000000000,38788.000000000,38789.000000000,3,YM
2024-06-10T14:42:50.000000000Z,32,1,80420,38789.000000000,38789.000000000,38789.000000000,38789.000000000,2,YM
2024-06-10T14:42:53.000000000Z,32,1,80420,38788.000000000,38789.000000000,38788.000000000,38789.000000000,7,YM
2024-06-10T14:42:56.000000000Z,32,1,80420,38789.000000000,38789.000000000,38789.000000000,38789.000000000,1,YM
2024-06-10T14:42:59.000000000Z,32,1,80420,38789.000000000,38789.000000000,38789.000000000,38789.000000000,1,YM
2024-06-10T14:43:00.000000000Z,32,1,80420,38789.000000000,38789.000000000,38789.000000000,38789.000000000,1,YM
2024-06-10T14:43:01.000000000Z,32,1,80420,38789.000000000,38789.000000000,38789.000000000,38789.000000000,1,YM
2024-06-10T14:43:02.000000000Z,32,1,80420,38789.000000000,38789.000000000,38789.000000000,38789.000000000,1,YM
2024-06-10T14:43:04.000000000Z,32,1,80420,38789.000000000,38789.000000000,38789.000000000,38789.000000000,1,YM
2024-06-10T14:43:05.000000000Z,32,1,80420,38788.000000000,38788.000000000,38788.000000000,38788.000000000,2,YM
2024-06-10T14:43:06.000000000Z,32,1,80420,38787.000000000,38788.000000000,38787.000000000,38788.000000000,3,YM
2024-06-10T14:43:07.000000000Z,32,1,80420,38787.000000000,38787.000000000,38787.000000000,38787.000000000,2,YM
2024-06-10T14:43:08.000000000Z,32,1,80420,38786.000000000,38786.000000000,38784.000000000,38784.000000000,6,YM
2024-06-10T14:43:10.000000000Z,32,1,80420,38785.000000000,38785.000000000,38785.000000000,38785.000000000,1,YM
2024-06-10T14:43:13.000000000Z,32,1,80420,38785.000000000,38786.000000000,38785.000000000,38786.000000000,3,YM
2024-06-10T14:43:16.000000000Z,32,1,80420,38787.000000000,38787.000000000,38787.000000000,38787.000000000,3,YM
2024-06-10T14:43:19.000000000Z,32,1,80420,38787.000000000,38787.000000000,38787.000000000,38787.000000000,2,YM
2024-06-10T14:43:21.000000000Z,32,1,80420,38786.000000000,38786.000000000,38786.000000000,38786.000000000,3,YM
2024-06-10T14:43:22.000000000Z,32,1,80420,38787.000000000,38787.000000000,38787.000000000,38787.000000000,1,YM
2024-06-10T14:43:23.000000000Z,32,1,80420,38786.000000000,38786.000000000,38786.000000000,38786.000000000,1,YM
2024-06-10T14:43:24.000000000Z,32,1,80420,38785.000000000,38786.000000000,38785.000000000,38786.000000000,2,YM
2024-06-10T14:43:25.000000000Z,32,1,80420,38786.000000000,38786.000000000,38786.000000000,38786.000000000,1,YM
2024-06-10T14:43:26.000000000Z,32,1,80420,38786.000000000,38786.000000000,38786.000000000,38786.000000000,1,YM
2024-06-10T14:43:28.000000000Z,32,1,80420,38787.000000000,38791.000000000,38787.000000000,38789.000000000,16,YM
2024-06-10T14:43:30.000000000Z,32,1,80420,38788.000000000,38789.000000000,38788.000000000,38789.000000000,3,YM
2024-06-10T14:43:34.000000000Z,32,1,80420,38788.000000000,38788.000000000,38788.000000000,38788.000000000,1,YM
2024-06-10T14:43:35.000000000Z,32,1,80420,38787.000000000,38787.000000000,38787.000000000,38787.000000000,1,YM
2024-06-10T14:43:37.000000000Z,32,1,80420,38787.000000000,38787.000000000,38787.000000000,38787.000000000,2,YM
2024-06-10T14:43:38.000000000Z,32,1,80420,38787.000000000,38787.000000000,38787.000000000,38787.000000000,1,YM
2024-06-10T14:43:39.000000000Z,32,1,80420,38785.000000000,38785.000000000,38785.000000000,38785.000000000,4,YM
2024-06-10T14:43:41.000000000Z,32,1,80420,38784.000000000,38784.000000000,38783.000000000,38783.000000000,3,YM
2024-06-10T14:43:42.000000000Z,32,1,80420,38784.000000000,38784.000000000,38784.000000000,38784.000000000,1,YM
2024-06-10T14:43:43.000000000Z,32,1,80420,38785.000000000,38785.000000000,38785.000000000,38785.000000000,2,YM
2024-06-10T14:43:44.000000000Z,32,1,80420,38785.000000000,38786.000000000,38785.000000000,38786.000000000,5,YM
2024-06-10T14:43:47.000000000Z,32,1,80420,38785.000000000,38785.000000000,38785.000000000,38785.000000000,2,YM
2024-06-10T14:43:49.000000000Z,32,1,80420,38785.000000000,38785.000000000,38785.000000000,38785.000000000,1,YM
2024-06-10T14:43:52.000000000Z,32,1,80420,38787.000000000,38787.000000000,38787.000000000,38787.000000000,1,YM
2024-06-10T14:43:55.000000000Z,32,1,80420,38787.000000000,38787.000000000,38787.000000000,38787.000000000,1,YM
2024-06-10T14:43:56.000000000Z,32,1,80420,38788.000000000,38788.000000000,38787.000000000,38788.000000000,9,YM
2024-06-10T14:43:57.000000000Z,32,1,80420,38789.000000000,38790.000000000,38789.000000000,38790.000000000,3,YM
2024-06-10T14:43:58.000000000Z,32,1,80420,38791.000000000,38792.000000000,38791.000000000,38792.000000000,3,YM
2024-06-10T14:43:59.000000000Z,32,1,80420,38792.000000000,38792.000000000,38791.000000000,38791.000000000,2,YM
2024-06-10T14:44:00.000000000Z,32,1,80420,38791.000000000,38792.000000000,38791.000000000,38792.000000000,6,YM
2024-06-10T14:44:01.000000000Z,32,1,80420,38792.000000000,38792.000000000,38792.000000000,38792.000000000,5,YM
2024-06-10T14:44:02.000000000Z,32,1,80420,38791.000000000,38791.000000000,38791.000000000,38791.000000000,1,YM
2024-06-10T14:44:03.000000000Z,32,1,80420,38790.000000000,38790.000000000,38790.000000000,38790.000000000,2,YM
2024-06-10T14:44:04.000000000Z,32,1,80420,38790.000000000,38797.000000000,38790.000000000,38797.000000000,21,YM
2024-06-10T14:44:05.000000000Z,32,1,80420,38795.000000000,38795.000000000,38794.000000000,38795.000000000,11,YM
2024-06-10T14:44:06.000000000Z,32,1,80420,38795.000000000,38795.000000000,38793.000000000,38793.000000000,2,YM
2024-06-10T14:44:07.000000000Z,32,1,80420,38794.000000000,38794.000000000,38794.000000000,38794.000000000,4,YM
2024-06-10T14:44:09.000000000Z,32,1,80420,38795.000000000,38795.000000000,38795.000000000,38795.000000000,2,YM
2024-06-10T14:44:10.000000000Z,32,1,80420,38795.000000000,38795.000000000,38795.000000000,38795.000000000,1,YM
2024-06-10T14:44:12.000000000Z,32,1,80420,38794.000000000,38794.000000000,38794.000000000,38794.000000000,1,YM
2024-06-10T14:44:14.000000000Z,32,1,80420,38794.000000000,38794.000000000,38794.000000000,38794.000000000,2,YM
2024-06-10T14:44:15.000000000Z,32,1,80420,38795.000000000,38795.000000000,38795.000000000,38795.000000000,10,YM
2024-06-10T14:44:17.000000000Z,32,1,80420,38794.000000000,38794.000000000,38794.000000000,38794.000000000,1,YM
2024-06-10T14:44:18.000000000Z,32,1,80420,38794.000000000,38794.000000000,38794.000000000,38794.000000000,2,YM
2024-06-10T14:44:20.000000000Z,32,1,80420,38794.000000000,38795.000000000,38793.000000000,38795.000000000,6,YM
2024-06-10T14:44:21.000000000Z,32,1,80420,38796.000000000,38796.000000000,38796.000000000,38796.000000000,3,YM
2024-06-10T14:44:25.000000000Z,32,1,80420,38793.000000000,38793.000000000,38793.000000000,38793.000000000,1,YM
2024-06-10T14:44:28.000000000Z,32,1,80420,38794.000000000,38798.000000000,38794.000000000,38798.000000000,23,YM
2024-06-10T14:44:29.000000000Z,32,1,80420,38798.000000000,38799.000000000,38798.000000000,38798.000000000,5,YM
2024-06-10T14:44:30.000000000Z,32,1,80420,38797.000000000,38797.000000000,38797.000000000,38797.000000000,3,YM
2024-06-10T14:44:31.000000000Z,32,1,80420,38796.000000000,38797.000000000,38796.000000000,38797.000000000,3,YM
2024-06-10T14:44:32.000000000Z,32,1,80420,38795.000000000,38795.000000000,38795.000000000,38795.000000000,1,YM
2024-06-10T14:44:33.000000000Z,32,1,80420,38795.000000000,38795.000000000,38795.000000000,38795.000000000,2,YM
2024-06-10T14:44:34.000000000Z,32,1,80420,38795.000000000,38795.000000000,38795.000000000,38795.000000000,2,YM
2024-06-10T14:44:35.000000000Z,32,1,80420,38795.000000000,38797.000000000,38795.000000000,38797.000000000,10,YM
2024-06-10T14:44:36.000000000Z,32,1,80420,38798.000000000,38799.000000000,38798.000000000,38799.000000000,7,YM
2024-06-10T14:44:37.000000000Z,32,1,80420,38799.000000000,38801.000000000,38799.000000000,38801.000000000,10,YM
2024-06-10T14:44:38.000000000Z,32,1,80420,38800.000000000,38800.000000000,38799.000000000,38800.000000000,6,YM
2024-06-10T14:44:39.000000000Z,32,1,80420,38801.000000000,38802.000000000,38801.000000000,38801.000000000,7,YM
2024-06-10T14:44:40.000000000Z,32,1,80420,38802.000000000,38802.000000000,38801.000000000,38801.000000000,7,YM
2024-06-10T14:44:42.000000000Z,32,1,80420,38801.000000000,38801.000000000,38801.000000000,38801.000000000,5,YM
2024-06-10T14:44:43.000000000Z,32,1,80420,38801.000000000,38801.000000000,38801.000000000,38801.000000000,2,YM
2024-06-10T14:44:44.000000000Z,32,1,80420,38800.000000000,38800.000000000,38800.000000000,38800.000000000,3,YM
2024-06-10T14:44:46.000000000Z,32,1,80420,38801.000000000,38801.000000000,38801.000000000,38801.000000000,1,YM
2024-06-10T14:44:48.000000000Z,32,1,80420,38801.000000000,38801.000000000,38801.000000000,38801.000000000,1,YM
2024-06-10T14:44:49.000000000Z,32,1,80420,38801.000000000,38801.000000000,38801.000000000,38801.000000000,2,YM
2024-06-10T14:44:50.000000000Z,32,1,80420,38802.000000000,38802.000000000,38801.000000000,38801.000000000,3,YM
2024-06-10T14:44:52.000000000Z,32,1,80420,38802.000000000,38802.000000000,38801.000000000,38801.000000000,2,YM
2024-06-10T14:44:53.000000000Z,32,1,80420,38801.000000000,38801.000000000,38801.000000000,38801.000000000,1,YM
2024-06-10T14:44:56.000000000Z,32,1,80420,38801.000000000,38801.000000000,38801.000000000,38801.000000000,1,YM
2024-06-10T14:44:58.000000000Z,32,1,80420,38800.000000000,38800.000000000,38799.000000000,38799.000000000,6,YM
2024-06-10T14:44:59.000000000Z,32,1,80420,38800.000000000,38801.000000000,38800.000000000,38801.000000000,2,YM
2024-06-10T14:45:00.000000000Z,32,1,80420,38802.000000000,38803.000000000,38801.000000000,38801.000000000,15,YM
2024-06-10T14:45:01.000000000Z,32,1,80420,38802.000000000,38803.000000000,38802.000000000,38803.000000000,52,YM
2024-06-10T14:45:02.000000000Z,32,1,80420,38803.000000000,38803.000000000,38803.000000000,38803.000000000,4,YM
2024-06-10T14:45:03.000000000Z,32,1,80420,38803.000000000,38803.000000000,38803.000000000,38803.000000000,1,YM
2024-06-10T14:45:04.000000000Z,32,1,80420,38802.000000000,38802.000000000,38801.000000000,38801.000000000,2,YM
2024-06-10T14:45:05.000000000Z,32,1,80420,38799.000000000,38799.000000000,38797.000000000,38797.000000000,9,YM
2024-06-10T14:45:06.000000000Z,32,1,80420,38796.000000000,38796.000000000,38796.000000000,38796.000000000,4,YM
2024-06-10T14:45:07.000000000Z,32,1,80420,38797.000000000,38797.000000000,38797.000000000,38797.000000000,2,YM
2024-06-10T14:45:08.000000000Z,32,1,80420,38798.000000000,38798.000000000,38798.000000000,38798.000000000,1,YM
2024-06-10T14:45:09.000000000Z,32,1,80420,38796.000000000,38796.000000000,38796.000000000,38796.000000000,2,YM
2024-06-10T14:45:10.000000000Z,32,1,80420,38797.000000000,38797.000000000,38796.000000000,38796.000000000,4,YM
2024-06-10T14:45:11.000000000Z,32,1,80420,38796.000000000,38796.000000000,38796.000000000,38796.000000000,1,YM
2024-06-10T14:45:17.000000000Z,32,1,80420,38796.000000000,38796.000000000,38795.000000000,38795.000000000,4,YM
2024-06-10T14:45:18.000000000Z,32,1,80420,38794.000000000,38794.000000000,38793.000000000,38794.000000000,5,YM
2024-06-10T14:45:19.000000000Z,32,1,80420,38795.000000000,38795.000000000,38795.000000000,38795.000000000,1,YM
2024-06-10T14:45:20.000000000Z,32,1,80420,38796.000000000,38796.000000000,38795.000000000,38795.000000000,3,YM
2024-06-10T14:45:22.000000000Z,32,1,80420,38796.000000000,38796.000000000,38796.000000000,38796.000000000,2,YM
2024-06-10T14:45:26.000000000Z,32,1,80420,38797.000000000,38797.000000000,38797.000000000,38797.000000000,1,YM
2024-06-10T14:45:27.000000000Z,32,1,80420,38796.000000000,38796.000000000,38796.000000000,38796.000000000,3,YM
2024-06-10T14:45:28.000000000Z,32,1,80420,38795.000000000,38795.000000000,38794.000000000,38794.000000000,2,YM
2024-06-10T14:45:30.000000000Z,32,1,80420,38793.000000000,38794.000000000,38793.000000000,38794.000000000,3,YM
2024-06-10T14:45:31.000000000Z,32,1,80420,38795.000000000,38795.000000000,38795.000000000,38795.000000000,2,YM
2024-06-10T14:45:37.000000000Z,32,1,80420,38793.000000000,38793.000000000,38790.000000000,38790.000000000,13,YM
2024-06-10T14:45:39.000000000Z,32,1,80420,38791.000000000,38791.000000000,38791.000000000,38791.000000000,1,YM
2024-06-10T14:45:40.000000000Z,32,1,80420,38792.000000000,38792.000000000,38792.000000000,38792.000000000,1,YM
2024-06-10T14:45:41.000000000Z,32,1,80420,38791.000000000,38791.000000000,38791.000000000,38791.000000000,1,YM
2024-06-10T14:45:43.000000000Z,32,1,80420,38792.000000000,38792.000000000,38792.000000000,38792.000000000,1,YM
2024-06-10T14:45:44.000000000Z,32,1,80420,38792.000000000,38792.000000000,38792.000000000,38792.000000000,1,YM
2024-06-10T14:45:45.000000000Z,32,1,80420,38793.000000000,38793.000000000,38792.000000000,38792.000000000,5,YM
2024-06-10T14:45:47.000000000Z,32,1,80420,38792.000000000,38794.000000000,38792.000000000,38794.000000000,3,YM
2024-06-10T14:45:48.000000000Z,32,1,80420,38795.000000000,38796.000000000,38795.000000000,38796.000000000,4,YM
2024-06-10T14:45:49.000000000Z,32,1,80420,38797.000000000,38797.000000000,38797.000000000,38797.000000000,2,YM
2024-06-10T14:45:50.000000000Z,32,1,80420,38796.000000000,38796.000000000,38796.000000000,38796.000000000,1,YM
2024-06-10T14:45:52.000000000Z,32,1,80420,38796.000000000,38796.000000000,38796.000000000,38796.000000000,1,YM
2024-06-10T14:45:53.000000000Z,32,1,80420,38795.000000000,38795.000000000,38794.000000000,38794.000000000,4,YM
2024-06-10T14:45:54.000000000Z,32,1,80420,38793.000000000,38793.000000000,38793.000000000,38793.000000000,1,YM
2024-06-10T14:45:56.000000000Z,32,1,80420,38792.000000000,38792.000000000,38792.000000000,38792.000000000,4,YM
2024-06-10T14:45:58.000000000Z,32,1,80420,38792.000000000,38793.000000000,38792.000000000,38793.000000000,3,YM
2024-06-10T14:45:59.000000000Z,32,1,80420,38794.000000000,38795.000000000,38794.000000000,38795.000000000,2,YM
2024-06-10T14:46:00.000000000Z,32,1,80420,38796.000000000,38796.000000000,38796.000000000,38796.000000000,4,YM
2024-06-10T14:46:01.000000000Z,32,1,80420,38796.000000000,38796.000000000,38794.000000000,38794.000000000,9,YM
2024-06-10T14:46:03.000000000Z,32,1,80420,38795.000000000,38795.000000000,38794.000000000,38794.000000000,6,YM
2024-06-10T14:46:04.000000000Z,32,1,80420,38793.000000000,38794.000000000,38793.000000000,38794.000000000,2,YM
2024-06-10T14:46:06.000000000Z,32,1,80420,38793.000000000,38793.000000000,38793.000000000,38793.000000000,5,YM
2024-06-10T14:46:09.000000000Z,32,1,80420,38792.000000000,38792.000000000,38792.000000000,38792.000000000,1,YM
2024-06-10T14:46:10.000000000Z,32,1,80420,38791.000000000,38792.000000000,38791.000000000,38792.000000000,5,YM
2024-06-10T14:46:12.000000000Z,32,1,80420,38792.000000000,38792.000000000,38791.000000000,38791.000000000,4,YM
2024-06-10T14:46:13.000000000Z,32,1,80420,38792.000000000,38792.000000000,38792.000000000,38792.000000000,2,YM
2024-06-10T14:46:14.000000000Z,32,1,80420,38792.000000000,38792.000000000,38792.000000000,38792.000000000,1,YM
2024-06-10T14:46:16.000000000Z,32,1,80420,38792.000000000,38792.000000000,38792.000000000,38792.000000000,3,YM
2024-06-10T14:46:18.000000000Z,32,1,80420,38793.000000000,38793.000000000,38793.000000000,38793.000000000,3,YM
2024-06-10T14:46:19.000000000Z,32,1,80420,38794.000000000,38794.000000000,38794.000000000,38794.000000000,2,YM
2024-06-10T14:46:20.000000000Z,32,1,80420,38794.000000000,38796.000000000,38794.000000000,38796.000000000,3,YM
2024-06-10T14:46:21.000000000Z,32,1,80420,38796.000000000,38796.000000000,38795.000000000,38795.000000000,4,YM
2024-06-10T14:46:22.000000000Z,32,1,80420,38797.000000000,38800.000000000,38797.000000000,38800.000000000,14,YM
2024-06-10T14:46:23.000000000Z,32,1,80420,38799.000000000,38799.000000000,38798.000000000,38798.000000000,12,YM
2024-06-10T14:46:24.000000000Z,32,1,80420,38799.000000000,38799.000000000,38799.000000000,38799.000000000,1,YM
2024-06-10T14:46:25.000000000Z,32,1,80420,38799.000000000,38799.000000000,38799.000000000,38799.000000000,1,YM
2024-06-10T14:46:26.000000000Z,32,1,80420,38799.000000000,38799.000000000,38799.000000000,38799.000000000,1,YM
2024-06-10T14:46:27.000000000Z,32,1,80420,38800.000000000,38800.000000000,38800.000000000,38800.000000000,1,YM
2024-06-10T14:46:29.000000000Z,32,1,80420,38800.000000000,38800.000000000,38799.000000000,38800.000000000,5,YM
2024-06-10T14:46:32.000000000Z,32,1,80420,38800.000000000,38800.000000000,38799.000000000,38799.000000000,4,YM
2024-06-10T14:46:34.000000000Z,32,1,80420,38798.000000000,38798.000000000,38798.000000000,38798.000000000,1,YM
2024-06-10T14:46:35.000000000Z,32,1,80420,38798.000000000,38798.000000000,38798.000000000,38798.000000000,3,YM
2024-06-10T14:46:36.000000000Z,32,1,80420,38797.000000000,38797.000000000,38797.000000000,38797.000000000,7,YM
2024-06-10T14:46:37.000000000Z,32,1,80420,38797.000000000,38797.000000000,38797.000000000,38797.000000000,1,YM
2024-06-10T14:46:38.000000000Z,32,1,80420,38795.000000000,38795.000000000,38795.000000000,38795.000000000,2,YM
2024-06-10T14:46:40.000000000Z,32,1,80420,38795.000000000,38795.000000000,38795.000000000,38795.000000000,2,YM
2024-06-10T14:46:42.000000000Z,32,1,80420,38795.000000000,38795.000000000,38795.000000000,38795.000000000,5,YM
2024-06-10T14:46:43.000000000Z,32,1,80420,38796.000000000,38796.000000000,38796.000000000,38796.000000000,1,YM
2024-06-10T14:46:45.000000000Z,32,1,80420,38797.000000000,38798.000000000,38797.000000000,38798.000000000,2,YM
2024-06-10T14:46:47.000000000Z,32,1,80420,38798.000000000,38798.000000000,38798.000000000,38798.000000000,1,YM
2024-06-10T14:46:49.000000000Z,32,1,80420,38799.000000000,38799.000000000,38799.000000000,38799.000000000,3,YM
2024-06-10T14:46:51.000000000Z,32,1,80420,38799.000000000,38799.000000000,38799.000000000,38799.000000000,1,YM
2024-06-10T14:46:52.000000000Z,32,1,80420,38798.000000000,38798.000000000,38798.000000000,38798.000000000,1,YM
2024-06-10T14:46:54.000000000Z,32,1,80420,38797.000000000,38797.000000000,38797.000000000,38797.000000000,3,YM
2024-06-10T14:46:55.000000000Z,32,1,80420,38796.000000000,38796.000000000,38796.000000000,38796.000000000,1,YM
2024-06-10T14:46:56.000000000Z,32,1,80420,38795.000000000,38795.000000000,38795.000000000,38795.000000000,4,YM
2024-06-10T14:46:57.000000000Z,32,1,80420,38796.000000000,38796.000000000,38796.000000000,38796.000000000,1,YM
2024-06-10T14:47:00.000000000Z,32,1,80420,38796.000000000,38796.000000000,38796.000000000,38796.000000000,3,YM
2024-06-10T14:47:01.000000000Z,32,1,80420,38797.000000000,38797.000000000,38797.000000000,38797.000000000,1,YM
2024-06-10T14:47:02.000000000Z,32,1,80420,38799.000000000,38799.000000000,38799.000000000,38799.000000000,2,YM
2024-06-10T14:47:03.000000000Z,32,1,80420,38799.000000000,38799.000000000,38799.000000000,38799.000000000,1,YM
2024-06-10T14:47:04.000000000Z,32,1,80420,38800.000000000,38800.000000000,38800.000000000,38800.000000000,2,YM
2024-06-10T14:47:05.000000000Z,32,1,80420,38799.000000000,38802.000000000,38799.000000000,38802.000000000,3,YM
2024-06-10T14:47:06.000000000Z,32,1,80420,38801.000000000,38801.000000000,38801.000000000,38801.000000000,1,YM
2024-06-10T14:47:07.000000000Z,32,1,80420,38802.000000000,38802.000000000,38802.000000000,38802.000000000,1,YM
2024-06-10T14:47:09.000000000Z,32,1,80420,38802.000000000,38802.000000000,38802.000000000,38802.000000000,1,YM
2024-06-10T14:47:10.000000000Z,32,1,80420,38802.000000000,38802.000000000,38802.000000000,38802.000000000,1,YM
2024-06-10T14:47:12.000000000Z,32,1,80420,38803.000000000,38804.000000000,38803.000000000,38804.000000000,5,YM
2024-06-10T14:47:13.000000000Z,32,1,80420,38804.000000000,38804.000000000,38804.000000000,38804.000000000,2,YM
2024-06-10T14:47:14.000000000Z,32,1,80420,38803.000000000,38804.000000000,38803.000000000,38804.000000000,3,YM
2024-06-10T14:47:17.000000000Z,32,1,80420,38804.000000000,38804.000000000,38804.000000000,38804.000000000,3,YM
2024-06-10T14:47:18.000000000Z,32,1,80420,38805.000000000,38805.000000000,38805.000000000,38805.000000000,1,YM
2024-06-10T14:47:19.000000000Z,32,1,80420,38805.000000000,38806.000000000,38805.000000000,38805.000000000,4,YM
2024-06-10T14:47:20.000000000Z,32,1,80420,38806.000000000,38806.000000000,38806.000000000,38806.000000000,2,YM
2024-06-10T14:47:21.000000000Z,32,1,80420,38806.000000000,38806.000000000,38805.000000000,38805.000000000,3,YM
2024-06-10T14:47:22.000000000Z,32,1,80420,38806.000000000,38806.000000000,38806.000000000,38806.000000000,2,YM
2024-06-10T14:47:24.000000000Z,32,1,80420,38806.000000000,38806.000000000,38806.000000000,38806.000000000,6,YM
2024-06-10T14:47:26.000000000Z,32,1,80420,38807.000000000,38808.000000000,38807.000000000,38808.000000000,13,YM
2024-06-10T14:47:27.000000000Z,32,1,80420,38807.000000000,38807.000000000,38806.000000000,38806.000000000,2,YM
2024-06-10T14:47:28.000000000Z,32,1,80420,38807.000000000,38807.000000000,38805.000000000,38805.000000000,5,YM
2024-06-10T14:47:31.000000000Z,32,1,80420,38807.000000000,38807.000000000,38807.000000000,38807.000000000,3,YM
2024-06-10T14:47:32.000000000Z,32,1,80420,38807.000000000,38807.000000000,38806.000000000,38806.000000000,2,YM
2024-06-10T14:47:33.000000000Z,32,1,80420,38807.000000000,38807.000000000,38807.000000000,38807.000000000,1,YM
2024-06-10T14:47:35.000000000Z,32,1,80420,38807.000000000,38811.000000000,38807.000000000,38811.000000000,13,YM
2024-06-10T14:47:36.000000000Z,32,1,80420,38809.000000000,38809.000000000,38809.000000000,38809.000000000,1,YM
2024-06-10T14:47:37.000000000Z,32,1,80420,38809.000000000,38809.000000000,38809.000000000,38809.000000000,3,YM
2024-06-10T14:47:38.000000000Z,32,1,80420,38809.000000000,38810.000000000,38809.000000000,38810.000000000,17,YM
2024-06-10T14:47:39.000000000Z,32,1,80420,38810.000000000,38810.000000000,38810.000000000,38810.000000000,2,YM
2024-06-10T14:47:40.000000000Z,32,1,80420,38811.000000000,38811.000000000,38811.000000000,38811.000000000,1,YM
2024-06-10T14:47:41.000000000Z,32,1,80420,38811.000000000,38811.000000000,38811.000000000,38811.000000000,2,YM
2024-06-10T14:47:42.000000000Z,32,1,80420,38810.000000000,38811.000000000,38810.000000000,38811.000000000,5,YM
2024-06-10T14:47:43.000000000Z,32,1,80420,38811.000000000,38811.000000000,38811.000000000,38811.000000000,3,YM
2024-06-10T14:47:44.000000000Z,32,1,80420,38811.000000000,38813.000000000,38811.000000000,38812.000000000,25,YM
2024-06-10T14:47:45.000000000Z,32,1,80420,38812.000000000,38813.000000000,38812.000000000,38813.000000000,12,YM
2024-06-10T14:47:46.000000000Z,32,1,80420,38813.000000000,38814.000000000,38813.000000000,38813.000000000,6,YM
2024-06-10T14:47:47.000000000Z,32,1,80420,38813.000000000,38813.000000000,38813.000000000,38813.000000000,4,YM
2024-06-10T14:47:48.000000000Z,32,1,80420,38814.000000000,38814.000000000,38813.000000000,38814.000000000,13,YM
2024-06-10T14:47:49.000000000Z,32,1,80420,38814.000000000,38814.000000000,38812.000000000,38812.000000000,4,YM
2024-06-10T14:47:50.000000000Z,32,1,80420,38812.000000000,38812.000000000,38812.000000000,38812.000000000,3,YM
2024-06-10T14:47:51.000000000Z,32,1,80420,38811.000000000,38811.000000000,38811.000000000,38811.000000000,1,YM
2024-06-10T14:47:52.000000000Z,32,1,80420,38810.000000000,38810.000000000,38810.000000000,38810.000000000,3,YM
2024-06-10T14:47:53.000000000Z,32,1,80420,38810.000000000,38810.000000000,38810.000000000,38810.000000000,1,YM
2024-06-10T14:47:54.000000000Z,32,1,80420,38809.000000000,38809.000000000,38808.000000000,38808.000000000,4,YM
2024-06-10T14:47:56.000000000Z,32,1,80420,38807.000000000,38807.000000000,38807.000000000,38807.000000000,2,YM
2024-06-10T14:47:57.000000000Z,32,1,80420,38807.000000000,38807.000000000,38807.000000000,38807.000000000,6,YM
2024-06-10T14:47:58.000000000Z,32,1,80420,38808.000000000,38808.000000000,38807.000000000,38807.000000000,2,YM
2024-06-10T14:48:00.000000000Z,32,1,80420,38809.000000000,38810.000000000,38809.000000000,38810.000000000,4,YM
2024-06-10T14:48:01.000000000Z,32,1,80420,38811.000000000,38811.000000000,38810.000000000,38811.000000000,7,YM
2024-06-10T14:48:02.000000000Z,32,1,80420,38810.000000000,38810.000000000,38810.000000000,38810.000000000,7,YM
2024-06-10T14:48:03.000000000Z,32,1,80420,38810.000000000,38811.000000000,38810.000000000,38811.000000000,9,YM
2024-06-10T14:48:05.000000000Z,32,1,80420,38810.000000000,38810.000000000,38808.000000000,38808.000000000,17,YM
2024-06-10T14:48:07.000000000Z,32,1,80420,38808.000000000,38808.000000000,38808.000000000,38808.000000000,1,YM
2024-06-10T14:48:09.000000000Z,32,1,80420,38809.000000000,38810.000000000,38809.000000000,38810.000000000,3,YM
2024-06-10T14:48:10.000000000Z,32,1,80420,38810.000000000,38810.000000000,38810.000000000,38810.000000000,3,YM
2024-06-10T14:48:11.000000000Z,32,1,80420,38811.000000000,38811.000000000,38811.000000000,38811.000000000,3,YM
2024-06-10T14:48:12.000000000Z,32,1,80420,38810.000000000,38810.000000000,38810.000000000,38810.000000000,4,YM
2024-06-10T14:48:14.000000000Z,32,1,80420,38811.000000000,38811.000000000,38811.000000000,38811.000000000,1,YM
2024-06-10T14:48:17.000000000Z,32,1,80420,38811.000000000,38811.000000000,38810.000000000,38810.000000000,3,YM
2024-06-10T14:48:19.000000000Z,32,1,80420,38808.000000000,38808.000000000,38807.000000000,38808.000000000,4,YM
2024-06-10T14:48:20.000000000Z,32,1,80420,38809.000000000,38809.000000000,38808.000000000,38808.000000000,2,YM
2024-06-10T14:48:21.000000000Z,32,1,80420,38809.000000000,38809.000000000,38808.000000000,38808.000000000,2,YM
2024-06-10T14:48:22.000000000Z,32,1,80420,38809.000000000,38809.000000000,38809.000000000,38809.000000000,9,YM
2024-06-10T14:48:23.000000000Z,32,1,80420,38809.000000000,38809.000000000,38808.000000000,38809.000000000,6,YM
2024-06-10T14:48:24.000000000Z,32,1,80420,38808.000000000,38808.000000000,38807.000000000,38807.000000000,4,YM
2024-06-10T14:48:25.000000000Z,32,1,80420,38807.000000000,38807.000000000,38805.000000000,38805.000000000,5,YM
2024-06-10T14:48:26.000000000Z,32,1,80420,38806.000000000,38806.000000000,38806.000000000,38806.000000000,1,YM
2024-06-10T14:48:27.000000000Z,32,1,80420,38806.000000000,38806.000000000,38806.000000000,38806.000000000,3,YM
2024-06-10T14:48:28.000000000Z,32,1,80420,38806.000000000,38806.000000000,38806.000000000,38806.000000000,3,YM
2024-06-10T14:48:29.000000000Z,32,1,80420,38805.000000000,38805.000000000,38805.000000000,38805.000000000,1,YM
2024-06-10T14:48:32.000000000Z,32,1,80420,38805.000000000,38805.000000000,38804.000000000,38805.000000000,7,YM
2024-06-10T14:48:34.000000000Z,32,1,80420,38804.000000000,38804.000000000,38803.000000000,38803.000000000,4,YM
2024-06-10T14:48:35.000000000Z,32,1,80420,38802.000000000,38802.000000000,38802.000000000,38802.000000000,1,YM
2024-06-10T14:48:36.000000000Z,32,1,80420,38803.000000000,38803.000000000,38803.000000000,38803.000000000,1,YM
2024-06-10T14:48:37.000000000Z,32,1,80420,38803.000000000,38804.000000000,38803.000000000,38804.000000000,9,YM
2024-06-10T14:48:38.000000000Z,32,1,80420,38805.000000000,38807.000000000,38805.000000000,38807.000000000,7,YM
2024-06-10T14:48:39.000000000Z,32,1,80420,38806.000000000,38808.000000000,38806.000000000,38808.000000000,3,YM
2024-06-10T14:48:40.000000000Z,32,1,80420,38807.000000000,38807.000000000,38807.000000000,38807.000000000,3,YM
2024-06-10T14:48:41.000000000Z,32,1,80420,38807.000000000,38807.000000000,38807.000000000,38807.000000000,3,YM
2024-06-10T14:48:42.000000000Z,32,1,80420,38806.000000000,38806.000000000,38806.000000000,38806.000000000,1,YM
2024-06-10T14:48:43.000000000Z,32,1,80420,38806.000000000,38806.000000000,38806.000000000,38806.000000000,1,YM
2024-06-10T14:48:44.000000000Z,32,1,80420,38806.000000000,38807.000000000,38806.000000000,38807.000000000,6,YM
2024-06-10T14:48:45.000000000Z,32,1,80420,38808.000000000,38809.000000000,38808.000000000,38809.000000000,3,YM
2024-06-10T14:48:46.000000000Z,32,1,80420,38808.000000000,38808.000000000,38808.000000000,38808.000000000,1,YM
2024-06-10T14:48:47.000000000Z,32,1,80420,38809.000000000,38809.000000000,38809.000000000,38809.000000000,7,YM
2024-06-10T14:48:49.000000000Z,32,1,80420,38809.000000000,38809.000000000,38809.000000000,38809.000000000,1,YM
2024-06-10T14:48:50.000000000Z,32,1,80420,38809.000000000,38809.000000000,38809.000000000,38809.000000000,3,YM
2024-06-10T14:48:54.000000000Z,32,1,80420,38805.000000000,38805.000000000,38805.000000000,38805.000000000,1,YM
2024-06-10T14:48:55.000000000Z,32,1,80420,38806.000000000,38806.000000000,38806.000000000,38806.000000000,2,YM
2024-06-10T14:48:57.000000000Z,32,1,80420,38804.000000000,38804.000000000,38804.000000000,38804.000000000,4,YM
2024-06-10T14:48:58.000000000Z,32,1,80420,38804.000000000,38804.000000000,38804.000000000,38804.000000000,1,YM
2024-06-10T14:49:00.000000000Z,32,1,80420,38805.000000000,38805.000000000,38805.000000000,38805.000000000,9,YM
2024-06-10T14:49:01.000000000Z,32,1,80420,38804.000000000,38805.000000000,38804.000000000,38805.000000000,4,YM
2024-06-10T14:49:02.000000000Z,32,1,80420,38805.000000000,38806.000000000,38805.000000000,38806.000000000,3,YM
2024-06-10T14:49:05.000000000Z,32,1,80420,38804.000000000,38804.000000000,38804.000000000,38804.000000000,1,YM
2024-06-10T14:49:08.000000000Z,32,1,80420,38805.000000000,38805.000000000,38805.000000000,38805.000000000,1,YM
2024-06-10T14:49:09.000000000Z,32,1,80420,38806.000000000,38807.000000000,38806.000000000,38807.000000000,13,YM
2024-06-10T14:49:12.000000000Z,32,1,80420,38805.000000000,38806.000000000,38805.000000000,38805.000000000,9,YM
2024-06-10T14:49:13.000000000Z,32,1,80420,38804.000000000,38804.000000000,38803.000000000,38804.000000000,5,YM
2024-06-10T14:49:14.000000000Z,32,1,80420,38802.000000000,38802.000000000,38795.000000000,38795.000000000,21,YM
2024-06-10T14:49:15.000000000Z,32,1,80420,38795.000000000,38795.000000000,38795.000000000,38795.000000000,1,YM
2024-06-10T14:49:16.000000000Z,32,1,80420,38794.000000000,38795.000000000,38794.000000000,38795.000000000,5,YM
2024-06-10T14:49:17.000000000Z,32,1,80420,38795.000000000,38796.000000000,38794.000000000,38796.000000000,14,YM
2024-06-10T14:49:18.000000000Z,32,1,80420,38795.000000000,38796.000000000,38795.000000000,38795.000000000,17,YM
2024-06-10T14:49:19.000000000Z,32,1,80420,38795.000000000,38795.000000000,38794.000000000,38794.000000000,6,YM
2024-06-10T14:49:20.000000000Z,32,1,80420,38795.000000000,38795.000000000,38795.000000000,38795.000000000,1,YM
2024-06-10T14:49:21.000000000Z,32,1,80420,38794.000000000,38794.000000000,38794.000000000,38794.000000000,1,YM
2024-06-10T14:49:22.000000000Z,32,1,80420,38795.000000000,38795.000000000,38794.000000000,38795.000000000,7,YM
2024-06-10T14:49:24.000000000Z,32,1,80420,38794.000000000,38794.000000000,38794.000000000,38794.000000000,2,YM
2024-06-10T14:49:27.000000000Z,32,1,80420,38794.000000000,38796.000000000,38794.000000000,38796.000000000,9,YM
2024-06-10T14:49:28.000000000Z,32,1,80420,38795.000000000,38795.000000000,38795.000000000,38795.000000000,4,YM
2024-06-10T14:49:29.000000000Z,32,1,80420,38796.000000000,38796.000000000,38796.000000000,38796.000000000,2,YM
2024-06-10T14:49:30.000000000Z,32,1,80420,38796.000000000,38796.000000000,38796.000000000,38796.000000000,4,YM
2024-06-10T14:49:31.000000000Z,32,1,80420,38797.000000000,38797.000000000,38797.000000000,38797.000000000,3,YM
2024-06-10T14:49:33.000000000Z,32,1,80420,38797.000000000,38797.000000000,38797.000000000,38797.000000000,4,YM
2024-06-10T14:49:34.000000000Z,32,1,80420,38796.000000000,38796.000000000,38794.000000000,38794.000000000,22,YM
2024-06-10T14:49:35.000000000Z,32,1,80420,38794.000000000,38795.000000000,38794.000000000,38795.000000000,10,YM
2024-06-10T14:49:36.000000000Z,32,1,80420,38796.000000000,38796.000000000,38796.000000000,38796.000000000,14,YM
2024-06-10T14:49:37.000000000Z,32,1,80420,38797.000000000,38798.000000000,38797.000000000,38798.000000000,17,YM
2024-06-10T14:49:38.000000000Z,32,1,80420,38799.000000000,38799.000000000,38798.000000000,38799.000000000,7,YM
2024-06-10T14:49:39.000000000Z,32,1,80420,38800.000000000,38800.000000000,38800.000000000,38800.000000000,3,YM
2024-06-10T14:49:40.000000000Z,32,1,80420,38800.000000000,38800.000000000,38800.000000000,38800.000000000,1,YM
2024-06-10T14:49:41.000000000Z,32,1,80420,38800.000000000,38802.000000000,38800.000000000,38802.000000000,9,YM
2024-06-10T14:49:42.000000000Z,32,1,80420,38803.000000000,38804.000000000,38803.000000000,38803.000000000,10,YM
2024-06-10T14:49:43.000000000Z,32,1,80420,38804.000000000,38805.000000000,38803.000000000,38803.000000000,16,YM
2024-06-10T14:49:44.000000000Z,32,1,80420,38805.000000000,38808.000000000,38805.000000000,38808.000000000,9,YM
2024-06-10T14:49:45.000000000Z,32,1,80420,38807.000000000,38807.000000000,38807.000000000,38807.000000000,4,YM
2024-06-10T14:49:46.000000000Z,32,1,80420,38807.000000000,38807.000000000,38805.000000000,38806.000000000,7,YM
2024-06-10T14:49:47.000000000Z,32,1,80420,38805.000000000,38805.000000000,38805.000000000,38805.000000000,4,YM
2024-06-10T14:49:48.000000000Z,32,1,80420,38805.000000000,38805.000000000,38805.000000000,38805.000000000,1,YM
2024-06-10T14:49:49.000000000Z,32,1,80420,38806.000000000,38807.000000000,38806.000000000,38807.000000000,8,YM
2024-06-10T14:49:50.000000000Z,32,1,80420,38806.000000000,38806.000000000,38806.000000000,38806.000000000,2,YM
2024-06-10T14:49:51.000000000Z,32,1,80420,38806.000000000,38806.000000000,38806.000000000,38806.000000000,2,YM
2024-06-10T14:49:52.000000000Z,32,1,80420,38806.000000000,38806.000000000,38806.000000000,38806.000000000,1,YM
2024-06-10T14:49:54.000000000Z,32,1,80420,38807.000000000,38807.000000000,38807.000000000,38807.000000000,1,YM
2024-06-10T14:49:56.000000000Z,32,1,80420,38808.000000000,38808.000000000,38807.000000000,38807.000000000,3,YM
2024-06-10T14:49:57.000000000Z,32,1,80420,38806.000000000,38806.000000000,38806.000000000,38806.000000000,1,YM
2024-06-10T14:49:59.000000000Z,32,1,80420,38805.000000000,38805.000000000,38805.000000000,38805.000000000,2,YM
2024-06-10T14:50:00.000000000Z,32,1,80420,38804.000000000,38804.000000000,38803.000000000,38803.000000000,3,YM
2024-06-10T14:50:01.000000000Z,32,1,80420,38800.000000000,38802.000000000,38799.000000000,38802.000000000,18,YM
2024-06-10T14:50:03.000000000Z,32,1,80420,38802.000000000,38803.000000000,38802.000000000,38803.000000000,5,YM
2024-06-10T14:50:04.000000000Z,32,1,80420,38802.000000000,38803.000000000,38802.000000000,38803.000000000,6,YM
2024-06-10T14:50:05.000000000Z,32,1,80420,38804.000000000,38804.000000000,38804.000000000,38804.000000000,1,YM
2024-06-10T14:50:06.000000000Z,32,1,80420,38804.000000000,38804.000000000,38804.000000000,38804.000000000,1,YM
2024-06-10T14:50:08.000000000Z,32,1,80420,38805.000000000,38806.000000000,38805.000000000,38806.000000000,2,YM
2024-06-10T14:50:10.000000000Z,32,1,80420,38806.000000000,38806.000000000,38805.000000000,38806.000000000,3,YM
2024-06-10T14:50:11.000000000Z,32,1,80420,38805.000000000,38805.000000000,38805.000000000,38805.000000000,1,YM
2024-06-10T14:50:12.000000000Z,32,1,80420,38804.000000000,38804.000000000,38803.000000000,38803.000000000,5,YM
2024-06-10T14:50:13.000000000Z,32,1,80420,38802.000000000,38802.000000000,38801.000000000,38801.000000000,8,YM
2024-06-10T14:50:16.000000000Z,32,1,80420,38800.000000000,38800.000000000,38799.000000000,38799.000000000,6,YM
2024-06-10T14:50:17.000000000Z,32,1,80420,38799.000000000,38799.000000000,38799.000000000,38799.000000000,4,YM
2024-06-10T14:50:18.000000000Z,32,1,80420,38798.000000000,38798.000000000,38798.000000000,38798.000000000,2,YM
2024-06-10T14:50:19.000000000Z,32,1,80420,38797.000000000,38797.000000000,38797.000000000,38797.000000000,1,YM
2024-06-10T14:50:20.000000000Z,32,1,80420,38797.000000000,38797.000000000,38796.000000000,38796.000000000,8,YM
2024-06-10T14:50:21.000000000Z,32,1,80420,38797.000000000,38797.000000000,38796.000000000,38796.000000000,5,YM
2024-06-10T14:50:22.000000000Z,32,1,80420,38797.000000000,38797.000000000,38797.000000000,38797.000000000,1,YM
2024-06-10T14:50:23.000000000Z,32,1,80420,38797.000000000,38799.000000000,38797.000000000,38798.000000000,10,YM
2024-06-10T14:50:24.000000000Z,32,1,80420,38799.000000000,38799.000000000,38798.000000000,38798.000000000,4,YM
2024-06-10T14:50:26.000000000Z,32,1,80420,38800.000000000,38800.000000000,38800.000000000,38800.000000000,1,YM
2024-06-10T14:50:28.000000000Z,32,1,80420,38799.000000000,38799.000000000,38799.000000000,38799.000000000,4,YM
2024-06-10T14:50:29.000000000Z,32,1,80420,38799.000000000,38799.000000000,38799.000000000,38799.000000000,4,YM
2024-06-10T14:50:30.000000000Z,32,1,80420,38800.000000000,38800.000000000,38800.000000000,38800.000000000,1,YM
2024-06-10T14:50:31.000000000Z,32,1,80420,38799.000000000,38799.000000000,38799.000000000,38799.000000000,1,YM
2024-06-10T14:50:32.000000000Z,32,1,80420,38801.000000000,38801.000000000,38801.000000000,38801.000000000,1,YM
2024-06-10T14:50:33.000000000Z,32,1,80420,38802.000000000,38802.000000000,38802.000000000,38802.000000000,1,YM
2024-06-10T14:50:34.000000000Z,32,1,80420,38802.000000000,38802.000000000,38802.000000000,38802.000000000,1,YM
2024-06-10T14:50:36.000000000Z,32,1,80420,38801.000000000,38801.000000000,38799.000000000,38799.000000000,3,YM
2024-06-10T14:50:37.000000000Z,32,1,80420,38797.000000000,38797.000000000,38795.000000000,38795.000000000,6,YM
2024-06-10T14:50:38.000000000Z,32,1,80420,38796.000000000,38796.000000000,38796.000000000,38796.000000000,2,YM
2024-06-10T14:50:39.000000000Z,32,1,80420,38795.000000000,38795.000000000,38795.000000000,38795.000000000,1,YM
2024-06-10T14:50:40.000000000Z,32,1,80420,38794.000000000,38794.000000000,38794.000000000,38794.000000000,1,YM
2024-06-10T14:50:41.000000000Z,32,1,80420,38794.000000000,38794.000000000,38794.000000000,38794.000000000,1,YM
2024-06-10T14:50:42.000000000Z,32,1,80420,38795.000000000,38795.000000000,38795.000000000,38795.000000000,1,YM
2024-06-10T14:50:44.000000000Z,32,1,80420,38795.000000000,38795.000000000,38795.000000000,38795.000000000,2,YM
2024-06-10T14:50:45.000000000Z,32,1,80420,38796.000000000,38796.000000000,38796.000000000,38796.000000000,1,YM
2024-06-10T14:50:46.000000000Z,32,1,80420,38796.000000000,38796.000000000,38796.000000000,38796.000000000,2,YM
2024-06-10T14:50:49.000000000Z,32,1,80420,38797.000000000,38797.000000000,38797.000000000,38797.000000000,3,YM
2024-06-10T14:50:51.000000000Z,32,1,80420,38798.000000000,38798.000000000,38798.000000000,38798.000000000,1,YM
2024-06-10T14:50:52.000000000Z,32,1,80420,38798.000000000,38798.000000000,38797.000000000,38797.000000000,3,YM
2024-06-10T14:50:53.000000000Z,32,1,80420,38798.000000000,38798.000000000,38798.000000000,38798.000000000,1,YM
2024-06-10T14:50:55.000000000Z,32,1,80420,38798.000000000,38798.000000000,38797.000000000,38797.000000000,3,YM
2024-06-10T14:50:56.000000000Z,32,1,80420,38797.000000000,38797.000000000,38797.000000000,38797.000000000,1,YM
2024-06-10T14:50:57.000000000Z,32,1,80420,38797.000000000,38797.000000000,38797.000000000,38797.000000000,2,YM
2024-06-10T14:50:58.000000000Z,32,1,80420,38797.000000000,38797.000000000,38797.000000000,38797.000000000,1,YM
2024-06-10T14:51:01.000000000Z,32,1,80420,38798.000000000,38798.000000000,38798.000000000,38798.000000000,2,YM
2024-06-10T14:51:02.000000000Z,32,1,80420,38799.000000000,38800.000000000,38799.000000000,38800.000000000,3,YM
2024-06-10T14:51:03.000000000Z,32,1,80420,38800.000000000,38800.000000000,38800.000000000,38800.000000000,1,YM
2024-06-10T14:51:04.000000000Z,32,1,80420,38800.000000000,38800.000000000,38800.000000000,38800.000000000,3,YM
2024-06-10T14:51:05.000000000Z,32,1,80420,38799.000000000,38799.000000000,38799.000000000,38799.000000000,2,YM
2024-06-10T14:51:06.000000000Z,32,1,80420,38801.000000000,38802.000000000,38801.000000000,38801.000000000,4,YM
2024-06-10T14:51:08.000000000Z,32,1,80420,38800.000000000,38800.000000000,38800.000000000,38800.000000000,1,YM
2024-06-10T14:51:09.000000000Z,32,1,80420,38800.000000000,38800.000000000,38799.000000000,38799.000000000,4,YM
2024-06-10T14:51:10.000000000Z,32,1,80420,38798.000000000,38798.000000000,38798.000000000,38798.000000000,2,YM
2024-06-10T14:51:11.000000000Z,32,1,80420,38797.000000000,38797.000000000,38797.000000000,38797.000000000,2,YM
2024-06-10T14:51:12.000000000Z,32,1,80420,38797.000000000,38798.000000000,38797.000000000,38798.000000000,4,YM
2024-06-10T14:51:13.000000000Z,32,1,80420,38796.000000000,38796.000000000,38796.000000000,38796.000000000,2,YM
2024-06-10T14:51:14.000000000Z,32,1,80420,38796.000000000,38796.000000000,38796.000000000,38796.000000000,1,YM
2024-06-10T14:51:16.000000000Z,32,1,80420,38795.000000000,38795.000000000,38795.000000000,38795.000000000,3,YM
2024-06-10T14:51:19.000000000Z,32,1,80420,38794.000000000,38794.000000000,38793.000000000,38794.000000000,3,YM
2024-06-10T14:51:20.000000000Z,32,1,80420,38794.000000000,38794.000000000,38794.000000000,38794.000000000,1,YM
2024-06-10T14:51:21.000000000Z,32,1,80420,38795.000000000,38795.000000000,38794.000000000,38794.000000000,5,YM
2024-06-10T14:51:22.000000000Z,32,1,80420,38794.000000000,38794.000000000,38794.000000000,38794.000000000,9,YM
2024-06-10T14:51:23.000000000Z,32,1,80420,38793.000000000,38794.000000000,38793.000000000,38793.000000000,7,YM
2024-06-10T14:51:24.000000000Z,32,1,80420,38792.000000000,38792.000000000,38792.000000000,38792.000000000,3,YM
2024-06-10T14:51:25.000000000Z,32,1,80420,38793.000000000,38793.000000000,38793.000000000,38793.000000000,2,YM
2024-06-10T14:51:26.000000000Z,32,1,80420,38791.000000000,38791.000000000,38791.000000000,38791.000000000,2,YM
2024-06-10T14:51:27.000000000Z,32,1,80420,38791.000000000,38791.000000000,38790.000000000,38791.000000000,9,YM
2024-06-10T14:51:28.000000000Z,32,1,80420,38790.000000000,38790.000000000,38790.000000000,38790.000000000,1,YM
2024-06-10T14:51:30.000000000Z,32,1,80420,38790.000000000,38790.000000000,38789.000000000,38789.000000000,7,YM
2024-06-10T14:51:31.000000000Z,32,1,80420,38789.000000000,38789.000000000,38788.000000000,38788.000000000,5,YM
2024-06-10T14:51:32.000000000Z,32,1,80420,38788.000000000,38789.000000000,38788.000000000,38789.000000000,4,YM
2024-06-10T14:51:33.000000000Z,32,1,80420,38788.000000000,38788.000000000,38788.000000000,38788.000000000,3,YM
2024-06-10T14:51:35.000000000Z,32,1,80420,38789.000000000,38789.000000000,38788.000000000,38788.000000000,3,YM
2024-06-10T14:51:36.000000000Z,32,1,80420,38789.000000000,38789.000000000,38789.000000000,38789.000000000,1,YM
2024-06-10T14:51:37.000000000Z,32,1,80420,38789.000000000,38789.000000000,38789.000000000,38789.000000000,2,YM
2024-06-10T14:51:39.000000000Z,32,1,80420,38788.000000000,38788.000000000,38786.000000000,38787.000000000,33,YM
2024-06-10T14:51:41.000000000Z,32,1,80420,38787.000000000,38787.000000000,38787.000000000,38787.000000000,1,YM
2024-06-10T14:51:45.000000000Z,32,1,80420,38787.000000000,38787.000000000,38787.000000000,38787.000000000,1,YM
2024-06-10T14:51:46.000000000Z,32,1,80420,38786.000000000,38786.000000000,38786.000000000,38786.000000000,1,YM
2024-06-10T14:51:49.000000000Z,32,1,80420,38787.000000000,38787.000000000,38787.000000000,38787.000000000,3,YM
2024-06-10T14:51:50.000000000Z,32,1,80420,38787.000000000,38787.000000000,38787.000000000,38787.000000000,2,YM
2024-06-10T14:51:55.000000000Z,32,1,80420,38787.000000000,38787.000000000,38787.000000000,38787.000000000,1,YM
2024-06-10T14:51:56.000000000Z,32,1,80420,38787.000000000,38787.000000000,38787.000000000,38787.000000000,4,YM
2024-06-10T14:51:59.000000000Z,32,1,80420,38787.000000000,38787.000000000,38787.000000000,38787.000000000,1,YM
2024-06-10T14:52:00.000000000Z,32,1,80420,38788.000000000,38789.000000000,38788.000000000,38789.000000000,9,YM
2024-06-10T14:52:01.000000000Z,32,1,80420,38789.000000000,38789.000000000,38789.000000000,38789.000000000,1,YM
2024-06-10T14:52:04.000000000Z,32,1,80420,38790.000000000,38790.000000000,38789.000000000,38789.000000000,3,YM
2024-06-10T14:52:08.000000000Z,32,1,80420,38788.000000000,38788.000000000,38787.000000000,38788.000000000,11,YM
2024-06-10T14:52:09.000000000Z,32,1,80420,38789.000000000,38789.000000000,38789.000000000,38789.000000000,2,YM
2024-06-10T14:52:12.000000000Z,32,1,80420,38787.000000000,38787.000000000,38787.000000000,38787.000000000,1,YM
2024-06-10T14:52:15.000000000Z,32,1,80420,38787.000000000,38787.000000000,38787.000000000,38787.000000000,5,YM
2024-06-10T14:52:17.000000000Z,32,1,80420,38787.000000000,38787.000000000,38787.000000000,38787.000000000,1,YM
2024-06-10T14:52:19.000000000Z,32,1,80420,38789.000000000,38789.000000000,38788.000000000,38788.000000000,3,YM
2024-06-10T14:52:20.000000000Z,32,1,80420,38789.000000000,38789.000000000,38789.000000000,38789.000000000,1,YM
2024-06-10T14:52:21.000000000Z,32,1,80420,38788.000000000,38788.000000000,38788.000000000,38788.000000000,1,YM
2024-06-10T14:52:22.000000000Z,32,1,80420,38790.000000000,38790.000000000,38790.000000000,38790.000000000,1,YM
2024-06-10T14:52:24.000000000Z,32,1,80420,38789.000000000,38789.000000000,38789.000000000,38789.000000000,2,YM
2024-06-10T14:52:25.000000000Z,32,1,80420,38789.000000000,38789.000000000,38789.000000000,38789.000000000,1,YM
2024-06-10T14:52:26.000000000Z,32,1,80420,38788.000000000,38788.000000000,38788.000000000,38788.000000000,1,YM
2024-06-10T14:52:27.000000000Z,32,1,80420,38788.000000000,38788.000000000,38788.000000000,38788.000000000,2,YM
2024-06-10T14:52:28.000000000Z,32,1,80420,38788.000000000,38788.000000000,38788.000000000,38788.000000000,1,YM
2024-06-10T14:52:30.000000000Z,32,1,80420,38789.000000000,38790.000000000,38789.000000000,38790.000000000,10,YM
2024-06-10T14:52:33.000000000Z,32,1,80420,38790.000000000,38790.000000000,38790.000000000,38790.000000000,2,YM
2024-06-10T14:52:35.000000000Z,32,1,80420,38789.000000000,38789.000000000,38788.000000000,38788.000000000,5,YM
2024-06-10T14:52:37.000000000Z,32,1,80420,38788.000000000,38788.000000000,38788.000000000,38788.000000000,2,YM
2024-06-10T14:52:38.000000000Z,32,1,80420,38788.000000000,38788.000000000,38788.000000000,38788.000000000,1,YM
2024-06-10T14:52:39.000000000Z,32,1,80420,38788.000000000,38788.000000000,38788.000000000,38788.000000000,1,YM
2024-06-10T14:52:42.000000000Z,32,1,80420,38787.000000000,38788.000000000,38787.000000000,38788.000000000,3,YM
2024-06-10T14:52:43.000000000Z,32,1,80420,38788.000000000,38788.000000000,38788.000000000,38788.000000000,2,YM
2024-06-10T14:52:47.000000000Z,32,1,80420,38787.000000000,38787.000000000,38787.000000000,38787.000000000,1,YM
2024-06-10T14:52:48.000000000Z,32,1,80420,38787.000000000,38787.000000000,38786.000000000,38787.000000000,5,YM
2024-06-10T14:52:49.000000000Z,32,1,80420,38787.000000000,38787.000000000,38787.000000000,38787.000000000,1,YM
2024-06-10T14:52:51.000000000Z,32,1,80420,38788.000000000,38788.000000000,38787.000000000,38787.000000000,4,YM
2024-06-10T14:52:56.000000000Z,32,1,80420,38786.000000000,38786.000000000,38786.000000000,38786.000000000,4,YM
2024-06-10T14:52:58.000000000Z,32,1,80420,38786.000000000,38786.000000000,38785.000000000,38785.000000000,3,YM
2024-06-10T14:52:59.000000000Z,32,1,80420,38785.000000000,38785.000000000,38785.000000000,38785.000000000,1,YM
2024-06-10T14:53:00.000000000Z,32,1,80420,38785.000000000,38786.000000000,38785.000000000,38786.000000000,4,YM
2024-06-10T14:53:02.000000000Z,32,1,80420,38786.000000000,38786.000000000,38785.000000000,38786.000000000,16,YM
2024-06-10T14:53:03.000000000Z,32,1,80420,38787.000000000,38788.000000000,38787.000000000,38787.000000000,18,YM
2024-06-10T14:53:04.000000000Z,32,1,80420,38788.000000000,38788.000000000,38788.000000000,38788.000000000,2,YM
2024-06-10T14:53:05.000000000Z,32,1,80420,38789.000000000,38790.000000000,38789.000000000,38790.000000000,2,YM
2024-06-10T14:53:06.000000000Z,32,1,80420,38792.000000000,38792.000000000,38791.000000000,38791.000000000,4,YM
2024-06-10T14:53:07.000000000Z,32,1,80420,38791.000000000,38791.000000000,38791.000000000,38791.000000000,1,YM
2024-06-10T14:53:08.000000000Z,32,1,80420,38793.000000000,38793.000000000,38793.000000000,38793.000000000,2,YM
2024-06-10T14:53:09.000000000Z,32,1,80420,38794.000000000,38794.000000000,38794.000000000,38794.000000000,1,YM
2024-06-10T14:53:10.000000000Z,32,1,80420,38794.000000000,38795.000000000,38794.000000000,38795.000000000,2,YM
2024-06-10T14:53:11.000000000Z,32,1,80420,38795.000000000,38795.000000000,38795.000000000,38795.000000000,1,YM
2024-06-10T14:53:12.000000000Z,32,1,80420,38794.000000000,38794.000000000,38793.000000000,38793.000000000,9,YM
2024-06-10T14:53:14.000000000Z,32,1,80420,38794.000000000,38795.000000000,38794.000000000,38795.000000000,2,YM
2024-06-10T14:53:15.000000000Z,32,1,80420,38795.000000000,38795.000000000,38795.000000000,38795.000000000,2,YM
2024-06-10T14:53:17.000000000Z,32,1,80420,38794.000000000,38794.000000000,38794.000000000,38794.000000000,1,YM
2024-06-10T14:53:18.000000000Z,32,1,80420,38794.000000000,38794.000000000,38794.000000000,38794.000000000,1,YM
2024-06-10T14:53:19.000000000Z,32,1,80420,38793.000000000,38793.000000000,38793.000000000,38793.000000000,1,YM
2024-06-10T14:53:20.000000000Z,32,1,80420,38793.000000000,38794.000000000,38790.000000000,38790.000000000,13,YM
2024-06-10T14:53:21.000000000Z,32,1,80420,38789.000000000,38790.000000000,38789.000000000,38790.000000000,6,YM
2024-06-10T14:53:22.000000000Z,32,1,80420,38789.000000000,38790.000000000,38789.000000000,38790.000000000,3,YM
2024-06-10T14:53:23.000000000Z,32,1,80420,38789.000000000,38789.000000000,38788.000000000,38788.000000000,7,YM
2024-06-10T14:53:24.000000000Z,32,1,80420,38789.000000000,38789.000000000,38789.000000000,38789.000000000,1,YM
2024-06-10T14:53:25.000000000Z,32,1,80420,38790.000000000,38790.000000000,38790.000000000,38790.000000000,1,YM
2024-06-10T14:53:26.000000000Z,32,1,80420,38791.000000000,38791.000000000,38790.000000000,38790.000000000,2,YM
2024-06-10T14:53:27.000000000Z,32,1,80420,38789.000000000,38789.000000000,38789.000000000,38789.000000000,1,YM
2024-06-10T14:53:29.000000000Z,32,1,80420,38786.000000000,38786.000000000,38786.000000000,38786.000000000,1,YM
2024-06-10T14:53:30.000000000Z,32,1,80420,38785.000000000,38785.000000000,38784.000000000,38784.000000000,12,YM
2024-06-10T14:53:32.000000000Z,32,1,80420,38786.000000000,38786.000000000,38786.000000000,38786.000000000,3,YM
2024-06-10T14:53:33.000000000Z,32,1,80420,38786.000000000,38786.000000000,38786.000000000,38786.000000000,1,YM
2024-06-10T14:53:34.000000000Z,32,1,80420,38786.000000000,38787.000000000,38786.000000000,38786.000000000,5,YM
2024-06-10T14:53:35.000000000Z,32,1,80420,38785.000000000,38785.000000000,38785.000000000,38785.000000000,1,YM
2024-06-10T14:53:36.000000000Z,32,1,80420,38785.000000000,38786.000000000,38785.000000000,38786.000000000,5,YM
2024-06-10T14:53:37.000000000Z,32,1,80420,38786.000000000,38786.000000000,38786.000000000,38786.000000000,2,YM
2024-06-10T14:53:38.000000000Z,32,1,80420,38786.000000000,38786.000000000,38786.000000000,38786.000000000,1,YM
2024-06-10T14:53:40.000000000Z,32,1,80420,38786.000000000,38786.000000000,38786.000000000,38786.000000000,11,YM
2024-06-10T14:53:41.000000000Z,32,1,80420,38786.000000000,38786.000000000,38786.000000000,38786.000000000,1,YM
2024-06-10T14:53:42.000000000Z,32,1,80420,38785.000000000,38785.000000000,38785.000000000,38785.000000000,2,YM
2024-06-10T14:53:43.000000000Z,32,1,80420,38784.000000000,38784.000000000,38784.000000000,38784.000000000,1,YM
2024-06-10T14:53:44.000000000Z,32,1,80420,38785.000000000,38786.000000000,38785.000000000,38786.000000000,14,YM
2024-06-10T14:53:45.000000000Z,32,1,80420,38786.000000000,38786.000000000,38786.000000000,38786.000000000,4,YM
2024-06-10T14:53:46.000000000Z,32,1,80420,38787.000000000,38788.000000000,38787.000000000,38788.000000000,8,YM
2024-06-10T14:53:48.000000000Z,32,1,80420,38788.000000000,38788.000000000,38788.000000000,38788.000000000,4,YM
2024-06-10T14:53:50.000000000Z,32,1,80420,38788.000000000,38788.000000000,38788.000000000,38788.000000000,2,YM
2024-06-10T14:53:53.000000000Z,32,1,80420,38788.000000000,38789.000000000,38788.000000000,38789.000000000,3,YM
2024-06-10T14:53:54.000000000Z,32,1,80420,38787.000000000,38787.000000000,38787.000000000,38787.000000000,10,YM
2024-06-10T14:53:55.000000000Z,32,1,80420,38788.000000000,38788.000000000,38788.000000000,38788.000000000,1,YM
2024-06-10T14:53:57.000000000Z,32,1,80420,38789.000000000,38789.000000000,38788.000000000,38788.000000000,4,YM
2024-06-10T14:53:59.000000000Z,32,1,80420,38788.000000000,38788.000000000,38788.000000000,38788.000000000,1,YM
2024-06-10T14:54:00.000000000Z,32,1,80420,38788.000000000,38789.000000000,38788.000000000,38789.000000000,3,YM
2024-06-10T14:54:03.000000000Z,32,1,80420,38789.000000000,38789.000000000,38789.000000000,38789.000000000,5,YM
2024-06-10T14:54:05.000000000Z,32,1,80420,38790.000000000,38791.000000000,38790.000000000,38791.000000000,2,YM
2024-06-10T14:54:06.000000000Z,32,1,80420,38790.000000000,38790.000000000,38789.000000000,38790.000000000,4,YM
2024-06-10T14:54:07.000000000Z,32,1,80420,38792.000000000,38793.000000000,38792.000000000,38793.000000000,2,YM
2024-06-10T14:54:08.000000000Z,32,1,80420,38791.000000000,38791.000000000,38790.000000000,38791.000000000,8,YM
2024-06-10T14:54:09.000000000Z,32,1,80420,38790.000000000,38790.000000000,38790.000000000,38790.000000000,8,YM
2024-06-10T14:54:10.000000000Z,32,1,80420,38791.000000000,38791.000000000,38791.000000000,38791.000000000,1,YM
2024-06-10T14:54:11.000000000Z,32,1,80420,38790.000000000,38791.000000000,38790.000000000,38791.000000000,4,YM
2024-06-10T14:54:12.000000000Z,32,1,80420,38791.000000000,38791.000000000,38790.000000000,38790.000000000,4,YM
2024-06-10T14:54:13.000000000Z,32,1,80420,38790.000000000,38790.000000000,38789.000000000,38789.000000000,2,YM
2024-06-10T14:54:18.000000000Z,32,1,80420,38790.000000000,38790.000000000,38789.000000000,38789.000000000,18,YM
2024-06-10T14:54:19.000000000Z,32,1,80420,38789.000000000,38789.000000000,38789.000000000,38789.000000000,1,YM
2024-06-10T14:54:21.000000000Z,32,1,80420,38788.000000000,38788.000000000,38788.000000000,38788.000000000,2,YM
2024-06-10T14:54:22.000000000Z,32,1,80420,38788.000000000,38788.000000000,38788.000000000,38788.000000000,10,YM
2024-06-10T14:54:23.000000000Z,32,1,80420,38787.000000000,38787.000000000,38786.000000000,38786.000000000,8,YM
2024-06-10T14:54:24.000000000Z,32,1,80420,38786.000000000,38786.000000000,38786.000000000,38786.000000000,2,YM
2024-06-10T14:54:26.000000000Z,32,1,80420,38786.000000000,38786.000000000,38786.000000000,38786.000000000,1,YM
2024-06-10T14:54:28.000000000Z,32,1,80420,38787.000000000,38788.000000000,38787.000000000,38788.000000000,4,YM
2024-06-10T14:54:29.000000000Z,32,1,80420,38789.000000000,38790.000000000,38789.000000000,38790.000000000,5,YM
2024-06-10T14:54:30.000000000Z,32,1,80420,38790.000000000,38790.000000000,38790.000000000,38790.000000000,1,YM
2024-06-10T14:54:32.000000000Z,32,1,80420,38790.000000000,38790.000000000,38790.000000000,38790.000000000,6,YM
2024-06-10T14:54:33.000000000Z,32,1,80420,38791.000000000,38791.000000000,38791.000000000,38791.000000000,2,YM
2024-06-10T14:54:34.000000000Z,32,1,80420,38791.000000000,38791.000000000,38791.000000000,38791.000000000,1,YM
2024-06-10T14:54:38.000000000Z,32,1,80420,38791.000000000,38792.000000000,38791.000000000,38792.000000000,3,YM
2024-06-10T14:54:41.000000000Z,32,1,80420,38793.000000000,38793.000000000,38793.000000000,38793.000000000,2,YM
2024-06-10T14:54:43.000000000Z,32,1,80420,38793.000000000,38793.000000000,38793.000000000,38793.000000000,1,YM
2024-06-10T14:54:45.000000000Z,32,1,80420,38794.000000000,38794.000000000,38794.000000000,38794.000000000,7,YM
2024-06-10T14:54:46.000000000Z,32,1,80420,38793.000000000,38793.000000000,38793.000000000,38793.000000000,2,YM
2024-06-10T14:54:47.000000000Z,32,1,80420,38793.000000000,38793.000000000,38793.000000000,38793.000000000,1,YM
2024-06-10T14:54:50.000000000Z,32,1,80420,38792.000000000,38792.000000000,38792.000000000,38792.000000000,4,YM
2024-06-10T14:54:53.000000000Z,32,1,80420,38792.000000000,38792.000000000,38792.000000000,38792.000000000,3,YM
2024-06-10T14:54:54.000000000Z,32,1,80420,38790.000000000,38790.000000000,38790.000000000,38790.000000000,1,YM
2024-06-10T14:54:56.000000000Z,32,1,80420,38790.000000000,38790.000000000,38790.000000000,38790.000000000,1,YM
2024-06-10T14:54:57.000000000Z,32,1,80420,38790.000000000,38790.000000000,38790.000000000,38790.000000000,1,YM
2024-06-10T14:54:58.000000000Z,32,1,80420,38791.000000000,38794.000000000,38791.000000000,38794.000000000,7,YM
2024-06-10T14:54:59.000000000Z,32,1,80420,38794.000000000,38794.000000000,38793.000000000,38793.000000000,2,YM
2024-06-10T14:55:00.000000000Z,32,1,80420,38793.000000000,38793.000000000,38792.000000000,38792.000000000,2,YM
2024-06-10T14:55:01.000000000Z,32,1,80420,38791.000000000,38792.000000000,38790.000000000,38792.000000000,7,YM
2024-06-10T14:55:03.000000000Z,32,1,80420,38791.000000000,38791.000000000,38791.000000000,38791.000000000,1,YM
2024-06-10T14:55:04.000000000Z,32,1,80420,38791.000000000,38791.000000000,38789.000000000,38789.000000000,7,YM
2024-06-10T14:55:05.000000000Z,32,1,80420,38789.000000000,38789.000000000,38789.000000000,38789.000000000,1,YM
2024-06-10T14:55:07.000000000Z,32,1,80420,38789.000000000,38789.000000000,38788.000000000,38788.000000000,2,YM
2024-06-10T14:55:08.000000000Z,32,1,80420,38788.000000000,38788.000000000,38788.000000000,38788.000000000,2,YM
2024-06-10T14:55:10.000000000Z,32,1,80420,38788.000000000,38788.000000000,38788.000000000,38788.000000000,1,YM
2024-06-10T14:55:11.000000000Z,32,1,80420,38788.000000000,38789.000000000,38788.000000000,38789.000000000,2,YM
2024-06-10T14:55:13.000000000Z,32,1,80420,38788.000000000,38788.000000000,38788.000000000,38788.000000000,9,YM
2024-06-10T14:55:14.000000000Z,32,1,80420,38788.000000000,38789.000000000,38788.000000000,38789.000000000,3,YM
2024-06-10T14:55:15.000000000Z,32,1,80420,38787.000000000,38787.000000000,38786.000000000,38786.000000000,5,YM
2024-06-10T14:55:16.000000000Z,32,1,80420,38785.000000000,38785.000000000,38781.000000000,38782.000000000,33,YM
2024-06-10T14:55:17.000000000Z,32,1,80420,38782.000000000,38782.000000000,38781.000000000,38781.000000000,3,YM
2024-06-10T14:55:19.000000000Z,32,1,80420,38782.000000000,38782.000000000,38781.000000000,38781.000000000,3,YM
2024-06-10T14:55:20.000000000Z,32,1,80420,38781.000000000,38781.000000000,38781.000000000,38781.000000000,1,YM
2024-06-10T14:55:21.000000000Z,32,1,80420,38780.000000000,38780.000000000,38779.000000000,38779.000000000,15,YM
2024-06-10T14:55:22.000000000Z,32,1,80420,38778.000000000,38779.000000000,38776.000000000,38776.000000000,34,YM
2024-06-10T14:55:23.000000000Z,32,1,80420,38777.000000000,38778.000000000,38776.000000000,38777.000000000,12,YM
2024-06-10T14:55:24.000000000Z,32,1,80420,38776.000000000,38777.000000000,38775.000000000,38777.000000000,12,YM
2024-06-10T14:55:25.000000000Z,32,1,80420,38775.000000000,38777.000000000,38775.000000000,38776.000000000,6,YM
2024-06-10T14:55:27.000000000Z,32,1,80420,38776.000000000,38776.000000000,38776.000000000,38776.000000000,1,YM
2024-06-10T14:55:28.000000000Z,32,1,80420,38778.000000000,38779.000000000,38778.000000000,38779.000000000,6,YM
2024-06-10T14:55:29.000000000Z,32,1,80420,38779.000000000,38779.000000000,38778.000000000,38778.000000000,9,YM
2024-06-10T14:55:30.000000000Z,32,1,80420,38777.000000000,38778.000000000,38776.000000000,38778.000000000,11,YM
2024-06-10T14:55:31.000000000Z,32,1,80420,38778.000000000,38778.000000000,38777.000000000,38777.000000000,6,YM
2024-06-10T14:55:32.000000000Z,32,1,80420,38777.000000000,38777.000000000,38776.000000000,38777.000000000,5,YM
2024-06-10T14:55:33.000000000Z,32,1,80420,38776.000000000,38777.000000000,38776.000000000,38777.000000000,4,YM
2024-06-10T14:55:34.000000000Z,32,1,80420,38777.000000000,38778.000000000,38777.000000000,38778.000000000,2,YM
2024-06-10T14:55:36.000000000Z,32,1,80420,38777.000000000,38777.000000000,38777.000000000,38777.000000000,4,YM
2024-06-10T14:55:38.000000000Z,32,1,80420,38776.000000000,38776.000000000,38776.000000000,38776.000000000,1,YM
2024-06-10T14:55:39.000000000Z,32,1,80420,38777.000000000,38777.000000000,38777.000000000,38777.000000000,3,YM
2024-06-10T14:55:40.000000000Z,32,1,80420,38776.000000000,38777.000000000,38776.000000000,38777.000000000,4,YM
2024-06-10T14:55:41.000000000Z,32,1,80420,38776.000000000,38776.000000000,38775.000000000,38775.000000000,2,YM
2024-06-10T14:55:42.000000000Z,32,1,80420,38774.000000000,38774.000000000,38772.000000000,38772.000000000,7,YM
2024-06-10T14:55:43.000000000Z,32,1,80420,38772.000000000,38772.000000000,38770.000000000,38770.000000000,10,YM
2024-06-10T14:55:44.000000000Z,32,1,80420,38772.000000000,38772.000000000,38771.000000000,38772.000000000,7,YM
2024-06-10T14:55:45.000000000Z,32,1,80420,38773.000000000,38776.000000000,38773.000000000,38776.000000000,6,YM
2024-06-10T14:55:47.000000000Z,32,1,80420,38776.000000000,38776.000000000,38776.000000000,38776.000000000,1,YM
2024-06-10T14:55:48.000000000Z,32,1,80420,38776.000000000,38776.000000000,38776.000000000,38776.000000000,2,YM
2024-06-10T14:55:49.000000000Z,32,1,80420,38776.000000000,38776.000000000,38776.000000000,38776.000000000,1,YM
2024-06-10T14:55:51.000000000Z,32,1,80420,38776.000000000,38776.000000000,38772.000000000,38772.000000000,6,YM
2024-06-10T14:55:52.000000000Z,32,1,80420,38770.000000000,38771.000000000,38769.000000000,38771.000000000,10,YM
2024-06-10T14:55:54.000000000Z,32,1,80420,38771.000000000,38771.000000000,38771.000000000,38771.000000000,2,YM
2024-06-10T14:55:55.000000000Z,32,1,80420,38772.000000000,38772.000000000,38771.000000000,38771.000000000,11,YM
2024-06-10T14:55:56.000000000Z,32,1,80420,38772.000000000,38772.000000000,38772.000000000,38772.000000000,1,YM
2024-06-10T14:55:58.000000000Z,32,1,80420,38771.000000000,38771.000000000,38771.000000000,38771.000000000,1,YM
2024-06-10T14:56:00.000000000Z,32,1,80420,38772.000000000,38774.000000000,38772.000000000,38773.000000000,7,YM
2024-06-10T14:56:01.000000000Z,32,1,80420,38774.000000000,38774.000000000,38774.000000000,38774.000000000,2,YM
2024-06-10T14:56:04.000000000Z,32,1,80420,38775.000000000,38775.000000000,38775.000000000,38775.000000000,1,YM
2024-06-10T14:56:05.000000000Z,32,1,80420,38776.000000000,38777.000000000,38776.000000000,38777.000000000,2,YM
2024-06-10T14:56:06.000000000Z,32,1,80420,38777.000000000,38777.000000000,38777.000000000,38777.000000000,1,YM
2024-06-10T14:56:07.000000000Z,32,1,80420,38777.000000000,38778.000000000,38777.000000000,38778.000000000,6,YM
2024-06-10T14:56:08.000000000Z,32,1,80420,38776.000000000,38776.000000000,38775.000000000,38775.000000000,3,YM
2024-06-10T14:56:09.000000000Z,32,1,80420,38774.000000000,38774.000000000,38774.000000000,38774.000000000,4,YM
2024-06-10T14:56:10.000000000Z,32,1,80420,38773.000000000,38773.000000000,38773.000000000,38773.000000000,2,YM
2024-06-10T14:56:11.000000000Z,32,1,80420,38771.000000000,38772.000000000,38771.000000000,38772.000000000,5,YM
2024-06-10T14:56:12.000000000Z,32,1,80420,38770.000000000,38770.000000000,38770.000000000,38770.000000000,2,YM
2024-06-10T14:56:14.000000000Z,32,1,80420,38770.000000000,38770.000000000,38770.000000000,38770.000000000,1,YM
2024-06-10T14:56:15.000000000Z,32,1,80420,38770.000000000,38771.000000000,38769.000000000,38769.000000000,6,YM
2024-06-10T14:56:16.000000000Z,32,1,80420,38769.000000000,38769.000000000,38766.000000000,38769.000000000,21,YM
2024-06-10T14:56:19.000000000Z,32,1,80420,38766.000000000,38766.000000000,38766.000000000,38766.000000000,2,YM
2024-06-10T14:56:20.000000000Z,32,1,80420,38766.000000000,38767.000000000,38766.000000000,38766.000000000,6,YM
2024-06-10T14:56:21.000000000Z,32,1,80420,38765.000000000,38765.000000000,38765.000000000,38765.000000000,2,YM
2024-06-10T14:56:23.000000000Z,32,1,80420,38763.000000000,38763.000000000,38762.000000000,38762.000000000,8,YM
2024-06-10T14:56:24.000000000Z,32,1,80420,38762.000000000,38764.000000000,38762.000000000,38764.000000000,15,YM
2024-06-10T14:56:25.000000000Z,32,1,80420,38765.000000000,38765.000000000,38764.000000000,38764.000000000,6,YM
2024-06-10T14:56:26.000000000Z,32,1,80420,38765.000000000,38765.000000000,38765.000000000,38765.000000000,3,YM
2024-06-10T14:56:28.000000000Z,32,1,80420,38766.000000000,38766.000000000,38766.000000000,38766.000000000,1,YM
2024-06-10T14:56:29.000000000Z,32,1,80420,38766.000000000,38766.000000000,38766.000000000,38766.000000000,4,YM
2024-06-10T14:56:30.000000000Z,32,1,80420,38766.000000000,38767.000000000,38766.000000000,38767.000000000,8,YM
2024-06-10T14:56:31.000000000Z,32,1,80420,38767.000000000,38768.000000000,38767.000000000,38768.000000000,5,YM
2024-06-10T14:56:33.000000000Z,32,1,80420,38768.000000000,38769.000000000,38768.000000000,38768.000000000,9,YM
2024-06-10T14:56:34.000000000Z,32,1,80420,38768.000000000,38768.000000000,38766.000000000,38766.000000000,2,YM
2024-06-10T14:56:35.000000000Z,32,1,80420,38766.000000000,38766.000000000,38766.000000000,38766.000000000,2,YM
2024-06-10T14:56:36.000000000Z,32,1,80420,38767.000000000,38767.000000000,38766.000000000,38766.000000000,7,YM
2024-06-10T14:56:37.000000000Z,32,1,80420,38765.000000000,38765.000000000,38765.000000000,38765.000000000,2,YM
2024-06-10T14:56:38.000000000Z,32,1,80420,38765.000000000,38765.000000000,38765.000000000,38765.000000000,1,YM
2024-06-10T14:56:39.000000000Z,32,1,80420,38765.000000000,38766.000000000,38765.000000000,38766.000000000,9,YM
2024-06-10T14:56:40.000000000Z,32,1,80420,38765.000000000,38765.000000000,38765.000000000,38765.000000000,1,YM
2024-06-10T14:56:41.000000000Z,32,1,80420,38766.000000000,38767.000000000,38766.000000000,38767.000000000,3,YM
2024-06-10T14:56:42.000000000Z,32,1,80420,38767.000000000,38767.000000000,38767.000000000,38767.000000000,2,YM
2024-06-10T14:56:43.000000000Z,32,1,80420,38767.000000000,38767.000000000,38766.000000000,38766.000000000,9,YM
2024-06-10T14:56:46.000000000Z,32,1,80420,38765.000000000,38765.000000000,38765.000000000,38765.000000000,4,YM
2024-06-10T14:56:47.000000000Z,32,1,80420,38765.000000000,38765.000000000,38764.000000000,38765.000000000,7,YM
2024-06-10T14:56:48.000000000Z,32,1,80420,38765.000000000,38765.000000000,38764.000000000,38764.000000000,8,YM
2024-06-10T14:56:49.000000000Z,32,1,80420,38765.000000000,38765.000000000,38765.000000000,38765.000000000,4,YM
2024-06-10T14:56:50.000000000Z,32,1,80420,38765.000000000,38766.000000000,38765.000000000,38766.000000000,3,YM
2024-06-10T14:56:51.000000000Z,32,1,80420,38765.000000000,38765.000000000,38764.000000000,38764.000000000,7,YM
2024-06-10T14:56:53.000000000Z,32,1,80420,38765.000000000,38766.000000000,38765.000000000,38766.000000000,2,YM
2024-06-10T14:56:54.000000000Z,32,1,80420,38767.000000000,38767.000000000,38767.000000000,38767.000000000,1,YM
2024-06-10T14:56:56.000000000Z,32,1,80420,38767.000000000,38767.000000000,38766.000000000,38766.000000000,3,YM
2024-06-10T14:56:57.000000000Z,32,1,80420,38767.000000000,38767.000000000,38767.000000000,38767.000000000,2,YM
2024-06-10T14:57:00.000000000Z,32,1,80420,38766.000000000,38766.000000000,38764.000000000,38765.000000000,8,YM
2024-06-10T14:57:01.000000000Z,32,1,80420,38766.000000000,38766.000000000,38766.000000000,38766.000000000,1,YM
2024-06-10T14:57:02.000000000Z,32,1,80420,38767.000000000,38767.000000000,38767.000000000,38767.000000000,2,YM
2024-06-10T14:57:03.000000000Z,32,1,80420,38768.000000000,38768.000000000,38768.000000000,38768.000000000,1,YM
2024-06-10T14:57:04.000000000Z,32,1,80420,38768.000000000,38769.000000000,38768.000000000,38769.000000000,3,YM
2024-06-10T14:57:06.000000000Z,32,1,80420,38769.000000000,38770.000000000,38769.000000000,38770.000000000,6,YM
2024-06-10T14:57:07.000000000Z,32,1,80420,38770.000000000,38770.000000000,38770.000000000,38770.000000000,2,YM
2024-06-10T14:57:08.000000000Z,32,1,80420,38769.000000000,38769.000000000,38769.000000000,38769.000000000,2,YM
2024-06-10T14:57:14.000000000Z,32,1,80420,38767.000000000,38767.000000000,38760.000000000,38760.000000000,15,YM
2024-06-10T14:57:15.000000000Z,32,1,80420,38760.000000000,38760.000000000,38760.000000000,38760.000000000,4,YM
2024-06-10T14:57:16.000000000Z,32,1,80420,38761.000000000,38763.000000000,38761.000000000,38763.000000000,17,YM
2024-06-10T14:57:17.000000000Z,32,1,80420,38763.000000000,38763.000000000,38763.000000000,38763.000000000,1,YM
2024-06-10T14:57:20.000000000Z,32,1,80420,38762.000000000,38762.000000000,38762.000000000,38762.000000000,1,YM
2024-06-10T14:57:21.000000000Z,32,1,80420,38762.000000000,38762.000000000,38761.000000000,38761.000000000,12,YM
2024-06-10T14:57:22.000000000Z,32,1,80420,38759.000000000,38759.000000000,38759.000000000,38759.000000000,1,YM
2024-06-10T14:57:23.000000000Z,32,1,80420,38759.000000000,38760.000000000,38759.000000000,38760.000000000,2,YM
2024-06-10T14:57:24.000000000Z,32,1,80420,38760.000000000,38760.000000000,38760.000000000,38760.000000000,1,YM
2024-06-10T14:57:25.000000000Z,32,1,80420,38760.000000000,38760.000000000,38760.000000000,38760.000000000,1,YM
2024-06-10T14:57:26.000000000Z,32,1,80420,38761.000000000,38761.000000000,38761.000000000,38761.000000000,1,YM
2024-06-10T14:57:27.000000000Z,32,1,80420,38761.000000000,38761.000000000,38761.000000000,38761.000000000,2,YM
2024-06-10T14:57:28.000000000Z,32,1,80420,38761.000000000,38761.000000000,38761.000000000,38761.000000000,2,YM
2024-06-10T14:57:29.000000000Z,32,1,80420,38761.000000000,38761.000000000,38761.000000000,38761.000000000,1,YM
2024-06-10T14:57:31.000000000Z,32,1,80420,38761.000000000,38761.000000000,38761.000000000,38761.000000000,3,YM
2024-06-10T14:57:32.000000000Z,32,1,80420,38760.000000000,38760.000000000,38759.000000000,38759.000000000,5,YM
2024-06-10T14:57:33.000000000Z,32,1,80420,38760.000000000,38760.000000000,38760.000000000,38760.000000000,1,YM
2024-06-10T14:57:34.000000000Z,32,1,80420,38760.000000000,38760.000000000,38760.000000000,38760.000000000,1,YM
2024-06-10T14:57:36.000000000Z,32,1,80420,38761.000000000,38762.000000000,38761.000000000,38762.000000000,3,YM
2024-06-10T14:57:37.000000000Z,32,1,80420,38762.000000000,38762.000000000,38762.000000000,38762.000000000,1,YM
2024-06-10T14:57:41.000000000Z,32,1,80420,38764.000000000,38764.000000000,38764.000000000,38764.000000000,1,YM
2024-06-10T14:57:42.000000000Z,32,1,80420,38764.000000000,38764.000000000,38764.000000000,38764.000000000,1,YM
2024-06-10T14:57:45.000000000Z,32,1,80420,38765.000000000,38765.000000000,38764.000000000,38764.000000000,13,YM
2024-06-10T14:57:47.000000000Z,32,1,80420,38764.000000000,38764.000000000,38764.000000000,38764.000000000,1,YM
2024-06-10T14:57:48.000000000Z,32,1,80420,38763.000000000,38764.000000000,38763.000000000,38764.000000000,5,YM
2024-06-10T14:57:49.000000000Z,32,1,80420,38765.000000000,38765.000000000,38765.000000000,38765.000000000,4,YM
2024-06-10T14:57:50.000000000Z,32,1,80420,38764.000000000,38764.000000000,38764.000000000,38764.000000000,2,YM
2024-06-10T14:57:51.000000000Z,32,1,80420,38763.000000000,38763.000000000,38763.000000000,38763.000000000,5,YM
2024-06-10T14:57:52.000000000Z,32,1,80420,38763.000000000,38764.000000000,38763.000000000,38764.000000000,3,YM
2024-06-10T14:57:53.000000000Z,32,1,80420,38764.000000000,38765.000000000,38764.000000000,38765.000000000,8,YM
2024-06-10T14:57:54.000000000Z,32,1,80420,38765.000000000,38765.000000000,38765.000000000,38765.000000000,2,YM
2024-06-10T14:57:56.000000000Z,32,1,80420,38764.000000000,38764.000000000,38764.000000000,38764.000000000,1,YM
2024-06-10T14:57:57.000000000Z,32,1,80420,38763.000000000,38764.000000000,38763.000000000,38764.000000000,4,YM
2024-06-10T14:57:58.000000000Z,32,1,80420,38764.000000000,38764.000000000,38764.000000000,38764.000000000,2,YM
2024-06-10T14:57:59.000000000Z,32,1,80420,38765.000000000,38765.000000000,38765.000000000,38765.000000000,2,YM
2024-06-10T14:58:00.000000000Z,32,1,80420,38765.000000000,38766.000000000,38765.000000000,38765.000000000,7,YM
2024-06-10T14:58:01.000000000Z,32,1,80420,38764.000000000,38764.000000000,38764.000000000,38764.000000000,5,YM
2024-06-10T14:58:02.000000000Z,32,1,80420,38764.000000000,38764.000000000,38764.000000000,38764.000000000,1,YM
2024-06-10T14:58:03.000000000Z,32,1,80420,38764.000000000,38764.000000000,38761.000000000,38761.000000000,10,YM
2024-06-10T14:58:04.000000000Z,32,1,80420,38760.000000000,38761.000000000,38760.000000000,38761.000000000,3,YM
2024-06-10T14:58:05.000000000Z,32,1,80420,38760.000000000,38761.000000000,38760.000000000,38761.000000000,3,YM
2024-06-10T14:58:06.000000000Z,32,1,80420,38760.000000000,38760.000000000,38760.000000000,38760.000000000,5,YM
2024-06-10T14:58:07.000000000Z,32,1,80420,38759.000000000,38759.000000000,38758.000000000,38758.000000000,12,YM
2024-06-10T14:58:08.000000000Z,32,1,80420,38757.000000000,38757.000000000,38756.000000000,38757.000000000,9,YM
2024-06-10T14:58:09.000000000Z,32,1,80420,38757.000000000,38757.000000000,38756.000000000,38756.000000000,6,YM
2024-06-10T14:58:10.000000000Z,32,1,80420,38753.000000000,38754.000000000,38753.000000000,38754.000000000,12,YM
2024-06-10T14:58:11.000000000Z,32,1,80420,38753.000000000,38755.000000000,38753.000000000,38754.000000000,5,YM
2024-06-10T14:58:12.000000000Z,32,1,80420,38756.000000000,38756.000000000,38753.000000000,38753.000000000,7,YM
2024-06-10T14:58:13.000000000Z,32,1,80420,38752.000000000,38755.000000000,38752.000000000,38755.000000000,9,YM
2024-06-10T14:58:14.000000000Z,32,1,80420,38755.000000000,38755.000000000,38755.000000000,38755.000000000,5,YM
2024-06-10T14:58:15.000000000Z,32,1,80420,38755.000000000,38755.000000000,38755.000000000,38755.000000000,3,YM
2024-06-10T14:58:16.000000000Z,32,1,80420,38754.000000000,38754.000000000,38753.000000000,38753.000000000,2,YM
2024-06-10T14:58:17.000000000Z,32,1,80420,38752.000000000,38752.000000000,38752.000000000,38752.000000000,1,YM
2024-06-10T14:58:18.000000000Z,32,1,80420,38752.000000000,38752.000000000,38752.000000000,38752.000000000,6,YM
2024-06-10T14:58:19.000000000Z,32,1,80420,38752.000000000,38753.000000000,38751.000000000,38753.000000000,9,YM
2024-06-10T14:58:20.000000000Z,32,1,80420,38752.000000000,38752.000000000,38752.000000000,38752.000000000,1,YM
2024-06-10T14:58:21.000000000Z,32,1,80420,38752.000000000,38752.000000000,38752.000000000,38752.000000000,6,YM
2024-06-10T14:58:22.000000000Z,32,1,80420,38753.000000000,38754.000000000,38753.000000000,38754.000000000,5,YM
2024-06-10T14:58:23.000000000Z,32,1,80420,38752.000000000,38752.000000000,38752.000000000,38752.000000000,2,YM
2024-06-10T14:58:24.000000000Z,32,1,80420,38753.000000000,38753.000000000,38753.000000000,38753.000000000,2,YM
2024-06-10T14:58:25.000000000Z,32,1,80420,38753.000000000,38753.000000000,38753.000000000,38753.000000000,2,YM
2024-06-10T14:58:26.000000000Z,32,1,80420,38753.000000000,38753.000000000,38753.000000000,38753.000000000,3,YM
2024-06-10T14:58:27.000000000Z,32,1,80420,38754.000000000,38754.000000000,38754.000000000,38754.000000000,1,YM
2024-06-10T14:58:29.000000000Z,32,1,80420,38755.000000000,38757.000000000,38755.000000000,38757.000000000,10,YM
2024-06-10T14:58:30.000000000Z,32,1,80420,38758.000000000,38759.000000000,38757.000000000,38758.000000000,5,YM
2024-06-10T14:58:31.000000000Z,32,1,80420,38758.000000000,38758.000000000,38757.000000000,38758.000000000,3,YM
2024-06-10T14:58:33.000000000Z,32,1,80420,38758.000000000,38758.000000000,38758.000000000,38758.000000000,1,YM
2024-06-10T14:58:34.000000000Z,32,1,80420,38759.000000000,38759.000000000,38759.000000000,38759.000000000,2,YM
2024-06-10T14:58:35.000000000Z,32,1,80420,38759.000000000,38759.000000000,38758.000000000,38759.000000000,5,YM
2024-06-10T14:58:36.000000000Z,32,1,80420,38760.000000000,38760.000000000,38760.000000000,38760.000000000,2,YM
2024-06-10T14:58:37.000000000Z,32,1,80420,38759.000000000,38759.000000000,38758.000000000,38758.000000000,2,YM
2024-06-10T14:58:39.000000000Z,32,1,80420,38758.000000000,38758.000000000,38758.000000000,38758.000000000,1,YM
2024-06-10T14:58:40.000000000Z,32,1,80420,38759.000000000,38760.000000000,38759.000000000,38760.000000000,5,YM
2024-06-10T14:58:41.000000000Z,32,1,80420,38760.000000000,38760.000000000,38760.000000000,38760.000000000,2,YM
2024-06-10T14:58:42.000000000Z,32,1,80420,38760.000000000,38760.000000000,38760.000000000,38760.000000000,3,YM
2024-06-10T14:58:43.000000000Z,32,1,80420,38760.000000000,38760.000000000,38760.000000000,38760.000000000,1,YM
2024-06-10T14:58:45.000000000Z,32,1,80420,38762.000000000,38763.000000000,38762.000000000,38763.000000000,2,YM
2024-06-10T14:58:46.000000000Z,32,1,80420,38762.000000000,38762.000000000,38762.000000000,38762.000000000,1,YM
2024-06-10T14:58:47.000000000Z,32,1,80420,38762.000000000,38762.000000000,38761.000000000,38761.000000000,11,YM
2024-06-10T14:58:49.000000000Z,32,1,80420,38762.000000000,38763.000000000,38762.000000000,38763.000000000,3,YM
2024-06-10T14:58:50.000000000Z,32,1,80420,38764.000000000,38764.000000000,38764.000000000,38764.000000000,9,YM
2024-06-10T14:58:51.000000000Z,32,1,80420,38764.000000000,38765.000000000,38764.000000000,38765.000000000,5,YM
2024-06-10T14:58:52.000000000Z,32,1,80420,38764.000000000,38765.000000000,38764.000000000,38765.000000000,14,YM
2024-06-10T14:58:55.000000000Z,32,1,80420,38764.000000000,38764.000000000,38764.000000000,38764.000000000,2,YM
2024-06-10T14:58:56.000000000Z,32,1,80420,38764.000000000,38765.000000000,38764.000000000,38764.000000000,6,YM
2024-06-10T14:58:58.000000000Z,32,1,80420,38765.000000000,38765.000000000,38765.000000000,38765.000000000,1,YM
2024-06-10T14:58:59.000000000Z,32,1,80420,38764.000000000,38764.000000000,38764.000000000,38764.000000000,1,YM
2024-06-10T14:59:00.000000000Z,32,1,80420,38764.000000000,38764.000000000,38764.000000000,38764.000000000,1,YM
2024-06-10T14:59:02.000000000Z,32,1,80420,38764.000000000,38764.000000000,38764.000000000,38764.000000000,3,YM
2024-06-10T14:59:03.000000000Z,32,1,80420,38764.000000000,38764.000000000,38764.000000000,38764.000000000,3,YM
2024-06-10T14:59:04.000000000Z,32,1,80420,38763.000000000,38763.000000000,38763.000000000,38763.000000000,5,YM
2024-06-10T14:59:05.000000000Z,32,1,80420,38761.000000000,38761.000000000,38760.000000000,38760.000000000,6,YM
2024-06-10T14:59:06.000000000Z,32,1,80420,38760.000000000,38760.000000000,38760.000000000,38760.000000000,1,YM
2024-06-10T14:59:07.000000000Z,32,1,80420,38760.000000000,38760.000000000,38760.000000000,38760.000000000,1,YM
2024-06-10T14:59:10.000000000Z,32,1,80420,38761.000000000,38761.000000000,38759.000000000,38759.000000000,9,YM
2024-06-10T14:59:13.000000000Z,32,1,80420,38759.000000000,38759.000000000,38758.000000000,38759.000000000,4,YM
2024-06-10T14:59:14.000000000Z,32,1,80420,38759.000000000,38759.000000000,38758.000000000,38758.000000000,2,YM
2024-06-10T14:59:15.000000000Z,32,1,80420,38758.000000000,38759.000000000,38758.000000000,38759.000000000,2,YM
2024-06-10T14:59:17.000000000Z,32,1,80420,38760.000000000,38760.000000000,38760.000000000,38760.000000000,1,YM
2024-06-10T14:59:18.000000000Z,32,1,80420,38759.000000000,38760.000000000,38759.000000000,38760.000000000,5,YM
2024-06-10T14:59:19.000000000Z,32,1,80420,38758.000000000,38758.000000000,38758.000000000,38758.000000000,1,YM
2024-06-10T14:59:22.000000000Z,32,1,80420,38758.000000000,38759.000000000,38758.000000000,38759.000000000,2,YM
2024-06-10T14:59:23.000000000Z,32,1,80420,38758.000000000,38758.000000000,38758.000000000,38758.000000000,4,YM
2024-06-10T14:59:24.000000000Z,32,1,80420,38757.000000000,38757.000000000,38757.000000000,38757.000000000,1,YM
2024-06-10T14:59:26.000000000Z,32,1,80420,38758.000000000,38758.000000000,38758.000000000,38758.000000000,1,YM
2024-06-10T14:59:27.000000000Z,32,1,80420,38759.000000000,38759.000000000,38759.000000000,38759.000000000,2,YM
2024-06-10T14:59:28.000000000Z,32,1,80420,38759.000000000,38759.000000000,38757.000000000,38757.000000000,6,YM
2024-06-10T14:59:32.000000000Z,32,1,80420,38756.000000000,38756.000000000,38755.000000000,38755.000000000,6,YM
2024-06-10T14:59:34.000000000Z,32,1,80420,38756.000000000,38756.000000000,38756.000000000,38756.000000000,1,YM
2024-06-10T14:59:38.000000000Z,32,1,80420,38754.000000000,38754.000000000,38754.000000000,38754.000000000,1,YM
2024-06-10T14:59:39.000000000Z,32,1,80420,38752.000000000,38752.000000000,38752.000000000,38752.000000000,1,YM
2024-06-10T14:59:40.000000000Z,32,1,80420,38752.000000000,38752.000000000,38752.000000000,38752.000000000,5,YM
2024-06-10T14:59:41.000000000Z,32,1,80420,38753.000000000,38753.000000000,38753.000000000,38753.000000000,1,YM
2024-06-10T14:59:42.000000000Z,32,1,80420,38751.000000000,38751.000000000,38751.000000000,38751.000000000,1,YM
2024-06-10T14:59:43.000000000Z,32,1,80420,38750.000000000,38751.000000000,38749.000000000,38751.000000000,27,YM
2024-06-10T14:59:44.000000000Z,32,1,80420,38751.000000000,38751.000000000,38751.000000000,38751.000000000,1,YM
2024-06-10T14:59:45.000000000Z,32,1,80420,38751.000000000,38751.000000000,38750.000000000,38750.000000000,5,YM
2024-06-10T14:59:46.000000000Z,32,1,80420,38751.000000000,38752.000000000,38751.000000000,38752.000000000,4,YM
2024-06-10T14:59:47.000000000Z,32,1,80420,38751.000000000,38752.000000000,38751.000000000,38752.000000000,2,YM
2024-06-10T14:59:48.000000000Z,32,1,80420,38753.000000000,38753.000000000,38753.000000000,38753.000000000,1,YM
2024-06-10T14:59:49.000000000Z,32,1,80420,38752.000000000,38753.000000000,38752.000000000,38753.000000000,4,YM
2024-06-10T14:59:50.000000000Z,32,1,80420,38751.000000000,38752.000000000,38750.000000000,38752.000000000,6,YM
2024-06-10T14:59:53.000000000Z,32,1,80420,38751.000000000,38751.000000000,38751.000000000,38751.000000000,1,YM
2024-06-10T14:59:55.000000000Z,32,1,80420,38751.000000000,38751.000000000,38750.000000000,38750.000000000,3,YM
2024-06-10T14:59:56.000000000Z,32,1,80420,38750.000000000,38751.000000000,38749.000000000,38751.000000000,13,YM
2024-06-10T14:59:57.000000000Z,32,1,80420,38751.000000000,38751.000000000,38751.000000000,38751.000000000,2,YM
2024-06-10T14:59:58.000000000Z,32,1,80420,38751.000000000,38751.000000000,38751.000000000,38751.000000000,1,YM
2024-06-10T14:59:59.000000000Z,32,1,80420,38751.000000000,38751.000000000,38751.000000000,38751.000000000,3,YM
2024-06-10T15:00:00.000000000Z,32,1,80420,38752.000000000,38752.000000000,38750.000000000,38751.000000000,8,YM
2024-06-10T15:00:01.000000000Z,32,1,80420,38752.000000000,38753.000000000,38751.000000000,38751.000000000,8,YM
2024-06-10T15:00:02.000000000Z,32,1,80420,38751.000000000,38753.000000000,38751.000000000,38753.000000000,13,YM
2024-06-10T15:00:03.000000000Z,32,1,80420,38753.000000000,38753.000000000,38753.000000000,38753.000000000,3,YM
2024-06-10T15:00:04.000000000Z,32,1,80420,38754.000000000,38754.000000000,38751.000000000,38751.000000000,8,YM
2024-06-10T15:00:05.000000000Z,32,1,80420,38751.000000000,38753.000000000,38751.000000000,38753.000000000,11,YM
2024-06-10T15:00:08.000000000Z,32,1,80420,38752.000000000,38752.000000000,38752.000000000,38752.000000000,3,YM
2024-06-10T15:00:09.000000000Z,32,1,80420,38753.000000000,38753.000000000,38753.000000000,38753.000000000,1,YM
2024-06-10T15:00:11.000000000Z,32,1,80420,38754.000000000,38754.000000000,38754.000000000,38754.000000000,3,YM
2024-06-10T15:00:12.000000000Z,32,1,80420,38755.000000000,38755.000000000,38754.000000000,38754.000000000,11,YM
2024-06-10T15:00:13.000000000Z,32,1,80420,38755.000000000,38755.000000000,38754.000000000,38754.000000000,4,YM
2024-06-10T15:00:15.000000000Z,32,1,80420,38753.000000000,38753.000000000,38753.000000000,38753.000000000,3,YM
2024-06-10T15:00:17.000000000Z,32,1,80420,38753.000000000,38754.000000000,38753.000000000,38754.000000000,3,YM
2024-06-10T15:00:18.000000000Z,32,1,80420,38753.000000000,38754.000000000,38753.000000000,38754.000000000,4,YM
2024-06-10T15:00:19.000000000Z,32,1,80420,38753.000000000,38753.000000000,38753.000000000,38753.000000000,1,YM
2024-06-10T15:00:20.000000000Z,32,1,80420,38752.000000000,38752.000000000,38752.000000000,38752.000000000,4,YM
2024-06-10T15:00:21.000000000Z,32,1,80420,38751.000000000,38751.000000000,38751.000000000,38751.000000000,1,YM
2024-06-10T15:00:22.000000000Z,32,1,80420,38752.000000000,38753.000000000,38752.000000000,38753.000000000,2,YM
2024-06-10T15:00:23.000000000Z,32,1,80420,38753.000000000,38754.000000000,38753.000000000,38754.000000000,4,YM
2024-06-10T15:00:24.000000000Z,32,1,80420,38754.000000000,38754.000000000,38754.000000000,38754.000000000,1,YM
2024-06-10T15:00:26.000000000Z,32,1,80420,38755.000000000,38755.000000000,38755.000000000,38755.000000000,1,YM
2024-06-10T15:00:27.000000000Z,32,1,80420,38753.000000000,38753.000000000,38753.000000000,38753.000000000,1,YM
2024-06-10T15:00:28.000000000Z,32,1,80420,38754.000000000,38755.000000000,38754.000000000,38755.000000000,4,YM
2024-06-10T15:00:29.000000000Z,32,1,80420,38755.000000000,38756.000000000,38755.000000000,38756.000000000,4,YM
2024-06-10T15:00:30.000000000Z,32,1,80420,38757.000000000,38758.000000000,38757.000000000,38758.000000000,5,YM
2024-06-10T15:00:31.000000000Z,32,1,80420,38757.000000000,38757.000000000,38757.000000000,38757.000000000,2,YM
2024-06-10T15:00:32.000000000Z,32,1,80420,38757.000000000,38758.000000000,38757.000000000,38758.000000000,2,YM
2024-06-10T15:00:33.000000000Z,32,1,80420,38758.000000000,38759.000000000,38758.000000000,38759.000000000,3,YM
2024-06-10T15:00:34.000000000Z,32,1,80420,38758.000000000,38759.000000000,38758.000000000,38759.000000000,6,YM
2024-06-10T15:00:35.000000000Z,32,1,80420,38759.000000000,38759.000000000,38758.000000000,38759.000000000,7,YM
2024-06-10T15:00:36.000000000Z,32,1,80420,38758.000000000,38758.000000000,38758.000000000,38758.000000000,9,YM
2024-06-10T15:00:37.000000000Z,32,1,80420,38759.000000000,38759.000000000,38759.000000000,38759.000000000,4,YM
2024-06-10T15:00:38.000000000Z,32,1,80420,38760.000000000,38760.000000000,38759.000000000,38760.000000000,7,YM
2024-06-10T15:00:39.000000000Z,32,1,80420,38759.000000000,38759.000000000,38759.000000000,38759.000000000,1,YM
2024-06-10T15:00:40.000000000Z,32,1,80420,38760.000000000,38760.000000000,38758.000000000,38758.000000000,2,YM
2024-06-10T15:00:41.000000000Z,32,1,80420,38758.000000000,38758.000000000,38758.000000000,38758.000000000,1,YM
2024-06-10T15:00:42.000000000Z,32,1,80420,38756.000000000,38756.000000000,38756.000000000,38756.000000000,1,YM
2024-06-10T15:00:43.000000000Z,32,1,80420,38757.000000000,38757.000000000,38756.000000000,38756.000000000,3,YM
2024-06-10T15:00:44.000000000Z,32,1,80420,38756.000000000,38756.000000000,38756.000000000,38756.000000000,2,YM
2024-06-10T15:00:45.000000000Z,32,1,80420,38755.000000000,38756.000000000,38755.000000000,38756.000000000,6,YM
2024-06-10T15:00:48.000000000Z,32,1,80420,38759.000000000,38760.000000000,38759.000000000,38759.000000000,104,YM
2024-06-10T15:00:50.000000000Z,32,1,80420,38759.000000000,38759.000000000,38759.000000000,38759.000000000,8,YM
2024-06-10T15:00:51.000000000Z,32,1,80420,38760.000000000,38762.000000000,38760.000000000,38762.000000000,11,YM
2024-06-10T15:00:52.000000000Z,32,1,80420,38761.000000000,38761.000000000,38761.000000000,38761.000000000,2,YM
2024-06-10T15:00:53.000000000Z,32,1,80420,38761.000000000,38762.000000000,38761.000000000,38762.000000000,5,YM
2024-06-10T15:00:54.000000000Z,32,1,80420,38762.000000000,38762.000000000,38761.000000000,38761.000000000,4,YM
2024-06-10T15:00:55.000000000Z,32,1,80420,38762.000000000,38762.000000000,38762.000000000,38762.000000000,8,YM
2024-06-10T15:00:56.000000000Z,32,1,80420,38761.000000000,38762.000000000,38761.000000000,38762.000000000,3,YM
2024-06-10T15:00:57.000000000Z,32,1,80420,38763.000000000,38763.000000000,38762.000000000,38762.000000000,16,YM
2024-06-10T15:00:58.000000000Z,32,1,80420,38761.000000000,38762.000000000,38761.000000000,38761.000000000,7,YM
2024-06-10T15:00:59.000000000Z,32,1,80420,38761.000000000,38766.000000000,38761.000000000,38766.000000000,24,YM
2024-06-10T15:01:00.000000000Z,32,1,80420,38764.000000000,38765.000000000,38764.000000000,38765.000000000,12,YM
2024-06-10T15:01:01.000000000Z,32,1,80420,38766.000000000,38769.000000000,38766.000000000,38767.000000000,20,YM
2024-06-10T15:01:03.000000000Z,32,1,80420,38768.000000000,38768.000000000,38766.000000000,38766.000000000,3,YM
2024-06-10T15:01:05.000000000Z,32,1,80420,38765.000000000,38765.000000000,38764.000000000,38765.000000000,15,YM
2024-06-10T15:01:07.000000000Z,32,1,80420,38766.000000000,38766.000000000,38766.000000000,38766.000000000,3,YM
2024-06-10T15:01:08.000000000Z,32,1,80420,38766.000000000,38766.000000000,38765.000000000,38765.000000000,6,YM
2024-06-10T15:01:09.000000000Z,32,1,80420,38765.000000000,38765.000000000,38765.000000000,38765.000000000,3,YM
2024-06-10T15:01:10.000000000Z,32,1,80420,38764.000000000,38764.000000000,38764.000000000,38764.000000000,5,YM
2024-06-10T15:01:11.000000000Z,32,1,80420,38764.000000000,38764.000000000,38764.000000000,38764.000000000,1,YM
2024-06-10T15:01:13.000000000Z,32,1,80420,38765.000000000,38766.000000000,38765.000000000,38766.000000000,8,YM
2024-06-10T15:01:14.000000000Z,32,1,80420,38766.000000000,38766.000000000,38766.000000000,38766.000000000,3,YM
2024-06-10T15:01:15.000000000Z,32,1,80420,38765.000000000,38766.000000000,38765.000000000,38766.000000000,7,YM
2024-06-10T15:01:16.000000000Z,32,1,80420,38767.000000000,38767.000000000,38766.000000000,38766.000000000,5,YM
2024-06-10T15:01:17.000000000Z,32,1,80420,38766.000000000,38767.000000000,38766.000000000,38766.000000000,10,YM
2024-06-10T15:01:18.000000000Z,32,1,80420,38766.000000000,38767.000000000,38766.000000000,38767.000000000,6,YM
2024-06-10T15:01:19.000000000Z,32,1,80420,38766.000000000,38767.000000000,38765.000000000,38766.000000000,14,YM
2024-06-10T15:01:20.000000000Z,32,1,80420,38765.000000000,38765.000000000,38764.000000000,38764.000000000,6,YM
2024-06-10T15:01:21.000000000Z,32,1,80420,38764.000000000,38765.000000000,38764.000000000,38765.000000000,6,YM
2024-06-10T15:01:22.000000000Z,32,1,80420,38764.000000000,38764.000000000,38762.000000000,38762.000000000,3,YM
2024-06-10T15:01:23.000000000Z,32,1,80420,38763.000000000,38764.000000000,38763.000000000,38764.000000000,6,YM
2024-06-10T15:01:24.000000000Z,32,1,80420,38764.000000000,38765.000000000,38764.000000000,38764.000000000,9,YM
2024-06-10T15:01:25.000000000Z,32,1,80420,38763.000000000,38763.000000000,38763.000000000,38763.000000000,3,YM
2024-06-10T15:01:30.000000000Z,32,1,80420,38765.000000000,38765.000000000,38765.000000000,38765.000000000,1,YM
2024-06-10T15:01:31.000000000Z,32,1,80420,38766.000000000,38766.000000000,38766.000000000,38766.000000000,3,YM
2024-06-10T15:01:32.000000000Z,32,1,80420,38765.000000000,38765.000000000,38765.000000000,38765.000000000,1,YM
2024-06-10T15:01:33.000000000Z,32,1,80420,38764.000000000,38764.000000000,38764.000000000,38764.000000000,2,YM
2024-06-10T15:01:34.000000000Z,32,1,80420,38764.000000000,38765.000000000,38764.000000000,38765.000000000,7,YM
2024-06-10T15:01:36.000000000Z,32,1,80420,38765.000000000,38765.000000000,38765.000000000,38765.000000000,2,YM
2024-06-10T15:01:38.000000000Z,32,1,80420,38764.000000000,38765.000000000,38764.000000000,38764.000000000,13,YM
2024-06-10T15:01:40.000000000Z,32,1,80420,38763.000000000,38764.000000000,38763.000000000,38764.000000000,2,YM
2024-06-10T15:01:44.000000000Z,32,1,80420,38762.000000000,38762.000000000,38762.000000000,38762.000000000,1,YM
2024-06-10T15:01:48.000000000Z,32,1,80420,38762.000000000,38764.000000000,38762.000000000,38764.000000000,20,YM
2024-06-10T15:01:49.000000000Z,32,1,80420,38763.000000000,38763.000000000,38763.000000000,38763.000000000,1,YM
2024-06-10T15:01:54.000000000Z,32,1,80420,38763.000000000,38763.000000000,38763.000000000,38763.000000000,4,YM
2024-06-10T15:01:56.000000000Z,32,1,80420,38763.000000000,38763.000000000,38762.000000000,38762.000000000,12,YM
2024-06-10T15:01:57.000000000Z,32,1,80420,38763.000000000,38763.000000000,38763.000000000,38763.000000000,2,YM
2024-06-10T15:01:58.000000000Z,32,1,80420,38763.000000000,38764.000000000,38763.000000000,38764.000000000,10,YM
2024-06-10T15:02:00.000000000Z,32,1,80420,38764.000000000,38765.000000000,38764.000000000,38765.000000000,13,YM
2024-06-10T15:02:01.000000000Z,32,1,80420,38766.000000000,38766.000000000,38766.000000000,38766.000000000,4,YM
2024-06-10T15:02:03.000000000Z,32,1,80420,38766.000000000,38766.000000000,38766.000000000,38766.000000000,4,YM
2024-06-10T15:02:04.000000000Z,32,1,80420,38765.000000000,38765.000000000,38764.000000000,38765.000000000,5,YM
2024-06-10T15:02:08.000000000Z,32,1,80420,38767.000000000,38767.000000000,38767.000000000,38767.000000000,3,YM
2024-06-10T15:02:09.000000000Z,32,1,80420,38767.000000000,38767.000000000,38767.000000000,38767.000000000,4,YM
2024-06-10T15:02:10.000000000Z,32,1,80420,38767.000000000,38767.000000000,38766.000000000,38766.000000000,3,YM
2024-06-10T15:02:13.000000000Z,32,1,80420,38764.000000000,38764.000000000,38763.000000000,38763.000000000,3,YM
2024-06-10T15:02:14.000000000Z,32,1,80420,38763.000000000,38763.000000000,38762.000000000,38762.000000000,6,YM
2024-06-10T15:02:15.000000000Z,32,1,80420,38764.000000000,38764.000000000,38764.000000000,38764.000000000,3,YM
2024-06-10T15:02:17.000000000Z,32,1,80420,38764.000000000,38764.000000000,38764.000000000,38764.000000000,7,YM
2024-06-10T15:02:18.000000000Z,32,1,80420,38763.000000000,38763.000000000,38763.000000000,38763.000000000,1,YM
2024-06-10T15:02:20.000000000Z,32,1,80420,38764.000000000,38764.000000000,38764.000000000,38764.000000000,1,YM
2024-06-10T15:02:22.000000000Z,32,1,80420,38764.000000000,38764.000000000,38764.000000000,38764.000000000,2,YM
2024-06-10T15:02:27.000000000Z,32,1,80420,38763.000000000,38763.000000000,38763.000000000,38763.000000000,3,YM
2024-06-10T15:02:29.000000000Z,32,1,80420,38763.000000000,38763.000000000,38762.000000000,38762.000000000,13,YM
2024-06-10T15:02:30.000000000Z,32,1,80420,38761.000000000,38763.000000000,38760.000000000,38763.000000000,26,YM
2024-06-10T15:02:31.000000000Z,32,1,80420,38763.000000000,38763.000000000,38763.000000000,38763.000000000,1,YM
2024-06-10T15:02:32.000000000Z,32,1,80420,38764.000000000,38766.000000000,38764.000000000,38765.000000000,10,YM
2024-06-10T15:02:33.000000000Z,32,1,80420,38766.000000000,38767.000000000,38764.000000000,38764.000000000,9,YM
2024-06-10T15:02:34.000000000Z,32,1,80420,38764.000000000,38765.000000000,38764.000000000,38765.000000000,6,YM
2024-06-10T15:02:35.000000000Z,32,1,80420,38764.000000000,38764.000000000,38764.000000000,38764.000000000,1,YM
2024-06-10T15:02:36.000000000Z,32,1,80420,38763.000000000,38763.000000000,38763.000000000,38763.000000000,3,YM
2024-06-10T15:02:37.000000000Z,32,1,80420,38763.000000000,38763.000000000,38762.000000000,38763.000000000,3,YM
2024-06-10T15:02:38.000000000Z,32,1,80420,38763.000000000,38763.000000000,38763.000000000,38763.000000000,1,YM
2024-06-10T15:02:40.000000000Z,32,1,80420,38762.000000000,38762.000000000,38762.000000000,38762.000000000,4,YM
2024-06-10T15:02:42.000000000Z,32,1,80420,38763.000000000,38764.000000000,38763.000000000,38764.000000000,13,YM
2024-06-10T15:02:43.000000000Z,32,1,80420,38763.000000000,38763.000000000,38762.000000000,38762.000000000,4,YM
2024-06-10T15:02:48.000000000Z,32,1,80420,38761.000000000,38761.000000000,38761.000000000,38761.000000000,1,YM
2024-06-10T15:02:49.000000000Z,32,1,80420,38761.000000000,38761.000000000,38761.000000000,38761.000000000,1,YM
2024-06-10T15:02:50.000000000Z,32,1,80420,38761.000000000,38761.000000000,38761.000000000,38761.000000000,2,YM
2024-06-10T15:02:51.000000000Z,32,1,80420,38760.000000000,38761.000000000,38760.000000000,38761.000000000,13,YM
2024-06-10T15:02:52.000000000Z,32,1,80420,38760.000000000,38760.000000000,38760.000000000,38760.000000000,25,YM
2024-06-10T15:02:53.000000000Z,32,1,80420,38761.000000000,38761.000000000,38761.000000000,38761.000000000,1,YM
2024-06-10T15:02:54.000000000Z,32,1,80420,38761.000000000,38761.000000000,38760.000000000,38760.000000000,5,YM
2024-06-10T15:02:55.000000000Z,32,1,80420,38760.000000000,38760.000000000,38758.000000000,38758.000000000,18,YM
2024-06-10T15:02:56.000000000Z,32,1,80420,38758.000000000,38758.000000000,38758.000000000,38758.000000000,1,YM
2024-06-10T15:02:57.000000000Z,32,1,80420,38758.000000000,38759.000000000,38758.000000000,38759.000000000,4,YM
2024-06-10T15:02:58.000000000Z,32,1,80420,38759.000000000,38759.000000000,38758.000000000,38759.000000000,6,YM
2024-06-10T15:03:00.000000000Z,32,1,80420,38759.000000000,38760.000000000,38759.000000000,38760.000000000,8,YM
2024-06-10T15:03:01.000000000Z,32,1,80420,38761.000000000,38762.000000000,38761.000000000,38762.000000000,4,YM
2024-06-10T15:03:02.000000000Z,32,1,80420,38762.000000000,38762.000000000,38762.000000000,38762.000000000,1,YM
2024-06-10T15:03:03.000000000Z,32,1,80420,38762.000000000,38762.000000000,38762.000000000,38762.000000000,2,YM
2024-06-10T15:03:05.000000000Z,32,1,80420,38762.000000000,38762.000000000,38762.000000000,38762.000000000,4,YM
2024-06-10T15:03:06.000000000Z,32,1,80420,38763.000000000,38763.000000000,38763.000000000,38763.000000000,4,YM
2024-06-10T15:03:08.000000000Z,32,1,80420,38762.000000000,38762.000000000,38762.000000000,38762.000000000,2,YM
2024-06-10T15:03:09.000000000Z,32,1,80420,38762.000000000,38762.000000000,38762.000000000,38762.000000000,4,YM
2024-06-10T15:03:11.000000000Z,32,1,80420,38762.000000000,38762.000000000,38761.000000000,38761.000000000,2,YM
2024-06-10T15:03:12.000000000Z,32,1,80420,38760.000000000,38760.000000000,38760.000000000,38760.000000000,3,YM
2024-06-10T15:03:15.000000000Z,32,1,80420,38757.000000000,38757.000000000,38757.000000000,38757.000000000,3,YM
2024-06-10T15:03:16.000000000Z,32,1,80420,38758.000000000,38758.000000000,38758.000000000,38758.000000000,10,YM
2024-06-10T15:03:18.000000000Z,32,1,80420,38758.000000000,38758.000000000,38758.000000000,38758.000000000,1,YM
2024-06-10T15:03:20.000000000Z,32,1,80420,38758.000000000,38758.000000000,38758.000000000,38758.000000000,2,YM
2024-06-10T15:03:22.000000000Z,32,1,80420,38757.000000000,38757.000000000,38757.000000000,38757.000000000,2,YM
2024-06-10T15:03:25.000000000Z,32,1,80420,38758.000000000,38758.000000000,38758.000000000,38758.000000000,12,YM
2024-06-10T15:03:26.000000000Z,32,1,80420,38759.000000000,38759.000000000,38759.000000000,38759.000000000,1,YM
2024-06-10T15:03:27.000000000Z,32,1,80420,38759.000000000,38759.000000000,38759.000000000,38759.000000000,2,YM
2024-06-10T15:03:29.000000000Z,32,1,80420,38761.000000000,38761.000000000,38761.000000000,38761.000000000,1,YM
2024-06-10T15:03:30.000000000Z,32,1,80420,38761.000000000,38762.000000000,38761.000000000,38762.000000000,7,YM
2024-06-10T15:03:31.000000000Z,32,1,80420,38762.000000000,38762.000000000,38762.000000000,38762.000000000,3,YM
2024-06-10T15:03:32.000000000Z,32,1,80420,38763.000000000,38763.000000000,38763.000000000,38763.000000000,4,YM
2024-06-10T15:03:33.000000000Z,32,1,80420,38762.000000000,38763.000000000,38762.000000000,38763.000000000,2,YM
2024-06-10T15:03:34.000000000Z,32,1,80420,38764.000000000,38764.000000000,38764.000000000,38764.000000000,2,YM
2024-06-10T15:03:35.000000000Z,32,1,80420,38764.000000000,38764.000000000,38764.000000000,38764.000000000,5,YM
2024-06-10T15:03:37.000000000Z,32,1,80420,38765.000000000,38768.000000000,38765.000000000,38768.000000000,17,YM
2024-06-10T15:03:38.000000000Z,32,1,80420,38767.000000000,38767.000000000,38767.000000000,38767.000000000,2,YM
2024-06-10T15:03:39.000000000Z,32,1,80420,38765.000000000,38766.000000000,38765.000000000,38765.000000000,4,YM
2024-06-10T15:03:41.000000000Z,32,1,80420,38766.000000000,38766.000000000,38766.000000000,38766.000000000,6,YM
2024-06-10T15:03:43.000000000Z,32,1,80420,38766.000000000,38766.000000000,38766.000000000,38766.000000000,2,YM
2024-06-10T15:03:44.000000000Z,32,1,80420,38766.000000000,38766.000000000,38766.000000000,38766.000000000,1,YM
2024-06-10T15:03:45.000000000Z,32,1,80420,38765.000000000,38765.000000000,38765.000000000,38765.000000000,1,YM
2024-06-10T15:03:46.000000000Z,32,1,80420,38766.000000000,38766.000000000,38765.000000000,38765.000000000,3,YM
2024-06-10T15:03:48.000000000Z,32,1,80420,38765.000000000,38765.000000000,38765.000000000,38765.000000000,3,YM
2024-06-10T15:03:49.000000000Z,32,1,80420,38765.000000000,38765.000000000,38765.000000000,38765.000000000,1,YM
2024-06-10T15:03:50.000000000Z,32,1,80420,38765.000000000,38765.000000000,38764.000000000,38764.000000000,5,YM
2024-06-10T15:03:51.000000000Z,32,1,80420,38764.000000000,38764.000000000,38764.000000000,38764.000000000,2,YM
2024-06-10T15:03:52.000000000Z,32,1,80420,38766.000000000,38766.000000000,38766.000000000,38766.000000000,3,YM
2024-06-10T15:03:53.000000000Z,32,1,80420,38767.000000000,38768.000000000,38767.000000000,38768.000000000,3,YM
2024-06-10T15:03:54.000000000Z,32,1,80420,38768.000000000,38768.000000000,38768.000000000,38768.000000000,1,YM
2024-06-10T15:03:55.000000000Z,32,1,80420,38769.000000000,38769.000000000,38769.000000000,38769.000000000,6,YM
2024-06-10T15:03:56.000000000Z,32,1,80420,38769.000000000,38769.000000000,38769.000000000,38769.000000000,1,YM
2024-06-10T15:03:57.000000000Z,32,1,80420,38770.000000000,38771.000000000,38770.000000000,38771.000000000,22,YM
2024-06-10T15:03:58.000000000Z,32,1,80420,38772.000000000,38772.000000000,38772.000000000,38772.000000000,2,YM
2024-06-10T15:03:59.000000000Z,32,1,80420,38773.000000000,38773.000000000,38773.000000000,38773.000000000,2,YM
2024-06-10T15:04:00.000000000Z,32,1,80420,38774.000000000,38774.000000000,38771.000000000,38772.000000000,8,YM
2024-06-10T15:04:01.000000000Z,32,1,80420,38772.000000000,38773.000000000,38772.000000000,38772.000000000,11,YM
2024-06-10T15:04:02.000000000Z,32,1,80420,38774.000000000,38774.000000000,38773.000000000,38773.000000000,4,YM
2024-06-10T15:04:03.000000000Z,32,1,80420,38773.000000000,38773.000000000,38773.000000000,38773.000000000,2,YM
2024-06-10T15:04:05.000000000Z,32,1,80420,38773.000000000,38774.000000000,38773.000000000,38773.000000000,5,YM
2024-06-10T15:04:06.000000000Z,32,1,80420,38774.000000000,38774.000000000,38773.000000000,38773.000000000,14,YM
2024-06-10T15:04:10.000000000Z,32,1,80420,38773.000000000,38773.000000000,38773.000000000,38773.000000000,1,YM
2024-06-10T15:04:11.000000000Z,32,1,80420,38774.000000000,38774.000000000,38772.000000000,38772.000000000,8,YM
2024-06-10T15:04:13.000000000Z,32,1,80420,38772.000000000,38772.000000000,38772.000000000,38772.000000000,2,YM
2024-06-10T15:04:14.000000000Z,32,1,80420,38771.000000000,38771.000000000,38771.000000000,38771.000000000,2,YM
2024-06-10T15:04:16.000000000Z,32,1,80420,38770.000000000,38770.000000000,38768.000000000,38768.000000000,5,YM
2024-06-10T15:04:17.000000000Z,32,1,80420,38767.000000000,38767.000000000,38767.000000000,38767.000000000,1,YM
2024-06-10T15:04:18.000000000Z,32,1,80420,38767.000000000,38767.000000000,38767.000000000,38767.000000000,1,YM
2024-06-10T15:04:19.000000000Z,32,1,80420,38767.000000000,38767.000000000,38765.000000000,38765.000000000,9,YM
2024-06-10T15:04:21.000000000Z,32,1,80420,38766.000000000,38766.000000000,38766.000000000,38766.000000000,2,YM
2024-06-10T15:04:22.000000000Z,32,1,80420,38766.000000000,38766.000000000,38766.000000000,38766.000000000,3,YM
2024-06-10T15:04:23.000000000Z,32,1,80420,38767.000000000,38768.000000000,38767.000000000,38768.000000000,4,YM
2024-06-10T15:04:24.000000000Z,32,1,80420,38769.000000000,38769.000000000,38769.000000000,38769.000000000,1,YM
2024-06-10T15:04:25.000000000Z,32,1,80420,38769.000000000,38769.000000000,38769.000000000,38769.000000000,6,YM
2024-06-10T15:04:26.000000000Z,32,1,80420,38769.000000000,38769.000000000,38769.000000000,38769.000000000,4,YM
2024-06-10T15:04:27.000000000Z,32,1,80420,38769.000000000,38769.000000000,38769.000000000,38769.000000000,3,YM
2024-06-10T15:04:28.000000000Z,32,1,80420,38770.000000000,38773.000000000,38770.000000000,38773.000000000,9,YM
2024-06-10T15:04:29.000000000Z,32,1,80420,38773.000000000,38774.000000000,38773.000000000,38774.000000000,3,YM
2024-06-10T15:04:31.000000000Z,32,1,80420,38772.000000000,38772.000000000,38772.000000000,38772.000000000,5,YM
2024-06-10T15:04:32.000000000Z,32,1,80420,38772.000000000,38772.000000000,38772.000000000,38772.000000000,2,YM
2024-06-10T15:04:33.000000000Z,32,1,80420,38772.000000000,38774.000000000,38772.000000000,38773.000000000,11,YM
2024-06-10T15:04:34.000000000Z,32,1,80420,38773.000000000,38773.000000000,38773.000000000,38773.000000000,6,YM
2024-06-10T15:04:36.000000000Z,32,1,80420,38773.000000000,38773.000000000,38773.000000000,38773.000000000,1,YM
2024-06-10T15:04:38.000000000Z,32,1,80420,38772.000000000,38772.000000000,38772.000000000,38772.000000000,4,YM
2024-06-10T15:04:39.000000000Z,32,1,80420,38772.000000000,38772.000000000,38772.000000000,38772.000000000,1,YM
2024-06-10T15:04:40.000000000Z,32,1,80420,38772.000000000,38773.000000000,38772.000000000,38773.000000000,4,YM
2024-06-10T15:04:41.000000000Z,32,1,80420,38774.000000000,38774.000000000,38773.000000000,38773.000000000,14,YM
2024-06-10T15:04:42.000000000Z,32,1,80420,38774.000000000,38774.000000000,38774.000000000,38774.000000000,1,YM
2024-06-10T15:04:43.000000000Z,32,1,80420,38775.000000000,38776.000000000,38775.000000000,38776.000000000,11,YM
2024-06-10T15:04:44.000000000Z,32,1,80420,38775.000000000,38775.000000000,38775.000000000,38775.000000000,1,YM
2024-06-10T15:04:45.000000000Z,32,1,80420,38776.000000000,38777.000000000,38776.000000000,38777.000000000,19,YM
2024-06-10T15:04:46.000000000Z,32,1,80420,38778.000000000,38778.000000000,38778.000000000,38778.000000000,5,YM
2024-06-10T15:04:47.000000000Z,32,1,80420,38778.000000000,38778.000000000,38778.000000000,38778.000000000,1,YM
2024-06-10T15:04:48.000000000Z,32,1,80420,38778.000000000,38778.000000000,38778.000000000,38778.000000000,2,YM
2024-06-10T15:04:50.000000000Z,32,1,80420,38777.000000000,38777.000000000,38777.000000000,38777.000000000,6,YM
2024-06-10T15:04:51.000000000Z,32,1,80420,38778.000000000,38778.000000000,38778.000000000,38778.000000000,1,YM
2024-06-10T15:04:53.000000000Z,32,1,80420,38777.000000000,38777.000000000,38776.000000000,38776.000000000,7,YM
2024-06-10T15:04:54.000000000Z,32,1,80420,38776.000000000,38777.000000000,38776.000000000,38777.000000000,4,YM
2024-06-10T15:04:57.000000000Z,32,1,80420,38776.000000000,38777.000000000,38776.000000000,38777.000000000,6,YM
2024-06-10T15:04:59.000000000Z,32,1,80420,38778.000000000,38778.000000000,38778.000000000,38778.000000000,7,YM
2024-06-10T15:05:00.000000000Z,32,1,80420,38777.000000000,38777.000000000,38777.000000000,38777.000000000,2,YM
2024-06-10T15:05:01.000000000Z,32,1,80420,38776.000000000,38776.000000000,38774.000000000,38774.000000000,7,YM
2024-06-10T15:05:02.000000000Z,32,1,80420,38773.000000000,38774.000000000,38773.000000000,38774.000000000,14,YM
2024-06-10T15:05:03.000000000Z,32,1,80420,38774.000000000,38774.000000000,38773.000000000,38774.000000000,13,YM
2024-06-10T15:05:04.000000000Z,32,1,80420,38774.000000000,38774.000000000,38774.000000000,38774.000000000,1,YM
2024-06-10T15:05:05.000000000Z,32,1,80420,38774.000000000,38774.000000000,38774.000000000,38774.000000000,5,YM
2024-06-10T15:05:06.000000000Z,32,1,80420,38774.000000000,38774.000000000,38774.000000000,38774.000000000,1,YM
2024-06-10T15:05:07.000000000Z,32,1,80420,38773.000000000,38773.000000000,38773.000000000,38773.000000000,2,YM
2024-06-10T15:05:08.000000000Z,32,1,80420,38774.000000000,38774.000000000,38774.000000000,38774.000000000,1,YM
2024-06-10T15:05:10.000000000Z,32,1,80420,38774.000000000,38774.000000000,38774.000000000,38774.000000000,4,YM
2024-06-10T15:05:11.000000000Z,32,1,80420,38774.000000000,38774.000000000,38774.000000000,38774.000000000,10,YM
2024-06-10T15:05:12.000000000Z,32,1,80420,38774.000000000,38777.000000000,38774.000000000,38777.000000000,9,YM
2024-06-10T15:05:13.000000000Z,32,1,80420,38777.000000000,38777.000000000,38777.000000000,38777.000000000,2,YM
2024-06-10T15:05:14.000000000Z,32,1,80420,38776.000000000,38776.000000000,38776.000000000,38776.000000000,5,YM
2024-06-10T15:05:15.000000000Z,32,1,80420,38775.000000000,38775.000000000,38775.000000000,38775.000000000,3,YM
2024-06-10T15:05:16.000000000Z,32,1,80420,38775.000000000,38775.000000000,38775.000000000,38775.000000000,1,YM
2024-06-10T15:05:18.000000000Z,32,1,80420,38775.000000000,38775.000000000,38775.000000000,38775.000000000,2,YM
2024-06-10T15:05:19.000000000Z,32,1,80420,38775.000000000,38776.000000000,38775.000000000,38776.000000000,6,YM
2024-06-10T15:05:20.000000000Z,32,1,80420,38775.000000000,38777.000000000,38775.000000000,38777.000000000,10,YM
2024-06-10T15:05:21.000000000Z,32,1,80420,38777.000000000,38777.000000000,38777.000000000,38777.000000000,1,YM
2024-06-10T15:05:22.000000000Z,32,1,80420,38778.000000000,38778.000000000,38778.000000000,38778.000000000,2,YM
2024-06-10T15:05:23.000000000Z,32,1,80420,38777.000000000,38777.000000000,38776.000000000,38776.000000000,3,YM
2024-06-10T15:05:25.000000000Z,32,1,80420,38775.000000000,38776.000000000,38775.000000000,38776.000000000,5,YM
2024-06-10T15:05:27.000000000Z,32,1,80420,38775.000000000,38775.000000000,38775.000000000,38775.000000000,1,YM
2024-06-10T15:05:28.000000000Z,32,1,80420,38775.000000000,38775.000000000,38774.000000000,38774.000000000,5,YM
2024-06-10T15:05:30.000000000Z,32,1,80420,38775.000000000,38776.000000000,38775.000000000,38776.000000000,4,YM
2024-06-10T15:05:31.000000000Z,32,1,80420,38777.000000000,38777.000000000,38777.000000000,38777.000000000,1,YM
2024-06-10T15:05:32.000000000Z,32,1,80420,38778.000000000,38780.000000000,38778.000000000,38780.000000000,22,YM
2024-06-10T15:05:33.000000000Z,32,1,80420,38779.000000000,38779.000000000,38779.000000000,38779.000000000,10,YM
2024-06-10T15:05:34.000000000Z,32,1,80420,38779.000000000,38779.000000000,38778.000000000,38779.000000000,7,YM
2024-06-10T15:05:36.000000000Z,32,1,80420,38779.000000000,38782.000000000,38779.000000000,38782.000000000,11,YM
2024-06-10T15:05:37.000000000Z,32,1,80420,38782.000000000,38782.000000000,38782.000000000,38782.000000000,1,YM
2024-06-10T15:05:38.000000000Z,32,1,80420,38781.000000000,38781.000000000,38780.000000000,38780.000000000,7,YM
2024-06-10T15:05:39.000000000Z,32,1,80420,38781.000000000,38781.000000000,38780.000000000,38781.000000000,4,YM
2024-06-10T15:05:40.000000000Z,32,1,80420,38782.000000000,38782.000000000,38782.000000000,38782.000000000,10,YM
2024-06-10T15:05:41.000000000Z,32,1,80420,38783.000000000,38783.000000000,38783.000000000,38783.000000000,1,YM
2024-06-10T15:05:42.000000000Z,32,1,80420,38783.000000000,38783.000000000,38783.000000000,38783.000000000,2,YM
2024-06-10T15:05:43.000000000Z,32,1,80420,38784.000000000,38784.000000000,38783.000000000,38783.000000000,16,YM
2024-06-10T15:05:44.000000000Z,32,1,80420,38783.000000000,38784.000000000,38783.000000000,38784.000000000,3,YM
2024-06-10T15:05:45.000000000Z,32,1,80420,38783.000000000,38783.000000000,38783.000000000,38783.000000000,1,YM
2024-06-10T15:05:46.000000000Z,32,1,80420,38783.000000000,38783.000000000,38783.000000000,38783.000000000,2,YM
2024-06-10T15:05:47.000000000Z,32,1,80420,38783.000000000,38783.000000000,38783.000000000,38783.000000000,3,YM
2024-06-10T15:05:48.000000000Z,32,1,80420,38782.000000000,38784.000000000,38782.000000000,38783.000000000,16,YM
2024-06-10T15:05:49.000000000Z,32,1,80420,38782.000000000,38782.000000000,38781.000000000,38782.000000000,7,YM
2024-06-10T15:05:50.000000000Z,32,1,80420,38782.000000000,38782.000000000,38782.000000000,38782.000000000,2,YM
2024-06-10T15:05:51.000000000Z,32,1,80420,38783.000000000,38784.000000000,38783.000000000,38784.000000000,4,YM
2024-06-10T15:05:52.000000000Z,32,1,80420,38784.000000000,38784.000000000,38784.000000000,38784.000000000,2,YM
2024-06-10T15:05:53.000000000Z,32,1,80420,38785.000000000,38786.000000000,38785.000000000,38786.000000000,15,YM
2024-06-10T15:05:57.000000000Z,32,1,80420,38786.000000000,38786.000000000,38786.000000000,38786.000000000,1,YM
2024-06-10T15:05:59.000000000Z,32,1,80420,38787.000000000,38788.000000000,38787.000000000,38787.000000000,8,YM
2024-06-10T15:06:00.000000000Z,32,1,80420,38788.000000000,38788.000000000,38786.000000000,38787.000000000,10,YM
2024-06-10T15:06:01.000000000Z,32,1,80420,38788.000000000,38789.000000000,38788.000000000,38789.000000000,5,YM
2024-06-10T15:06:02.000000000Z,32,1,80420,38789.000000000,38790.000000000,38789.000000000,38790.000000000,9,YM
2024-06-10T15:06:03.000000000Z,32,1,80420,38788.000000000,38788.000000000,38785.000000000,38786.000000000,19,YM
2024-06-10T15:06:06.000000000Z,32,1,80420,38785.000000000,38785.000000000,38784.000000000,38784.000000000,8,YM
2024-06-10T15:06:07.000000000Z,32,1,80420,38784.000000000,38784.000000000,38784.000000000,38784.000000000,6,YM
2024-06-10T15:06:08.000000000Z,32,1,80420,38784.000000000,38784.000000000,38783.000000000,38783.000000000,2,YM
2024-06-10T15:06:09.000000000Z,32,1,80420,38783.000000000,38783.000000000,38783.000000000,38783.000000000,1,YM
2024-06-10T15:06:10.000000000Z,32,1,80420,38782.000000000,38782.000000000,38781.000000000,38781.000000000,4,YM
2024-06-10T15:06:11.000000000Z,32,1,80420,38782.000000000,38784.000000000,38782.000000000,38784.000000000,4,YM
2024-06-10T15:06:12.000000000Z,32,1,80420,38783.000000000,38783.000000000,38783.000000000,38783.000000000,4,YM
2024-06-10T15:06:13.000000000Z,32,1,80420,38782.000000000,38782.000000000,38782.000000000,38782.000000000,1,YM
2024-06-10T15:06:14.000000000Z,32,1,80420,38783.000000000,38783.000000000,38783.000000000,38783.000000000,1,YM
2024-06-10T15:06:15.000000000Z,32,1,80420,38783.000000000,38783.000000000,38782.000000000,38782.000000000,4,YM
2024-06-10T15:06:16.000000000Z,32,1,80420,38782.000000000,38782.000000000,38782.000000000,38782.000000000,1,YM
2024-06-10T15:06:17.000000000Z,32,1,80420,38781.000000000,38781.000000000,38781.000000000,38781.000000000,1,YM
2024-06-10T15:06:19.000000000Z,32,1,80420,38781.000000000,38781.000000000,38781.000000000,38781.000000000,7,YM
2024-06-10T15:06:20.000000000Z,32,1,80420,38781.000000000,38781.000000000,38781.000000000,38781.000000000,1,YM
2024-06-10T15:06:21.000000000Z,32,1,80420,38780.000000000,38780.000000000,38780.000000000,38780.000000000,2,YM
2024-06-10T15:06:22.000000000Z,32,1,80420,38780.000000000,38780.000000000,38780.000000000,38780.000000000,1,YM
2024-06-10T15:06:23.000000000Z,32,1,80420,38781.000000000,38786.000000000,38781.000000000,38786.000000000,21,YM
2024-06-10T15:06:25.000000000Z,32,1,80420,38785.000000000,38785.000000000,38785.000000000,38785.000000000,2,YM
2024-06-10T15:06:26.000000000Z,32,1,80420,38785.000000000,38785.000000000,38785.000000000,38785.000000000,9,YM
2024-06-10T15:06:28.000000000Z,32,1,80420,38785.000000000,38786.000000000,38785.000000000,38786.000000000,6,YM
2024-06-10T15:06:29.000000000Z,32,1,80420,38787.000000000,38788.000000000,38787.000000000,38788.000000000,4,YM
2024-06-10T15:06:30.000000000Z,32,1,80420,38787.000000000,38788.000000000,38787.000000000,38788.000000000,2,YM
2024-06-10T15:06:31.000000000Z,32,1,80420,38788.000000000,38788.000000000,38788.000000000,38788.000000000,3,YM
2024-06-10T15:06:35.000000000Z,32,1,80420,38788.000000000,38788.000000000,38788.000000000,38788.000000000,1,YM
2024-06-10T15:06:36.000000000Z,32,1,80420,38787.000000000,38787.000000000,38787.000000000,38787.000000000,2,YM
2024-06-10T15:06:37.000000000Z,32,1,80420,38787.000000000,38787.000000000,38786.000000000,38786.000000000,2,YM
2024-06-10T15:06:38.000000000Z,32,1,80420,38786.000000000,38786.000000000,38785.000000000,38785.000000000,15,YM
2024-06-10T15:06:40.000000000Z,32,1,80420,38785.000000000,38785.000000000,38785.000000000,38785.000000000,1,YM
2024-06-10T15:06:41.000000000Z,32,1,80420,38784.000000000,38784.000000000,38783.000000000,38783.000000000,2,YM
2024-06-10T15:06:43.000000000Z,32,1,80420,38781.000000000,38781.000000000,38781.000000000,38781.000000000,1,YM
2024-06-10T15:06:44.000000000Z,32,1,80420,38780.000000000,38780.000000000,38780.000000000,38780.000000000,3,YM
2024-06-10T15:06:45.000000000Z,32,1,80420,38780.000000000,38780.000000000,38780.000000000,38780.000000000,1,YM
2024-06-10T15:06:46.000000000Z,32,1,80420,38779.000000000,38779.000000000,38779.000000000,38779.000000000,3,YM
2024-06-10T15:06:47.000000000Z,32,1,80420,38779.000000000,38779.000000000,38779.000000000,38779.000000000,1,YM
2024-06-10T15:06:48.000000000Z,32,1,80420,38780.000000000,38780.000000000,38780.000000000,38780.000000000,3,YM
2024-06-10T15:06:49.000000000Z,32,1,80420,38780.000000000,38780.000000000,38780.000000000,38780.000000000,1,YM
2024-06-10T15:06:50.000000000Z,32,1,80420,38779.000000000,38780.000000000,38779.000000000,38780.000000000,4,YM
2024-06-10T15:06:53.000000000Z,32,1,80420,38780.000000000,38780.000000000,38780.000000000,38780.000000000,1,YM
2024-06-10T15:06:54.000000000Z,32,1,80420,38781.000000000,38781.000000000,38781.000000000,38781.000000000,4,YM
2024-06-10T15:06:55.000000000Z,32,1,80420,38781.000000000,38782.000000000,38781.000000000,38782.000000000,9,YM
2024-06-10T15:06:56.000000000Z,32,1,80420,38781.000000000,38781.000000000,38781.000000000,38781.000000000,1,YM
2024-06-10T15:06:57.000000000Z,32,1,80420,38782.000000000,38782.000000000,38782.000000000,38782.000000000,7,YM
2024-06-10T15:06:59.000000000Z,32,1,80420,38782.000000000,38782.000000000,38782.000000000,38782.000000000,2,YM
2024-06-10T15:07:00.000000000Z,32,1,80420,38782.000000000,38783.000000000,38782.000000000,38783.000000000,16,YM
2024-06-10T15:07:01.000000000Z,32,1,80420,38782.000000000,38786.000000000,38781.000000000,38786.000000000,14,YM
2024-06-10T15:07:02.000000000Z,32,1,80420,38785.000000000,38786.000000000,38785.000000000,38786.000000000,6,YM
2024-06-10T15:07:03.000000000Z,32,1,80420,38785.000000000,38785.000000000,38785.000000000,38785.000000000,1,YM
2024-06-10T15:07:04.000000000Z,32,1,80420,38786.000000000,38786.000000000,38785.000000000,38785.000000000,3,YM
2024-06-10T15:07:05.000000000Z,32,1,80420,38787.000000000,38787.000000000,38786.000000000,38786.000000000,10,YM
2024-06-10T15:07:06.000000000Z,32,1,80420,38785.000000000,38786.000000000,38784.000000000,38786.000000000,6,YM
2024-06-10T15:07:07.000000000Z,32,1,80420,38786.000000000,38786.000000000,38785.000000000,38785.000000000,8,YM
2024-06-10T15:07:08.000000000Z,32,1,80420,38785.000000000,38786.000000000,38785.000000000,38786.000000000,3,YM
2024-06-10T15:07:10.000000000Z,32,1,80420,38786.000000000,38786.000000000,38786.000000000,38786.000000000,5,YM
2024-06-10T15:07:11.000000000Z,32,1,80420,38787.000000000,38787.000000000,38787.000000000,38787.000000000,1,YM
2024-06-10T15:07:12.000000000Z,32,1,80420,38786.000000000,38787.000000000,38786.000000000,38787.000000000,7,YM
2024-06-10T15:07:13.000000000Z,32,1,80420,38787.000000000,38787.000000000,38786.000000000,38786.000000000,3,YM
2024-06-10T15:07:14.000000000Z,32,1,80420,38787.000000000,38789.000000000,38787.000000000,38789.000000000,13,YM
2024-06-10T15:07:15.000000000Z,32,1,80420,38789.000000000,38790.000000000,38789.000000000,38789.000000000,9,YM
2024-06-10T15:07:16.000000000Z,32,1,80420,38788.000000000,38788.000000000,38788.000000000,38788.000000000,4,YM
2024-06-10T15:07:18.000000000Z,32,1,80420,38787.000000000,38787.000000000,38787.000000000,38787.000000000,2,YM
2024-06-10T15:07:20.000000000Z,32,1,80420,38785.000000000,38786.000000000,38785.000000000,38786.000000000,8,YM
2024-06-10T15:07:21.000000000Z,32,1,80420,38786.000000000,38786.000000000,38786.000000000,38786.000000000,1,YM
2024-06-10T15:07:22.000000000Z,32,1,80420,38786.000000000,38786.000000000,38786.000000000,38786.000000000,1,YM
2024-06-10T15:07:23.000000000Z,32,1,80420,38785.000000000,38785.000000000,38785.000000000,38785.000000000,1,YM
2024-06-10T15:07:25.000000000Z,32,1,80420,38785.000000000,38785.000000000,38785.000000000,38785.000000000,3,YM
2024-06-10T15:07:26.000000000Z,32,1,80420,38784.000000000,38784.000000000,38784.000000000,38784.000000000,1,YM
2024-06-10T15:07:28.000000000Z,32,1,80420,38783.000000000,38783.000000000,38783.000000000,38783.000000000,2,YM
2024-06-10T15:07:29.000000000Z,32,1,80420,38783.000000000,38783.000000000,38782.000000000,38782.000000000,4,YM
2024-06-10T15:07:30.000000000Z,32,1,80420,38781.000000000,38782.000000000,38781.000000000,38782.000000000,2,YM
2024-06-10T15:07:32.000000000Z,32,1,80420,38782.000000000,38782.000000000,38781.000000000,38781.000000000,2,YM
2024-06-10T15:07:33.000000000Z,32,1,80420,38781.000000000,38782.000000000,38781.000000000,38781.000000000,6,YM
2024-06-10T15:07:34.000000000Z,32,1,80420,38781.000000000,38782.000000000,38781.000000000,38782.000000000,3,YM
2024-06-10T15:07:35.000000000Z,32,1,80420,38783.000000000,38783.000000000,38783.000000000,38783.000000000,1,YM
2024-06-10T15:07:36.000000000Z,32,1,80420,38784.000000000,38784.000000000,38784.000000000,38784.000000000,8,YM
2024-06-10T15:07:38.000000000Z,32,1,80420,38785.000000000,38785.000000000,38785.000000000,38785.000000000,1,YM
2024-06-10T15:07:39.000000000Z,32,1,80420,38784.000000000,38784.000000000,38784.000000000,38784.000000000,2,YM
2024-06-10T15:07:42.000000000Z,32,1,80420,38784.000000000,38785.000000000,38784.000000000,38784.000000000,5,YM
2024-06-10T15:07:44.000000000Z,32,1,80420,38783.000000000,38783.000000000,38782.000000000,38782.000000000,10,YM
2024-06-10T15:07:45.000000000Z,32,1,80420,38782.000000000,38783.000000000,38782.000000000,38783.000000000,3,YM
2024-06-10T15:07:46.000000000Z,32,1,80420,38783.000000000,38783.000000000,38781.000000000,38781.000000000,15,YM
2024-06-10T15:07:47.000000000Z,32,1,80420,38780.000000000,38782.000000000,38780.000000000,38782.000000000,3,YM
2024-06-10T15:07:49.000000000Z,32,1,80420,38783.000000000,38783.000000000,38783.000000000,38783.000000000,3,YM
2024-06-10T15:07:52.000000000Z,32,1,80420,38782.000000000,38782.000000000,38781.000000000,38781.000000000,2,YM
2024-06-10T15:07:54.000000000Z,32,1,80420,38780.000000000,38780.000000000,38780.000000000,38780.000000000,3,YM
2024-06-10T15:07:55.000000000Z,32,1,80420,38780.000000000,38780.000000000,38780.000000000,38780.000000000,1,YM
2024-06-10T15:07:56.000000000Z,32,1,80420,38779.000000000,38780.000000000,38779.000000000,38779.000000000,4,YM
2024-06-10T15:07:57.000000000Z,32,1,80420,38780.000000000,38780.000000000,38780.000000000,38780.000000000,1,YM
2024-06-10T15:07:58.000000000Z,32,1,80420,38780.000000000,38780.000000000,38780.000000000,38780.000000000,4,YM
2024-06-10T15:07:59.000000000Z,32,1,80420,38781.000000000,38782.000000000,38781.000000000,38782.000000000,4,YM
2024-06-10T15:08:00.000000000Z,32,1,80420,38781.000000000,38787.000000000,38781.000000000,38786.000000000,45,YM
2024-06-10T15:08:01.000000000Z,32,1,80420,38786.000000000,38787.000000000,38785.000000000,38786.000000000,29,YM
2024-06-10T15:08:02.000000000Z,32,1,80420,38785.000000000,38786.000000000,38785.000000000,38785.000000000,3,YM
2024-06-10T15:08:03.000000000Z,32,1,80420,38785.000000000,38785.000000000,38783.000000000,38783.000000000,16,YM
2024-06-10T15:08:04.000000000Z,32,1,80420,38784.000000000,38785.000000000,38782.000000000,38783.000000000,13,YM
2024-06-10T15:08:06.000000000Z,32,1,80420,38783.000000000,38783.000000000,38783.000000000,38783.000000000,2,YM
2024-06-10T15:08:07.000000000Z,32,1,80420,38782.000000000,38782.000000000,38782.000000000,38782.000000000,1,YM
2024-06-10T15:08:08.000000000Z,32,1,80420,38782.000000000,38782.000000000,38781.000000000,38781.000000000,3,YM
2024-06-10T15:08:09.000000000Z,32,1,80420,38781.000000000,38783.000000000,38781.000000000,38783.000000000,12,YM
2024-06-10T15:08:10.000000000Z,32,1,80420,38782.000000000,38782.000000000,38781.000000000,38781.000000000,10,YM
2024-06-10T15:08:12.000000000Z,32,1,80420,38782.000000000,38782.000000000,38782.000000000,38782.000000000,1,YM
2024-06-10T15:08:13.000000000Z,32,1,80420,38783.000000000,38783.000000000,38783.000000000,38783.000000000,1,YM
2024-06-10T15:08:14.000000000Z,32,1,80420,38785.000000000,38785.000000000,38783.000000000,38784.000000000,10,YM
2024-06-10T15:08:15.000000000Z,32,1,80420,38783.000000000,38784.000000000,38783.000000000,38784.000000000,5,YM
2024-06-10T15:08:18.000000000Z,32,1,80420,38783.000000000,38783.000000000,38782.000000000,38782.000000000,4,YM
2024-06-10T15:08:20.000000000Z,32,1,80420,38782.000000000,38783.000000000,38782.000000000,38783.000000000,4,YM
2024-06-10T15:08:21.000000000Z,32,1,80420,38783.000000000,38783.000000000,38783.000000000,38783.000000000,1,YM
2024-06-10T15:08:23.000000000Z,32,1,80420,38782.000000000,38782.000000000,38782.000000000,38782.000000000,1,YM
2024-06-10T15:08:24.000000000Z,32,1,80420,38782.000000000,38782.000000000,38781.000000000,38781.000000000,3,YM
2024-06-10T15:08:26.000000000Z,32,1,80420,38780.000000000,38781.000000000,38779.000000000,38779.000000000,7,YM
2024-06-10T15:08:27.000000000Z,32,1,80420,38778.000000000,38778.000000000,38777.000000000,38777.000000000,8,YM
2024-06-10T15:08:28.000000000Z,32,1,80420,38777.000000000,38777.000000000,38777.000000000,38777.000000000,3,YM
2024-06-10T15:08:29.000000000Z,32,1,80420,38778.000000000,38778.000000000,38778.000000000,38778.000000000,1,YM
2024-06-10T15:08:30.000000000Z,32,1,80420,38778.000000000,38778.000000000,38778.000000000,38778.000000000,2,YM
2024-06-10T15:08:31.000000000Z,32,1,80420,38777.000000000,38777.000000000,38777.000000000,38777.000000000,2,YM
2024-06-10T15:08:38.000000000Z,32,1,80420,38777.000000000,38779.000000000,38777.000000000,38779.000000000,5,YM
2024-06-10T15:08:40.000000000Z,32,1,80420,38778.000000000,38778.000000000,38778.000000000,38778.000000000,4,YM
2024-06-10T15:08:41.000000000Z,32,1,80420,38778.000000000,38778.000000000,38777.000000000,38777.000000000,2,YM
2024-06-10T15:08:42.000000000Z,32,1,80420,38777.000000000,38777.000000000,38777.000000000,38777.000000000,4,YM
2024-06-10T15:08:43.000000000Z,32,1,80420,38777.000000000,38777.000000000,38777.000000000,38777.000000000,3,YM
2024-06-10T15:08:44.000000000Z,32,1,80420,38778.000000000,38778.000000000,38777.000000000,38777.000000000,3,YM
2024-06-10T15:08:45.000000000Z,32,1,80420,38776.000000000,38776.000000000,38776.000000000,38776.000000000,10,YM
2024-06-10T15:08:47.000000000Z,32,1,80420,38775.000000000,38775.000000000,38775.000000000,38775.000000000,3,YM
2024-06-10T15:08:48.000000000Z,32,1,80420,38774.000000000,38775.000000000,38773.000000000,38775.000000000,8,YM
2024-06-10T15:08:49.000000000Z,32,1,80420,38775.000000000,38776.000000000,38775.000000000,38775.000000000,13,YM
2024-06-10T15:08:50.000000000Z,32,1,80420,38774.000000000,38775.000000000,38774.000000000,38774.000000000,5,YM
2024-06-10T15:08:52.000000000Z,32,1,80420,38775.000000000,38776.000000000,38775.000000000,38776.000000000,3,YM
2024-06-10T15:08:53.000000000Z,32,1,80420,38777.000000000,38777.000000000,38777.000000000,38777.000000000,1,YM
2024-06-10T15:08:54.000000000Z,32,1,80420,38776.000000000,38776.000000000,38776.000000000,38776.000000000,1,YM
2024-06-10T15:08:58.000000000Z,32,1,80420,38775.000000000,38776.000000000,38775.000000000,38776.000000000,2,YM
2024-06-10T15:08:59.000000000Z,32,1,80420,38777.000000000,38778.000000000,38777.000000000,38778.000000000,2,YM
2024-06-10T15:09:01.000000000Z,32,1,80420,38778.000000000,38778.000000000,38778.000000000,38778.000000000,2,YM
2024-06-10T15:09:04.000000000Z,32,1,80420,38778.000000000,38778.000000000,38778.000000000,38778.000000000,2,YM
2024-06-10T15:09:06.000000000Z,32,1,80420,38778.000000000,38778.000000000,38778.000000000,38778.000000000,1,YM
2024-06-10T15:09:07.000000000Z,32,1,80420,38778.000000000,38778.000000000,38778.000000000,38778.000000000,5,YM
2024-06-10T15:09:08.000000000Z,32,1,80420,38777.000000000,38777.000000000,38777.000000000,38777.000000000,2,YM
2024-06-10T15:09:09.000000000Z,32,1,80420,38776.000000000,38776.000000000,38776.000000000,38776.000000000,1,YM
2024-06-10T15:09:10.000000000Z,32,1,80420,38775.000000000,38775.000000000,38775.000000000,38775.000000000,4,YM
2024-06-10T15:09:11.000000000Z,32,1,80420,38775.000000000,38775.000000000,38774.000000000,38774.000000000,3,YM
2024-06-10T15:09:12.000000000Z,32,1,80420,38775.000000000,38776.000000000,38775.000000000,38776.000000000,4,YM
2024-06-10T15:09:13.000000000Z,32,1,80420,38776.000000000,38780.000000000,38776.000000000,38780.000000000,6,YM
2024-06-10T15:09:14.000000000Z,32,1,80420,38780.000000000,38780.000000000,38780.000000000,38780.000000000,1,YM
2024-06-10T15:09:15.000000000Z,32,1,80420,38780.000000000,38780.000000000,38780.000000000,38780.000000000,2,YM
2024-06-10T15:09:19.000000000Z,32,1,80420,38780.000000000,38780.000000000,38780.000000000,38780.000000000,1,YM
2024-06-10T15:09:20.000000000Z,32,1,80420,38780.000000000,38780.000000000,38780.000000000,38780.000000000,2,YM
2024-06-10T15:09:23.000000000Z,32,1,80420,38779.000000000,38779.000000000,38779.000000000,38779.000000000,1,YM
2024-06-10T15:09:24.000000000Z,32,1,80420,38779.000000000,38779.000000000,38779.000000000,38779.000000000,1,YM
2024-06-10T15:09:29.000000000Z,32,1,80420,38779.000000000,38779.000000000,38779.000000000,38779.000000000,5,YM
2024-06-10T15:09:30.000000000Z,32,1,80420,38778.000000000,38778.000000000,38778.000000000,38778.000000000,5,YM
2024-06-10T15:09:31.000000000Z,32,1,80420,38777.000000000,38777.000000000,38777.000000000,38777.000000000,1,YM
2024-06-10T15:09:32.000000000Z,32,1,80420,38776.000000000,38776.000000000,38776.000000000,38776.000000000,1,YM
2024-06-10T15:09:35.000000000Z,32,1,80420,38777.000000000,38777.000000000,38777.000000000,38777.000000000,4,YM
2024-06-10T15:09:37.000000000Z,32,1,80420,38776.000000000,38776.000000000,38776.000000000,38776.000000000,1,YM
2024-06-10T15:09:39.000000000Z,32,1,80420,38777.000000000,38777.000000000,38777.000000000,38777.000000000,4,YM
2024-06-10T15:09:43.000000000Z,32,1,80420,38777.000000000,38777.000000000,38777.000000000,38777.000000000,1,YM
2024-06-10T15:09:44.000000000Z,32,1,80420,38777.000000000,38777.000000000,38777.000000000,38777.000000000,1,YM
2024-06-10T15:09:46.000000000Z,32,1,80420,38775.000000000,38775.000000000,38775.000000000,38775.000000000,2,YM
2024-06-10T15:09:50.000000000Z,32,1,80420,38774.000000000,38774.000000000,38773.000000000,38773.000000000,7,YM
2024-06-10T15:09:51.000000000Z,32,1,80420,38773.000000000,38773.000000000,38773.000000000,38773.000000000,2,YM
2024-06-10T15:09:52.000000000Z,32,1,80420,38775.000000000,38775.000000000,38775.000000000,38775.000000000,3,YM
2024-06-10T15:09:53.000000000Z,32,1,80420,38776.000000000,38778.000000000,38776.000000000,38777.000000000,22,YM
2024-06-10T15:09:54.000000000Z,32,1,80420,38777.000000000,38777.000000000,38777.000000000,38777.000000000,2,YM
2024-06-10T15:09:55.000000000Z,32,1,80420,38778.000000000,38779.000000000,38778.000000000,38779.000000000,10,YM
2024-06-10T15:09:56.000000000Z,32,1,80420,38780.000000000,38780.000000000,38779.000000000,38779.000000000,10,YM
2024-06-10T15:09:57.000000000Z,32,1,80420,38780.000000000,38781.000000000,38780.000000000,38781.000000000,5,YM
2024-06-10T15:09:58.000000000Z,32,1,80420,38780.000000000,38780.000000000,38780.000000000,38780.000000000,4,YM
2024-06-10T15:10:00.000000000Z,32,1,80420,38780.000000000,38780.000000000,38779.000000000,38779.000000000,5,YM
2024-06-10T15:10:01.000000000Z,32,1,80420,38779.000000000,38779.000000000,38778.000000000,38778.000000000,9,YM
2024-06-10T15:10:02.000000000Z,32,1,80420,38778.000000000,38778.000000000,38778.000000000,38778.000000000,1,YM
2024-06-10T15:10:03.000000000Z,32,1,80420,38778.000000000,38778.000000000,38775.000000000,38775.000000000,18,YM
2024-06-10T15:10:04.000000000Z,32,1,80420,38775.000000000,38775.000000000,38775.000000000,38775.000000000,1,YM
2024-06-10T15:10:05.000000000Z,32,1,80420,38775.000000000,38776.000000000,38775.000000000,38776.000000000,3,YM
2024-06-10T15:10:06.000000000Z,32,1,80420,38776.000000000,38776.000000000,38776.000000000,38776.000000000,1,YM
2024-06-10T15:10:07.000000000Z,32,1,80420,38776.000000000,38776.000000000,38776.000000000,38776.000000000,2,YM
2024-06-10T15:10:08.000000000Z,32,1,80420,38776.000000000,38776.000000000,38776.000000000,38776.000000000,2,YM
2024-06-10T15:10:09.000000000Z,32,1,80420,38777.000000000,38777.000000000,38777.000000000,38777.000000000,2,YM
2024-06-10T15:10:10.000000000Z,32,1,80420,38777.000000000,38777.000000000,38776.000000000,38776.000000000,13,YM
2024-06-10T15:10:11.000000000Z,32,1,80420,38775.000000000,38776.000000000,38775.000000000,38776.000000000,6,YM
2024-06-10T15:10:12.000000000Z,32,1,80420,38776.000000000,38776.000000000,38775.000000000,38775.000000000,3,YM
2024-06-10T15:10:14.000000000Z,32,1,80420,38776.000000000,38776.000000000,38776.000000000,38776.000000000,11,YM
2024-06-10T15:10:15.000000000Z,32,1,80420,38776.000000000,38776.000000000,38776.000000000,38776.000000000,4,YM
2024-06-10T15:10:17.000000000Z,32,1,80420,38775.000000000,38775.000000000,38775.000000000,38775.000000000,4,YM
2024-06-10T15:10:18.000000000Z,32,1,80420,38775.000000000,38775.000000000,38775.000000000,38775.000000000,3,YM
2024-06-10T15:10:19.000000000Z,32,1,80420,38774.000000000,38774.000000000,38774.000000000,38774.000000000,4,YM
2024-06-10T15:10:20.000000000Z,32,1,80420,38775.000000000,38775.000000000,38775.000000000,38775.000000000,1,YM
2024-06-10T15:10:21.000000000Z,32,1,80420,38774.000000000,38774.000000000,38774.000000000,38774.000000000,1,YM
2024-06-10T15:10:22.000000000Z,32,1,80420,38773.000000000,38773.000000000,38773.000000000,38773.000000000,1,YM
2024-06-10T15:10:23.000000000Z,32,1,80420,38773.000000000,38773.000000000,38773.000000000,38773.000000000,9,YM
2024-06-10T15:10:24.000000000Z,32,1,80420,38772.000000000,38772.000000000,38770.000000000,38771.000000000,20,YM
2024-06-10T15:10:25.000000000Z,32,1,80420,38773.000000000,38775.000000000,38773.000000000,38775.000000000,5,YM
2024-06-10T15:10:26.000000000Z,32,1,80420,38774.000000000,38774.000000000,38773.000000000,38773.000000000,12,YM
2024-06-10T15:10:27.000000000Z,32,1,80420,38773.000000000,38773.000000000,38773.000000000,38773.000000000,1,YM
2024-06-10T15:10:28.000000000Z,32,1,80420,38773.000000000,38773.000000000,38773.000000000,38773.000000000,9,YM
2024-06-10T15:10:29.000000000Z,32,1,80420,38773.000000000,38773.000000000,38773.000000000,38773.000000000,2,YM
2024-06-10T15:10:30.000000000Z,32,1,80420,38773.000000000,38773.000000000,38773.000000000,38773.000000000,1,YM
2024-06-10T15:10:31.000000000Z,32,1,80420,38772.000000000,38773.000000000,38772.000000000,38773.000000000,2,YM
2024-06-10T15:10:32.000000000Z,32,1,80420,38774.000000000,38775.000000000,38774.000000000,38775.000000000,2,YM
2024-06-10T15:10:33.000000000Z,32,1,80420,38776.000000000,38776.000000000,38776.000000000,38776.000000000,4,YM
2024-06-10T15:10:37.000000000Z,32,1,80420,38773.000000000,38773.000000000,38771.000000000,38771.000000000,17,YM
2024-06-10T15:10:38.000000000Z,32,1,80420,38770.000000000,38770.000000000,38770.000000000,38770.000000000,2,YM
2024-06-10T15:10:39.000000000Z,32,1,80420,38771.000000000,38771.000000000,38770.000000000,38770.000000000,3,YM
2024-06-10T15:10:40.000000000Z,32,1,80420,38771.000000000,38771.000000000,38770.000000000,38770.000000000,3,YM
2024-06-10T15:10:41.000000000Z,32,1,80420,38769.000000000,38770.000000000,38769.000000000,38770.000000000,3,YM
2024-06-10T15:10:42.000000000Z,32,1,80420,38769.000000000,38769.000000000,38768.000000000,38768.000000000,4,YM
2024-06-10T15:10:43.000000000Z,32,1,80420,38768.000000000,38768.000000000,38767.000000000,38767.000000000,8,YM
2024-06-10T15:10:44.000000000Z,32,1,80420,38768.000000000,38768.000000000,38768.000000000,38768.000000000,2,YM
2024-06-10T15:10:45.000000000Z,32,1,80420,38769.000000000,38769.000000000,38769.000000000,38769.000000000,3,YM
2024-06-10T15:10:46.000000000Z,32,1,80420,38768.000000000,38769.000000000,38768.000000000,38769.000000000,6,YM
2024-06-10T15:10:47.000000000Z,32,1,80420,38770.000000000,38770.000000000,38769.000000000,38769.000000000,3,YM
2024-06-10T15:10:48.000000000Z,32,1,80420,38770.000000000,38770.000000000,38769.000000000,38769.000000000,6,YM
2024-06-10T15:10:50.000000000Z,32,1,80420,38769.000000000,38769.000000000,38768.000000000,38768.000000000,2,YM
2024-06-10T15:10:51.000000000Z,32,1,80420,38769.000000000,38769.000000000,38769.000000000,38769.000000000,1,YM
2024-06-10T15:10:52.000000000Z,32,1,80420,38769.000000000,38769.000000000,38769.000000000,38769.000000000,1,YM
2024-06-10T15:10:53.000000000Z,32,1,80420,38770.000000000,38770.000000000,38770.000000000,38770.000000000,5,YM
2024-06-10T15:10:55.000000000Z,32,1,80420,38770.000000000,38770.000000000,38770.000000000,38770.000000000,1,YM
2024-06-10T15:10:57.000000000Z,32,1,80420,38770.000000000,38771.000000000,38770.000000000,38771.000000000,9,YM
2024-06-10T15:11:00.000000000Z,32,1,80420,38770.000000000,38770.000000000,38769.000000000,38769.000000000,2,YM
2024-06-10T15:11:01.000000000Z,32,1,80420,38770.000000000,38770.000000000,38766.000000000,38766.000000000,14,YM
2024-06-10T15:11:02.000000000Z,32,1,80420,38765.000000000,38765.000000000,38763.000000000,38763.000000000,25,YM
2024-06-10T15:11:03.000000000Z,32,1,80420,38765.000000000,38765.000000000,38764.000000000,38764.000000000,3,YM
2024-06-10T15:11:05.000000000Z,32,1,80420,38764.000000000,38764.000000000,38764.000000000,38764.000000000,2,YM
2024-06-10T15:11:06.000000000Z,32,1,80420,38764.000000000,38765.000000000,38764.000000000,38765.000000000,5,YM
2024-06-10T15:11:07.000000000Z,32,1,80420,38765.000000000,38767.000000000,38765.000000000,38767.000000000,24,YM
2024-06-10T15:11:08.000000000Z,32,1,80420,38765.000000000,38765.000000000,38765.000000000,38765.000000000,6,YM
2024-06-10T15:11:09.000000000Z,32,1,80420,38765.000000000,38765.000000000,38765.000000000,38765.000000000,1,YM
2024-06-10T15:11:10.000000000Z,32,1,80420,38765.000000000,38765.000000000,38765.000000000,38765.000000000,1,YM
2024-06-10T15:11:11.000000000Z,32,1,80420,38765.000000000,38766.000000000,38765.000000000,38766.000000000,2,YM
2024-06-10T15:11:12.000000000Z,32,1,80420,38766.000000000,38766.000000000,38766.000000000,38766.000000000,3,YM
2024-06-10T15:11:13.000000000Z,32,1,80420,38767.000000000,38768.000000000,38767.000000000,38768.000000000,3,YM
2024-06-10T15:11:17.000000000Z,32,1,80420,38768.000000000,38769.000000000,38768.000000000,38769.000000000,6,YM
2024-06-10T15:11:21.000000000Z,32,1,80420,38767.000000000,38767.000000000,38767.000000000,38767.000000000,1,YM
2024-06-10T15:11:22.000000000Z,32,1,80420,38766.000000000,38766.000000000,38766.000000000,38766.000000000,4,YM
2024-06-10T15:11:25.000000000Z,32,1,80420,38768.000000000,38768.000000000,38768.000000000,38768.000000000,2,YM
2024-06-10T15:11:29.000000000Z,32,1,80420,38767.000000000,38767.000000000,38767.000000000,38767.000000000,1,YM
2024-06-10T15:11:30.000000000Z,32,1,80420,38766.000000000,38766.000000000,38766.000000000,38766.000000000,1,YM
2024-06-10T15:11:33.000000000Z,32,1,80420,38766.000000000,38766.000000000,38765.000000000,38765.000000000,3,YM
2024-06-10T15:11:35.000000000Z,32,1,80420,38765.000000000,38765.000000000,38765.000000000,38765.000000000,1,YM
2024-06-10T15:11:36.000000000Z,32,1,80420,38766.000000000,38766.000000000,38766.000000000,38766.000000000,1,YM
2024-06-10T15:11:38.000000000Z,32,1,80420,38768.000000000,38768.000000000,38768.000000000,38768.000000000,1,YM
2024-06-10T15:11:41.000000000Z,32,1,80420,38769.000000000,38769.000000000,38769.000000000,38769.000000000,4,YM
2024-06-10T15:11:42.000000000Z,32,1,80420,38767.000000000,38767.000000000,38767.000000000,38767.000000000,1,YM
2024-06-10T15:11:43.000000000Z,32,1,80420,38767.000000000,38767.000000000,38766.000000000,38766.000000000,2,YM
2024-06-10T15:11:49.000000000Z,32,1,80420,38766.000000000,38766.000000000,38766.000000000,38766.000000000,3,YM
2024-06-10T15:11:50.000000000Z,32,1,80420,38765.000000000,38765.000000000,38765.000000000,38765.000000000,1,YM
2024-06-10T15:11:51.000000000Z,32,1,80420,38765.000000000,38765.000000000,38764.000000000,38764.000000000,3,YM
2024-06-10T15:11:53.000000000Z,32,1,80420,38765.000000000,38765.000000000,38765.000000000,38765.000000000,1,YM
2024-06-10T15:11:54.000000000Z,32,1,80420,38766.000000000,38766.000000000,38766.000000000,38766.000000000,1,YM
2024-06-10T15:11:56.000000000Z,32,1,80420,38766.000000000,38766.000000000,38766.000000000,38766.000000000,2,YM
2024-06-10T15:11:57.000000000Z,32,1,80420,38766.000000000,38767.000000000,38766.000000000,38767.000000000,9,YM
2024-06-10T15:12:01.000000000Z,32,1,80420,38766.000000000,38767.000000000,38766.000000000,38767.000000000,3,YM
2024-06-10T15:12:02.000000000Z,32,1,80420,38768.000000000,38770.000000000,38768.000000000,38770.000000000,4,YM
2024-06-10T15:12:03.000000000Z,32,1,80420,38770.000000000,38770.000000000,38770.000000000,38770.000000000,3,YM
2024-06-10T15:12:04.000000000Z,32,1,80420,38770.000000000,38770.000000000,38770.000000000,38770.000000000,5,YM
2024-06-10T15:12:05.000000000Z,32,1,80420,38770.000000000,38772.000000000,38770.000000000,38772.000000000,10,YM
2024-06-10T15:12:06.000000000Z,32,1,80420,38772.000000000,38772.000000000,38772.000000000,38772.000000000,1,YM
2024-06-10T15:12:07.000000000Z,32,1,80420,38771.000000000,38771.000000000,38771.000000000,38771.000000000,5,YM
2024-06-10T15:12:08.000000000Z,32,1,80420,38771.000000000,38771.000000000,38771.000000000,38771.000000000,1,YM
2024-06-10T15:12:10.000000000Z,32,1,80420,38771.000000000,38771.000000000,38771.000000000,38771.000000000,2,YM
2024-06-10T15:12:11.000000000Z,32,1,80420,38770.000000000,38770.000000000,38769.000000000,38769.000000000,2,YM
2024-06-10T15:12:12.000000000Z,32,1,80420,38770.000000000,38770.000000000,38769.000000000,38769.000000000,2,YM
2024-06-10T15:12:13.000000000Z,32,1,80420,38770.000000000,38770.000000000,38770.000000000,38770.000000000,6,YM
2024-06-10T15:12:14.000000000Z,32,1,80420,38770.000000000,38770.000000000,38770.000000000,38770.000000000,2,YM
2024-06-10T15:12:15.000000000Z,32,1,80420,38769.000000000,38769.000000000,38769.000000000,38769.000000000,1,YM
2024-06-10T15:12:18.000000000Z,32,1,80420,38770.000000000,38770.000000000,38770.000000000,38770.000000000,1,YM
2024-06-10T15:12:21.000000000Z,32,1,80420,38769.000000000,38769.000000000,38769.000000000,38769.000000000,1,YM
2024-06-10T15:12:23.000000000Z,32,1,80420,38769.000000000,38769.000000000,38769.000000000,38769.000000000,1,YM
2024-06-10T15:12:24.000000000Z,32,1,80420,38767.000000000,38767.000000000,38767.000000000,38767.000000000,1,YM
2024-06-10T15:12:25.000000000Z,32,1,80420,38767.000000000,38767.000000000,38767.000000000,38767.000000000,2,YM
2024-06-10T15:12:26.000000000Z,32,1,80420,38768.000000000,38768.000000000,38768.000000000,38768.000000000,1,YM
2024-06-10T15:12:27.000000000Z,32,1,80420,38767.000000000,38768.000000000,38767.000000000,38768.000000000,6,YM
2024-06-10T15:12:28.000000000Z,32,1,80420,38768.000000000,38768.000000000,38765.000000000,38766.000000000,11,YM
2024-06-10T15:12:29.000000000Z,32,1,80420,38765.000000000,38766.000000000,38765.000000000,38766.000000000,4,YM
2024-06-10T15:12:32.000000000Z,32,1,80420,38765.000000000,38765.000000000,38765.000000000,38765.000000000,1,YM
2024-06-10T15:12:33.000000000Z,32,1,80420,38764.000000000,38764.000000000,38764.000000000,38764.000000000,1,YM
2024-06-10T15:12:38.000000000Z,32,1,80420,38765.000000000,38765.000000000,38765.000000000,38765.000000000,5,YM
2024-06-10T15:12:39.000000000Z,32,1,80420,38766.000000000,38767.000000000,38766.000000000,38767.000000000,3,YM
2024-06-10T15:12:43.000000000Z,32,1,80420,38767.000000000,38767.000000000,38767.000000000,38767.000000000,1,YM
2024-06-10T15:12:44.000000000Z,32,1,80420,38766.000000000,38766.000000000,38766.000000000,38766.000000000,1,YM
2024-06-10T15:12:45.000000000Z,32,1,80420,38767.000000000,38767.000000000,38767.000000000,38767.000000000,1,YM
2024-06-10T15:12:46.000000000Z,32,1,80420,38768.000000000,38769.000000000,38768.000000000,38769.000000000,4,YM
2024-06-10T15:12:52.000000000Z,32,1,80420,38768.000000000,38768.000000000,38768.000000000,38768.000000000,2,YM
2024-06-10T15:12:58.000000000Z,32,1,80420,38767.000000000,38767.000000000,38767.000000000,38767.000000000,2,YM
2024-06-10T15:12:59.000000000Z,32,1,80420,38766.000000000,38767.000000000,38766.000000000,38767.000000000,4,YM
2024-06-10T15:13:00.000000000Z,32,1,80420,38768.000000000,38769.000000000,38768.000000000,38768.000000000,5,YM
2024-06-10T15:13:03.000000000Z,32,1,80420,38767.000000000,38767.000000000,38767.000000000,38767.000000000,1,YM
2024-06-10T15:13:04.000000000Z,32,1,80420,38766.000000000,38766.000000000,38766.000000000,38766.000000000,6,YM
2024-06-10T15:13:05.000000000Z,32,1,80420,38766.000000000,38766.000000000,38766.000000000,38766.000000000,2,YM
2024-06-10T15:13:07.000000000Z,32,1,80420,38766.000000000,38766.000000000,38766.000000000,38766.000000000,3,YM
2024-06-10T15:13:09.000000000Z,32,1,80420,38766.000000000,38766.000000000,38766.000000000,38766.000000000,1,YM
2024-06-10T15:13:11.000000000Z,32,1,80420,38765.000000000,38765.000000000,38765.000000000,38765.000000000,1,YM
2024-06-10T15:13:14.000000000Z,32,1,80420,38765.000000000,38765.000000000,38765.000000000,38765.000000000,2,YM
2024-06-10T15:13:15.000000000Z,32,1,80420,38764.000000000,38764.000000000,38762.000000000,38763.000000000,8,YM
2024-06-10T15:13:16.000000000Z,32,1,80420,38763.000000000,38763.000000000,38762.000000000,38762.000000000,6,YM
2024-06-10T15:13:17.000000000Z,32,1,80420,38760.000000000,38760.000000000,38759.000000000,38759.000000000,5,YM
2024-06-10T15:13:18.000000000Z,32,1,80420,38759.000000000,38759.000000000,38759.000000000,38759.000000000,6,YM
2024-06-10T15:13:20.000000000Z,32,1,80420,38759.000000000,38759.000000000,38759.000000000,38759.000000000,8,YM
2024-06-10T15:13:21.000000000Z,32,1,80420,38758.000000000,38758.000000000,38757.000000000,38758.000000000,12,YM
2024-06-10T15:13:22.000000000Z,32,1,80420,38758.000000000,38758.000000000,38755.000000000,38756.000000000,6,YM
2024-06-10T15:13:23.000000000Z,32,1,80420,38755.000000000,38757.000000000,38755.000000000,38757.000000000,7,YM
2024-06-10T15:13:24.000000000Z,32,1,80420,38757.000000000,38758.000000000,38757.000000000,38758.000000000,7,YM
2024-06-10T15:13:25.000000000Z,32,1,80420,38758.000000000,38758.000000000,38758.000000000,38758.000000000,2,YM
2024-06-10T15:13:26.000000000Z,32,1,80420,38758.000000000,38759.000000000,38758.000000000,38759.000000000,7,YM
2024-06-10T15:13:32.000000000Z,32,1,80420,38758.000000000,38758.000000000,38758.000000000,38758.000000000,2,YM
2024-06-10T15:13:33.000000000Z,32,1,80420,38757.000000000,38757.000000000,38757.000000000,38757.000000000,3,YM
2024-06-10T15:13:35.000000000Z,32,1,80420,38757.000000000,38758.000000000,38756.000000000,38758.000000000,7,YM
2024-06-10T15:13:41.000000000Z,32,1,80420,38758.000000000,38758.000000000,38758.000000000,38758.000000000,1,YM
2024-06-10T15:13:42.000000000Z,32,1,80420,38759.000000000,38759.000000000,38759.000000000,38759.000000000,2,YM
2024-06-10T15:13:44.000000000Z,32,1,80420,38760.000000000,38760.000000000,38760.000000000,38760.000000000,2,YM
2024-06-10T15:13:45.000000000Z,32,1,80420,38759.000000000,38759.000000000,38759.000000000,38759.000000000,1,YM
2024-06-10T15:13:48.000000000Z,32,1,80420,38761.000000000,38762.000000000,38761.000000000,38762.000000000,5,YM
2024-06-10T15:13:49.000000000Z,32,1,80420,38760.000000000,38760.000000000,38760.000000000,38760.000000000,1,YM
2024-06-10T15:13:50.000000000Z,32,1,80420,38760.000000000,38760.000000000,38760.000000000,38760.000000000,9,YM
2024-06-10T15:13:53.000000000Z,32,1,80420,38760.000000000,38760.000000000,38759.000000000,38759.000000000,5,YM
2024-06-10T15:13:54.000000000Z,32,1,80420,38758.000000000,38758.000000000,38758.000000000,38758.000000000,3,YM
2024-06-10T15:13:57.000000000Z,32,1,80420,38755.000000000,38755.000000000,38754.000000000,38754.000000000,8,YM
2024-06-10T15:13:58.000000000Z,32,1,80420,38754.000000000,38755.000000000,38754.000000000,38755.000000000,5,YM
2024-06-10T15:13:59.000000000Z,32,1,80420,38756.000000000,38757.000000000,38756.000000000,38757.000000000,3,YM
2024-06-10T15:14:00.000000000Z,32,1,80420,38757.000000000,38757.000000000,38757.000000000,38757.000000000,4,YM
2024-06-10T15:14:01.000000000Z,32,1,80420,38756.000000000,38756.000000000,38756.000000000,38756.000000000,1,YM
2024-06-10T15:14:02.000000000Z,32,1,80420,38755.000000000,38755.000000000,38755.000000000,38755.000000000,1,YM
2024-06-10T15:14:03.000000000Z,32,1,80420,38754.000000000,38755.000000000,38754.000000000,38755.000000000,7,YM
2024-06-10T15:14:05.000000000Z,32,1,80420,38756.000000000,38756.000000000,38754.000000000,38754.000000000,9,YM
2024-06-10T15:14:07.000000000Z,32,1,80420,38753.000000000,38753.000000000,38753.000000000,38753.000000000,6,YM
2024-06-10T15:14:08.000000000Z,32,1,80420,38754.000000000,38754.000000000,38754.000000000,38754.000000000,3,YM
2024-06-10T15:14:10.000000000Z,32,1,80420,38754.000000000,38757.000000000,38754.000000000,38756.000000000,6,YM
2024-06-10T15:14:11.000000000Z,32,1,80420,38758.000000000,38758.000000000,38758.000000000,38758.000000000,3,YM
2024-06-10T15:14:12.000000000Z,32,1,80420,38759.000000000,38759.000000000,38758.000000000,38758.000000000,7,YM
2024-06-10T15:14:13.000000000Z,32,1,80420,38757.000000000,38757.000000000,38756.000000000,38756.000000000,2,YM
2024-06-10T15:14:14.000000000Z,32,1,80420,38757.000000000,38757.000000000,38756.000000000,38756.000000000,4,YM
2024-06-10T15:14:15.000000000Z,32,1,80420,38756.000000000,38756.000000000,38756.000000000,38756.000000000,1,YM
2024-06-10T15:14:21.000000000Z,32,1,80420,38757.000000000,38757.000000000,38757.000000000,38757.000000000,1,YM
2024-06-10T15:14:24.000000000Z,32,1,80420,38758.000000000,38758.000000000,38757.000000000,38757.000000000,2,YM
2024-06-10T15:14:25.000000000Z,32,1,80420,38759.000000000,38759.000000000,38759.000000000,38759.000000000,1,YM
2024-06-10T15:14:26.000000000Z,32,1,80420,38757.000000000,38757.000000000,38756.000000000,38756.000000000,8,YM
2024-06-10T15:14:27.000000000Z,32,1,80420,38754.000000000,38755.000000000,38753.000000000,38755.000000000,6,YM
2024-06-10T15:14:28.000000000Z,32,1,80420,38756.000000000,38756.000000000,38755.000000000,38755.000000000,3,YM
2024-06-10T15:14:29.000000000Z,32,1,80420,38754.000000000,38754.000000000,38754.000000000,38754.000000000,2,YM
2024-06-10T15:14:30.000000000Z,32,1,80420,38754.000000000,38754.000000000,38754.000000000,38754.000000000,1,YM
2024-06-10T15:14:31.000000000Z,32,1,80420,38754.000000000,38754.000000000,38754.000000000,38754.000000000,1,YM
2024-06-10T15:14:35.000000000Z,32,1,80420,38752.000000000,38752.000000000,38752.000000000,38752.000000000,3,YM
2024-06-10T15:14:36.000000000Z,32,1,80420,38753.000000000,38753.000000000,38753.000000000,38753.000000000,2,YM
2024-06-10T15:14:37.000000000Z,32,1,80420,38753.000000000,38753.000000000,38753.000000000,38753.000000000,1,YM
2024-06-10T15:14:39.000000000Z,32,1,80420,38753.000000000,38753.000000000,38752.000000000,38752.000000000,3,YM
2024-06-10T15:14:40.000000000Z,32,1,80420,38753.000000000,38753.000000000,38753.000000000,38753.000000000,1,YM
2024-06-10T15:14:41.000000000Z,32,1,80420,38754.000000000,38754.000000000,38754.000000000,38754.000000000,1,YM
2024-06-10T15:14:42.000000000Z,32,1,80420,38755.000000000,38755.000000000,38755.000000000,38755.000000000,1,YM
2024-06-10T15:14:45.000000000Z,32,1,80420,38753.000000000,38753.000000000,38753.000000000,38753.000000000,2,YM
2024-06-10T15:14:46.000000000Z,32,1,80420,38752.000000000,38752.000000000,38752.000000000,38752.000000000,7,YM
2024-06-10T15:14:47.000000000Z,32,1,80420,38753.000000000,38753.000000000,38753.000000000,38753.000000000,2,YM
2024-06-10T15:14:51.000000000Z,32,1,80420,38754.000000000,38755.000000000,38754.000000000,38755.000000000,2,YM
2024-06-10T15:14:54.000000000Z,32,1,80420,38753.000000000,38753.000000000,38753.000000000,38753.000000000,4,YM
2024-06-10T15:14:55.000000000Z,32,1,80420,38754.000000000,38754.000000000,38754.000000000,38754.000000000,1,YM
2024-06-10T15:14:58.000000000Z,32,1,80420,38755.000000000,38755.000000000,38755.000000000,38755.000000000,1,YM
2024-06-10T15:15:00.000000000Z,32,1,80420,38755.000000000,38755.000000000,38755.000000000,38755.000000000,5,YM
2024-06-10T15:15:01.000000000Z,32,1,80420,38755.000000000,38755.000000000,38755.000000000,38755.000000000,52,YM
2024-06-10T15:15:02.000000000Z,32,1,80420,38754.000000000,38754.000000000,38754.000000000,38754.000000000,7,YM
2024-06-10T15:15:03.000000000Z,32,1,80420,38752.000000000,38752.000000000,38752.000000000,38752.000000000,2,YM
2024-06-10T15:15:04.000000000Z,32,1,80420,38752.000000000,38752.000000000,38752.000000000,38752.000000000,3,YM
2024-06-10T15:15:05.000000000Z,32,1,80420,38752.000000000,38752.000000000,38752.000000000,38752.000000000,1,YM
2024-06-10T15:15:06.000000000Z,32,1,80420,38751.000000000,38751.000000000,38751.000000000,38751.000000000,2,YM
2024-06-10T15:15:07.000000000Z,32,1,80420,38752.000000000,38752.000000000,38752.000000000,38752.000000000,4,YM
2024-06-10T15:15:10.000000000Z,32,1,80420,38752.000000000,38752.000000000,38752.000000000,38752.000000000,1,YM
2024-06-10T15:15:12.000000000Z,32,1,80420,38752.000000000,38752.000000000,38752.000000000,38752.000000000,3,YM
2024-06-10T15:15:13.000000000Z,32,1,80420,38752.000000000,38752.000000000,38752.000000000,38752.000000000,1,YM
2024-06-10T15:15:15.000000000Z,32,1,80420,38752.000000000,38752.000000000,38752.000000000,38752.000000000,3,YM
2024-06-10T15:15:17.000000000Z,32,1,80420,38750.000000000,38751.000000000,38750.000000000,38751.000000000,8,YM
2024-06-10T15:15:18.000000000Z,32,1,80420,38750.000000000,38750.000000000,38750.000000000,38750.000000000,2,YM
2024-06-10T15:15:20.000000000Z,32,1,80420,38750.000000000,38751.000000000,38750.000000000,38751.000000000,3,YM
2024-06-10T15:15:24.000000000Z,32,1,80420,38753.000000000,38753.000000000,38753.000000000,38753.000000000,1,YM
2024-06-10T15:15:25.000000000Z,32,1,80420,38751.000000000,38751.000000000,38751.000000000,38751.000000000,1,YM
2024-06-10T15:15:26.000000000Z,32,1,80420,38752.000000000,38752.000000000,38752.000000000,38752.000000000,7,YM
2024-06-10T15:15:27.000000000Z,32,1,80420,38753.000000000,38753.000000000,38753.000000000,38753.000000000,1,YM
2024-06-10T15:15:30.000000000Z,32,1,80420,38753.000000000,38754.000000000,38753.000000000,38754.000000000,9,YM
2024-06-10T15:15:31.000000000Z,32,1,80420,38752.000000000,38752.000000000,38752.000000000,38752.000000000,1,YM
2024-06-10T15:15:37.000000000Z,32,1,80420,38751.000000000,38752.000000000,38751.000000000,38752.000000000,2,YM
2024-06-10T15:15:38.000000000Z,32,1,80420,38752.000000000,38753.000000000,38752.000000000,38753.000000000,2,YM
2024-06-10T15:15:41.000000000Z,32,1,80420,38752.000000000,38752.000000000,38752.000000000,38752.000000000,15,YM
2024-06-10T15:15:42.000000000Z,32,1,80420,38754.000000000,38754.000000000,38754.000000000,38754.000000000,1,YM
2024-06-10T15:15:43.000000000Z,32,1,80420,38753.000000000,38753.000000000,38753.000000000,38753.000000000,1,YM
2024-06-10T15:15:45.000000000Z,32,1,80420,38752.000000000,38754.000000000,38752.000000000,38754.000000000,6,YM
2024-06-10T15:15:46.000000000Z,32,1,80420,38754.000000000,38754.000000000,38754.000000000,38754.000000000,3,YM
2024-06-10T15:15:47.000000000Z,32,1,80420,38754.000000000,38754.000000000,38754.000000000,38754.000000000,1,YM
2024-06-10T15:15:49.000000000Z,32,1,80420,38754.000000000,38754.000000000,38754.000000000,38754.000000000,1,YM
2024-06-10T15:15:50.000000000Z,32,1,80420,38755.000000000,38755.000000000,38755.000000000,38755.000000000,1,YM
2024-06-10T15:15:53.000000000Z,32,1,80420,38754.000000000,38755.000000000,38754.000000000,38755.000000000,8,YM
2024-06-10T15:15:55.000000000Z,32,1,80420,38754.000000000,38754.000000000,38754.000000000,38754.000000000,3,YM
2024-06-10T15:16:00.000000000Z,32,1,80420,38755.000000000,38755.000000000,38755.000000000,38755.000000000,4,YM
2024-06-10T15:16:01.000000000Z,32,1,80420,38756.000000000,38758.000000000,38756.000000000,38758.000000000,5,YM
2024-06-10T15:16:02.000000000Z,32,1,80420,38758.000000000,38758.000000000,38757.000000000,38757.000000000,8,YM
2024-06-10T15:16:03.000000000Z,32,1,80420,38758.000000000,38758.000000000,38757.000000000,38757.000000000,2,YM
2024-06-10T15:16:04.000000000Z,32,1,80420,38757.000000000,38757.000000000,38757.000000000,38757.000000000,4,YM
2024-06-10T15:16:05.000000000Z,32,1,80420,38758.000000000,38758.000000000,38758.000000000,38758.000000000,1,YM
2024-06-10T15:16:06.000000000Z,32,1,80420,38757.000000000,38757.000000000,38756.000000000,38756.000000000,4,YM
2024-06-10T15:16:07.000000000Z,32,1,80420,38757.000000000,38757.000000000,38757.000000000,38757.000000000,4,YM
2024-06-10T15:16:09.000000000Z,32,1,80420,38755.000000000,38755.000000000,38755.000000000,38755.000000000,1,YM
2024-06-10T15:16:11.000000000Z,32,1,80420,38755.000000000,38755.000000000,38755.000000000,38755.000000000,2,YM
2024-06-10T15:16:14.000000000Z,32,1,80420,38755.000000000,38755.000000000,38755.000000000,38755.000000000,41,YM
2024-06-10T15:16:16.000000000Z,32,1,80420,38756.000000000,38756.000000000,38755.000000000,38755.000000000,54,YM
2024-06-10T15:16:17.000000000Z,32,1,80420,38756.000000000,38757.000000000,38756.000000000,38757.000000000,6,YM
2024-06-10T15:16:18.000000000Z,32,1,80420,38757.000000000,38757.000000000,38757.000000000,38757.000000000,6,YM
2024-06-10T15:16:19.000000000Z,32,1,80420,38757.000000000,38757.000000000,38757.000000000,38757.000000000,6,YM
2024-06-10T15:16:20.000000000Z,32,1,80420,38756.000000000,38756.000000000,38756.000000000,38756.000000000,2,YM
2024-06-10T15:16:22.000000000Z,32,1,80420,38756.000000000,38756.000000000,38756.000000000,38756.000000000,4,YM
2024-06-10T15:16:23.000000000Z,32,1,80420,38757.000000000,38757.000000000,38757.000000000,38757.000000000,1,YM
2024-06-10T15:16:25.000000000Z,32,1,80420,38757.000000000,38757.000000000,38757.000000000,38757.000000000,5,YM
2024-06-10T15:16:27.000000000Z,32,1,80420,38757.000000000,38758.000000000,38757.000000000,38758.000000000,13,YM
2024-06-10T15:16:28.000000000Z,32,1,80420,38758.000000000,38758.000000000,38758.000000000,38758.000000000,35,YM
2024-06-10T15:16:29.000000000Z,32,1,80420,38758.000000000,38758.000000000,38758.000000000,38758.000000000,3,YM
2024-06-10T15:16:32.000000000Z,32,1,80420,38757.000000000,38757.000000000,38757.000000000,38757.000000000,1,YM
2024-06-10T15:16:34.000000000Z,32,1,80420,38756.000000000,38756.000000000,38754.000000000,38755.000000000,30,YM
2024-06-10T15:16:35.000000000Z,32,1,80420,38755.000000000,38756.000000000,38755.000000000,38756.000000000,10,YM
2024-06-10T15:16:37.000000000Z,32,1,80420,38756.000000000,38756.000000000,38756.000000000,38756.000000000,1,YM
2024-06-10T15:16:38.000000000Z,32,1,80420,38757.000000000,38757.000000000,38756.000000000,38756.000000000,4,YM
2024-06-10T15:16:40.000000000Z,32,1,80420,38755.000000000,38756.000000000,38755.000000000,38756.000000000,5,YM
2024-06-10T15:16:41.000000000Z,32,1,80420,38755.000000000,38755.000000000,38755.000000000,38755.000000000,1,YM
2024-06-10T15:16:42.000000000Z,32,1,80420,38756.000000000,38756.000000000,38756.000000000,38756.000000000,3,YM
2024-06-10T15:16:43.000000000Z,32,1,80420,38757.000000000,38757.000000000,38757.000000000,38757.000000000,1,YM
2024-06-10T15:16:44.000000000Z,32,1,80420,38757.000000000,38757.000000000,38757.000000000,38757.000000000,12,YM
2024-06-10T15:16:45.000000000Z,32,1,80420,38757.000000000,38758.000000000,38757.000000000,38758.000000000,5,YM
2024-06-10T15:16:46.000000000Z,32,1,80420,38758.000000000,38758.000000000,38758.000000000,38758.000000000,1,YM
2024-06-10T15:16:47.000000000Z,32,1,80420,38759.000000000,38760.000000000,38759.000000000,38760.000000000,8,YM
2024-06-10T15:16:48.000000000Z,32,1,80420,38759.000000000,38759.000000000,38759.000000000,38759.000000000,1,YM
2024-06-10T15:16:51.000000000Z,32,1,80420,38760.000000000,38760.000000000,38760.000000000,38760.000000000,6,YM
2024-06-10T15:16:53.000000000Z,32,1,80420,38761.000000000,38761.000000000,38761.000000000,38761.000000000,3,YM
2024-06-10T15:16:54.000000000Z,32,1,80420,38761.000000000,38761.000000000,38761.000000000,38761.000000000,1,YM
2024-06-10T15:16:56.000000000Z,32,1,80420,38760.000000000,38760.000000000,38760.000000000,38760.000000000,5,YM
2024-06-10T15:16:58.000000000Z,32,1,80420,38761.000000000,38761.000000000,38761.000000000,38761.000000000,3,YM
2024-06-10T15:16:59.000000000Z,32,1,80420,38762.000000000,38763.000000000,38762.000000000,38763.000000000,10,YM
2024-06-10T15:17:01.000000000Z,32,1,80420,38762.000000000,38763.000000000,38762.000000000,38763.000000000,6,YM
2024-06-10T15:17:02.000000000Z,32,1,80420,38762.000000000,38762.000000000,38762.000000000,38762.000000000,1,YM
2024-06-10T15:17:03.000000000Z,32,1,80420,38762.000000000,38762.000000000,38762.000000000,38762.000000000,2,YM
2024-06-10T15:17:04.000000000Z,32,1,80420,38763.000000000,38763.000000000,38763.000000000,38763.000000000,1,YM
2024-06-10T15:17:07.000000000Z,32,1,80420,38763.000000000,38763.000000000,38763.000000000,38763.000000000,4,YM
2024-06-10T15:17:09.000000000Z,32,1,80420,38763.000000000,38763.000000000,38763.000000000,38763.000000000,1,YM
2024-06-10T15:17:10.000000000Z,32,1,80420,38763.000000000,38764.000000000,38763.000000000,38764.000000000,11,YM
2024-06-10T15:17:11.000000000Z,32,1,80420,38764.000000000,38764.000000000,38764.000000000,38764.000000000,4,YM
2024-06-10T15:17:12.000000000Z,32,1,80420,38765.000000000,38766.000000000,38765.000000000,38766.000000000,3,YM
2024-06-10T15:17:13.000000000Z,32,1,80420,38765.000000000,38765.000000000,38765.000000000,38765.000000000,4,YM
2024-06-10T15:17:14.000000000Z,32,1,80420,38766.000000000,38766.000000000,38766.000000000,38766.000000000,1,YM
2024-06-10T15:17:15.000000000Z,32,1,80420,38767.000000000,38767.000000000,38767.000000000,38767.000000000,5,YM
2024-06-10T15:17:16.000000000Z,32,1,80420,38767.000000000,38767.000000000,38767.000000000,38767.000000000,1,YM
2024-06-10T15:17:17.000000000Z,32,1,80420,38766.000000000,38766.000000000,38766.000000000,38766.000000000,2,YM
2024-06-10T15:17:18.000000000Z,32,1,80420,38766.000000000,38766.000000000,38766.000000000,38766.000000000,5,YM
2024-06-10T15:17:19.000000000Z,32,1,80420,38766.000000000,38766.000000000,38766.000000000,38766.000000000,2,YM
2024-06-10T15:17:20.000000000Z,32,1,80420,38766.000000000,38766.000000000,38766.000000000,38766.000000000,2,YM
2024-06-10T15:17:22.000000000Z,32,1,80420,38765.000000000,38765.000000000,38765.000000000,38765.000000000,2,YM
2024-06-10T15:17:23.000000000Z,32,1,80420,38765.000000000,38765.000000000,38765.000000000,38765.000000000,3,YM
2024-06-10T15:17:25.000000000Z,32,1,80420,38765.000000000,38765.000000000,38765.000000000,38765.000000000,5,YM
2024-06-10T15:17:27.000000000Z,32,1,80420,38765.000000000,38765.000000000,38758.000000000,38758.000000000,37,YM
2024-06-10T15:17:28.000000000Z,32,1,80420,38758.000000000,38758.000000000,38758.000000000,38758.000000000,1,YM
2024-06-10T15:17:30.000000000Z,32,1,80420,38757.000000000,38758.000000000,38757.000000000,38758.000000000,4,YM
2024-06-10T15:17:32.000000000Z,32,1,80420,38759.000000000,38759.000000000,38759.000000000,38759.000000000,2,YM
2024-06-10T15:17:34.000000000Z,32,1,80420,38758.000000000,38758.000000000,38758.000000000,38758.000000000,1,YM
2024-06-10T15:17:37.000000000Z,32,1,80420,38759.000000000,38759.000000000,38759.000000000,38759.000000000,1,YM
2024-06-10T15:17:39.000000000Z,32,1,80420,38760.000000000,38760.000000000,38760.000000000,38760.000000000,1,YM
2024-06-10T15:17:40.000000000Z,32,1,80420,38760.000000000,38760.000000000,38760.000000000,38760.000000000,2,YM
2024-06-10T15:17:41.000000000Z,32,1,80420,38760.000000000,38760.000000000,38760.000000000,38760.000000000,1,YM
2024-06-10T15:17:44.000000000Z,32,1,80420,38760.000000000,38760.000000000,38759.000000000,38759.000000000,4,YM
2024-06-10T15:17:45.000000000Z,32,1,80420,38758.000000000,38758.000000000,38758.000000000,38758.000000000,3,YM
2024-06-10T15:17:46.000000000Z,32,1,80420,38758.000000000,38758.000000000,38758.000000000,38758.000000000,1,YM
2024-06-10T15:17:47.000000000Z,32,1,80420,38757.000000000,38757.000000000,38756.000000000,38756.000000000,9,YM
2024-06-10T15:17:48.000000000Z,32,1,80420,38756.000000000,38756.000000000,38756.000000000,38756.000000000,1,YM
2024-06-10T15:17:53.000000000Z,32,1,80420,38757.000000000,38757.000000000,38756.000000000,38756.000000000,4,YM
2024-06-10T15:17:55.000000000Z,32,1,80420,38756.000000000,38756.000000000,38756.000000000,38756.000000000,1,YM
2024-06-10T15:17:56.000000000Z,32,1,80420,38757.000000000,38757.000000000,38757.000000000,38757.000000000,4,YM
2024-06-10T15:17:57.000000000Z,32,1,80420,38758.000000000,38759.000000000,38758.000000000,38758.000000000,4,YM
2024-06-10T15:17:58.000000000Z,32,1,80420,38759.000000000,38759.000000000,38759.000000000,38759.000000000,2,YM
2024-06-10T15:18:00.000000000Z,32,1,80420,38760.000000000,38763.000000000,38760.000000000,38763.000000000,7,YM
2024-06-10T15:18:01.000000000Z,32,1,80420,38764.000000000,38764.000000000,38764.000000000,38764.000000000,1,YM
2024-06-10T15:18:02.000000000Z,32,1,80420,38764.000000000,38764.000000000,38764.000000000,38764.000000000,2,YM
2024-06-10T15:18:04.000000000Z,32,1,80420,38763.000000000,38763.000000000,38763.000000000,38763.000000000,1,YM
2024-06-10T15:18:05.000000000Z,32,1,80420,38763.000000000,38763.000000000,38762.000000000,38762.000000000,2,YM
2024-06-10T15:18:13.000000000Z,32,1,80420,38760.000000000,38761.000000000,38760.000000000,38760.000000000,11,YM
2024-06-10T15:18:14.000000000Z,32,1,80420,38761.000000000,38761.000000000,38761.000000000,38761.000000000,2,YM
2024-06-10T15:18:15.000000000Z,32,1,80420,38761.000000000,38761.000000000,38761.000000000,38761.000000000,1,YM
2024-06-10T15:18:18.000000000Z,32,1,80420,38762.000000000,38762.000000000,38762.000000000,38762.000000000,4,YM
2024-06-10T15:18:21.000000000Z,32,1,80420,38764.000000000,38765.000000000,38764.000000000,38765.000000000,2,YM
2024-06-10T15:18:22.000000000Z,32,1,80420,38765.000000000,38765.000000000,38765.000000000,38765.000000000,2,YM
2024-06-10T15:18:24.000000000Z,32,1,80420,38767.000000000,38767.000000000,38767.000000000,38767.000000000,4,YM
2024-06-10T15:18:26.000000000Z,32,1,80420,38767.000000000,38767.000000000,38767.000000000,38767.000000000,1,YM
2024-06-10T15:18:28.000000000Z,32,1,80420,38767.000000000,38767.000000000,38767.000000000,38767.000000000,3,YM
2024-06-10T15:18:31.000000000Z,32,1,80420,38767.000000000,38767.000000000,38767.000000000,38767.000000000,1,YM
2024-06-10T15:18:33.000000000Z,32,1,80420,38767.000000000,38767.000000000,38767.000000000,38767.000000000,1,YM
2024-06-10T15:18:34.000000000Z,32,1,80420,38767.000000000,38767.000000000,38767.000000000,38767.000000000,2,YM
2024-06-10T15:18:36.000000000Z,32,1,80420,38767.000000000,38767.000000000,38767.000000000,38767.000000000,2,YM
2024-06-10T15:18:39.000000000Z,32,1,80420,38766.000000000,38766.000000000,38766.000000000,38766.000000000,1,YM
2024-06-10T15:18:40.000000000Z,32,1,80420,38766.000000000,38767.000000000,38766.000000000,38767.000000000,7,YM
2024-06-10T15:18:44.000000000Z,32,1,80420,38766.000000000,38766.000000000,38766.000000000,38766.000000000,1,YM
2024-06-10T15:18:45.000000000Z,32,1,80420,38767.000000000,38767.000000000,38767.000000000,38767.000000000,1,YM
2024-06-10T15:18:46.000000000Z,32,1,80420,38766.000000000,38766.000000000,38766.000000000,38766.000000000,3,YM
2024-06-10T15:18:47.000000000Z,32,1,80420,38767.000000000,38767.000000000,38767.000000000,38767.000000000,1,YM
2024-06-10T15:18:49.000000000Z,32,1,80420,38767.000000000,38767.000000000,38767.000000000,38767.000000000,1,YM
2024-06-10T15:18:50.000000000Z,32,1,80420,38767.000000000,38767.000000000,38767.000000000,38767.000000000,1,YM
2024-06-10T15:18:51.000000000Z,32,1,80420,38768.000000000,38768.000000000,38768.000000000,38768.000000000,1,YM
2024-06-10T15:18:52.000000000Z,32,1,80420,38768.000000000,38769.000000000,38768.000000000,38769.000000000,8,YM
2024-06-10T15:18:53.000000000Z,32,1,80420,38769.000000000,38769.000000000,38769.000000000,38769.000000000,2,YM
2024-06-10T15:18:54.000000000Z,32,1,80420,38769.000000000,38769.000000000,38769.000000000,38769.000000000,2,YM
2024-06-10T15:18:55.000000000Z,32,1,80420,38769.000000000,38769.000000000,38769.000000000,38769.000000000,1,YM
2024-06-10T15:18:57.000000000Z,32,1,80420,38768.000000000,38768.000000000,38768.000000000,38768.000000000,1,YM
2024-06-10T15:18:59.000000000Z,32,1,80420,38769.000000000,38771.000000000,38769.000000000,38771.000000000,9,YM
2024-06-10T15:19:00.000000000Z,32,1,80420,38771.000000000,38772.000000000,38771.000000000,38772.000000000,3,YM
2024-06-10T15:19:01.000000000Z,32,1,80420,38772.000000000,38773.000000000,38772.000000000,38773.000000000,13,YM
2024-06-10T15:19:02.000000000Z,32,1,80420,38773.000000000,38773.000000000,38771.000000000,38771.000000000,5,YM
2024-06-10T15:19:03.000000000Z,32,1,80420,38773.000000000,38773.000000000,38772.000000000,38772.000000000,2,YM
2024-06-10T15:19:04.000000000Z,32,1,80420,38772.000000000,38772.000000000,38772.000000000,38772.000000000,1,YM
2024-06-10T15:19:05.000000000Z,32,1,80420,38771.000000000,38771.000000000,38771.000000000,38771.000000000,2,YM
2024-06-10T15:19:06.000000000Z,32,1,80420,38770.000000000,38772.000000000,38770.000000000,38772.000000000,8,YM
2024-06-10T15:19:07.000000000Z,32,1,80420,38773.000000000,38773.000000000,38773.000000000,38773.000000000,2,YM
2024-06-10T15:19:08.000000000Z,32,1,80420,38774.000000000,38775.000000000,38773.000000000,38773.000000000,17,YM
2024-06-10T15:19:09.000000000Z,32,1,80420,38773.000000000,38773.000000000,38773.000000000,38773.000000000,1,YM
2024-06-10T15:19:12.000000000Z,32,1,80420,38773.000000000,38773.000000000,38772.000000000,38772.000000000,29,YM
2024-06-10T15:19:13.000000000Z,32,1,80420,38773.000000000,38773.000000000,38773.000000000,38773.000000000,2,YM
2024-06-10T15:19:14.000000000Z,32,1,80420,38773.000000000,38773.000000000,38773.000000000,38773.000000000,3,YM
2024-06-10T15:19:17.000000000Z,32,1,80420,38774.000000000,38774.000000000,38774.000000000,38774.000000000,2,YM
2024-06-10T15:19:18.000000000Z,32,1,80420,38775.000000000,38777.000000000,38775.000000000,38775.000000000,9,YM
2024-06-10T15:19:20.000000000Z,32,1,80420,38775.000000000,38776.000000000,38773.000000000,38773.000000000,19,YM
2024-06-10T15:19:21.000000000Z,32,1,80420,38774.000000000,38774.000000000,38774.000000000,38774.000000000,1,YM
2024-06-10T15:19:22.000000000Z,32,1,80420,38774.000000000,38775.000000000,38774.000000000,38775.000000000,3,YM
2024-06-10T15:19:23.000000000Z,32,1,80420,38775.000000000,38775.000000000,38775.000000000,38775.000000000,1,YM
2024-06-10T15:19:24.000000000Z,32,1,80420,38775.000000000,38775.000000000,38775.000000000,38775.000000000,1,YM
2024-06-10T15:19:25.000000000Z,32,1,80420,38776.000000000,38776.000000000,38776.000000000,38776.000000000,4,YM
2024-06-10T15:19:26.000000000Z,32,1,80420,38777.000000000,38777.000000000,38777.000000000,38777.000000000,1,YM
2024-06-10T15:19:27.000000000Z,32,1,80420,38777.000000000,38777.000000000,38777.000000000,38777.000000000,2,YM
2024-06-10T15:19:29.000000000Z,32,1,80420,38777.000000000,38777.000000000,38777.000000000,38777.000000000,1,YM
2024-06-10T15:19:34.000000000Z,32,1,80420,38778.000000000,38778.000000000,38777.000000000,38777.000000000,10,YM
2024-06-10T15:19:36.000000000Z,32,1,80420,38777.000000000,38778.000000000,38777.000000000,38778.000000000,4,YM
2024-06-10T15:19:38.000000000Z,32,1,80420,38776.000000000,38776.000000000,38776.000000000,38776.000000000,2,YM
2024-06-10T15:19:41.000000000Z,32,1,80420,38777.000000000,38777.000000000,38775.000000000,38776.000000000,23,YM
2024-06-10T15:19:42.000000000Z,32,1,80420,38777.000000000,38778.000000000,38777.000000000,38778.000000000,2,YM
2024-06-10T15:19:44.000000000Z,32,1,80420,38778.000000000,38778.000000000,38778.000000000,38778.000000000,4,YM
2024-06-10T15:19:45.000000000Z,32,1,80420,38779.000000000,38781.000000000,38779.000000000,38781.000000000,10,YM
2024-06-10T15:19:46.000000000Z,32,1,80420,38782.000000000,38782.000000000,38781.000000000,38782.000000000,4,YM
2024-06-10T15:19:47.000000000Z,32,1,80420,38782.000000000,38782.000000000,38780.000000000,38782.000000000,11,YM
2024-06-10T15:19:49.000000000Z,32,1,80420,38781.000000000,38781.000000000,38781.000000000,38781.000000000,3,YM
2024-06-10T15:19:50.000000000Z,32,1,80420,38782.000000000,38782.000000000,38782.000000000,38782.000000000,1,YM
2024-06-10T15:19:51.000000000Z,32,1,80420,38782.000000000,38782.000000000,38782.000000000,38782.000000000,1,YM
2024-06-10T15:19:54.000000000Z,32,1,80420,38779.000000000,38780.000000000,38779.000000000,38780.000000000,3,YM
2024-06-10T15:19:56.000000000Z,32,1,80420,38780.000000000,38780.000000000,38780.000000000,38780.000000000,6,YM
2024-06-10T15:19:57.000000000Z,32,1,80420,38781.000000000,38782.000000000,38781.000000000,38782.000000000,4,YM
2024-06-10T15:19:58.000000000Z,32,1,80420,38783.000000000,38783.000000000,38783.000000000,38783.000000000,6,YM
2024-06-10T15:19:59.000000000Z,32,1,80420,38782.000000000,38782.000000000,38781.000000000,38782.000000000,80,YM
2024-06-10T15:20:00.000000000Z,32,1,80420,38781.000000000,38782.000000000,38781.000000000,38781.000000000,29,YM
2024-06-10T15:20:01.000000000Z,32,1,80420,38780.000000000,38780.000000000,38779.000000000,38780.000000000,8,YM
2024-06-10T15:20:02.000000000Z,32,1,80420,38779.000000000,38780.000000000,38779.000000000,38780.000000000,4,YM
2024-06-10T15:20:03.000000000Z,32,1,80420,38781.000000000,38781.000000000,38779.000000000,38779.000000000,4,YM
2024-06-10T15:20:04.000000000Z,32,1,80420,38781.000000000,38781.000000000,38781.000000000,38781.000000000,2,YM
2024-06-10T15:20:05.000000000Z,32,1,80420,38781.000000000,38781.000000000,38780.000000000,38780.000000000,5,YM
2024-06-10T15:20:08.000000000Z,32,1,80420,38781.000000000,38781.000000000,38781.000000000,38781.000000000,1,YM
2024-06-10T15:20:09.000000000Z,32,1,80420,38780.000000000,38780.000000000,38780.000000000,38780.000000000,4,YM
2024-06-10T15:20:10.000000000Z,32,1,80420,38781.000000000,38781.000000000,38781.000000000,38781.000000000,2,YM
2024-06-10T15:20:13.000000000Z,32,1,80420,38780.000000000,38780.000000000,38780.000000000,38780.000000000,1,YM
2024-06-10T15:20:14.000000000Z,32,1,80420,38780.000000000,38780.000000000,38780.000000000,38780.000000000,2,YM
2024-06-10T15:20:15.000000000Z,32,1,80420,38779.000000000,38779.000000000,38779.000000000,38779.000000000,4,YM
2024-06-10T15:20:16.000000000Z,32,1,80420,38779.000000000,38779.000000000,38778.000000000,38778.000000000,3,YM
2024-06-10T15:20:17.000000000Z,32,1,80420,38778.000000000,38778.000000000,38777.000000000,38778.000000000,6,YM
2024-06-10T15:20:19.000000000Z,32,1,80420,38778.000000000,38778.000000000,38778.000000000,38778.000000000,1,YM
2024-06-10T15:20:21.000000000Z,32,1,80420,38777.000000000,38777.000000000,38777.000000000,38777.000000000,3,YM
2024-06-10T15:20:23.000000000Z,32,1,80420,38776.000000000,38776.000000000,38776.000000000,38776.000000000,1,YM
2024-06-10T15:20:24.000000000Z,32,1,80420,38775.000000000,38775.000000000,38775.000000000,38775.000000000,3,YM
2024-06-10T15:20:27.000000000Z,32,1,80420,38774.000000000,38774.000000000,38774.000000000,38774.000000000,3,YM
2024-06-10T15:20:28.000000000Z,32,1,80420,38774.000000000,38774.000000000,38774.000000000,38774.000000000,3,YM
2024-06-10T15:20:29.000000000Z,32,1,80420,38775.000000000,38777.000000000,38775.000000000,38777.000000000,10,YM
2024-06-10T15:20:30.000000000Z,32,1,80420,38777.000000000,38777.000000000,38777.000000000,38777.000000000,2,YM
2024-06-10T15:20:32.000000000Z,32,1,80420,38779.000000000,38780.000000000,38779.000000000,38780.000000000,3,YM
2024-06-10T15:20:33.000000000Z,32,1,80420,38779.000000000,38779.000000000,38778.000000000,38778.000000000,4,YM
2024-06-10T15:20:37.000000000Z,32,1,80420,38779.000000000,38780.000000000,38779.000000000,38780.000000000,8,YM
2024-06-10T15:20:38.000000000Z,32,1,80420,38780.000000000,38780.000000000,38780.000000000,38780.000000000,2,YM
2024-06-10T15:20:39.000000000Z,32,1,80420,38780.000000000,38780.000000000,38779.000000000,38779.000000000,9,YM
2024-06-10T15:20:40.000000000Z,32,1,80420,38781.000000000,38782.000000000,38781.000000000,38782.000000000,8,YM
2024-06-10T15:20:41.000000000Z,32,1,80420,38780.000000000,38781.000000000,38780.000000000,38781.000000000,3,YM
2024-06-10T15:20:42.000000000Z,32,1,80420,38781.000000000,38781.000000000,38781.000000000,38781.000000000,2,YM
2024-06-10T15:20:44.000000000Z,32,1,80420,38779.000000000,38779.000000000,38779.000000000,38779.000000000,1,YM
2024-06-10T15:20:47.000000000Z,32,1,80420,38778.000000000,38778.000000000,38778.000000000,38778.000000000,1,YM
2024-06-10T15:20:48.000000000Z,32,1,80420,38777.000000000,38777.000000000,38777.000000000,38777.000000000,1,YM
2024-06-10T15:20:51.000000000Z,32,1,80420,38777.000000000,38777.000000000,38776.000000000,38776.000000000,4,YM
2024-06-10T15:20:54.000000000Z,32,1,80420,38775.000000000,38776.000000000,38775.000000000,38776.000000000,6,YM
2024-06-10T15:20:55.000000000Z,32,1,80420,38777.000000000,38777.000000000,38777.000000000,38777.000000000,1,YM
2024-06-10T15:20:56.000000000Z,32,1,80420,38777.000000000,38777.000000000,38777.000000000,38777.000000000,1,YM
2024-06-10T15:20:59.000000000Z,32,1,80420,38778.000000000,38779.000000000,38778.000000000,38779.000000000,3,YM
2024-06-10T15:21:05.000000000Z,32,1,80420,38776.000000000,38777.000000000,38776.000000000,38777.000000000,2,YM
2024-06-10T15:21:06.000000000Z,32,1,80420,38776.000000000,38776.000000000,38776.000000000,38776.000000000,1,YM
2024-06-10T15:21:08.000000000Z,32,1,80420,38775.000000000,38775.000000000,38775.000000000,38775.000000000,1,YM
2024-06-10T15:21:09.000000000Z,32,1,80420,38774.000000000,38774.000000000,38774.000000000,38774.000000000,1,YM
2024-06-10T15:21:10.000000000Z,32,1,80420,38776.000000000,38777.000000000,38776.000000000,38777.000000000,3,YM
2024-06-10T15:21:12.000000000Z,32,1,80420,38776.000000000,38776.000000000,38776.000000000,38776.000000000,1,YM
2024-06-10T15:21:14.000000000Z,32,1,80420,38777.000000000,38777.000000000,38777.000000000,38777.000000000,2,YM
2024-06-10T15:21:15.000000000Z,32,1,80420,38777.000000000,38781.000000000,38777.000000000,38781.000000000,19,YM
2024-06-10T15:21:16.000000000Z,32,1,80420,38780.000000000,38780.000000000,38780.000000000,38780.000000000,2,YM
2024-06-10T15:21:17.000000000Z,32,1,80420,38780.000000000,38784.000000000,38780.000000000,38784.000000000,70,YM
2024-06-10T15:21:18.000000000Z,32,1,80420,38783.000000000,38784.000000000,38783.000000000,38784.000000000,4,YM
2024-06-10T15:21:19.000000000Z,32,1,80420,38784.000000000,38785.000000000,38784.000000000,38784.000000000,11,YM
2024-06-10T15:21:20.000000000Z,32,1,80420,38784.000000000,38784.000000000,38783.000000000,38783.000000000,3,YM
2024-06-10T15:21:21.000000000Z,32,1,80420,38784.000000000,38784.000000000,38784.000000000,38784.000000000,3,YM
2024-06-10T15:21:22.000000000Z,32,1,80420,38783.000000000,38783.000000000,38782.000000000,38782.000000000,12,YM
2024-06-10T15:21:24.000000000Z,32,1,80420,38780.000000000,38780.000000000,38780.000000000,38780.000000000,1,YM
2024-06-10T15:21:25.000000000Z,32,1,80420,38780.000000000,38780.000000000,38780.000000000,38780.000000000,1,YM
2024-06-10T15:21:29.000000000Z,32,1,80420,38780.000000000,38780.000000000,38780.000000000,38780.000000000,2,YM
2024-06-10T15:21:32.000000000Z,32,1,80420,38779.000000000,38780.000000000,38779.000000000,38780.000000000,3,YM
2024-06-10T15:21:34.000000000Z,32,1,80420,38780.000000000,38780.000000000,38780.000000000,38780.000000000,6,YM
2024-06-10T15:21:35.000000000Z,32,1,80420,38780.000000000,38780.000000000,38780.000000000,38780.000000000,1,YM
2024-06-10T15:21:36.000000000Z,32,1,80420,38779.000000000,38780.000000000,38779.000000000,38780.000000000,6,YM
2024-06-10T15:21:37.000000000Z,32,1,80420,38779.000000000,38779.000000000,38779.000000000,38779.000000000,1,YM
2024-06-10T15:21:40.000000000Z,32,1,80420,38778.000000000,38778.000000000,38777.000000000,38778.000000000,5,YM
2024-06-10T15:21:42.000000000Z,32,1,80420,38779.000000000,38779.000000000,38779.000000000,38779.000000000,2,YM
2024-06-10T15:21:45.000000000Z,32,1,80420,38780.000000000,38781.000000000,38780.000000000,38781.000000000,3,YM
2024-06-10T15:21:47.000000000Z,32,1,80420,38783.000000000,38783.000000000,38783.000000000,38783.000000000,1,YM
2024-06-10T15:21:48.000000000Z,32,1,80420,38783.000000000,38783.000000000,38783.000000000,38783.000000000,2,YM
2024-06-10T15:21:51.000000000Z,32,1,80420,38782.000000000,38782.000000000,38782.000000000,38782.000000000,1,YM
2024-06-10T15:21:52.000000000Z,32,1,80420,38782.000000000,38782.000000000,38781.000000000,38781.000000000,5,YM
2024-06-10T15:21:55.000000000Z,32,1,80420,38782.000000000,38782.000000000,38782.000000000,38782.000000000,1,YM
2024-06-10T15:21:58.000000000Z,32,1,80420,38782.000000000,38782.000000000,38782.000000000,38782.000000000,7,YM
2024-06-10T15:22:00.000000000Z,32,1,80420,38784.000000000,38784.000000000,38784.000000000,38784.000000000,2,YM
2024-06-10T15:22:02.000000000Z,32,1,80420,38784.000000000,38784.000000000,38784.000000000,38784.000000000,1,YM
2024-06-10T15:22:03.000000000Z,32,1,80420,38785.000000000,38785.000000000,38785.000000000,38785.000000000,12,YM
2024-06-10T15:22:05.000000000Z,32,1,80420,38785.000000000,38785.000000000,38783.000000000,38783.000000000,14,YM
2024-06-10T15:22:06.000000000Z,32,1,80420,38783.000000000,38784.000000000,38783.000000000,38783.000000000,5,YM
2024-06-10T15:22:08.000000000Z,32,1,80420,38782.000000000,38782.000000000,38781.000000000,38781.000000000,6,YM
2024-06-10T15:22:09.000000000Z,32,1,80420,38782.000000000,38782.000000000,38780.000000000,38781.000000000,4,YM
2024-06-10T15:22:12.000000000Z,32,1,80420,38781.000000000,38781.000000000,38780.000000000,38780.000000000,6,YM
2024-06-10T15:22:16.000000000Z,32,1,80420,38782.000000000,38782.000000000,38782.000000000,38782.000000000,8,YM
2024-06-10T15:22:18.000000000Z,32,1,80420,38783.000000000,38783.000000000,38783.000000000,38783.000000000,1,YM
2024-06-10T15:22:19.000000000Z,32,1,80420,38783.000000000,38783.000000000,38783.000000000,38783.000000000,2,YM
2024-06-10T15:22:20.000000000Z,32,1,80420,38784.000000000,38784.000000000,38784.000000000,38784.000000000,2,YM
2024-06-10T15:22:21.000000000Z,32,1,80420,38785.000000000,38785.000000000,38784.000000000,38784.000000000,34,YM
2024-06-10T15:22:22.000000000Z,32,1,80420,38783.000000000,38783.000000000,38783.000000000,38783.000000000,5,YM
2024-06-10T15:22:23.000000000Z,32,1,80420,38783.000000000,38783.000000000,38782.000000000,38782.000000000,6,YM
2024-06-10T15:22:27.000000000Z,32,1,80420,38782.000000000,38782.000000000,38782.000000000,38782.000000000,1,YM
2024-06-10T15:22:29.000000000Z,32,1,80420,38782.000000000,38782.000000000,38782.000000000,38782.000000000,1,YM
2024-06-10T15:22:30.000000000Z,32,1,80420,38783.000000000,38783.000000000,38783.000000000,38783.000000000,6,YM
2024-06-10T15:22:31.000000000Z,32,1,80420,38783.000000000,38784.000000000,38783.000000000,38784.000000000,2,YM
2024-06-10T15:22:32.000000000Z,32,1,80420,38785.000000000,38786.000000000,38785.000000000,38786.000000000,32,YM
2024-06-10T15:22:33.000000000Z,32,1,80420,38786.000000000,38786.000000000,38786.000000000,38786.000000000,1,YM
2024-06-10T15:22:36.000000000Z,32,1,80420,38785.000000000,38785.000000000,38785.000000000,38785.000000000,5,YM
2024-06-10T15:22:37.000000000Z,32,1,80420,38784.000000000,38784.000000000,38784.000000000,38784.000000000,1,YM
2024-06-10T15:22:38.000000000Z,32,1,80420,38784.000000000,38784.000000000,38783.000000000,38783.000000000,4,YM
2024-06-10T15:22:40.000000000Z,32,1,80420,38783.000000000,38783.000000000,38783.000000000,38783.000000000,2,YM
2024-06-10T15:22:44.000000000Z,32,1,80420,38783.000000000,38783.000000000,38783.000000000,38783.000000000,1,YM
2024-06-10T15:22:45.000000000Z,32,1,80420,38783.000000000,38783.000000000,38783.000000000,38783.000000000,3,YM
2024-06-10T15:22:49.000000000Z,32,1,80420,38782.000000000,38782.000000000,38782.000000000,38782.000000000,1,YM
2024-06-10T15:22:57.000000000Z,32,1,80420,38782.000000000,38782.000000000,38782.000000000,38782.000000000,2,YM
2024-06-10T15:22:58.000000000Z,32,1,80420,38781.000000000,38781.000000000,38781.000000000,38781.000000000,2,YM
2024-06-10T15:23:00.000000000Z,32,1,80420,38782.000000000,38783.000000000,38782.000000000,38783.000000000,11,YM
2024-06-10T15:23:02.000000000Z,32,1,80420,38783.000000000,38783.000000000,38783.000000000,38783.000000000,20,YM
2024-06-10T15:23:03.000000000Z,32,1,80420,38783.000000000,38783.000000000,38783.000000000,38783.000000000,1,YM
2024-06-10T15:23:06.000000000Z,32,1,80420,38783.000000000,38783.000000000,38783.000000000,38783.000000000,1,YM
2024-06-10T15:23:07.000000000Z,32,1,80420,38783.000000000,38783.000000000,38783.000000000,38783.000000000,1,YM
2024-06-10T15:23:08.000000000Z,32,1,80420,38782.000000000,38783.000000000,38781.000000000,38782.000000000,16,YM
2024-06-10T15:23:11.000000000Z,32,1,80420,38781.000000000,38781.000000000,38781.000000000,38781.000000000,1,YM
2024-06-10T15:23:12.000000000Z,32,1,80420,38783.000000000,38783.000000000,38783.000000000,38783.000000000,1,YM
2024-06-10T15:23:14.000000000Z,32,1,80420,38782.000000000,38782.000000000,38782.000000000,38782.000000000,8,YM
2024-06-10T15:23:15.000000000Z,32,1,80420,38782.000000000,38782.000000000,38782.000000000,38782.000000000,2,YM
2024-06-10T15:23:17.000000000Z,32,1,80420,38782.000000000,38782.000000000,38782.000000000,38782.000000000,1,YM
2024-06-10T15:23:19.000000000Z,32,1,80420,38782.000000000,38782.000000000,38782.000000000,38782.000000000,1,YM
2024-06-10T15:23:20.000000000Z,32,1,80420,38782.000000000,38782.000000000,38782.000000000,38782.000000000,3,YM
2024-06-10T15:23:21.000000000Z,32,1,80420,38782.000000000,38782.000000000,38782.000000000,38782.000000000,1,YM
2024-06-10T15:23:22.000000000Z,32,1,80420,38781.000000000,38781.000000000,38781.000000000,38781.000000000,2,YM
2024-06-10T15:23:23.000000000Z,32,1,80420,38782.000000000,38782.000000000,38782.000000000,38782.000000000,1,YM
2024-06-10T15:23:24.000000000Z,32,1,80420,38782.000000000,38783.000000000,38782.000000000,38783.000000000,10,YM
2024-06-10T15:23:25.000000000Z,32,1,80420,38783.000000000,38783.000000000,38783.000000000,38783.000000000,3,YM
2024-06-10T15:23:26.000000000Z,32,1,80420,38783.000000000,38783.000000000,38783.000000000,38783.000000000,12,YM
2024-06-10T15:23:27.000000000Z,32,1,80420,38783.000000000,38783.000000000,38782.000000000,38783.000000000,5,YM
2024-06-10T15:23:29.000000000Z,32,1,80420,38783.000000000,38783.000000000,38782.000000000,38782.000000000,11,YM
2024-06-10T15:23:31.000000000Z,32,1,80420,38782.000000000,38782.000000000,38782.000000000,38782.000000000,10,YM
2024-06-10T15:23:32.000000000Z,32,1,80420,38782.000000000,38782.000000000,38782.000000000,38782.000000000,3,YM
2024-06-10T15:23:33.000000000Z,32,1,80420,38782.000000000,38783.000000000,38782.000000000,38783.000000000,7,YM
2024-06-10T15:23:34.000000000Z,32,1,80420,38783.000000000,38783.000000000,38783.000000000,38783.000000000,6,YM
2024-06-10T15:23:35.000000000Z,32,1,80420,38782.000000000,38782.000000000,38782.000000000,38782.000000000,4,YM
2024-06-10T15:23:36.000000000Z,32,1,80420,38782.000000000,38782.000000000,38782.000000000,38782.000000000,2,YM
2024-06-10T15:23:37.000000000Z,32,1,80420,38781.000000000,38781.000000000,38780.000000000,38780.000000000,6,YM
2024-06-10T15:23:39.000000000Z,32,1,80420,38780.000000000,38780.000000000,38780.000000000,38780.000000000,5,YM
2024-06-10T15:23:40.000000000Z,32,1,80420,38780.000000000,38780.000000000,38780.000000000,38780.000000000,3,YM
2024-06-10T15:23:41.000000000Z,32,1,80420,38779.000000000,38779.000000000,38779.000000000,38779.000000000,1,YM
2024-06-10T15:23:42.000000000Z,32,1,80420,38779.000000000,38779.000000000,38779.000000000,38779.000000000,6,YM
2024-06-10T15:23:43.000000000Z,32,1,80420,38779.000000000,38779.000000000,38779.000000000,38779.000000000,1,YM
2024-06-10T15:23:44.000000000Z,32,1,80420,38779.000000000,38779.000000000,38778.000000000,38778.000000000,3,YM
2024-06-10T15:23:45.000000000Z,32,1,80420,38779.000000000,38779.000000000,38779.000000000,38779.000000000,8,YM
2024-06-10T15:23:46.000000000Z,32,1,80420,38779.000000000,38779.000000000,38778.000000000,38778.000000000,49,YM
2024-06-10T15:23:47.000000000Z,32,1,80420,38778.000000000,38778.000000000,38778.000000000,38778.000000000,2,YM
2024-06-10T15:23:48.000000000Z,32,1,80420,38777.000000000,38777.000000000,38776.000000000,38777.000000000,5,YM
2024-06-10T15:23:49.000000000Z,32,1,80420,38776.000000000,38776.000000000,38775.000000000,38775.000000000,6,YM
2024-06-10T15:23:50.000000000Z,32,1,80420,38774.000000000,38775.000000000,38774.000000000,38775.000000000,14,YM
2024-06-10T15:23:51.000000000Z,32,1,80420,38775.000000000,38775.000000000,38775.000000000,38775.000000000,1,YM
2024-06-10T15:23:53.000000000Z,32,1,80420,38774.000000000,38774.000000000,38774.000000000,38774.000000000,1,YM
2024-06-10T15:23:55.000000000Z,32,1,80420,38775.000000000,38775.000000000,38775.000000000,38775.000000000,1,YM
2024-06-10T15:23:56.000000000Z,32,1,80420,38776.000000000,38776.000000000,38776.000000000,38776.000000000,1,YM
2024-06-10T15:23:58.000000000Z,32,1,80420,38776.000000000,38776.000000000,38774.000000000,38774.000000000,27,YM
2024-06-10T15:23:59.000000000Z,32,1,80420,38774.000000000,38774.000000000,38774.000000000,38774.000000000,3,YM
2024-06-10T15:24:00.000000000Z,32,1,80420,38774.000000000,38774.000000000,38774.000000000,38774.000000000,2,YM
2024-06-10T15:24:02.000000000Z,32,1,80420,38774.000000000,38774.000000000,38774.000000000,38774.000000000,6,YM
2024-06-10T15:24:03.000000000Z,32,1,80420,38774.000000000,38774.000000000,38774.000000000,38774.000000000,4,YM
2024-06-10T15:24:04.000000000Z,32,1,80420,38774.000000000,38774.000000000,38773.000000000,38773.000000000,4,YM
2024-06-10T15:24:05.000000000Z,32,1,80420,38774.000000000,38774.000000000,38773.000000000,38774.000000000,12,YM
2024-06-10T15:24:07.000000000Z,32,1,80420,38773.000000000,38774.000000000,38773.000000000,38774.000000000,2,YM
2024-06-10T15:24:08.000000000Z,32,1,80420,38775.000000000,38775.000000000,38775.000000000,38775.000000000,3,YM
2024-06-10T15:24:10.000000000Z,32,1,80420,38775.000000000,38775.000000000,38775.000000000,38775.000000000,5,YM
2024-06-10T15:24:11.000000000Z,32,1,80420,38775.000000000,38775.000000000,38773.000000000,38773.000000000,8,YM
2024-06-10T15:24:12.000000000Z,32,1,80420,38773.000000000,38774.000000000,38773.000000000,38774.000000000,8,YM
2024-06-10T15:24:13.000000000Z,32,1,80420,38774.000000000,38774.000000000,38774.000000000,38774.000000000,2,YM
2024-06-10T15:24:15.000000000Z,32,1,80420,38774.000000000,38774.000000000,38773.000000000,38773.000000000,4,YM
2024-06-10T15:24:21.000000000Z,32,1,80420,38775.000000000,38776.000000000,38775.000000000,38775.000000000,14,YM
2024-06-10T15:24:22.000000000Z,32,1,80420,38775.000000000,38775.000000000,38775.000000000,38775.000000000,2,YM
2024-06-10T15:24:23.000000000Z,32,1,80420,38775.000000000,38775.000000000,38775.000000000,38775.000000000,9,YM
2024-06-10T15:24:27.000000000Z,32,1,80420,38775.000000000,38775.000000000,38775.000000000,38775.000000000,3,YM
2024-06-10T15:24:28.000000000Z,32,1,80420,38775.000000000,38776.000000000,38775.000000000,38776.000000000,4,YM
2024-06-10T15:24:30.000000000Z,32,1,80420,38776.000000000,38777.000000000,38776.000000000,38777.000000000,3,YM
2024-06-10T15:24:31.000000000Z,32,1,80420,38777.000000000,38777.000000000,38777.000000000,38777.000000000,1,YM
2024-06-10T15:24:32.000000000Z,32,1,80420,38778.000000000,38778.000000000,38778.000000000,38778.000000000,3,YM
2024-06-10T15:24:34.000000000Z,32,1,80420,38779.000000000,38779.000000000,38779.000000000,38779.000000000,1,YM
2024-06-10T15:24:36.000000000Z,32,1,80420,38778.000000000,38780.000000000,38778.000000000,38780.000000000,6,YM
2024-06-10T15:24:38.000000000Z,32,1,80420,38780.000000000,38781.000000000,38780.000000000,38781.000000000,11,YM
2024-06-10T15:24:39.000000000Z,32,1,80420,38780.000000000,38780.000000000,38780.000000000,38780.000000000,7,YM
2024-06-10T15:24:40.000000000Z,32,1,80420,38780.000000000,38780.000000000,38780.000000000,38780.000000000,1,YM
2024-06-10T15:24:42.000000000Z,32,1,80420,38781.000000000,38781.000000000,38781.000000000,38781.000000000,3,YM
2024-06-10T15:24:43.000000000Z,32,1,80420,38782.000000000,38782.000000000,38782.000000000,38782.000000000,5,YM
2024-06-10T15:24:44.000000000Z,32,1,80420,38782.000000000,38782.000000000,38782.000000000,38782.000000000,4,YM
2024-06-10T15:24:46.000000000Z,32,1,80420,38784.000000000,38784.000000000,38784.000000000,38784.000000000,1,YM
2024-06-10T15:24:48.000000000Z,32,1,80420,38783.000000000,38783.000000000,38783.000000000,38783.000000000,3,YM
2024-06-10T15:24:49.000000000Z,32,1,80420,38782.000000000,38783.000000000,38782.000000000,38783.000000000,4,YM
2024-06-10T15:24:50.000000000Z,32,1,80420,38784.000000000,38785.000000000,38782.000000000,38783.000000000,18,YM
2024-06-10T15:24:53.000000000Z,32,1,80420,38783.000000000,38783.000000000,38783.000000000,38783.000000000,8,YM
2024-06-10T15:24:54.000000000Z,32,1,80420,38784.000000000,38784.000000000,38782.000000000,38782.000000000,22,YM
2024-06-10T15:24:56.000000000Z,32,1,80420,38782.000000000,38782.000000000,38782.000000000,38782.000000000,3,YM
2024-06-10T15:24:59.000000000Z,32,1,80420,38782.000000000,38782.000000000,38781.000000000,38781.000000000,5,YM
2024-06-10T15:25:01.000000000Z,32,1,80420,38780.000000000,38780.000000000,38780.000000000,38780.000000000,1,YM
2024-06-10T15:25:02.000000000Z,32,1,80420,38779.000000000,38779.000000000,38779.000000000,38779.000000000,4,YM
2024-06-10T15:25:03.000000000Z,32,1,80420,38780.000000000,38780.000000000,38780.000000000,38780.000000000,1,YM
2024-06-10T15:25:04.000000000Z,32,1,80420,38780.000000000,38780.000000000,38780.000000000,38780.000000000,2,YM
2024-06-10T15:25:05.000000000Z,32,1,80420,38780.000000000,38782.000000000,38780.000000000,38782.000000000,11,YM
2024-06-10T15:25:06.000000000Z,32,1,80420,38781.000000000,38781.000000000,38781.000000000,38781.000000000,2,YM
2024-06-10T15:25:07.000000000Z,32,1,80420,38781.000000000,38782.000000000,38781.000000000,38782.000000000,4,YM
2024-06-10T15:25:08.000000000Z,32,1,80420,38781.000000000,38781.000000000,38781.000000000,38781.000000000,1,YM
2024-06-10T15:25:09.000000000Z,32,1,80420,38782.000000000,38782.000000000,38782.000000000,38782.000000000,6,YM
2024-06-10T15:25:10.000000000Z,32,1,80420,38782.000000000,38782.000000000,38782.000000000,38782.000000000,3,YM
2024-06-10T15:25:12.000000000Z,32,1,80420,38783.000000000,38783.000000000,38782.000000000,38783.000000000,3,YM
2024-06-10T15:25:14.000000000Z,32,1,80420,38782.000000000,38783.000000000,38782.000000000,38783.000000000,9,YM
2024-06-10T15:25:16.000000000Z,32,1,80420,38783.000000000,38783.000000000,38783.000000000,38783.000000000,1,YM
2024-06-10T15:25:18.000000000Z,32,1,80420,38784.000000000,38784.000000000,38781.000000000,38781.000000000,3,YM
2024-06-10T15:25:19.000000000Z,32,1,80420,38780.000000000,38782.000000000,38780.000000000,38782.000000000,3,YM
2024-06-10T15:25:20.000000000Z,32,1,80420,38782.000000000,38782.000000000,38782.000000000,38782.000000000,1,YM
2024-06-10T15:25:22.000000000Z,32,1,80420,38784.000000000,38786.000000000,38784.000000000,38786.000000000,9,YM
2024-06-10T15:25:23.000000000Z,32,1,80420,38786.000000000,38786.000000000,38786.000000000,38786.000000000,2,YM
2024-06-10T15:25:24.000000000Z,32,1,80420,38787.000000000,38788.000000000,38787.000000000,38788.000000000,14,YM
2024-06-10T15:25:25.000000000Z,32,1,80420,38787.000000000,38787.000000000,38787.000000000,38787.000000000,1,YM
2024-06-10T15:25:26.000000000Z,32,1,80420,38787.000000000,38788.000000000,38787.000000000,38788.000000000,2,YM
2024-06-10T15:25:28.000000000Z,32,1,80420,38787.000000000,38787.000000000,38787.000000000,38787.000000000,1,YM
2024-06-10T15:25:29.000000000Z,32,1,80420,38788.000000000,38788.000000000,38787.000000000,38787.000000000,2,YM
2024-06-10T15:25:31.000000000Z,32,1,80420,38788.000000000,38788.000000000,38788.000000000,38788.000000000,3,YM
2024-06-10T15:25:32.000000000Z,32,1,80420,38789.000000000,38791.000000000,38788.000000000,38791.000000000,21,YM
2024-06-10T15:25:34.000000000Z,32,1,80420,38790.000000000,38790.000000000,38790.000000000,38790.000000000,16,YM
2024-06-10T15:25:35.000000000Z,32,1,80420,38789.000000000,38790.000000000,38788.000000000,38788.000000000,12,YM
2024-06-10T15:25:36.000000000Z,32,1,80420,38788.000000000,38788.000000000,38788.000000000,38788.000000000,2,YM
2024-06-10T15:25:38.000000000Z,32,1,80420,38788.000000000,38788.000000000,38788.000000000,38788.000000000,1,YM
2024-06-10T15:25:42.000000000Z,32,1,80420,38788.000000000,38788.000000000,38788.000000000,38788.000000000,1,YM
2024-06-10T15:25:44.000000000Z,32,1,80420,38787.000000000,38787.000000000,38787.000000000,38787.000000000,3,YM
2024-06-10T15:25:46.000000000Z,32,1,80420,38788.000000000,38788.000000000,38788.000000000,38788.000000000,3,YM
2024-06-10T15:25:47.000000000Z,32,1,80420,38787.000000000,38787.000000000,38787.000000000,38787.000000000,4,YM
2024-06-10T15:25:50.000000000Z,32,1,80420,38789.000000000,38789.000000000,38789.000000000,38789.000000000,3,YM
2024-06-10T15:25:51.000000000Z,32,1,80420,38788.000000000,38788.000000000,38787.000000000,38787.000000000,10,YM
2024-06-10T15:25:52.000000000Z,32,1,80420,38788.000000000,38788.000000000,38788.000000000,38788.000000000,1,YM
2024-06-10T15:25:53.000000000Z,32,1,80420,38790.000000000,38790.000000000,38790.000000000,38790.000000000,1,YM
2024-06-10T15:25:54.000000000Z,32,1,80420,38789.000000000,38789.000000000,38788.000000000,38788.000000000,3,YM
2024-06-10T15:25:55.000000000Z,32,1,80420,38788.000000000,38788.000000000,38788.000000000,38788.000000000,1,YM
2024-06-10T15:25:56.000000000Z,32,1,80420,38789.000000000,38789.000000000,38789.000000000,38789.000000000,9,YM
2024-06-10T15:25:57.000000000Z,32,1,80420,38790.000000000,38790.000000000,38790.000000000,38790.000000000,5,YM
2024-06-10T15:25:59.000000000Z,32,1,80420,38791.000000000,38792.000000000,38791.000000000,38792.000000000,6,YM
2024-06-10T15:26:00.000000000Z,32,1,80420,38793.000000000,38793.000000000,38792.000000000,38792.000000000,3,YM
2024-06-10T15:26:01.000000000Z,32,1,80420,38793.000000000,38793.000000000,38793.000000000,38793.000000000,1,YM
2024-06-10T15:26:02.000000000Z,32,1,80420,38793.000000000,38793.000000000,38793.000000000,38793.000000000,5,YM
2024-06-10T15:26:03.000000000Z,32,1,80420,38792.000000000,38792.000000000,38791.000000000,38792.000000000,11,YM
2024-06-10T15:26:05.000000000Z,32,1,80420,38792.000000000,38793.000000000,38792.000000000,38792.000000000,4,YM
2024-06-10T15:26:08.000000000Z,32,1,80420,38793.000000000,38793.000000000,38792.000000000,38793.000000000,17,YM
2024-06-10T15:26:09.000000000Z,32,1,80420,38793.000000000,38793.000000000,38793.000000000,38793.000000000,3,YM
2024-06-10T15:26:10.000000000Z,32,1,80420,38793.000000000,38793.000000000,38793.000000000,38793.000000000,3,YM
2024-06-10T15:26:11.000000000Z,32,1,80420,38792.000000000,38792.000000000,38792.000000000,38792.000000000,1,YM
2024-06-10T15:26:12.000000000Z,32,1,80420,38792.000000000,38792.000000000,38790.000000000,38790.000000000,8,YM
2024-06-10T15:26:13.000000000Z,32,1,80420,38790.000000000,38790.000000000,38790.000000000,38790.000000000,8,YM
2024-06-10T15:26:16.000000000Z,32,1,80420,38789.000000000,38789.000000000,38789.000000000,38789.000000000,3,YM
2024-06-10T15:26:17.000000000Z,32,1,80420,38790.000000000,38790.000000000,38790.000000000,38790.000000000,2,YM
2024-06-10T15:26:18.000000000Z,32,1,80420,38790.000000000,38791.000000000,38790.000000000,38790.000000000,16,YM
2024-06-10T15:26:19.000000000Z,32,1,80420,38790.000000000,38790.000000000,38790.000000000,38790.000000000,1,YM
2024-06-10T15:26:20.000000000Z,32,1,80420,38790.000000000,38790.000000000,38790.000000000,38790.000000000,1,YM
2024-06-10T15:26:22.000000000Z,32,1,80420,38790.000000000,38790.000000000,38790.000000000,38790.000000000,4,YM
2024-06-10T15:26:23.000000000Z,32,1,80420,38789.000000000,38789.000000000,38788.000000000,38788.000000000,5,YM
2024-06-10T15:26:24.000000000Z,32,1,80420,38788.000000000,38788.000000000,38787.000000000,38787.000000000,7,YM
2024-06-10T15:26:25.000000000Z,32,1,80420,38788.000000000,38788.000000000,38787.000000000,38787.000000000,16,YM
2024-06-10T15:26:27.000000000Z,32,1,80420,38785.000000000,38786.000000000,38785.000000000,38786.000000000,4,YM
2024-06-10T15:26:28.000000000Z,32,1,80420,38785.000000000,38785.000000000,38785.000000000,38785.000000000,1,YM
2024-06-10T15:26:29.000000000Z,32,1,80420,38784.000000000,38784.000000000,38784.000000000,38784.000000000,2,YM
2024-06-10T15:26:30.000000000Z,32,1,80420,38784.000000000,38785.000000000,38784.000000000,38785.000000000,6,YM
2024-06-10T15:26:31.000000000Z,32,1,80420,38786.000000000,38786.000000000,38786.000000000,38786.000000000,2,YM
2024-06-10T15:26:32.000000000Z,32,1,80420,38786.000000000,38786.000000000,38786.000000000,38786.000000000,2,YM
2024-06-10T15:26:33.000000000Z,32,1,80420,38786.000000000,38786.000000000,38786.000000000,38786.000000000,2,YM
2024-06-10T15:26:34.000000000Z,32,1,80420,38785.000000000,38785.000000000,38785.000000000,38785.000000000,1,YM
2024-06-10T15:26:36.000000000Z,32,1,80420,38785.000000000,38785.000000000,38785.000000000,38785.000000000,1,YM
2024-06-10T15:26:41.000000000Z,32,1,80420,38785.000000000,38785.000000000,38785.000000000,38785.000000000,2,YM
2024-06-10T15:26:44.000000000Z,32,1,80420,38786.000000000,38786.000000000,38785.000000000,38785.000000000,11,YM
2024-06-10T15:26:47.000000000Z,32,1,80420,38785.000000000,38785.000000000,38784.000000000,38784.000000000,2,YM
2024-06-10T15:26:49.000000000Z,32,1,80420,38782.000000000,38782.000000000,38782.000000000,38782.000000000,1,YM
2024-06-10T15:26:51.000000000Z,32,1,80420,38784.000000000,38784.000000000,38784.000000000,38784.000000000,3,YM
2024-06-10T15:26:52.000000000Z,32,1,80420,38784.000000000,38784.000000000,38782.000000000,38782.000000000,12,YM
2024-06-10T15:26:53.000000000Z,32,1,80420,38782.000000000,38784.000000000,38782.000000000,38784.000000000,22,YM
2024-06-10T15:26:55.000000000Z,32,1,80420,38783.000000000,38783.000000000,38783.000000000,38783.000000000,3,YM
2024-06-10T15:27:00.000000000Z,32,1,80420,38785.000000000,38785.000000000,38784.000000000,38784.000000000,25,YM
2024-06-10T15:27:03.000000000Z,32,1,80420,38783.000000000,38783.000000000,38783.000000000,38783.000000000,1,YM
2024-06-10T15:27:04.000000000Z,32,1,80420,38784.000000000,38784.000000000,38784.000000000,38784.000000000,1,YM
2024-06-10T15:27:05.000000000Z,32,1,80420,38785.000000000,38785.000000000,38785.000000000,38785.000000000,4,YM
2024-06-10T15:27:06.000000000Z,32,1,80420,38786.000000000,38786.000000000,38785.000000000,38785.000000000,3,YM
2024-06-10T15:27:09.000000000Z,32,1,80420,38787.000000000,38787.000000000,38785.000000000,38785.000000000,4,YM
2024-06-10T15:27:12.000000000Z,32,1,80420,38785.000000000,38786.000000000,38784.000000000,38784.000000000,22,YM
2024-06-10T15:27:14.000000000Z,32,1,80420,38787.000000000,38788.000000000,38787.000000000,38788.000000000,5,YM
2024-06-10T15:27:16.000000000Z,32,1,80420,38788.000000000,38788.000000000,38788.000000000,38788.000000000,4,YM
2024-06-10T15:27:18.000000000Z,32,1,80420,38788.000000000,38788.000000000,38787.000000000,38787.000000000,4,YM
2024-06-10T15:27:20.000000000Z,32,1,80420,38788.000000000,38789.000000000,38788.000000000,38789.000000000,4,YM
2024-06-10T15:27:22.000000000Z,32,1,80420,38790.000000000,38790.000000000,38790.000000000,38790.000000000,1,YM
2024-06-10T15:27:24.000000000Z,32,1,80420,38787.000000000,38787.000000000,38787.000000000,38787.000000000,1,YM
2024-06-10T15:27:26.000000000Z,32,1,80420,38786.000000000,38786.000000000,38786.000000000,38786.000000000,1,YM
2024-06-10T15:27:28.000000000Z,32,1,80420,38786.000000000,38786.000000000,38786.000000000,38786.000000000,2,YM
2024-06-10T15:27:29.000000000Z,32,1,80420,38786.000000000,38786.000000000,38786.000000000,38786.000000000,1,YM
2024-06-10T15:27:30.000000000Z,32,1,80420,38787.000000000,38788.000000000,38787.000000000,38788.000000000,2,YM
2024-06-10T15:27:35.000000000Z,32,1,80420,38788.000000000,38788.000000000,38788.000000000,38788.000000000,5,YM
2024-06-10T15:27:36.000000000Z,32,1,80420,38789.000000000,38789.000000000,38788.000000000,38788.000000000,2,YM
2024-06-10T15:27:38.000000000Z,32,1,80420,38787.000000000,38787.000000000,38787.000000000,38787.000000000,1,YM
2024-06-10T15:27:40.000000000Z,32,1,80420,38788.000000000,38788.000000000,38788.000000000,38788.000000000,1,YM
2024-06-10T15:27:41.000000000Z,32,1,80420,38788.000000000,38788.000000000,38788.000000000,38788.000000000,3,YM
2024-06-10T15:27:42.000000000Z,32,1,80420,38790.000000000,38790.000000000,38790.000000000,38790.000000000,1,YM
2024-06-10T15:27:43.000000000Z,32,1,80420,38792.000000000,38792.000000000,38791.000000000,38791.000000000,3,YM
2024-06-10T15:27:44.000000000Z,32,1,80420,38790.000000000,38790.000000000,38790.000000000,38790.000000000,1,YM
2024-06-10T15:27:45.000000000Z,32,1,80420,38790.000000000,38790.000000000,38790.000000000,38790.000000000,1,YM
2024-06-10T15:27:46.000000000Z,32,1,80420,38790.000000000,38792.000000000,38790.000000000,38790.000000000,50,YM
2024-06-10T15:27:47.000000000Z,32,1,80420,38790.000000000,38790.000000000,38790.000000000,38790.000000000,1,YM
2024-06-10T15:27:48.000000000Z,32,1,80420,38790.000000000,38790.000000000,38790.000000000,38790.000000000,4,YM
2024-06-10T15:27:49.000000000Z,32,1,80420,38790.000000000,38790.000000000,38790.000000000,38790.000000000,2,YM
2024-06-10T15:27:51.000000000Z,32,1,80420,38791.000000000,38791.000000000,38790.000000000,38790.000000000,3,YM
2024-06-10T15:27:52.000000000Z,32,1,80420,38791.000000000,38791.000000000,38791.000000000,38791.000000000,1,YM
2024-06-10T15:27:53.000000000Z,32,1,80420,38791.000000000,38791.000000000,38790.000000000,38790.000000000,4,YM
2024-06-10T15:27:57.000000000Z,32,1,80420,38789.000000000,38789.000000000,38788.000000000,38788.000000000,5,YM
2024-06-10T15:27:58.000000000Z,32,1,80420,38788.000000000,38788.000000000,38788.000000000,38788.000000000,1,YM
2024-06-10T15:28:00.000000000Z,32,1,80420,38787.000000000,38787.000000000,38787.000000000,38787.000000000,1,YM
2024-06-10T15:28:01.000000000Z,32,1,80420,38786.000000000,38787.000000000,38786.000000000,38787.000000000,4,YM
2024-06-10T15:28:02.000000000Z,32,1,80420,38787.000000000,38787.000000000,38787.000000000,38787.000000000,2,YM
2024-06-10T15:28:03.000000000Z,32,1,80420,38788.000000000,38789.000000000,38788.000000000,38789.000000000,4,YM
2024-06-10T15:28:05.000000000Z,32,1,80420,38789.000000000,38789.000000000,38789.000000000,38789.000000000,1,YM
2024-06-10T15:28:07.000000000Z,32,1,80420,38788.000000000,38788.000000000,38788.000000000,38788.000000000,1,YM
2024-06-10T15:28:09.000000000Z,32,1,80420,38789.000000000,38789.000000000,38789.000000000,38789.000000000,1,YM
2024-06-10T15:28:11.000000000Z,32,1,80420,38789.000000000,38789.000000000,38789.000000000,38789.000000000,3,YM
2024-06-10T15:28:13.000000000Z,32,1,80420,38790.000000000,38790.000000000,38790.000000000,38790.000000000,2,YM
2024-06-10T15:28:14.000000000Z,32,1,80420,38790.000000000,38790.000000000,38790.000000000,38790.000000000,1,YM
2024-06-10T15:28:16.000000000Z,32,1,80420,38791.000000000,38791.000000000,38791.000000000,38791.000000000,1,YM
2024-06-10T15:28:20.000000000Z,32,1,80420,38792.000000000,38792.000000000,38792.000000000,38792.000000000,4,YM
2024-06-10T15:28:21.000000000Z,32,1,80420,38792.000000000,38792.000000000,38790.000000000,38790.000000000,3,YM
2024-06-10T15:28:22.000000000Z,32,1,80420,38791.000000000,38791.000000000,38791.000000000,38791.000000000,4,YM
2024-06-10T15:28:23.000000000Z,32,1,80420,38791.000000000,38791.000000000,38791.000000000,38791.000000000,1,YM
2024-06-10T15:28:25.000000000Z,32,1,80420,38790.000000000,38791.000000000,38790.000000000,38791.000000000,7,YM
2024-06-10T15:28:26.000000000Z,32,1,80420,38792.000000000,38792.000000000,38792.000000000,38792.000000000,66,YM
2024-06-10T15:28:27.000000000Z,32,1,80420,38792.000000000,38792.000000000,38792.000000000,38792.000000000,2,YM
2024-06-10T15:28:28.000000000Z,32,1,80420,38792.000000000,38792.000000000,38792.000000000,38792.000000000,47,YM
2024-06-10T15:28:31.000000000Z,32,1,80420,38792.000000000,38793.000000000,38792.000000000,38793.000000000,39,YM
2024-06-10T15:28:32.000000000Z,32,1,80420,38793.000000000,38793.000000000,38793.000000000,38793.000000000,1,YM
2024-06-10T15:28:33.000000000Z,32,1,80420,38793.000000000,38793.000000000,38792.000000000,38793.000000000,5,YM
2024-06-10T15:28:34.000000000Z,32,1,80420,38791.000000000,38791.000000000,38791.000000000,38791.000000000,1,YM
2024-06-10T15:28:36.000000000Z,32,1,80420,38791.000000000,38792.000000000,38791.000000000,38792.000000000,13,YM
2024-06-10T15:28:37.000000000Z,32,1,80420,38791.000000000,38791.000000000,38791.000000000,38791.000000000,1,YM
2024-06-10T15:28:40.000000000Z,32,1,80420,38791.000000000,38791.000000000,38791.000000000,38791.000000000,26,YM
2024-06-10T15:28:41.000000000Z,32,1,80420,38791.000000000,38791.000000000,38791.000000000,38791.000000000,4,YM
2024-06-10T15:28:42.000000000Z,32,1,80420,38790.000000000,38790.000000000,38789.000000000,38789.000000000,8,YM
2024-06-10T15:28:44.000000000Z,32,1,80420,38790.000000000,38790.000000000,38790.000000000,38790.000000000,2,YM
2024-06-10T15:28:45.000000000Z,32,1,80420,38789.000000000,38789.000000000,38789.000000000,38789.000000000,1,YM
2024-06-10T15:28:47.000000000Z,32,1,80420,38789.000000000,38790.000000000,38789.000000000,38790.000000000,7,YM
2024-06-10T15:28:48.000000000Z,32,1,80420,38790.000000000,38790.000000000,38789.000000000,38789.000000000,6,YM
2024-06-10T15:28:49.000000000Z,32,1,80420,38788.000000000,38788.000000000,38788.000000000,38788.000000000,1,YM
2024-06-10T15:28:50.000000000Z,32,1,80420,38789.000000000,38789.000000000,38789.000000000,38789.000000000,1,YM
2024-06-10T15:28:52.000000000Z,32,1,80420,38790.000000000,38790.000000000,38790.000000000,38790.000000000,1,YM
2024-06-10T15:28:53.000000000Z,32,1,80420,38791.000000000,38792.000000000,38791.000000000,38792.000000000,2,YM
2024-06-10T15:28:54.000000000Z,32,1,80420,38792.000000000,38792.000000000,38792.000000000,38792.000000000,3,YM
2024-06-10T15:28:55.000000000Z,32,1,80420,38792.000000000,38792.000000000,38792.000000000,38792.000000000,1,YM
2024-06-10T15:28:56.000000000Z,32,1,80420,38792.000000000,38793.000000000,38792.000000000,38793.000000000,5,YM
2024-06-10T15:28:57.000000000Z,32,1,80420,38794.000000000,38794.000000000,38794.000000000,38794.000000000,2,YM
2024-06-10T15:28:58.000000000Z,32,1,80420,38793.000000000,38793.000000000,38790.000000000,38792.000000000,24,YM
2024-06-10T15:28:59.000000000Z,32,1,80420,38792.000000000,38792.000000000,38792.000000000,38792.000000000,1,YM
2024-06-10T15:29:01.000000000Z,32,1,80420,38793.000000000,38793.000000000,38793.000000000,38793.000000000,9,YM
2024-06-10T15:29:02.000000000Z,32,1,80420,38793.000000000,38793.000000000,38793.000000000,38793.000000000,4,YM
2024-06-10T15:29:03.000000000Z,32,1,80420,38793.000000000,38793.000000000,38793.000000000,38793.000000000,2,YM
2024-06-10T15:29:05.000000000Z,32,1,80420,38793.000000000,38793.000000000,38793.000000000,38793.000000000,3,YM
2024-06-10T15:29:07.000000000Z,32,1,80420,38793.000000000,38793.000000000,38791.000000000,38791.000000000,7,YM
2024-06-10T15:29:08.000000000Z,32,1,80420,38790.000000000,38790.000000000,38790.000000000,38790.000000000,2,YM
2024-06-10T15:29:10.000000000Z,32,1,80420,38791.000000000,38791.000000000,38791.000000000,38791.000000000,3,YM
2024-06-10T15:29:11.000000000Z,32,1,80420,38790.000000000,38790.000000000,38790.000000000,38790.000000000,2,YM
2024-06-10T15:29:14.000000000Z,32,1,80420,38789.000000000,38789.000000000,38789.000000000,38789.000000000,4,YM
2024-06-10T15:29:16.000000000Z,32,1,80420,38790.000000000,38790.000000000,38790.000000000,38790.000000000,4,YM
2024-06-10T15:29:22.000000000Z,32,1,80420,38791.000000000,38791.000000000,38791.000000000,38791.000000000,1,YM
2024-06-10T15:29:30.000000000Z,32,1,80420,38791.000000000,38791.000000000,38791.000000000,38791.000000000,2,YM
2024-06-10T15:29:33.000000000Z,32,1,80420,38791.000000000,38791.000000000,38791.000000000,38791.000000000,5,YM
2024-06-10T15:29:36.000000000Z,32,1,80420,38792.000000000,38792.000000000,38792.000000000,38792.000000000,9,YM
2024-06-10T15:29:37.000000000Z,32,1,80420,38792.000000000,38792.000000000,38792.000000000,38792.000000000,1,YM
2024-06-10T15:29:40.000000000Z,32,1,80420,38792.000000000,38792.000000000,38792.000000000,38792.000000000,2,YM
2024-06-10T15:29:43.000000000Z,32,1,80420,38794.000000000,38794.000000000,38794.000000000,38794.000000000,1,YM
2024-06-10T15:29:44.000000000Z,32,1,80420,38794.000000000,38795.000000000,38794.000000000,38794.000000000,8,YM
2024-06-10T15:29:45.000000000Z,32,1,80420,38794.000000000,38794.000000000,38794.000000000,38794.000000000,3,YM
2024-06-10T15:29:46.000000000Z,32,1,80420,38795.000000000,38795.000000000,38795.000000000,38795.000000000,1,YM
2024-06-10T15:29:47.000000000Z,32,1,80420,38795.000000000,38795.000000000,38794.000000000,38794.000000000,21,YM
2024-06-10T15:29:48.000000000Z,32,1,80420,38794.000000000,38795.000000000,38794.000000000,38795.000000000,5,YM
2024-06-10T15:29:50.000000000Z,32,1,80420,38795.000000000,38795.000000000,38794.000000000,38794.000000000,4,YM
2024-06-10T15:29:51.000000000Z,32,1,80420,38795.000000000,38795.000000000,38795.000000000,38795.000000000,2,YM
2024-06-10T15:29:52.000000000Z,32,1,80420,38795.000000000,38795.000000000,38795.000000000,38795.000000000,1,YM
2024-06-10T15:29:55.000000000Z,32,1,80420,38796.000000000,38797.000000000,38796.000000000,38797.000000000,9,YM
2024-06-10T15:29:56.000000000Z,32,1,80420,38797.000000000,38797.000000000,38797.000000000,38797.000000000,1,YM
2024-06-10T15:29:57.000000000Z,32,1,80420,38795.000000000,38795.000000000,38795.000000000,38795.000000000,2,YM
2024-06-10T15:29:58.000000000Z,32,1,80420,38796.000000000,38796.000000000,38795.000000000,38795.000000000,11,YM
2024-06-10T15:29:59.000000000Z,32,1,80420,38797.000000000,38799.000000000,38797.000000000,38799.000000000,10,YM
2024-06-10T15:30:00.000000000Z,32,1,80420,38798.000000000,38804.000000000,38797.000000000,38804.000000000,97,YM
2024-06-10T15:30:01.000000000Z,32,1,80420,38804.000000000,38808.000000000,38804.000000000,38807.000000000,36,YM
2024-06-10T15:30:02.000000000Z,32,1,80420,38808.000000000,38810.000000000,38806.000000000,38810.000000000,29,YM
2024-06-10T15:30:03.000000000Z,32,1,80420,38810.000000000,38811.000000000,38809.000000000,38810.000000000,32,YM
2024-06-10T15:30:04.000000000Z,32,1,80420,38810.000000000,38810.000000000,38809.000000000,38809.000000000,9,YM
2024-06-10T15:30:05.000000000Z,32,1,80420,38808.000000000,38809.000000000,38807.000000000,38809.000000000,5,YM
2024-06-10T15:30:06.000000000Z,32,1,80420,38811.000000000,38812.000000000,38811.000000000,38811.000000000,6,YM
2024-06-10T15:30:07.000000000Z,32,1,80420,38812.000000000,38812.000000000,38812.000000000,38812.000000000,3,YM
2024-06-10T15:30:08.000000000Z,32,1,80420,38812.000000000,38812.000000000,38810.000000000,38810.000000000,6,YM
2024-06-10T15:30:09.000000000Z,32,1,80420,38810.000000000,38810.000000000,38809.000000000,38809.000000000,4,YM
2024-06-10T15:30:10.000000000Z,32,1,80420,38809.000000000,38809.000000000,38808.000000000,38809.000000000,6,YM
2024-06-10T15:30:11.000000000Z,32,1,80420,38810.000000000,38811.000000000,38810.000000000,38811.000000000,5,YM
2024-06-10T15:30:12.000000000Z,32,1,80420,38810.000000000,38810.000000000,38810.000000000,38810.000000000,4,YM
2024-06-10T15:30:15.000000000Z,32,1,80420,38810.000000000,38812.000000000,38810.000000000,38812.000000000,5,YM
2024-06-10T15:30:16.000000000Z,32,1,80420,38811.000000000,38812.000000000,38811.000000000,38812.000000000,2,YM
2024-06-10T15:30:17.000000000Z,32,1,80420,38812.000000000,38812.000000000,38812.000000000,38812.000000000,8,YM
2024-06-10T15:30:18.000000000Z,32,1,80420,38812.000000000,38813.000000000,38812.000000000,38812.000000000,6,YM
2024-06-10T15:30:19.000000000Z,32,1,80420,38812.000000000,38812.000000000,38811.000000000,38811.000000000,2,YM
2024-06-10T15:30:20.000000000Z,32,1,80420,38810.000000000,38810.000000000,38810.000000000,38810.000000000,1,YM
2024-06-10T15:30:21.000000000Z,32,1,80420,38808.000000000,38808.000000000,38807.000000000,38807.000000000,9,YM
2024-06-10T15:30:22.000000000Z,32,1,80420,38807.000000000,38808.000000000,38807.000000000,38808.000000000,4,YM
2024-06-10T15:30:23.000000000Z,32,1,80420,38807.000000000,38807.000000000,38805.000000000,38805.000000000,18,YM
2024-06-10T15:30:24.000000000Z,32,1,80420,38804.000000000,38804.000000000,38802.000000000,38803.000000000,14,YM
2024-06-10T15:30:25.000000000Z,32,1,80420,38804.000000000,38807.000000000,38804.000000000,38807.000000000,18,YM
2024-06-10T15:30:27.000000000Z,32,1,80420,38807.000000000,38810.000000000,38807.000000000,38810.000000000,6,YM
2024-06-10T15:30:28.000000000Z,32,1,80420,38810.000000000,38810.000000000,38809.000000000,38809.000000000,4,YM
2024-06-10T15:30:29.000000000Z,32,1,80420,38810.000000000,38812.000000000,38810.000000000,38812.000000000,5,YM
2024-06-10T15:30:30.000000000Z,32,1,80420,38811.000000000,38813.000000000,38810.000000000,38811.000000000,44,YM
2024-06-10T15:30:31.000000000Z,32,1,80420,38811.000000000,38812.000000000,38810.000000000,38811.000000000,18,YM
2024-06-10T15:30:32.000000000Z,32,1,80420,38810.000000000,38810.000000000,38810.000000000,38810.000000000,1,YM
2024-06-10T15:30:33.000000000Z,32,1,80420,38811.000000000,38811.000000000,38811.000000000,38811.000000000,2,YM
2024-06-10T15:30:34.000000000Z,32,1,80420,38810.000000000,38810.000000000,38810.000000000,38810.000000000,1,YM
2024-06-10T15:30:36.000000000Z,32,1,80420,38808.000000000,38808.000000000,38808.000000000,38808.000000000,2,YM
2024-06-10T15:30:37.000000000Z,32,1,80420,38810.000000000,38810.000000000,38808.000000000,38808.000000000,3,YM
2024-06-10T15:30:38.000000000Z,32,1,80420,38809.000000000,38809.000000000,38809.000000000,38809.000000000,2,YM
2024-06-10T15:30:39.000000000Z,32,1,80420,38810.000000000,38810.000000000,38808.000000000,38808.000000000,2,YM
2024-06-10T15:30:40.000000000Z,32,1,80420,38808.000000000,38808.000000000,38808.000000000,38808.000000000,3,YM
2024-06-10T15:30:41.000000000Z,32,1,80420,38809.000000000,38810.000000000,38809.000000000,38810.000000000,6,YM
2024-06-10T15:30:42.000000000Z,32,1,80420,38811.000000000,38811.000000000,38811.000000000,38811.000000000,1,YM
2024-06-10T15:30:43.000000000Z,32,1,80420,38812.000000000,38812.000000000,38812.000000000,38812.000000000,1,YM
2024-06-10T15:30:45.000000000Z,32,1,80420,38813.000000000,38814.000000000,38813.000000000,38814.000000000,6,YM
2024-06-10T15:30:46.000000000Z,32,1,80420,38813.000000000,38813.000000000,38811.000000000,38811.000000000,2,YM
2024-06-10T15:30:47.000000000Z,32,1,80420,38811.000000000,38811.000000000,38811.000000000,38811.000000000,2,YM
2024-06-10T15:30:48.000000000Z,32,1,80420,38811.000000000,38812.000000000,38811.000000000,38812.000000000,3,YM
2024-06-10T15:30:49.000000000Z,32,1,80420,38814.000000000,38816.000000000,38814.000000000,38816.000000000,10,YM
2024-06-10T15:30:50.000000000Z,32,1,80420,38817.000000000,38817.000000000,38815.000000000,38816.000000000,5,YM
2024-06-10T15:30:51.000000000Z,32,1,80420,38814.000000000,38815.000000000,38814.000000000,38815.000000000,2,YM
2024-06-10T15:30:52.000000000Z,32,1,80420,38816.000000000,38816.000000000,38815.000000000,38815.000000000,7,YM
2024-06-10T15:30:53.000000000Z,32,1,80420,38815.000000000,38815.000000000,38815.000000000,38815.000000000,1,YM
2024-06-10T15:30:55.000000000Z,32,1,80420,38815.000000000,38815.000000000,38815.000000000,38815.000000000,4,YM
2024-06-10T15:30:56.000000000Z,32,1,80420,38816.000000000,38816.000000000,38815.000000000,38815.000000000,3,YM
2024-06-10T15:30:57.000000000Z,32,1,80420,38816.000000000,38816.000000000,38816.000000000,38816.000000000,2,YM
2024-06-10T15:30:58.000000000Z,32,1,80420,38816.000000000,38816.000000000,38816.000000000,38816.000000000,5,YM
2024-06-10T15:30:59.000000000Z,32,1,80420,38817.000000000,38818.000000000,38817.000000000,38818.000000000,16,YM
2024-06-10T15:31:00.000000000Z,32,1,80420,38819.000000000,38820.000000000,38818.000000000,38820.000000000,34,YM
2024-06-10T15:31:01.000000000Z,32,1,80420,38820.000000000,38821.000000000,38820.000000000,38820.000000000,20,YM
2024-06-10T15:31:02.000000000Z,32,1,80420,38820.000000000,38823.000000000,38820.000000000,38822.000000000,27,YM
2024-06-10T15:31:03.000000000Z,32,1,80420,38821.000000000,38821.000000000,38820.000000000,38820.000000000,6,YM
2024-06-10T15:31:04.000000000Z,32,1,80420,38818.000000000,38819.000000000,38818.000000000,38819.000000000,3,YM
2024-06-10T15:31:05.000000000Z,32,1,80420,38818.000000000,38818.000000000,38817.000000000,38818.000000000,7,YM
2024-06-10T15:31:06.000000000Z,32,1,80420,38816.000000000,38817.000000000,38816.000000000,38817.000000000,3,YM
2024-06-10T15:31:07.000000000Z,32,1,80420,38816.000000000,38816.000000000,38816.000000000,38816.000000000,2,YM
2024-06-10T15:31:08.000000000Z,32,1,80420,38816.000000000,38816.000000000,38816.000000000,38816.000000000,1,YM
2024-06-10T15:31:09.000000000Z,32,1,80420,38817.000000000,38818.000000000,38817.000000000,38818.000000000,5,YM
2024-06-10T15:31:10.000000000Z,32,1,80420,38818.000000000,38818.000000000,38818.000000000,38818.000000000,1,YM
2024-06-10T15:31:12.000000000Z,32,1,80420,38817.000000000,38818.000000000,38817.000000000,38818.000000000,5,YM
2024-06-10T15:31:13.000000000Z,32,1,80420,38818.000000000,38818.000000000,38815.000000000,38815.000000000,5,YM
2024-06-10T15:31:15.000000000Z,32,1,80420,38815.000000000,38815.000000000,38815.000000000,38815.000000000,4,YM
2024-06-10T15:31:16.000000000Z,32,1,80420,38814.000000000,38815.000000000,38814.000000000,38815.000000000,14,YM
2024-06-10T15:31:17.000000000Z,32,1,80420,38816.000000000,38817.000000000,38816.000000000,38817.000000000,5,YM
2024-06-10T15:31:19.000000000Z,32,1,80420,38816.000000000,38816.000000000,38816.000000000,38816.000000000,1,YM
2024-06-10T15:31:20.000000000Z,32,1,80420,38817.000000000,38817.000000000,38817.000000000,38817.000000000,1,YM
2024-06-10T15:31:21.000000000Z,32,1,80420,38818.000000000,38818.000000000,38818.000000000,38818.000000000,1,YM
2024-06-10T15:31:23.000000000Z,32,1,80420,38818.000000000,38818.000000000,38818.000000000,38818.000000000,4,YM
2024-06-10T15:31:24.000000000Z,32,1,80420,38819.000000000,38819.000000000,38818.000000000,38819.000000000,10,YM
2024-06-10T15:31:26.000000000Z,32,1,80420,38819.000000000,38819.000000000,38819.000000000,38819.000000000,2,YM
2024-06-10T15:31:27.000000000Z,32,1,80420,38818.000000000,38819.000000000,38818.000000000,38819.000000000,2,YM
2024-06-10T15:31:28.000000000Z,32,1,80420,38818.000000000,38818.000000000,38816.000000000,38816.000000000,8,YM
2024-06-10T15:31:29.000000000Z,32,1,80420,38816.000000000,38817.000000000,38816.000000000,38817.000000000,2,YM
2024-06-10T15:31:30.000000000Z,32,1,80420,38815.000000000,38815.000000000,38815.000000000,38815.000000000,1,YM
2024-06-10T15:31:32.000000000Z,32,1,80420,38816.000000000,38816.000000000,38816.000000000,38816.000000000,2,YM
2024-06-10T15:31:33.000000000Z,32,1,80420,38815.000000000,38815.000000000,38814.000000000,38814.000000000,3,YM
2024-06-10T15:31:34.000000000Z,32,1,80420,38814.000000000,38814.000000000,38813.000000000,38813.000000000,13,YM
2024-06-10T15:31:35.000000000Z,32,1,80420,38812.000000000,38812.000000000,38812.000000000,38812.000000000,8,YM
2024-06-10T15:31:37.000000000Z,32,1,80420,38812.000000000,38812.000000000,38811.000000000,38811.000000000,8,YM
2024-06-10T15:31:38.000000000Z,32,1,80420,38811.000000000,38812.000000000,38811.000000000,38812.000000000,4,YM
2024-06-10T15:31:39.000000000Z,32,1,80420,38812.000000000,38813.000000000,38812.000000000,38812.000000000,10,YM
2024-06-10T15:31:40.000000000Z,32,1,80420,38813.000000000,38814.000000000,38813.000000000,38814.000000000,3,YM
2024-06-10T15:31:42.000000000Z,32,1,80420,38814.000000000,38815.000000000,38813.000000000,38815.000000000,8,YM
2024-06-10T15:31:43.000000000Z,32,1,80420,38815.000000000,38815.000000000,38814.000000000,38814.000000000,2,YM
2024-06-10T15:31:44.000000000Z,32,1,80420,38815.000000000,38816.000000000,38815.000000000,38816.000000000,3,YM
2024-06-10T15:31:45.000000000Z,32,1,80420,38816.000000000,38816.000000000,38816.000000000,38816.000000000,9,YM
2024-06-10T15:31:47.000000000Z,32,1,80420,38817.000000000,38817.000000000,38817.000000000,38817.000000000,1,YM
2024-06-10T15:31:50.000000000Z,32,1,80420,38817.000000000,38818.000000000,38817.000000000,38818.000000000,3,YM
2024-06-10T15:31:51.000000000Z,32,1,80420,38819.000000000,38819.000000000,38819.000000000,38819.000000000,2,YM
2024-06-10T15:31:52.000000000Z,32,1,80420,38819.000000000,38819.000000000,38818.000000000,38818.000000000,2,YM
2024-06-10T15:31:54.000000000Z,32,1,80420,38819.000000000,38820.000000000,38819.000000000,38820.000000000,6,YM
2024-06-10T15:31:55.000000000Z,32,1,80420,38821.000000000,38822.000000000,38820.000000000,38822.000000000,7,YM
2024-06-10T15:31:56.000000000Z,32,1,80420,38822.000000000,38822.000000000,38821.000000000,38821.000000000,4,YM
2024-06-10T15:31:57.000000000Z,32,1,80420,38822.000000000,38822.000000000,38822.000000000,38822.000000000,3,YM
2024-06-10T15:31:58.000000000Z,32,1,80420,38822.000000000,38822.000000000,38822.000000000,38822.000000000,1,YM
2024-06-10T15:31:59.000000000Z,32,1,80420,38823.000000000,38824.000000000,38822.000000000,38822.000000000,7,YM
2024-06-10T15:32:00.000000000Z,32,1,80420,38822.000000000,38822.000000000,38821.000000000,38822.000000000,4,YM
2024-06-10T15:32:01.000000000Z,32,1,80420,38823.000000000,38823.000000000,38823.000000000,38823.000000000,2,YM
2024-06-10T15:32:02.000000000Z,32,1,80420,38822.000000000,38822.000000000,38822.000000000,38822.000000000,2,YM
2024-06-10T15:32:03.000000000Z,32,1,80420,38823.000000000,38824.000000000,38823.000000000,38823.000000000,10,YM
2024-06-10T15:32:04.000000000Z,32,1,80420,38823.000000000,38824.000000000,38822.000000000,38824.000000000,12,YM
2024-06-10T15:32:05.000000000Z,32,1,80420,38824.000000000,38824.000000000,38824.000000000,38824.000000000,1,YM
2024-06-10T15:32:06.000000000Z,32,1,80420,38825.000000000,38826.000000000,38823.000000000,38823.000000000,10,YM
2024-06-10T15:32:07.000000000Z,32,1,80420,38824.000000000,38824.000000000,38823.000000000,38823.000000000,2,YM
2024-06-10T15:32:08.000000000Z,32,1,80420,38823.000000000,38824.000000000,38823.000000000,38824.000000000,7,YM
2024-06-10T15:32:10.000000000Z,32,1,80420,38823.000000000,38823.000000000,38823.000000000,38823.000000000,1,YM
2024-06-10T15:32:12.000000000Z,32,1,80420,38824.000000000,38824.000000000,38824.000000000,38824.000000000,1,YM
2024-06-10T15:32:13.000000000Z,32,1,80420,38825.000000000,38825.000000000,38825.000000000,38825.000000000,4,YM
2024-06-10T15:32:15.000000000Z,32,1,80420,38824.000000000,38824.000000000,38824.000000000,38824.000000000,2,YM
2024-06-10T15:32:16.000000000Z,32,1,80420,38824.000000000,38825.000000000,38824.000000000,38825.000000000,4,YM
2024-06-10T15:32:18.000000000Z,32,1,80420,38824.000000000,38824.000000000,38824.000000000,38824.000000000,3,YM
2024-06-10T15:32:19.000000000Z,32,1,80420,38822.000000000,38822.000000000,38822.000000000,38822.000000000,1,YM
2024-06-10T15:32:20.000000000Z,32,1,80420,38822.000000000,38822.000000000,38820.000000000,38820.000000000,13,YM
2024-06-10T15:32:21.000000000Z,32,1,80420,38820.000000000,38820.000000000,38820.000000000,38820.000000000,4,YM
2024-06-10T15:32:22.000000000Z,32,1,80420,38820.000000000,38820.000000000,38817.000000000,38817.000000000,11,YM
2024-06-10T15:32:23.000000000Z,32,1,80420,38819.000000000,38820.000000000,38819.000000000,38820.000000000,7,YM
2024-06-10T15:32:24.000000000Z,32,1,80420,38820.000000000,38821.000000000,38820.000000000,38821.000000000,2,YM
2024-06-10T15:32:28.000000000Z,32,1,80420,38819.000000000,38819.000000000,38819.000000000,38819.000000000,1,YM
2024-06-10T15:32:30.000000000Z,32,1,80420,38820.000000000,38822.000000000,38820.000000000,38822.000000000,5,YM
2024-06-10T15:32:31.000000000Z,32,1,80420,38822.000000000,38823.000000000,38821.000000000,38821.000000000,13,YM
2024-06-10T15:32:32.000000000Z,32,1,80420,38821.000000000,38821.000000000,38821.000000000,38821.000000000,1,YM
2024-06-10T15:32:33.000000000Z,32,1,80420,38820.000000000,38820.000000000,38820.000000000,38820.000000000,4,YM
2024-06-10T15:32:35.000000000Z,32,1,80420,38819.000000000,38819.000000000,38819.000000000,38819.000000000,4,YM
2024-06-10T15:32:36.000000000Z,32,1,80420,38818.000000000,38818.000000000,38818.000000000,38818.000000000,2,YM
2024-06-10T15:32:37.000000000Z,32,1,80420,38818.000000000,38818.000000000,38817.000000000,38817.000000000,2,YM
2024-06-10T15:32:39.000000000Z,32,1,80420,38817.000000000,38817.000000000,38817.000000000,38817.000000000,4,YM
2024-06-10T15:32:40.000000000Z,32,1,80420,38817.000000000,38820.000000000,38817.000000000,38819.000000000,16,YM
2024-06-10T15:32:42.000000000Z,32,1,80420,38818.000000000,38818.000000000,38818.000000000,38818.000000000,3,YM
2024-06-10T15:32:43.000000000Z,32,1,80420,38817.000000000,38817.000000000,38817.000000000,38817.000000000,5,YM
2024-06-10T15:32:45.000000000Z,32,1,80420,38817.000000000,38817.000000000,38817.000000000,38817.000000000,1,YM
2024-06-10T15:32:48.000000000Z,32,1,80420,38817.000000000,38817.000000000,38817.000000000,38817.000000000,2,YM
2024-06-10T15:32:51.000000000Z,32,1,80420,38817.000000000,38817.000000000,38817.000000000,38817.000000000,1,YM
2024-06-10T15:32:54.000000000Z,32,1,80420,38817.000000000,38817.000000000,38817.000000000,38817.000000000,2,YM
2024-06-10T15:32:55.000000000Z,32,1,80420,38816.000000000,38816.000000000,38816.000000000,38816.000000000,1,YM
2024-06-10T15:32:56.000000000Z,32,1,80420,38815.000000000,38815.000000000,38815.000000000,38815.000000000,3,YM
2024-06-10T15:32:57.000000000Z,32,1,80420,38815.000000000,38815.000000000,38815.000000000,38815.000000000,5,YM
2024-06-10T15:32:58.000000000Z,32,1,80420,38816.000000000,38817.000000000,38815.000000000,38815.000000000,6,YM
2024-06-10T15:32:59.000000000Z,32,1,80420,38815.000000000,38816.000000000,38815.000000000,38816.000000000,6,YM
2024-06-10T15:33:00.000000000Z,32,1,80420,38817.000000000,38817.000000000,38816.000000000,38816.000000000,2,YM
2024-06-10T15:33:01.000000000Z,32,1,80420,38816.000000000,38816.000000000,38816.000000000,38816.000000000,2,YM
2024-06-10T15:33:02.000000000Z,32,1,80420,38816.000000000,38816.000000000,38816.000000000,38816.000000000,2,YM
2024-06-10T15:33:03.000000000Z,32,1,80420,38817.000000000,38817.000000000,38817.000000000,38817.000000000,1,YM
2024-06-10T15:33:05.000000000Z,32,1,80420,38818.000000000,38818.000000000,38818.000000000,38818.000000000,4,YM
2024-06-10T15:33:06.000000000Z,32,1,80420,38818.000000000,38818.000000000,38818.000000000,38818.000000000,1,YM
2024-06-10T15:33:07.000000000Z,32,1,80420,38817.000000000,38817.000000000,38817.000000000,38817.000000000,1,YM
2024-06-10T15:33:08.000000000Z,32,1,80420,38816.000000000,38816.000000000,38816.000000000,38816.000000000,2,YM
2024-06-10T15:33:10.000000000Z,32,1,80420,38817.000000000,38817.000000000,38817.000000000,38817.000000000,1,YM
2024-06-10T15:33:12.000000000Z,32,1,80420,38818.000000000,38819.000000000,38818.000000000,38819.000000000,3,YM
2024-06-10T15:33:13.000000000Z,32,1,80420,38819.000000000,38819.000000000,38819.000000000,38819.000000000,1,YM
2024-06-10T15:33:14.000000000Z,32,1,80420,38819.000000000,38819.000000000,38819.000000000,38819.000000000,1,YM
2024-06-10T15:33:16.000000000Z,32,1,80420,38819.000000000,38819.000000000,38819.000000000,38819.000000000,5,YM
2024-06-10T15:33:17.000000000Z,32,1,80420,38818.000000000,38818.000000000,38818.000000000,38818.000000000,3,YM
2024-06-10T15:33:18.000000000Z,32,1,80420,38819.000000000,38819.000000000,38819.000000000,38819.000000000,1,YM
2024-06-10T15:33:19.000000000Z,32,1,80420,38818.000000000,38818.000000000,38818.000000000,38818.000000000,1,YM
2024-06-10T15:33:20.000000000Z,32,1,80420,38818.000000000,38818.000000000,38818.000000000,38818.000000000,3,YM
2024-06-10T15:33:21.000000000Z,32,1,80420,38817.000000000,38817.000000000,38817.000000000,38817.000000000,2,YM
2024-06-10T15:33:22.000000000Z,32,1,80420,38818.000000000,38818.000000000,38818.000000000,38818.000000000,3,YM
2024-06-10T15:33:23.000000000Z,32,1,80420,38817.000000000,38817.000000000,38816.000000000,38816.000000000,8,YM
2024-06-10T15:33:24.000000000Z,32,1,80420,38817.000000000,38817.000000000,38817.000000000,38817.000000000,1,YM
2024-06-10T15:33:26.000000000Z,32,1,80420,38818.000000000,38820.000000000,38818.000000000,38820.000000000,9,YM
2024-06-10T15:33:27.000000000Z,32,1,80420,38822.000000000,38822.000000000,38822.000000000,38822.000000000,2,YM
2024-06-10T15:33:33.000000000Z,32,1,80420,38822.000000000,38822.000000000,38822.000000000,38822.000000000,1,YM
2024-06-10T15:33:34.000000000Z,32,1,80420,38822.000000000,38822.000000000,38821.000000000,38821.000000000,4,YM
2024-06-10T15:33:36.000000000Z,32,1,80420,38822.000000000,38822.000000000,38822.000000000,38822.000000000,1,YM
2024-06-10T15:33:37.000000000Z,32,1,80420,38822.000000000,38822.000000000,38822.000000000,38822.000000000,1,YM
2024-06-10T15:33:38.000000000Z,32,1,80420,38822.000000000,38822.000000000,38821.000000000,38822.000000000,10,YM
2024-06-10T15:33:40.000000000Z,32,1,80420,38822.000000000,38822.000000000,38821.000000000,38821.000000000,4,YM
2024-06-10T15:33:43.000000000Z,32,1,80420,38820.000000000,38820.000000000,38820.000000000,38820.000000000,11,YM
2024-06-10T15:33:44.000000000Z,32,1,80420,38817.000000000,38817.000000000,38817.000000000,38817.000000000,5,YM
2024-06-10T15:33:45.000000000Z,32,1,80420,38817.000000000,38817.000000000,38816.000000000,38816.000000000,3,YM
2024-06-10T15:33:46.000000000Z,32,1,80420,38815.000000000,38815.000000000,38815.000000000,38815.000000000,2,YM
2024-06-10T15:33:47.000000000Z,32,1,80420,38814.000000000,38814.000000000,38814.000000000,38814.000000000,1,YM
2024-06-10T15:33:48.000000000Z,32,1,80420,38815.000000000,38815.000000000,38815.000000000,38815.000000000,3,YM
2024-06-10T15:33:51.000000000Z,32,1,80420,38815.000000000,38816.000000000,38815.000000000,38816.000000000,7,YM
2024-06-10T15:33:53.000000000Z,32,1,80420,38816.000000000,38817.000000000,38815.000000000,38815.000000000,8,YM
2024-06-10T15:33:54.000000000Z,32,1,80420,38816.000000000,38817.000000000,38816.000000000,38817.000000000,5,YM
2024-06-10T15:33:55.000000000Z,32,1,80420,38815.000000000,38816.000000000,38815.000000000,38816.000000000,4,YM
2024-06-10T15:33:58.000000000Z,32,1,80420,38816.000000000,38816.000000000,38815.000000000,38815.000000000,2,YM
2024-06-10T15:33:59.000000000Z,32,1,80420,38815.000000000,38815.000000000,38815.000000000,38815.000000000,3,YM
2024-06-10T15:34:00.000000000Z,32,1,80420,38816.000000000,38816.000000000,38816.000000000,38816.000000000,3,YM
2024-06-10T15:34:01.000000000Z,32,1,80420,38815.000000000,38815.000000000,38815.000000000,38815.000000000,1,YM
2024-06-10T15:34:02.000000000Z,32,1,80420,38815.000000000,38815.000000000,38815.000000000,38815.000000000,1,YM
2024-06-10T15:34:06.000000000Z,32,1,80420,38812.000000000,38812.000000000,38809.000000000,38809.000000000,16,YM
2024-06-10T15:34:07.000000000Z,32,1,80420,38809.000000000,38810.000000000,38809.000000000,38810.000000000,7,YM
2024-06-10T15:34:08.000000000Z,32,1,80420,38810.000000000,38810.000000000,38810.000000000,38810.000000000,1,YM
2024-06-10T15:34:09.000000000Z,32,1,80420,38808.000000000,38808.000000000,38807.000000000,38807.000000000,4,YM
2024-06-10T15:34:10.000000000Z,32,1,80420,38807.000000000,38807.000000000,38806.000000000,38806.000000000,10,YM
2024-06-10T15:34:11.000000000Z,32,1,80420,38807.000000000,38808.000000000,38807.000000000,38808.000000000,4,YM
2024-06-10T15:34:12.000000000Z,32,1,80420,38806.000000000,38806.000000000,38806.000000000,38806.000000000,1,YM
2024-06-10T15:34:13.000000000Z,32,1,80420,38806.000000000,38806.000000000,38805.000000000,38805.000000000,6,YM
2024-06-10T15:34:15.000000000Z,32,1,80420,38805.000000000,38807.000000000,38805.000000000,38807.000000000,2,YM
2024-06-10T15:34:16.000000000Z,32,1,80420,38807.000000000,38807.000000000,38807.000000000,38807.000000000,3,YM
2024-06-10T15:34:17.000000000Z,32,1,80420,38807.000000000,38807.000000000,38807.000000000,38807.000000000,3,YM
2024-06-10T15:34:18.000000000Z,32,1,80420,38808.000000000,38808.000000000,38807.000000000,38807.000000000,5,YM
2024-06-10T15:34:20.000000000Z,32,1,80420,38808.000000000,38809.000000000,38808.000000000,38809.000000000,4,YM
2024-06-10T15:34:21.000000000Z,32,1,80420,38809.000000000,38809.000000000,38809.000000000,38809.000000000,7,YM
2024-06-10T15:34:22.000000000Z,32,1,80420,38810.000000000,38810.000000000,38810.000000000,38810.000000000,2,YM
2024-06-10T15:34:23.000000000Z,32,1,80420,38810.000000000,38810.000000000,38810.000000000,38810.000000000,1,YM
2024-06-10T15:34:27.000000000Z,32,1,80420,38811.000000000,38812.000000000,38811.000000000,38812.000000000,3,YM
2024-06-10T15:34:28.000000000Z,32,1,80420,38811.000000000,38812.000000000,38811.000000000,38812.000000000,3,YM
2024-06-10T15:34:29.000000000Z,32,1,80420,38813.000000000,38813.000000000,38813.000000000,38813.000000000,4,YM
2024-06-10T15:34:30.000000000Z,32,1,80420,38812.000000000,38812.000000000,38812.000000000,38812.000000000,2,YM
2024-06-10T15:34:31.000000000Z,32,1,80420,38813.000000000,38813.000000000,38813.000000000,38813.000000000,3,YM
2024-06-10T15:34:33.000000000Z,32,1,80420,38814.000000000,38814.000000000,38813.000000000,38813.000000000,9,YM
2024-06-10T15:34:34.000000000Z,32,1,80420,38814.000000000,38814.000000000,38814.000000000,38814.000000000,1,YM
2024-06-10T15:34:37.000000000Z,32,1,80420,38813.000000000,38813.000000000,38813.000000000,38813.000000000,8,YM
2024-06-10T15:34:39.000000000Z,32,1,80420,38813.000000000,38813.000000000,38813.000000000,38813.000000000,2,YM
2024-06-10T15:34:40.000000000Z,32,1,80420,38814.000000000,38814.000000000,38814.000000000,38814.000000000,3,YM
2024-06-10T15:34:41.000000000Z,32,1,80420,38815.000000000,38816.000000000,38815.000000000,38816.000000000,6,YM
2024-06-10T15:34:43.000000000Z,32,1,80420,38815.000000000,38815.000000000,38815.000000000,38815.000000000,3,YM
2024-06-10T15:34:45.000000000Z,32,1,80420,38816.000000000,38816.000000000,38816.000000000,38816.000000000,4,YM
2024-06-10T15:34:46.000000000Z,32,1,80420,38815.000000000,38815.000000000,38815.000000000,38815.000000000,6,YM
2024-06-10T15:34:49.000000000Z,32,1,80420,38815.000000000,38815.000000000,38815.000000000,38815.000000000,2,YM
2024-06-10T15:34:50.000000000Z,32,1,80420,38814.000000000,38814.000000000,38814.000000000,38814.000000000,2,YM
2024-06-10T15:34:51.000000000Z,32,1,80420,38814.000000000,38814.000000000,38814.000000000,38814.000000000,2,YM
2024-06-10T15:34:52.000000000Z,32,1,80420,38815.000000000,38815.000000000,38815.000000000,38815.000000000,1,YM
2024-06-10T15:34:56.000000000Z,32,1,80420,38816.000000000,38816.000000000,38815.000000000,38815.000000000,3,YM
2024-06-10T15:34:58.000000000Z,32,1,80420,38815.000000000,38815.000000000,38815.000000000,38815.000000000,2,YM
2024-06-10T15:34:59.000000000Z,32,1,80420,38814.000000000,38814.000000000,38814.000000000,38814.000000000,3,YM
2024-06-10T15:35:00.000000000Z,32,1,80420,38813.000000000,38813.000000000,38810.000000000,38811.000000000,13,YM
2024-06-10T15:35:01.000000000Z,32,1,80420,38811.000000000,38811.000000000,38811.000000000,38811.000000000,1,YM
2024-06-10T15:35:02.000000000Z,32,1,80420,38812.000000000,38814.000000000,38812.000000000,38814.000000000,6,YM
2024-06-10T15:35:03.000000000Z,32,1,80420,38814.000000000,38814.000000000,38814.000000000,38814.000000000,3,YM
2024-06-10T15:35:05.000000000Z,32,1,80420,38814.000000000,38814.000000000,38814.000000000,38814.000000000,1,YM
2024-06-10T15:35:06.000000000Z,32,1,80420,38813.000000000,38813.000000000,38813.000000000,38813.000000000,2,YM
2024-06-10T15:35:07.000000000Z,32,1,80420,38812.000000000,38812.000000000,38812.000000000,38812.000000000,5,YM
2024-06-10T15:35:11.000000000Z,32,1,80420,38812.000000000,38812.000000000,38812.000000000,38812.000000000,3,YM
2024-06-10T15:35:12.000000000Z,32,1,80420,38813.000000000,38813.000000000,38813.000000000,38813.000000000,3,YM
2024-06-10T15:35:13.000000000Z,32,1,80420,38812.000000000,38812.000000000,38812.000000000,38812.000000000,2,YM
2024-06-10T15:35:14.000000000Z,32,1,80420,38812.000000000,38812.000000000,38812.000000000,38812.000000000,1,YM
2024-06-10T15:35:15.000000000Z,32,1,80420,38811.000000000,38811.000000000,38810.000000000,38810.000000000,2,YM
2024-06-10T15:35:16.000000000Z,32,1,80420,38810.000000000,38810.000000000,38810.000000000,38810.000000000,2,YM
2024-06-10T15:35:17.000000000Z,32,1,80420,38809.000000000,38809.000000000,38809.000000000,38809.000000000,1,YM
2024-06-10T15:35:21.000000000Z,32,1,80420,38809.000000000,38809.000000000,38809.000000000,38809.000000000,3,YM
2024-06-10T15:35:22.000000000Z,32,1,80420,38809.000000000,38809.000000000,38809.000000000,38809.000000000,1,YM
2024-06-10T15:35:26.000000000Z,32,1,80420,38808.000000000,38808.000000000,38808.000000000,38808.000000000,4,YM
2024-06-10T15:35:27.000000000Z,32,1,80420,38808.000000000,38809.000000000,38808.000000000,38809.000000000,2,YM
2024-06-10T15:35:29.000000000Z,32,1,80420,38808.000000000,38808.000000000,38808.000000000,38808.000000000,2,YM
2024-06-10T15:35:30.000000000Z,32,1,80420,38808.000000000,38808.000000000,38808.000000000,38808.000000000,2,YM
2024-06-10T15:35:33.000000000Z,32,1,80420,38808.000000000,38808.000000000,38806.000000000,38806.000000000,3,YM
2024-06-10T15:35:34.000000000Z,32,1,80420,38805.000000000,38805.000000000,38805.000000000,38805.000000000,3,YM
2024-06-10T15:35:37.000000000Z,32,1,80420,38805.000000000,38805.000000000,38805.000000000,38805.000000000,2,YM
2024-06-10T15:35:38.000000000Z,32,1,80420,38805.000000000,38805.000000000,38805.000000000,38805.000000000,2,YM
2024-06-10T15:35:41.000000000Z,32,1,80420,38804.000000000,38804.000000000,38803.000000000,38804.000000000,7,YM
2024-06-10T15:35:42.000000000Z,32,1,80420,38804.000000000,38804.000000000,38803.000000000,38803.000000000,6,YM
2024-06-10T15:35:43.000000000Z,32,1,80420,38804.000000000,38804.000000000,38804.000000000,38804.000000000,5,YM
2024-06-10T15:35:44.000000000Z,32,1,80420,38804.000000000,38804.000000000,38804.000000000,38804.000000000,1,YM
2024-06-10T15:35:45.000000000Z,32,1,80420,38806.000000000,38807.000000000,38806.000000000,38807.000000000,4,YM
2024-06-10T15:35:46.000000000Z,32,1,80420,38806.000000000,38806.000000000,38806.000000000,38806.000000000,1,YM
2024-06-10T15:35:50.000000000Z,32,1,80420,38805.000000000,38805.000000000,38805.000000000,38805.000000000,3,YM
2024-06-10T15:35:51.000000000Z,32,1,80420,38805.000000000,38805.000000000,38805.000000000,38805.000000000,4,YM
2024-06-10T15:35:52.000000000Z,32,1,80420,38804.000000000,38804.000000000,38804.000000000,38804.000000000,1,YM
2024-06-10T15:35:54.000000000Z,32,1,80420,38805.000000000,38805.000000000,38805.000000000,38805.000000000,3,YM
2024-06-10T15:35:55.000000000Z,32,1,80420,38803.000000000,38803.000000000,38803.000000000,38803.000000000,2,YM
2024-06-10T15:35:56.000000000Z,32,1,80420,38803.000000000,38804.000000000,38803.000000000,38804.000000000,3,YM
2024-06-10T15:35:58.000000000Z,32,1,80420,38805.000000000,38805.000000000,38805.000000000,38805.000000000,2,YM
2024-06-10T15:36:00.000000000Z,32,1,80420,38804.000000000,38804.000000000,38804.000000000,38804.000000000,4,YM
2024-06-10T15:36:03.000000000Z,32,1,80420,38803.000000000,38803.000000000,38802.000000000,38802.000000000,8,YM
2024-06-10T15:36:04.000000000Z,32,1,80420,38802.000000000,38802.000000000,38802.000000000,38802.000000000,2,YM
2024-06-10T15:36:05.000000000Z,32,1,80420,38802.000000000,38802.000000000,38801.000000000,38801.000000000,11,YM
2024-06-10T15:36:06.000000000Z,32,1,80420,38801.000000000,38801.000000000,38801.000000000,38801.000000000,1,YM
2024-06-10T15:36:07.000000000Z,32,1,80420,38801.000000000,38801.000000000,38801.000000000,38801.000000000,2,YM
2024-06-10T15:36:08.000000000Z,32,1,80420,38800.000000000,38800.000000000,38800.000000000,38800.000000000,2,YM
2024-06-10T15:36:09.000000000Z,32,1,80420,38800.000000000,38800.000000000,38799.000000000,38800.000000000,9,YM
2024-06-10T15:36:10.000000000Z,32,1,80420,38800.000000000,38800.000000000,38800.000000000,38800.000000000,3,YM
2024-06-10T15:36:11.000000000Z,32,1,80420,38801.000000000,38801.000000000,38800.000000000,38800.000000000,4,YM
2024-06-10T15:36:12.000000000Z,32,1,80420,38800.000000000,38800.000000000,38800.000000000,38800.000000000,2,YM
2024-06-10T15:36:13.000000000Z,32,1,80420,38801.000000000,38801.000000000,38800.000000000,38800.000000000,2,YM
2024-06-10T15:36:14.000000000Z,32,1,80420,38801.000000000,38801.000000000,38801.000000000,38801.000000000,3,YM
2024-06-10T15:36:16.000000000Z,32,1,80420,38800.000000000,38800.000000000,38800.000000000,38800.000000000,3,YM
2024-06-10T15:36:18.000000000Z,32,1,80420,38798.000000000,38798.000000000,38798.000000000,38798.000000000,7,YM
2024-06-10T15:36:20.000000000Z,32,1,80420,38798.000000000,38798.000000000,38797.000000000,38797.000000000,3,YM
2024-06-10T15:36:21.000000000Z,32,1,80420,38797.000000000,38797.000000000,38797.000000000,38797.000000000,7,YM
2024-06-10T15:36:22.000000000Z,32,1,80420,38797.000000000,38797.000000000,38796.000000000,38796.000000000,6,YM
2024-06-10T15:36:24.000000000Z,32,1,80420,38795.000000000,38795.000000000,38794.000000000,38795.000000000,6,YM
2024-06-10T15:36:25.000000000Z,32,1,80420,38794.000000000,38794.000000000,38792.000000000,38793.000000000,10,YM
2024-06-10T15:36:26.000000000Z,32,1,80420,38793.000000000,38793.000000000,38793.000000000,38793.000000000,3,YM
2024-06-10T15:36:27.000000000Z,32,1,80420,38793.000000000,38794.000000000,38793.000000000,38794.000000000,2,YM
2024-06-10T15:36:28.000000000Z,32,1,80420,38795.000000000,38796.000000000,38795.000000000,38796.000000000,4,YM
2024-06-10T15:36:29.000000000Z,32,1,80420,38794.000000000,38796.000000000,38794.000000000,38795.000000000,10,YM
2024-06-10T15:36:30.000000000Z,32,1,80420,38794.000000000,38795.000000000,38794.000000000,38795.000000000,3,YM
2024-06-10T15:36:31.000000000Z,32,1,80420,38796.000000000,38797.000000000,38796.000000000,38797.000000000,14,YM
2024-06-10T15:36:32.000000000Z,32,1,80420,38796.000000000,38796.000000000,38796.000000000,38796.000000000,3,YM
2024-06-10T15:36:33.000000000Z,32,1,80420,38796.000000000,38796.000000000,38796.000000000,38796.000000000,1,YM
2024-06-10T15:36:34.000000000Z,32,1,80420,38796.000000000,38797.000000000,38796.000000000,38797.000000000,7,YM
2024-06-10T15:36:36.000000000Z,32,1,80420,38797.000000000,38797.000000000,38797.000000000,38797.000000000,2,YM
2024-06-10T15:36:37.000000000Z,32,1,80420,38796.000000000,38796.000000000,38796.000000000,38796.000000000,2,YM
2024-06-10T15:36:39.000000000Z,32,1,80420,38797.000000000,38797.000000000,38796.000000000,38796.000000000,2,YM
2024-06-10T15:36:40.000000000Z,32,1,80420,38797.000000000,38797.000000000,38797.000000000,38797.000000000,1,YM
2024-06-10T15:36:43.000000000Z,32,1,80420,38797.000000000,38798.000000000,38797.000000000,38798.000000000,4,YM
2024-06-10T15:36:44.000000000Z,32,1,80420,38797.000000000,38797.000000000,38797.000000000,38797.000000000,1,YM
2024-06-10T15:36:47.000000000Z,32,1,80420,38798.000000000,38798.000000000,38798.000000000,38798.000000000,3,YM
2024-06-10T15:36:48.000000000Z,32,1,80420,38798.000000000,38798.000000000,38797.000000000,38797.000000000,6,YM
2024-06-10T15:36:49.000000000Z,32,1,80420,38799.000000000,38799.000000000,38799.000000000,38799.000000000,6,YM
2024-06-10T15:36:51.000000000Z,32,1,80420,38798.000000000,38798.000000000,38797.000000000,38797.000000000,3,YM
2024-06-10T15:36:52.000000000Z,32,1,80420,38798.000000000,38798.000000000,38798.000000000,38798.000000000,2,YM
2024-06-10T15:36:53.000000000Z,32,1,80420,38797.000000000,38797.000000000,38797.000000000,38797.000000000,3,YM
2024-06-10T15:36:54.000000000Z,32,1,80420,38797.000000000,38797.000000000,38794.000000000,38794.000000000,19,YM
2024-06-10T15:36:55.000000000Z,32,1,80420,38793.000000000,38795.000000000,38793.000000000,38795.000000000,7,YM
2024-06-10T15:36:57.000000000Z,32,1,80420,38796.000000000,38798.000000000,38796.000000000,38798.000000000,6,YM
2024-06-10T15:36:58.000000000Z,32,1,80420,38798.000000000,38798.000000000,38797.000000000,38798.000000000,9,YM
2024-06-10T15:37:00.000000000Z,32,1,80420,38799.000000000,38799.000000000,38798.000000000,38799.000000000,5,YM
2024-06-10T15:37:02.000000000Z,32,1,80420,38799.000000000,38799.000000000,38799.000000000,38799.000000000,3,YM
2024-06-10T15:37:03.000000000Z,32,1,80420,38799.000000000,38799.000000000,38799.000000000,38799.000000000,2,YM
2024-06-10T15:37:05.000000000Z,32,1,80420,38799.000000000,38800.000000000,38799.000000000,38800.000000000,7,YM
2024-06-10T15:37:06.000000000Z,32,1,80420,38800.000000000,38800.000000000,38800.000000000,38800.000000000,4,YM
2024-06-10T15:37:07.000000000Z,32,1,80420,38800.000000000,38801.000000000,38800.000000000,38801.000000000,6,YM
2024-06-10T15:37:08.000000000Z,32,1,80420,38801.000000000,38803.000000000,38801.000000000,38801.000000000,5,YM
2024-06-10T15:37:09.000000000Z,32,1,80420,38803.000000000,38804.000000000,38803.000000000,38803.000000000,5,YM
2024-06-10T15:37:10.000000000Z,32,1,80420,38803.000000000,38803.000000000,38802.000000000,38802.000000000,13,YM
2024-06-10T15:37:12.000000000Z,32,1,80420,38803.000000000,38804.000000000,38803.000000000,38803.000000000,6,YM
2024-06-10T15:37:13.000000000Z,32,1,80420,38802.000000000,38802.000000000,38802.000000000,38802.000000000,2,YM
2024-06-10T15:37:14.000000000Z,32,1,80420,38803.000000000,38803.000000000,38803.000000000,38803.000000000,1,YM
2024-06-10T15:37:15.000000000Z,32,1,80420,38804.000000000,38804.000000000,38804.000000000,38804.000000000,1,YM
2024-06-10T15:37:16.000000000Z,32,1,80420,38804.000000000,38804.000000000,38804.000000000,38804.000000000,2,YM
2024-06-10T15:37:19.000000000Z,32,1,80420,38805.000000000,38805.000000000,38805.000000000,38805.000000000,1,YM
2024-06-10T15:37:20.000000000Z,32,1,80420,38805.000000000,38805.000000000,38805.000000000,38805.000000000,1,YM
2024-06-10T15:37:21.000000000Z,32,1,80420,38806.000000000,38806.000000000,38806.000000000,38806.000000000,3,YM
2024-06-10T15:37:22.000000000Z,32,1,80420,38806.000000000,38806.000000000,38806.000000000,38806.000000000,1,YM
2024-06-10T15:37:23.000000000Z,32,1,80420,38805.000000000,38807.000000000,38805.000000000,38807.000000000,2,YM
2024-06-10T15:37:24.000000000Z,32,1,80420,38806.000000000,38806.000000000,38805.000000000,38805.000000000,8,YM
2024-06-10T15:37:25.000000000Z,32,1,80420,38805.000000000,38805.000000000,38805.000000000,38805.000000000,1,YM
2024-06-10T15:37:26.000000000Z,32,1,80420,38806.000000000,38806.000000000,38805.000000000,38805.000000000,9,YM
2024-06-10T15:37:28.000000000Z,32,1,80420,38804.000000000,38804.000000000,38804.000000000,38804.000000000,2,YM
2024-06-10T15:37:29.000000000Z,32,1,80420,38803.000000000,38803.000000000,38803.000000000,38803.000000000,5,YM
2024-06-10T15:37:31.000000000Z,32,1,80420,38802.000000000,38802.000000000,38802.000000000,38802.000000000,2,YM
2024-06-10T15:37:33.000000000Z,32,1,80420,38804.000000000,38804.000000000,38804.000000000,38804.000000000,1,YM
2024-06-10T15:37:35.000000000Z,32,1,80420,38804.000000000,38804.000000000,38804.000000000,38804.000000000,1,YM
2024-06-10T15:37:37.000000000Z,32,1,80420,38806.000000000,38807.000000000,38806.000000000,38807.000000000,2,YM
2024-06-10T15:37:38.000000000Z,32,1,80420,38805.000000000,38805.000000000,38805.000000000,38805.000000000,1,YM
2024-06-10T15:37:39.000000000Z,32,1,80420,38807.000000000,38808.000000000,38807.000000000,38808.000000000,5,YM
2024-06-10T15:37:40.000000000Z,32,1,80420,38807.000000000,38807.000000000,38806.000000000,38806.000000000,4,YM
2024-06-10T15:37:41.000000000Z,32,1,80420,38807.000000000,38807.000000000,38807.000000000,38807.000000000,9,YM
2024-06-10T15:37:42.000000000Z,32,1,80420,38807.000000000,38807.000000000,38807.000000000,38807.000000000,3,YM
2024-06-10T15:37:43.000000000Z,32,1,80420,38808.000000000,38808.000000000,38808.000000000,38808.000000000,7,YM
2024-06-10T15:37:46.000000000Z,32,1,80420,38807.000000000,38807.000000000,38806.000000000,38806.000000000,3,YM
2024-06-10T15:37:48.000000000Z,32,1,80420,38806.000000000,38806.000000000,38806.000000000,38806.000000000,1,YM
2024-06-10T15:37:50.000000000Z,32,1,80420,38807.000000000,38807.000000000,38807.000000000,38807.000000000,1,YM
2024-06-10T15:37:51.000000000Z,32,1,80420,38808.000000000,38808.000000000,38808.000000000,38808.000000000,2,YM
2024-06-10T15:37:53.000000000Z,32,1,80420,38808.000000000,38811.000000000,38808.000000000,38811.000000000,11,YM
2024-06-10T15:37:54.000000000Z,32,1,80420,38811.000000000,38811.000000000,38811.000000000,38811.000000000,2,YM
2024-06-10T15:37:56.000000000Z,32,1,80420,38811.000000000,38811.000000000,38810.000000000,38810.000000000,6,YM
2024-06-10T15:37:57.000000000Z,32,1,80420,38811.000000000,38811.000000000,38811.000000000,38811.000000000,1,YM
2024-06-10T15:37:58.000000000Z,32,1,80420,38812.000000000,38812.000000000,38812.000000000,38812.000000000,5,YM
2024-06-10T15:37:59.000000000Z,32,1,80420,38812.000000000,38813.000000000,38812.000000000,38813.000000000,5,YM
2024-06-10T15:38:00.000000000Z,32,1,80420,38813.000000000,38813.000000000,38813.000000000,38813.000000000,1,YM
2024-06-10T15:38:01.000000000Z,32,1,80420,38812.000000000,38814.000000000,38812.000000000,38814.000000000,3,YM
2024-06-10T15:38:02.000000000Z,32,1,80420,38813.000000000,38813.000000000,38813.000000000,38813.000000000,1,YM
2024-06-10T15:38:03.000000000Z,32,1,80420,38812.000000000,38812.000000000,38812.000000000,38812.000000000,3,YM
2024-06-10T15:38:04.000000000Z,32,1,80420,38813.000000000,38814.000000000,38813.000000000,38814.000000000,5,YM
2024-06-10T15:38:05.000000000Z,32,1,80420,38813.000000000,38813.000000000,38812.000000000,38812.000000000,3,YM
2024-06-10T15:38:09.000000000Z,32,1,80420,38811.000000000,38811.000000000,38811.000000000,38811.000000000,2,YM
2024-06-10T15:38:11.000000000Z,32,1,80420,38810.000000000,38810.000000000,38810.000000000,38810.000000000,5,YM
2024-06-10T15:38:13.000000000Z,32,1,80420,38810.000000000,38811.000000000,38809.000000000,38811.000000000,8,YM
2024-06-10T15:38:14.000000000Z,32,1,80420,38812.000000000,38812.000000000,38812.000000000,38812.000000000,1,YM
2024-06-10T15:38:16.000000000Z,32,1,80420,38813.000000000,38814.000000000,38813.000000000,38814.000000000,3,YM
2024-06-10T15:38:18.000000000Z,32,1,80420,38815.000000000,38815.000000000,38815.000000000,38815.000000000,3,YM
2024-06-10T15:38:19.000000000Z,32,1,80420,38814.000000000,38815.000000000,38814.000000000,38815.000000000,4,YM
2024-06-10T15:38:20.000000000Z,32,1,80420,38815.000000000,38815.000000000,38815.000000000,38815.000000000,1,YM
2024-06-10T15:38:22.000000000Z,32,1,80420,38815.000000000,38815.000000000,38815.000000000,38815.000000000,1,YM
2024-06-10T15:38:26.000000000Z,32,1,80420,38816.000000000,38816.000000000,38815.000000000,38816.000000000,3,YM
2024-06-10T15:38:28.000000000Z,32,1,80420,38816.000000000,38818.000000000,38816.000000000,38816.000000000,6,YM
2024-06-10T15:38:30.000000000Z,32,1,80420,38815.000000000,38815.000000000,38815.000000000,38815.000000000,2,YM
2024-06-10T15:38:34.000000000Z,32,1,80420,38815.000000000,38815.000000000,38815.000000000,38815.000000000,3,YM
2024-06-10T15:38:35.000000000Z,32,1,80420,38815.000000000,38818.000000000,38815.000000000,38818.000000000,6,YM
2024-06-10T15:38:36.000000000Z,32,1,80420,38817.000000000,38817.000000000,38817.000000000,38817.000000000,6,YM
2024-06-10T15:38:37.000000000Z,32,1,80420,38817.000000000,38817.000000000,38817.000000000,38817.000000000,5,YM
2024-06-10T15:38:38.000000000Z,32,1,80420,38816.000000000,38816.000000000,38816.000000000,38816.000000000,1,YM
2024-06-10T15:38:40.000000000Z,32,1,80420,38816.000000000,38816.000000000,38816.000000000,38816.000000000,2,YM
2024-06-10T15:38:43.000000000Z,32,1,80420,38816.000000000,38816.000000000,38816.000000000,38816.000000000,2,YM
2024-06-10T15:38:44.000000000Z,32,1,80420,38817.000000000,38817.000000000,38817.000000000,38817.000000000,2,YM
2024-06-10T15:38:46.000000000Z,32,1,80420,38817.000000000,38817.000000000,38817.000000000,38817.000000000,1,YM
2024-06-10T15:38:48.000000000Z,32,1,80420,38817.000000000,38817.000000000,38815.000000000,38816.000000000,8,YM
2024-06-10T15:38:49.000000000Z,32,1,80420,38817.000000000,38817.000000000,38816.000000000,38816.000000000,7,YM
2024-06-10T15:38:50.000000000Z,32,1,80420,38815.000000000,38816.000000000,38815.000000000,38816.000000000,6,YM
2024-06-10T15:38:51.000000000Z,32,1,80420,38816.000000000,38816.000000000,38815.000000000,38815.000000000,4,YM
2024-06-10T15:38:52.000000000Z,32,1,80420,38815.000000000,38815.000000000,38815.000000000,38815.000000000,4,YM
2024-06-10T15:38:54.000000000Z,32,1,80420,38814.000000000,38814.000000000,38814.000000000,38814.000000000,2,YM
2024-06-10T15:38:55.000000000Z,32,1,80420,38813.000000000,38813.000000000,38811.000000000,38811.000000000,8,YM
2024-06-10T15:38:56.000000000Z,32,1,80420,38811.000000000,38811.000000000,38811.000000000,38811.000000000,1,YM
2024-06-10T15:38:59.000000000Z,32,1,80420,38811.000000000,38811.000000000,38810.000000000,38810.000000000,3,YM
2024-06-10T15:39:02.000000000Z,32,1,80420,38808.000000000,38808.000000000,38807.000000000,38807.000000000,9,YM
2024-06-10T15:39:03.000000000Z,32,1,80420,38807.000000000,38807.000000000,38807.000000000,38807.000000000,2,YM
2024-06-10T15:39:06.000000000Z,32,1,80420,38808.000000000,38808.000000000,38808.000000000,38808.000000000,3,YM
2024-06-10T15:39:08.000000000Z,32,1,80420,38806.000000000,38806.000000000,38806.000000000,38806.000000000,1,YM
2024-06-10T15:39:09.000000000Z,32,1,80420,38807.000000000,38807.000000000,38807.000000000,38807.000000000,3,YM
2024-06-10T15:39:11.000000000Z,32,1,80420,38808.000000000,38808.000000000,38808.000000000,38808.000000000,8,YM
2024-06-10T15:39:16.000000000Z,32,1,80420,38808.000000000,38808.000000000,38808.000000000,38808.000000000,1,YM
2024-06-10T15:39:21.000000000Z,32,1,80420,38809.000000000,38809.000000000,38809.000000000,38809.000000000,2,YM
2024-06-10T15:39:22.000000000Z,32,1,80420,38811.000000000,38811.000000000,38811.000000000,38811.000000000,1,YM
2024-06-10T15:39:25.000000000Z,32,1,80420,38812.000000000,38812.000000000,38812.000000000,38812.000000000,4,YM
2024-06-10T15:39:27.000000000Z,32,1,80420,38811.000000000,38811.000000000,38811.000000000,38811.000000000,2,YM
2024-06-10T15:39:30.000000000Z,32,1,80420,38810.000000000,38810.000000000,38810.000000000,38810.000000000,1,YM
2024-06-10T15:39:31.000000000Z,32,1,80420,38810.000000000,38810.000000000,38810.000000000,38810.000000000,1,YM
2024-06-10T15:39:34.000000000Z,32,1,80420,38810.000000000,38810.000000000,38810.000000000,38810.000000000,1,YM
2024-06-10T15:39:36.000000000Z,32,1,80420,38810.000000000,38810.000000000,38810.000000000,38810.000000000,1,YM
2024-06-10T15:39:42.000000000Z,32,1,80420,38811.000000000,38811.000000000,38811.000000000,38811.000000000,1,YM
2024-06-10T15:39:45.000000000Z,32,1,80420,38810.000000000,38810.000000000,38810.000000000,38810.000000000,1,YM
2024-06-10T15:39:48.000000000Z,32,1,80420,38810.000000000,38811.000000000,38810.000000000,38811.000000000,2,YM
2024-06-10T15:39:50.000000000Z,32,1,80420,38811.000000000,38811.000000000,38811.000000000,38811.000000000,2,YM
2024-06-10T15:39:53.000000000Z,32,1,80420,38811.000000000,38811.000000000,38811.000000000,38811.000000000,4,YM
2024-06-10T15:39:55.000000000Z,32,1,80420,38812.000000000,38812.000000000,38812.000000000,38812.000000000,5,YM
2024-06-10T15:39:56.000000000Z,32,1,80420,38813.000000000,38813.000000000,38813.000000000,38813.000000000,1,YM
2024-06-10T15:39:58.000000000Z,32,1,80420,38812.000000000,38812.000000000,38812.000000000,38812.000000000,7,YM
2024-06-10T15:39:59.000000000Z,32,1,80420,38811.000000000,38811.000000000,38811.000000000,38811.000000000,6,YM
2024-06-10T15:40:00.000000000Z,32,1,80420,38810.000000000,38811.000000000,38810.000000000,38810.000000000,9,YM
2024-06-10T15:40:01.000000000Z,32,1,80420,38810.000000000,38810.000000000,38809.000000000,38809.000000000,7,YM
2024-06-10T15:40:02.000000000Z,32,1,80420,38808.000000000,38809.000000000,38808.000000000,38808.000000000,5,YM
2024-06-10T15:40:04.000000000Z,32,1,80420,38809.000000000,38809.000000000,38809.000000000,38809.000000000,1,YM
2024-06-10T15:40:05.000000000Z,32,1,80420,38810.000000000,38810.000000000,38810.000000000,38810.000000000,5,YM
2024-06-10T15:40:08.000000000Z,32,1,80420,38811.000000000,38811.000000000,38811.000000000,38811.000000000,2,YM
2024-06-10T15:40:09.000000000Z,32,1,80420,38811.000000000,38811.000000000,38811.000000000,38811.000000000,3,YM
2024-06-10T15:40:10.000000000Z,32,1,80420,38811.000000000,38811.000000000,38811.000000000,38811.000000000,3,YM
2024-06-10T15:40:13.000000000Z,32,1,80420,38811.000000000,38811.000000000,38811.000000000,38811.000000000,1,YM
2024-06-10T15:40:14.000000000Z,32,1,80420,38811.000000000,38811.000000000,38810.000000000,38810.000000000,2,YM
2024-06-10T15:40:15.000000000Z,32,1,80420,38810.000000000,38810.000000000,38810.000000000,38810.000000000,5,YM
2024-06-10T15:40:16.000000000Z,32,1,80420,38810.000000000,38810.000000000,38810.000000000,38810.000000000,1,YM
2024-06-10T15:40:17.000000000Z,32,1,80420,38811.000000000,38811.000000000,38811.000000000,38811.000000000,3,YM
2024-06-10T15:40:18.000000000Z,32,1,80420,38812.000000000,38812.000000000,38812.000000000,38812.000000000,5,YM
2024-06-10T15:40:19.000000000Z,32,1,80420,38813.000000000,38813.000000000,38813.000000000,38813.000000000,2,YM
2024-06-10T15:40:20.000000000Z,32,1,80420,38813.000000000,38813.000000000,38813.000000000,38813.000000000,1,YM
2024-06-10T15:40:22.000000000Z,32,1,80420,38812.000000000,38812.000000000,38812.000000000,38812.000000000,1,YM
2024-06-10T15:40:24.000000000Z,32,1,80420,38813.000000000,38813.000000000,38813.000000000,38813.000000000,2,YM
2024-06-10T15:40:25.000000000Z,32,1,80420,38813.000000000,38813.000000000,38813.000000000,38813.000000000,3,YM
2024-06-10T15:40:27.000000000Z,32,1,80420,38814.000000000,38814.000000000,38814.000000000,38814.000000000,3,YM
2024-06-10T15:40:28.000000000Z,32,1,80420,38813.000000000,38813.000000000,38813.000000000,38813.000000000,2,YM
2024-06-10T15:40:29.000000000Z,32,1,80420,38812.000000000,38812.000000000,38812.000000000,38812.000000000,4,YM
2024-06-10T15:40:31.000000000Z,32,1,80420,38813.000000000,38813.000000000,38813.000000000,38813.000000000,1,YM
2024-06-10T15:40:33.000000000Z,32,1,80420,38813.000000000,38813.000000000,38813.000000000,38813.000000000,2,YM
2024-06-10T15:40:36.000000000Z,32,1,80420,38813.000000000,38814.000000000,38813.000000000,38814.000000000,8,YM
2024-06-10T15:40:38.000000000Z,32,1,80420,38813.000000000,38814.000000000,38813.000000000,38814.000000000,2,YM
2024-06-10T15:40:39.000000000Z,32,1,80420,38814.000000000,38815.000000000,38814.000000000,38815.000000000,2,YM
2024-06-10T15:40:40.000000000Z,32,1,80420,38815.000000000,38816.000000000,38815.000000000,38816.000000000,4,YM
2024-06-10T15:40:41.000000000Z,32,1,80420,38815.000000000,38815.000000000,38815.000000000,38815.000000000,1,YM
2024-06-10T15:40:44.000000000Z,32,1,80420,38815.000000000,38815.000000000,38815.000000000,38815.000000000,3,YM
2024-06-10T15:40:45.000000000Z,32,1,80420,38815.000000000,38815.000000000,38815.000000000,38815.000000000,1,YM
2024-06-10T15:40:46.000000000Z,32,1,80420,38814.000000000,38814.000000000,38814.000000000,38814.000000000,1,YM
2024-06-10T15:40:47.000000000Z,32,1,80420,38814.000000000,38815.000000000,38814.000000000,38815.000000000,3,YM
2024-06-10T15:40:49.000000000Z,32,1,80420,38813.000000000,38813.000000000,38813.000000000,38813.000000000,1,YM
2024-06-10T15:40:50.000000000Z,32,1,80420,38812.000000000,38812.000000000,38812.000000000,38812.000000000,2,YM
2024-06-10T15:40:51.000000000Z,32,1,80420,38811.000000000,38811.000000000,38811.000000000,38811.000000000,3,YM
2024-06-10T15:40:59.000000000Z,32,1,80420,38811.000000000,38811.000000000,38811.000000000,38811.000000000,3,YM
2024-06-10T15:41:01.000000000Z,32,1,80420,38812.000000000,38812.000000000,38812.000000000,38812.000000000,3,YM
2024-06-10T15:41:02.000000000Z,32,1,80420,38812.000000000,38812.000000000,38812.000000000,38812.000000000,2,YM
2024-06-10T15:41:04.000000000Z,32,1,80420,38813.000000000,38813.000000000,38813.000000000,38813.000000000,1,YM
2024-06-10T15:41:06.000000000Z,32,1,80420,38813.000000000,38813.000000000,38813.000000000,38813.000000000,3,YM
2024-06-10T15:41:09.000000000Z,32,1,80420,38814.000000000,38814.000000000,38814.000000000,38814.000000000,2,YM
2024-06-10T15:41:11.000000000Z,32,1,80420,38813.000000000,38813.000000000,38813.000000000,38813.000000000,1,YM
2024-06-10T15:41:15.000000000Z,32,1,80420,38812.000000000,38812.000000000,38812.000000000,38812.000000000,2,YM
2024-06-10T15:41:16.000000000Z,32,1,80420,38811.000000000,38811.000000000,38811.000000000,38811.000000000,2,YM
2024-06-10T15:41:18.000000000Z,32,1,80420,38810.000000000,38812.000000000,38810.000000000,38812.000000000,4,YM
2024-06-10T15:41:19.000000000Z,32,1,80420,38813.000000000,38813.000000000,38813.000000000,38813.000000000,6,YM
2024-06-10T15:41:20.000000000Z,32,1,80420,38813.000000000,38814.000000000,38813.000000000,38814.000000000,2,YM
2024-06-10T15:41:23.000000000Z,32,1,80420,38814.000000000,38814.000000000,38814.000000000,38814.000000000,1,YM
2024-06-10T15:41:24.000000000Z,32,1,80420,38813.000000000,38813.000000000,38813.000000000,38813.000000000,1,YM
2024-06-10T15:41:31.000000000Z,32,1,80420,38813.000000000,38813.000000000,38813.000000000,38813.000000000,1,YM
2024-06-10T15:41:34.000000000Z,32,1,80420,38814.000000000,38814.000000000,38814.000000000,38814.000000000,7,YM
2024-06-10T15:41:40.000000000Z,32,1,80420,38815.000000000,38815.000000000,38814.000000000,38814.000000000,3,YM
2024-06-10T15:41:42.000000000Z,32,1,80420,38815.000000000,38815.000000000,38815.000000000,38815.000000000,1,YM
2024-06-10T15:41:44.000000000Z,32,1,80420,38814.000000000,38814.000000000,38814.000000000,38814.000000000,4,YM
2024-06-10T15:41:45.000000000Z,32,1,80420,38813.000000000,38813.000000000,38813.000000000,38813.000000000,7,YM
2024-06-10T15:41:46.000000000Z,32,1,80420,38814.000000000,38814.000000000,38813.000000000,38813.000000000,2,YM
2024-06-10T15:41:49.000000000Z,32,1,80420,38813.000000000,38813.000000000,38813.000000000,38813.000000000,1,YM
2024-06-10T15:41:52.000000000Z,32,1,80420,38812.000000000,38812.000000000,38812.000000000,38812.000000000,1,YM
2024-06-10T15:41:54.000000000Z,32,1,80420,38812.000000000,38813.000000000,38812.000000000,38813.000000000,3,YM
2024-06-10T15:41:56.000000000Z,32,1,80420,38813.000000000,38813.000000000,38813.000000000,38813.000000000,2,YM
2024-06-10T15:41:57.000000000Z,32,1,80420,38813.000000000,38813.000000000,38813.000000000,38813.000000000,1,YM
2024-06-10T15:41:59.000000000Z,32,1,80420,38813.000000000,38813.000000000,38813.000000000,38813.000000000,1,YM
2024-06-10T15:42:00.000000000Z,32,1,80420,38812.000000000,38812.000000000,38811.000000000,38811.000000000,5,YM
2024-06-10T15:42:02.000000000Z,32,1,80420,38810.000000000,38810.000000000,38810.000000000,38810.000000000,2,YM
2024-06-10T15:42:03.000000000Z,32,1,80420,38808.000000000,38808.000000000,38807.000000000,38807.000000000,6,YM
2024-06-10T15:42:04.000000000Z,32,1,80420,38807.000000000,38807.000000000,38806.000000000,38806.000000000,7,YM
2024-06-10T15:42:05.000000000Z,32,1,80420,38808.000000000,38808.000000000,38806.000000000,38806.000000000,8,YM
2024-06-10T15:42:06.000000000Z,32,1,80420,38808.000000000,38808.000000000,38808.000000000,38808.000000000,2,YM
2024-06-10T15:42:07.000000000Z,32,1,80420,38807.000000000,38807.000000000,38807.000000000,38807.000000000,1,YM
2024-06-10T15:42:08.000000000Z,32,1,80420,38807.000000000,38807.000000000,38807.000000000,38807.000000000,1,YM
2024-06-10T15:42:09.000000000Z,32,1,80420,38807.000000000,38807.000000000,38807.000000000,38807.000000000,2,YM
2024-06-10T15:42:10.000000000Z,32,1,80420,38807.000000000,38807.000000000,38807.000000000,38807.000000000,2,YM
2024-06-10T15:42:11.000000000Z,32,1,80420,38808.000000000,38808.000000000,38808.000000000,38808.000000000,2,YM
2024-06-10T15:42:13.000000000Z,32,1,80420,38807.000000000,38807.000000000,38807.000000000,38807.000000000,1,YM
2024-06-10T15:42:14.000000000Z,32,1,80420,38807.000000000,38807.000000000,38807.000000000,38807.000000000,1,YM
2024-06-10T15:42:15.000000000Z,32,1,80420,38808.000000000,38808.000000000,38808.000000000,38808.000000000,2,YM
2024-06-10T15:42:16.000000000Z,32,1,80420,38809.000000000,38809.000000000,38809.000000000,38809.000000000,1,YM
2024-06-10T15:42:19.000000000Z,32,1,80420,38808.000000000,38808.000000000,38808.000000000,38808.000000000,2,YM
2024-06-10T15:42:20.000000000Z,32,1,80420,38809.000000000,38809.000000000,38809.000000000,38809.000000000,1,YM
2024-06-10T15:42:23.000000000Z,32,1,80420,38808.000000000,38808.000000000,38807.000000000,38807.000000000,2,YM
2024-06-10T15:42:28.000000000Z,32,1,80420,38808.000000000,38808.000000000,38808.000000000,38808.000000000,6,YM
2024-06-10T15:42:29.000000000Z,32,1,80420,38809.000000000,38810.000000000,38809.000000000,38810.000000000,3,YM
2024-06-10T15:42:31.000000000Z,32,1,80420,38811.000000000,38811.000000000,38811.000000000,38811.000000000,2,YM
2024-06-10T15:42:32.000000000Z,32,1,80420,38812.000000000,38812.000000000,38812.000000000,38812.000000000,3,YM
2024-06-10T15:42:33.000000000Z,32,1,80420,38813.000000000,38814.000000000,38813.000000000,38814.000000000,5,YM
2024-06-10T15:42:35.000000000Z,32,1,80420,38812.000000000,38812.000000000,38812.000000000,38812.000000000,1,YM
2024-06-10T15:42:36.000000000Z,32,1,80420,38813.000000000,38813.000000000,38813.000000000,38813.000000000,1,YM
2024-06-10T15:42:37.000000000Z,32,1,80420,38812.000000000,38812.000000000,38812.000000000,38812.000000000,3,YM
2024-06-10T15:42:38.000000000Z,32,1,80420,38813.000000000,38813.000000000,38813.000000000,38813.000000000,1,YM
2024-06-10T15:42:39.000000000Z,32,1,80420,38813.000000000,38813.000000000,38813.000000000,38813.000000000,1,YM
2024-06-10T15:42:41.000000000Z,32,1,80420,38814.000000000,38814.000000000,38813.000000000,38813.000000000,5,YM
2024-06-10T15:42:47.000000000Z,32,1,80420,38813.000000000,38813.000000000,38813.000000000,38813.000000000,2,YM
2024-06-10T15:42:52.000000000Z,32,1,80420,38813.000000000,38813.000000000,38813.000000000,38813.000000000,1,YM
2024-06-10T15:42:55.000000000Z,32,1,80420,38813.000000000,38813.000000000,38813.000000000,38813.000000000,1,YM
2024-06-10T15:42:56.000000000Z,32,1,80420,38814.000000000,38815.000000000,38814.000000000,38815.000000000,4,YM
2024-06-10T15:42:58.000000000Z,32,1,80420,38815.000000000,38815.000000000,38815.000000000,38815.000000000,2,YM
2024-06-10T15:42:59.000000000Z,32,1,80420,38816.000000000,38816.000000000,38816.000000000,38816.000000000,5,YM
2024-06-10T15:43:00.000000000Z,32,1,80420,38816.000000000,38816.000000000,38816.000000000,38816.000000000,1,YM
2024-06-10T15:43:02.000000000Z,32,1,80420,38816.000000000,38817.000000000,38816.000000000,38817.000000000,4,YM
2024-06-10T15:43:03.000000000Z,32,1,80420,38817.000000000,38817.000000000,38817.000000000,38817.000000000,3,YM
2024-06-10T15:43:06.000000000Z,32,1,80420,38817.000000000,38817.000000000,38817.000000000,38817.000000000,6,YM
2024-06-10T15:43:08.000000000Z,32,1,80420,38818.000000000,38818.000000000,38818.000000000,38818.000000000,4,YM
2024-06-10T15:43:13.000000000Z,32,1,80420,38819.000000000,38819.000000000,38819.000000000,38819.000000000,2,YM
2024-06-10T15:43:14.000000000Z,32,1,80420,38818.000000000,38818.000000000,38818.000000000,38818.000000000,1,YM
2024-06-10T15:43:17.000000000Z,32,1,80420,38817.000000000,38817.000000000,38817.000000000,38817.000000000,7,YM
2024-06-10T15:43:18.000000000Z,32,1,80420,38818.000000000,38818.000000000,38818.000000000,38818.000000000,1,YM
2024-06-10T15:43:19.000000000Z,32,1,80420,38818.000000000,38818.000000000,38818.000000000,38818.000000000,3,YM
2024-06-10T15:43:20.000000000Z,32,1,80420,38818.000000000,38818.000000000,38818.000000000,38818.000000000,2,YM
2024-06-10T15:43:22.000000000Z,32,1,80420,38818.000000000,38818.000000000,38817.000000000,38817.000000000,2,YM
2024-06-10T15:43:23.000000000Z,32,1,80420,38817.000000000,38817.000000000,38817.000000000,38817.000000000,1,YM
2024-06-10T15:43:25.000000000Z,32,1,80420,38817.000000000,38817.000000000,38817.000000000,38817.000000000,2,YM
2024-06-10T15:43:26.000000000Z,32,1,80420,38817.000000000,38817.000000000,38817.000000000,38817.000000000,1,YM
2024-06-10T15:43:27.000000000Z,32,1,80420,38818.000000000,38818.000000000,38818.000000000,38818.000000000,4,YM
2024-06-10T15:43:32.000000000Z,32,1,80420,38818.000000000,38818.000000000,38818.000000000,38818.000000000,1,YM
2024-06-10T15:43:34.000000000Z,32,1,80420,38819.000000000,38819.000000000,38819.000000000,38819.000000000,2,YM
2024-06-10T15:43:36.000000000Z,32,1,80420,38820.000000000,38820.000000000,38818.000000000,38819.000000000,21,YM
2024-06-10T15:43:37.000000000Z,32,1,80420,38819.000000000,38819.000000000,38819.000000000,38819.000000000,9,YM
2024-06-10T15:43:39.000000000Z,32,1,80420,38818.000000000,38818.000000000,38818.000000000,38818.000000000,3,YM
2024-06-10T15:43:42.000000000Z,32,1,80420,38818.000000000,38818.000000000,38818.000000000,38818.000000000,1,YM
2024-06-10T15:43:44.000000000Z,32,1,80420,38818.000000000,38818.000000000,38818.000000000,38818.000000000,1,YM
2024-06-10T15:43:46.000000000Z,32,1,80420,38817.000000000,38817.000000000,38817.000000000,38817.000000000,1,YM
2024-06-10T15:43:48.000000000Z,32,1,80420,38818.000000000,38818.000000000,38818.000000000,38818.000000000,5,YM
2024-06-10T15:43:50.000000000Z,32,1,80420,38819.000000000,38819.000000000,38819.000000000,38819.000000000,1,YM
2024-06-10T15:43:52.000000000Z,32,1,80420,38820.000000000,38820.000000000,38820.000000000,38820.000000000,3,YM
2024-06-10T15:43:53.000000000Z,32,1,80420,38821.000000000,38821.000000000,38821.000000000,38821.000000000,1,YM
2024-06-10T15:43:54.000000000Z,32,1,80420,38822.000000000,38823.000000000,38822.000000000,38822.000000000,13,YM
2024-06-10T15:43:56.000000000Z,32,1,80420,38822.000000000,38822.000000000,38822.000000000,38822.000000000,5,YM
2024-06-10T15:43:57.000000000Z,32,1,80420,38822.000000000,38822.000000000,38822.000000000,38822.000000000,1,YM
2024-06-10T15:43:59.000000000Z,32,1,80420,38821.000000000,38822.000000000,38821.000000000,38822.000000000,3,YM
2024-06-10T15:44:02.000000000Z,32,1,80420,38822.000000000,38823.000000000,38822.000000000,38823.000000000,2,YM
2024-06-10T15:44:04.000000000Z,32,1,80420,38822.000000000,38823.000000000,38822.000000000,38822.000000000,9,YM
2024-06-10T15:44:07.000000000Z,32,1,80420,38823.000000000,38823.000000000,38822.000000000,38822.000000000,6,YM
2024-06-10T15:44:08.000000000Z,32,1,80420,38821.000000000,38821.000000000,38821.000000000,38821.000000000,1,YM
2024-06-10T15:44:10.000000000Z,32,1,80420,38823.000000000,38823.000000000,38823.000000000,38823.000000000,4,YM
2024-06-10T15:44:11.000000000Z,32,1,80420,38824.000000000,38824.000000000,38824.000000000,38824.000000000,5,YM
2024-06-10T15:44:13.000000000Z,32,1,80420,38822.000000000,38822.000000000,38822.000000000,38822.000000000,1,YM
2024-06-10T15:44:15.000000000Z,32,1,80420,38820.000000000,38820.000000000,38819.000000000,38819.000000000,3,YM
2024-06-10T15:44:16.000000000Z,32,1,80420,38819.000000000,38819.000000000,38819.000000000,38819.000000000,2,YM
2024-06-10T15:44:17.000000000Z,32,1,80420,38820.000000000,38820.000000000,38820.000000000,38820.000000000,1,YM
2024-06-10T15:44:19.000000000Z,32,1,80420,38819.000000000,38819.000000000,38819.000000000,38819.000000000,1,YM
2024-06-10T15:44:22.000000000Z,32,1,80420,38820.000000000,38820.000000000,38820.000000000,38820.000000000,1,YM
2024-06-10T15:44:23.000000000Z,32,1,80420,38820.000000000,38820.000000000,38820.000000000,38820.000000000,1,YM
2024-06-10T15:44:25.000000000Z,32,1,80420,38821.000000000,38821.000000000,38821.000000000,38821.000000000,4,YM
2024-06-10T15:44:26.000000000Z,32,1,80420,38820.000000000,38820.000000000,38820.000000000,38820.000000000,4,YM
2024-06-10T15:44:27.000000000Z,32,1,80420,38820.000000000,38820.000000000,38820.000000000,38820.000000000,3,YM
2024-06-10T15:44:28.000000000Z,32,1,80420,38821.000000000,38821.000000000,38821.000000000,38821.000000000,10,YM
2024-06-10T15:44:29.000000000Z,32,1,80420,38821.000000000,38822.000000000,38821.000000000,38822.000000000,4,YM
2024-06-10T15:44:31.000000000Z,32,1,80420,38819.000000000,38819.000000000,38819.000000000,38819.000000000,2,YM
2024-06-10T15:44:33.000000000Z,32,1,80420,38819.000000000,38819.000000000,38819.000000000,38819.000000000,5,YM
2024-06-10T15:44:34.000000000Z,32,1,80420,38819.000000000,38819.000000000,38819.000000000,38819.000000000,1,YM
2024-06-10T15:44:36.000000000Z,32,1,80420,38817.000000000,38817.000000000,38816.000000000,38816.000000000,6,YM
2024-06-10T15:44:38.000000000Z,32,1,80420,38818.000000000,38818.000000000,38818.000000000,38818.000000000,1,YM
2024-06-10T15:44:39.000000000Z,32,1,80420,38817.000000000,38817.000000000,38817.000000000,38817.000000000,1,YM
2024-06-10T15:44:40.000000000Z,32,1,80420,38819.000000000,38819.000000000,38819.000000000,38819.000000000,2,YM
2024-06-10T15:44:43.000000000Z,32,1,80420,38819.000000000,38819.000000000,38818.000000000,38818.000000000,4,YM
2024-06-10T15:44:44.000000000Z,32,1,80420,38818.000000000,38819.000000000,38818.000000000,38819.000000000,7,YM
2024-06-10T15:44:45.000000000Z,32,1,80420,38819.000000000,38819.000000000,38819.000000000,38819.000000000,1,YM
2024-06-10T15:44:46.000000000Z,32,1,80420,38819.000000000,38819.000000000,38819.000000000,38819.000000000,1,YM
2024-06-10T15:44:47.000000000Z,32,1,80420,38820.000000000,38820.000000000,38820.000000000,38820.000000000,1,YM
2024-06-10T15:44:49.000000000Z,32,1,80420,38820.000000000,38820.000000000,38820.000000000,38820.000000000,7,YM
2024-06-10T15:44:51.000000000Z,32,1,80420,38821.000000000,38821.000000000,38821.000000000,38821.000000000,9,YM
2024-06-10T15:44:52.000000000Z,32,1,80420,38821.000000000,38821.000000000,38821.000000000,38821.000000000,2,YM
2024-06-10T15:44:53.000000000Z,32,1,80420,38820.000000000,38820.000000000,38820.000000000,38820.000000000,1,YM
2024-06-10T15:44:54.000000000Z,32,1,80420,38818.000000000,38818.000000000,38818.000000000,38818.000000000,2,YM
2024-06-10T15:44:56.000000000Z,32,1,80420,38818.000000000,38818.000000000,38818.000000000,38818.000000000,6,YM
2024-06-10T15:44:57.000000000Z,32,1,80420,38819.000000000,38819.000000000,38819.000000000,38819.000000000,1,YM
2024-06-10T15:45:00.000000000Z,32,1,80420,38820.000000000,38820.000000000,38819.000000000,38819.000000000,3,YM
2024-06-10T15:45:01.000000000Z,32,1,80420,38819.000000000,38819.000000000,38819.000000000,38819.000000000,1,YM
2024-06-10T15:45:03.000000000Z,32,1,80420,38819.000000000,38819.000000000,38819.000000000,38819.000000000,2,YM
2024-06-10T15:45:05.000000000Z,32,1,80420,38819.000000000,38819.000000000,38819.000000000,38819.000000000,5,YM
2024-06-10T15:45:07.000000000Z,32,1,80420,38818.000000000,38818.000000000,38818.000000000,38818.000000000,1,YM
2024-06-10T15:45:08.000000000Z,32,1,80420,38817.000000000,38817.000000000,38817.000000000,38817.000000000,2,YM
2024-06-10T15:45:09.000000000Z,32,1,80420,38816.000000000,38816.000000000,38816.000000000,38816.000000000,1,YM
2024-06-10T15:45:10.000000000Z,32,1,80420,38816.000000000,38816.000000000,38816.000000000,38816.000000000,2,YM
2024-06-10T15:45:11.000000000Z,32,1,80420,38816.000000000,38816.000000000,38816.000000000,38816.000000000,2,YM
2024-06-10T15:45:12.000000000Z,32,1,80420,38816.000000000,38816.000000000,38816.000000000,38816.000000000,3,YM
2024-06-10T15:45:13.000000000Z,32,1,80420,38816.000000000,38816.000000000,38816.000000000,38816.000000000,7,YM
2024-06-10T15:45:14.000000000Z,32,1,80420,38816.000000000,38821.000000000,38816.000000000,38821.000000000,16,YM
2024-06-10T15:45:15.000000000Z,32,1,80420,38820.000000000,38820.000000000,38820.000000000,38820.000000000,1,YM
2024-06-10T15:45:16.000000000Z,32,1,80420,38820.000000000,38821.000000000,38820.000000000,38821.000000000,9,YM
2024-06-10T15:45:18.000000000Z,32,1,80420,38822.000000000,38822.000000000,38822.000000000,38822.000000000,6,YM
2024-06-10T15:45:20.000000000Z,32,1,80420,38822.000000000,38822.000000000,38821.000000000,38821.000000000,2,YM
2024-06-10T15:45:22.000000000Z,32,1,80420,38819.000000000,38819.000000000,38819.000000000,38819.000000000,2,YM
2024-06-10T15:45:26.000000000Z,32,1,80420,38820.000000000,38820.000000000,38819.000000000,38819.000000000,2,YM
2024-06-10T15:45:27.000000000Z,32,1,80420,38819.000000000,38819.000000000,38819.000000000,38819.000000000,2,YM
2024-06-10T15:45:29.000000000Z,32,1,80420,38819.000000000,38820.000000000,38819.000000000,38820.000000000,5,YM
2024-06-10T15:45:30.000000000Z,32,1,80420,38820.000000000,38820.000000000,38820.000000000,38820.000000000,1,YM
2024-06-10T15:45:32.000000000Z,32,1,80420,38819.000000000,38819.000000000,38819.000000000,38819.000000000,4,YM
2024-06-10T15:45:33.000000000Z,32,1,80420,38820.000000000,38820.000000000,38820.000000000,38820.000000000,1,YM
2024-06-10T15:45:34.000000000Z,32,1,80420,38820.000000000,38820.000000000,38819.000000000,38819.000000000,5,YM
2024-06-10T15:45:35.000000000Z,32,1,80420,38820.000000000,38820.000000000,38820.000000000,38820.000000000,2,YM
2024-06-10T15:45:38.000000000Z,32,1,80420,38820.000000000,38820.000000000,38818.000000000,38818.000000000,7,YM
2024-06-10T15:45:40.000000000Z,32,1,80420,38820.000000000,38820.000000000,38820.000000000,38820.000000000,3,YM
2024-06-10T15:45:42.000000000Z,32,1,80420,38820.000000000,38820.000000000,38819.000000000,38819.000000000,6,YM
2024-06-10T15:45:49.000000000Z,32,1,80420,38819.000000000,38819.000000000,38819.000000000,38819.000000000,1,YM
2024-06-10T15:45:52.000000000Z,32,1,80420,38819.000000000,38819.000000000,38819.000000000,38819.000000000,1,YM
2024-06-10T15:45:54.000000000Z,32,1,80420,38819.000000000,38819.000000000,38819.000000000,38819.000000000,1,YM
2024-06-10T15:45:55.000000000Z,32,1,80420,38820.000000000,38820.000000000,38820.000000000,38820.000000000,2,YM
2024-06-10T15:45:58.000000000Z,32,1,80420,38822.000000000,38822.000000000,38822.000000000,38822.000000000,4,YM
2024-06-10T15:45:59.000000000Z,32,1,80420,38822.000000000,38822.000000000,38821.000000000,38821.000000000,9,YM
2024-06-10T15:46:00.000000000Z,32,1,80420,38823.000000000,38823.000000000,38823.000000000,38823.000000000,3,YM
2024-06-10T15:46:01.000000000Z,32,1,80420,38823.000000000,38823.000000000,38822.000000000,38823.000000000,10,YM
2024-06-10T15:46:02.000000000Z,32,1,80420,38823.000000000,38823.000000000,38823.000000000,38823.000000000,1,YM
2024-06-10T15:46:03.000000000Z,32,1,80420,38822.000000000,38823.000000000,38822.000000000,38823.000000000,2,YM
2024-06-10T15:46:05.000000000Z,32,1,80420,38823.000000000,38824.000000000,38822.000000000,38824.000000000,6,YM
2024-06-10T15:46:07.000000000Z,32,1,80420,38823.000000000,38823.000000000,38823.000000000,38823.000000000,1,YM
2024-06-10T15:46:08.000000000Z,32,1,80420,38823.000000000,38823.000000000,38823.000000000,38823.000000000,1,YM
2024-06-10T15:46:09.000000000Z,32,1,80420,38822.000000000,38822.000000000,38822.000000000,38822.000000000,1,YM
2024-06-10T15:46:11.000000000Z,32,1,80420,38822.000000000,38822.000000000,38821.000000000,38822.000000000,4,YM
2024-06-10T15:46:12.000000000Z,32,1,80420,38823.000000000,38824.000000000,38823.000000000,38824.000000000,12,YM
2024-06-10T15:46:14.000000000Z,32,1,80420,38824.000000000,38824.000000000,38824.000000000,38824.000000000,2,YM
2024-06-10T15:46:15.000000000Z,32,1,80420,38824.000000000,38824.000000000,38823.000000000,38823.000000000,2,YM
2024-06-10T15:46:16.000000000Z,32,1,80420,38824.000000000,38824.000000000,38824.000000000,38824.000000000,3,YM
2024-06-10T15:46:17.000000000Z,32,1,80420,38825.000000000,38825.000000000,38825.000000000,38825.000000000,1,YM
2024-06-10T15:46:18.000000000Z,32,1,80420,38824.000000000,38824.000000000,38824.000000000,38824.000000000,3,YM
2024-06-10T15:46:19.000000000Z,32,1,80420,38823.000000000,38823.000000000,38823.000000000,38823.000000000,1,YM
2024-06-10T15:46:20.000000000Z,32,1,80420,38824.000000000,38824.000000000,38824.000000000,38824.000000000,1,YM
2024-06-10T15:46:26.000000000Z,32,1,80420,38823.000000000,38823.000000000,38823.000000000,38823.000000000,1,YM
2024-06-10T15:46:30.000000000Z,32,1,80420,38823.000000000,38823.000000000,38823.000000000,38823.000000000,3,YM
2024-06-10T15:46:33.000000000Z,32,1,80420,38822.000000000,38822.000000000,38822.000000000,38822.000000000,3,YM
2024-06-10T15:46:34.000000000Z,32,1,80420,38821.000000000,38821.000000000,38821.000000000,38821.000000000,1,YM
2024-06-10T15:46:35.000000000Z,32,1,80420,38823.000000000,38823.000000000,38823.000000000,38823.000000000,1,YM
2024-06-10T15:46:37.000000000Z,32,1,80420,38823.000000000,38823.000000000,38823.000000000,38823.000000000,3,YM
2024-06-10T15:46:38.000000000Z,32,1,80420,38822.000000000,38822.000000000,38822.000000000,38822.000000000,1,YM
2024-06-10T15:46:39.000000000Z,32,1,80420,38822.000000000,38822.000000000,38822.000000000,38822.000000000,4,YM
2024-06-10T15:46:40.000000000Z,32,1,80420,38821.000000000,38821.000000000,38821.000000000,38821.000000000,1,YM
2024-06-10T15:46:44.000000000Z,32,1,80420,38823.000000000,38823.000000000,38823.000000000,38823.000000000,1,YM
2024-06-10T15:46:46.000000000Z,32,1,80420,38822.000000000,38822.000000000,38822.000000000,38822.000000000,4,YM
2024-06-10T15:46:47.000000000Z,32,1,80420,38822.000000000,38822.000000000,38822.000000000,38822.000000000,2,YM
2024-06-10T15:46:49.000000000Z,32,1,80420,38823.000000000,38823.000000000,38823.000000000,38823.000000000,1,YM
2024-06-10T15:46:52.000000000Z,32,1,80420,38821.000000000,38821.000000000,38821.000000000,38821.000000000,4,YM
2024-06-10T15:46:55.000000000Z,32,1,80420,38820.000000000,38820.000000000,38820.000000000,38820.000000000,3,YM
2024-06-10T15:46:56.000000000Z,32,1,80420,38819.000000000,38820.000000000,38819.000000000,38820.000000000,8,YM
2024-06-10T15:47:00.000000000Z,32,1,80420,38820.000000000,38821.000000000,38820.000000000,38821.000000000,8,YM
2024-06-10T15:47:01.000000000Z,32,1,80420,38821.000000000,38821.000000000,38821.000000000,38821.000000000,2,YM
2024-06-10T15:47:03.000000000Z,32,1,80420,38821.000000000,38821.000000000,38820.000000000,38820.000000000,4,YM
2024-06-10T15:47:04.000000000Z,32,1,80420,38819.000000000,38819.000000000,38819.000000000,38819.000000000,5,YM
2024-06-10T15:47:06.000000000Z,32,1,80420,38819.000000000,38819.000000000,38818.000000000,38818.000000000,2,YM
2024-06-10T15:47:07.000000000Z,32,1,80420,38817.000000000,38817.000000000,38817.000000000,38817.000000000,2,YM
2024-06-10T15:47:08.000000000Z,32,1,80420,38817.000000000,38817.000000000,38817.000000000,38817.000000000,5,YM
2024-06-10T15:47:09.000000000Z,32,1,80420,38816.000000000,38816.000000000,38816.000000000,38816.000000000,1,YM
2024-06-10T15:47:10.000000000Z,32,1,80420,38816.000000000,38816.000000000,38816.000000000,38816.000000000,1,YM
2024-06-10T15:47:11.000000000Z,32,1,80420,38816.000000000,38817.000000000,38815.000000000,38817.000000000,7,YM
2024-06-10T15:47:12.000000000Z,32,1,80420,38816.000000000,38816.000000000,38816.000000000,38816.000000000,2,YM
2024-06-10T15:47:13.000000000Z,32,1,80420,38817.000000000,38817.000000000,38817.000000000,38817.000000000,3,YM
2024-06-10T15:47:15.000000000Z,32,1,80420,38817.000000000,38817.000000000,38817.000000000,38817.000000000,1,YM
2024-06-10T15:47:16.000000000Z,32,1,80420,38817.000000000,38817.000000000,38817.000000000,38817.000000000,1,YM
2024-06-10T15:47:17.000000000Z,32,1,80420,38817.000000000,38817.000000000,38815.000000000,38815.000000000,6,YM
2024-06-10T15:47:19.000000000Z,32,1,80420,38814.000000000,38814.000000000,38814.000000000,38814.000000000,1,YM
2024-06-10T15:47:20.000000000Z,32,1,80420,38814.000000000,38814.000000000,38812.000000000,38812.000000000,5,YM
2024-06-10T15:47:21.000000000Z,32,1,80420,38812.000000000,38813.000000000,38812.000000000,38813.000000000,2,YM
2024-06-10T15:47:25.000000000Z,32,1,80420,38813.000000000,38813.000000000,38813.000000000,38813.000000000,1,YM
2024-06-10T15:47:26.000000000Z,32,1,80420,38813.000000000,38813.000000000,38813.000000000,38813.000000000,4,YM
2024-06-10T15:47:27.000000000Z,32,1,80420,38813.000000000,38813.000000000,38811.000000000,38811.000000000,3,YM
2024-06-10T15:47:28.000000000Z,32,1,80420,38811.000000000,38811.000000000,38809.000000000,38810.000000000,6,YM
2024-06-10T15:47:29.000000000Z,32,1,80420,38809.000000000,38810.000000000,38809.000000000,38810.000000000,10,YM
2024-06-10T15:47:30.000000000Z,32,1,80420,38810.000000000,38810.000000000,38809.000000000,38810.000000000,9,YM
2024-06-10T15:47:31.000000000Z,32,1,80420,38810.000000000,38810.000000000,38810.000000000,38810.000000000,2,YM
2024-06-10T15:47:32.000000000Z,32,1,80420,38809.000000000,38810.000000000,38809.000000000,38810.000000000,3,YM
2024-06-10T15:47:33.000000000Z,32,1,80420,38811.000000000,38811.000000000,38811.000000000,38811.000000000,1,YM
2024-06-10T15:47:34.000000000Z,32,1,80420,38811.000000000,38811.000000000,38811.000000000,38811.000000000,1,YM
2024-06-10T15:47:36.000000000Z,32,1,80420,38811.000000000,38811.000000000,38811.000000000,38811.000000000,4,YM
2024-06-10T15:47:37.000000000Z,32,1,80420,38811.000000000,38811.000000000,38810.000000000,38811.000000000,5,YM
2024-06-10T15:47:38.000000000Z,32,1,80420,38811.000000000,38811.000000000,38811.000000000,38811.000000000,4,YM
2024-06-10T15:47:39.000000000Z,32,1,80420,38812.000000000,38812.000000000,38811.000000000,38811.000000000,2,YM
2024-06-10T15:47:40.000000000Z,32,1,80420,38813.000000000,38813.000000000,38813.000000000,38813.000000000,1,YM
2024-06-10T15:47:43.000000000Z,32,1,80420,38813.000000000,38813.000000000,38813.000000000,38813.000000000,1,YM
2024-06-10T15:47:44.000000000Z,32,1,80420,38813.000000000,38813.000000000,38813.000000000,38813.000000000,5,YM
2024-06-10T15:47:48.000000000Z,32,1,80420,38813.000000000,38813.000000000,38813.000000000,38813.000000000,1,YM
2024-06-10T15:47:50.000000000Z,32,1,80420,38813.000000000,38813.000000000,38813.000000000,38813.000000000,14,YM
2024-06-10T15:47:51.000000000Z,32,1,80420,38812.000000000,38812.000000000,38812.000000000,38812.000000000,5,YM
2024-06-10T15:47:54.000000000Z,32,1,80420,38812.000000000,38812.000000000,38812.000000000,38812.000000000,4,YM
2024-06-10T15:47:56.000000000Z,32,1,80420,38813.000000000,38814.000000000,38813.000000000,38814.000000000,8,YM
2024-06-10T15:47:59.000000000Z,32,1,80420,38815.000000000,38816.000000000,38815.000000000,38816.000000000,7,YM
2024-06-10T15:48:00.000000000Z,32,1,80420,38815.000000000,38815.000000000,38815.000000000,38815.000000000,5,YM
2024-06-10T15:48:01.000000000Z,32,1,80420,38814.000000000,38814.000000000,38813.000000000,38813.000000000,6,YM
2024-06-10T15:48:03.000000000Z,32,1,80420,38814.000000000,38814.000000000,38814.000000000,38814.000000000,2,YM
2024-06-10T15:48:04.000000000Z,32,1,80420,38813.000000000,38813.000000000,38813.000000000,38813.000000000,2,YM
2024-06-10T15:48:06.000000000Z,32,1,80420,38813.000000000,38814.000000000,38813.000000000,38814.000000000,6,YM
2024-06-10T15:48:08.000000000Z,32,1,80420,38813.000000000,38813.000000000,38813.000000000,38813.000000000,1,YM
2024-06-10T15:48:10.000000000Z,32,1,80420,38813.000000000,38814.000000000,38813.000000000,38813.000000000,6,YM
2024-06-10T15:48:11.000000000Z,32,1,80420,38814.000000000,38814.000000000,38814.000000000,38814.000000000,2,YM
2024-06-10T15:48:13.000000000Z,32,1,80420,38813.000000000,38813.000000000,38813.000000000,38813.000000000,4,YM
2024-06-10T15:48:15.000000000Z,32,1,80420,38813.000000000,38813.000000000,38813.000000000,38813.000000000,1,YM
2024-06-10T15:48:17.000000000Z,32,1,80420,38813.000000000,38814.000000000,38813.000000000,38814.000000000,4,YM
2024-06-10T15:48:20.000000000Z,32,1,80420,38813.000000000,38813.000000000,38813.000000000,38813.000000000,2,YM
2024-06-10T15:48:21.000000000Z,32,1,80420,38814.000000000,38814.000000000,38814.000000000,38814.000000000,1,YM
2024-06-10T15:48:22.000000000Z,32,1,80420,38814.000000000,38814.000000000,38814.000000000,38814.000000000,7,YM
2024-06-10T15:48:23.000000000Z,32,1,80420,38814.000000000,38814.000000000,38814.000000000,38814.000000000,2,YM
2024-06-10T15:48:24.000000000Z,32,1,80420,38814.000000000,38814.000000000,38814.000000000,38814.000000000,2,YM
2024-06-10T15:48:29.000000000Z,32,1,80420,38813.000000000,38813.000000000,38810.000000000,38810.000000000,12,YM
2024-06-10T15:48:30.000000000Z,32,1,80420,38810.000000000,38810.000000000,38810.000000000,38810.000000000,1,YM
2024-06-10T15:48:32.000000000Z,32,1,80420,38809.000000000,38809.000000000,38809.000000000,38809.000000000,5,YM
2024-06-10T15:48:33.000000000Z,32,1,80420,38809.000000000,38810.000000000,38809.000000000,38810.000000000,2,YM
2024-06-10T15:48:35.000000000Z,32,1,80420,38809.000000000,38810.000000000,38809.000000000,38810.000000000,3,YM
2024-06-10T15:48:36.000000000Z,32,1,80420,38810.000000000,38810.000000000,38809.000000000,38809.000000000,13,YM
2024-06-10T15:48:38.000000000Z,32,1,80420,38809.000000000,38809.000000000,38809.000000000,38809.000000000,4,YM
2024-06-10T15:48:40.000000000Z,32,1,80420,38809.000000000,38809.000000000,38809.000000000,38809.000000000,1,YM
2024-06-10T15:48:42.000000000Z,32,1,80420,38811.000000000,38811.000000000,38811.000000000,38811.000000000,3,YM
2024-06-10T15:48:46.000000000Z,32,1,80420,38812.000000000,38812.000000000,38812.000000000,38812.000000000,6,YM
2024-06-10T15:48:50.000000000Z,32,1,80420,38812.000000000,38812.000000000,38812.000000000,38812.000000000,1,YM
2024-06-10T15:48:51.000000000Z,32,1,80420,38812.000000000,38814.000000000,38812.000000000,38814.000000000,4,YM
2024-06-10T15:48:52.000000000Z,32,1,80420,38815.000000000,38815.000000000,38815.000000000,38815.000000000,2,YM
2024-06-10T15:48:54.000000000Z,32,1,80420,38815.000000000,38815.000000000,38815.000000000,38815.000000000,3,YM
2024-06-10T15:48:55.000000000Z,32,1,80420,38814.000000000,38814.000000000,38813.000000000,38813.000000000,4,YM
2024-06-10T15:48:57.000000000Z,32,1,80420,38813.000000000,38813.000000000,38813.000000000,38813.000000000,1,YM
2024-06-10T15:49:02.000000000Z,32,1,80420,38813.000000000,38813.000000000,38813.000000000,38813.000000000,2,YM
2024-06-10T15:49:04.000000000Z,32,1,80420,38814.000000000,38814.000000000,38814.000000000,38814.000000000,3,YM
2024-06-10T15:49:07.000000000Z,32,1,80420,38813.000000000,38813.000000000,38813.000000000,38813.000000000,1,YM
2024-06-10T15:49:09.000000000Z,32,1,80420,38813.000000000,38813.000000000,38813.000000000,38813.000000000,1,YM
2024-06-10T15:49:12.000000000Z,32,1,80420,38814.000000000,38814.000000000,38814.000000000,38814.000000000,2,YM
2024-06-10T15:49:14.000000000Z,32,1,80420,38815.000000000,38815.000000000,38813.000000000,38813.000000000,3,YM
2024-06-10T15:49:15.000000000Z,32,1,80420,38813.000000000,38813.000000000,38813.000000000,38813.000000000,1,YM
2024-06-10T15:49:16.000000000Z,32,1,80420,38814.000000000,38815.000000000,38814.000000000,38815.000000000,3,YM
2024-06-10T15:49:17.000000000Z,32,1,80420,38815.000000000,38815.000000000,38815.000000000,38815.000000000,1,YM
2024-06-10T15:49:18.000000000Z,32,1,80420,38815.000000000,38815.000000000,38815.000000000,38815.000000000,1,YM
2024-06-10T15:49:19.000000000Z,32,1,80420,38815.000000000,38815.000000000,38815.000000000,38815.000000000,2,YM
2024-06-10T15:49:22.000000000Z,32,1,80420,38814.000000000,38814.000000000,38814.000000000,38814.000000000,10,YM
2024-06-10T15:49:23.000000000Z,32,1,80420,38815.000000000,38815.000000000,38815.000000000,38815.000000000,1,YM
2024-06-10T15:49:27.000000000Z,32,1,80420,38815.000000000,38815.000000000,38815.000000000,38815.000000000,2,YM
2024-06-10T15:49:28.000000000Z,32,1,80420,38815.000000000,38815.000000000,38815.000000000,38815.000000000,1,YM
2024-06-10T15:49:30.000000000Z,32,1,80420,38815.000000000,38815.000000000,38815.000000000,38815.000000000,2,YM
2024-06-10T15:49:35.000000000Z,32,1,80420,38814.000000000,38814.000000000,38814.000000000,38814.000000000,1,YM
2024-06-10T15:49:38.000000000Z,32,1,80420,38815.000000000,38815.000000000,38815.000000000,38815.000000000,1,YM
2024-06-10T15:49:44.000000000Z,32,1,80420,38814.000000000,38814.000000000,38813.000000000,38813.000000000,6,YM
2024-06-10T15:49:45.000000000Z,32,1,80420,38815.000000000,38815.000000000,38815.000000000,38815.000000000,2,YM
2024-06-10T15:49:47.000000000Z,32,1,80420,38816.000000000,38816.000000000,38816.000000000,38816.000000000,3,YM
2024-06-10T15:49:52.000000000Z,32,1,80420,38817.000000000,38817.000000000,38817.000000000,38817.000000000,1,YM
2024-06-10T15:49:53.000000000Z,32,1,80420,38818.000000000,38818.000000000,38818.000000000,38818.000000000,5,YM
2024-06-10T15:49:54.000000000Z,32,1,80420,38818.000000000,38818.000000000,38818.000000000,38818.000000000,1,YM
2024-06-10T15:49:58.000000000Z,32,1,80420,38818.000000000,38818.000000000,38818.000000000,38818.000000000,1,YM
2024-06-10T15:49:59.000000000Z,32,1,80420,38819.000000000,38819.000000000,38819.000000000,38819.000000000,3,YM
2024-06-10T15:50:00.000000000Z,32,1,80420,38820.000000000,38821.000000000,38820.000000000,38820.000000000,14,YM
2024-06-10T15:50:01.000000000Z,32,1,80420,38822.000000000,38822.000000000,38822.000000000,38822.000000000,8,YM
2024-06-10T15:50:02.000000000Z,32,1,80420,38822.000000000,38823.000000000,38822.000000000,38823.000000000,3,YM
2024-06-10T15:50:03.000000000Z,32,1,80420,38823.000000000,38824.000000000,38823.000000000,38824.000000000,10,YM
2024-06-10T15:50:04.000000000Z,32,1,80420,38823.000000000,38823.000000000,38823.000000000,38823.000000000,1,YM
2024-06-10T15:50:06.000000000Z,32,1,80420,38823.000000000,38823.000000000,38822.000000000,38822.000000000,8,YM
2024-06-10T15:50:07.000000000Z,32,1,80420,38823.000000000,38823.000000000,38822.000000000,38823.000000000,3,YM
2024-06-10T15:50:08.000000000Z,32,1,80420,38823.000000000,38823.000000000,38823.000000000,38823.000000000,2,YM
2024-06-10T15:50:09.000000000Z,32,1,80420,38822.000000000,38822.000000000,38822.000000000,38822.000000000,1,YM
2024-06-10T15:50:12.000000000Z,32,1,80420,38822.000000000,38822.000000000,38822.000000000,38822.000000000,1,YM
2024-06-10T15:50:13.000000000Z,32,1,80420,38822.000000000,38822.000000000,38822.000000000,38822.000000000,1,YM
2024-06-10T15:50:15.000000000Z,32,1,80420,38823.000000000,38824.000000000,38823.000000000,38824.000000000,6,YM
2024-06-10T15:50:16.000000000Z,32,1,80420,38824.000000000,38824.000000000,38824.000000000,38824.000000000,3,YM
2024-06-10T15:50:17.000000000Z,32,1,80420,38823.000000000,38823.000000000,38823.000000000,38823.000000000,1,YM
2024-06-10T15:50:18.000000000Z,32,1,80420,38823.000000000,38823.000000000,38823.000000000,38823.000000000,7,YM
2024-06-10T15:50:19.000000000Z,32,1,80420,38823.000000000,38823.000000000,38823.000000000,38823.000000000,1,YM
2024-06-10T15:50:22.000000000Z,32,1,80420,38824.000000000,38825.000000000,38824.000000000,38825.000000000,10,YM
2024-06-10T15:50:23.000000000Z,32,1,80420,38824.000000000,38824.000000000,38824.000000000,38824.000000000,1,YM
2024-06-10T15:50:24.000000000Z,32,1,80420,38825.000000000,38826.000000000,38825.000000000,38825.000000000,11,YM
2024-06-10T15:50:25.000000000Z,32,1,80420,38824.000000000,38824.000000000,38824.000000000,38824.000000000,1,YM
2024-06-10T15:50:29.000000000Z,32,1,80420,38825.000000000,38825.000000000,38825.000000000,38825.000000000,1,YM
2024-06-10T15:50:30.000000000Z,32,1,80420,38825.000000000,38825.000000000,38825.000000000,38825.000000000,1,YM
2024-06-10T15:50:31.000000000Z,32,1,80420,38826.000000000,38826.000000000,38826.000000000,38826.000000000,9,YM
2024-06-10T15:50:32.000000000Z,32,1,80420,38827.000000000,38831.000000000,38827.000000000,38831.000000000,38,YM
2024-06-10T15:50:33.000000000Z,32,1,80420,38830.000000000,38830.000000000,38829.000000000,38829.000000000,8,YM
2024-06-10T15:50:34.000000000Z,32,1,80420,38829.000000000,38829.000000000,38829.000000000,38829.000000000,1,YM
2024-06-10T15:50:35.000000000Z,32,1,80420,38827.000000000,38827.000000000,38826.000000000,38826.000000000,5,YM
2024-06-10T15:50:36.000000000Z,32,1,80420,38825.000000000,38825.000000000,38825.000000000,38825.000000000,2,YM
2024-06-10T15:50:38.000000000Z,32,1,80420,38824.000000000,38825.000000000,38824.000000000,38825.000000000,5,YM
2024-06-10T15:50:39.000000000Z,32,1,80420,38826.000000000,38828.000000000,38826.000000000,38828.000000000,9,YM
2024-06-10T15:50:41.000000000Z,32,1,80420,38829.000000000,38829.000000000,38828.000000000,38829.000000000,11,YM
2024-06-10T15:50:42.000000000Z,32,1,80420,38828.000000000,38828.000000000,38828.000000000,38828.000000000,1,YM
2024-06-10T15:50:43.000000000Z,32,1,80420,38828.000000000,38828.000000000,38828.000000000,38828.000000000,3,YM
2024-06-10T15:50:44.000000000Z,32,1,80420,38828.000000000,38828.000000000,38828.000000000,38828.000000000,5,YM
2024-06-10T15:50:46.000000000Z,32,1,80420,38827.000000000,38827.000000000,38826.000000000,38826.000000000,7,YM
2024-06-10T15:50:47.000000000Z,32,1,80420,38826.000000000,38826.000000000,38826.000000000,38826.000000000,1,YM
2024-06-10T15:50:48.000000000Z,32,1,80420,38826.000000000,38826.000000000,38826.000000000,38826.000000000,5,YM
2024-06-10T15:50:49.000000000Z,32,1,80420,38825.000000000,38825.000000000,38825.000000000,38825.000000000,1,YM
2024-06-10T15:50:52.000000000Z,32,1,80420,38826.000000000,38826.000000000,38826.000000000,38826.000000000,2,YM
2024-06-10T15:50:53.000000000Z,32,1,80420,38828.000000000,38828.000000000,38828.000000000,38828.000000000,1,YM
2024-06-10T15:50:55.000000000Z,32,1,80420,38829.000000000,38829.000000000,38829.000000000,38829.000000000,3,YM
2024-06-10T15:50:56.000000000Z,32,1,80420,38828.000000000,38828.000000000,38828.000000000,38828.000000000,1,YM
2024-06-10T15:50:59.000000000Z,32,1,80420,38827.000000000,38829.000000000,38827.000000000,38828.000000000,9,YM
2024-06-10T15:51:00.000000000Z,32,1,80420,38828.000000000,38828.000000000,38828.000000000,38828.000000000,1,YM
2024-06-10T15:51:01.000000000Z,32,1,80420,38828.000000000,38829.000000000,38828.000000000,38829.000000000,9,YM
2024-06-10T15:51:02.000000000Z,32,1,80420,38829.000000000,38831.000000000,38829.000000000,38831.000000000,11,YM
2024-06-10T15:51:04.000000000Z,32,1,80420,38829.000000000,38829.000000000,38829.000000000,38829.000000000,2,YM
2024-06-10T15:51:07.000000000Z,32,1,80420,38829.000000000,38830.000000000,38829.000000000,38830.000000000,4,YM
2024-06-10T15:51:09.000000000Z,32,1,80420,38830.000000000,38830.000000000,38830.000000000,38830.000000000,1,YM
2024-06-10T15:51:11.000000000Z,32,1,80420,38829.000000000,38829.000000000,38829.000000000,38829.000000000,1,YM
2024-06-10T15:51:13.000000000Z,32,1,80420,38830.000000000,38830.000000000,38829.000000000,38829.000000000,2,YM
2024-06-10T15:51:14.000000000Z,32,1,80420,38829.000000000,38829.000000000,38829.000000000,38829.000000000,1,YM
2024-06-10T15:51:15.000000000Z,32,1,80420,38829.000000000,38829.000000000,38829.000000000,38829.000000000,2,YM
2024-06-10T15:51:16.000000000Z,32,1,80420,38829.000000000,38829.000000000,38829.000000000,38829.000000000,3,YM
2024-06-10T15:51:17.000000000Z,32,1,80420,38828.000000000,38828.000000000,38828.000000000,38828.000000000,6,YM
2024-06-10T15:51:18.000000000Z,32,1,80420,38829.000000000,38829.000000000,38829.000000000,38829.000000000,1,YM
2024-06-10T15:51:19.000000000Z,32,1,80420,38830.000000000,38830.000000000,38830.000000000,38830.000000000,1,YM
2024-06-10T15:51:20.000000000Z,32,1,80420,38830.000000000,38830.000000000,38830.000000000,38830.000000000,3,YM
2024-06-10T15:51:24.000000000Z,32,1,80420,38830.000000000,38831.000000000,38830.000000000,38831.000000000,2,YM
2024-06-10T15:51:25.000000000Z,32,1,80420,38831.000000000,38831.000000000,38831.000000000,38831.000000000,1,YM
2024-06-10T15:51:27.000000000Z,32,1,80420,38831.000000000,38831.000000000,38831.000000000,38831.000000000,1,YM
2024-06-10T15:51:28.000000000Z,32,1,80420,38832.000000000,38832.000000000,38832.000000000,38832.000000000,2,YM
2024-06-10T15:51:29.000000000Z,32,1,80420,38833.000000000,38833.000000000,38833.000000000,38833.000000000,2,YM
2024-06-10T15:51:30.000000000Z,32,1,80420,38833.000000000,38833.000000000,38833.000000000,38833.000000000,4,YM
2024-06-10T15:51:31.000000000Z,32,1,80420,38833.000000000,38833.000000000,38833.000000000,38833.000000000,1,YM
2024-06-10T15:51:35.000000000Z,32,1,80420,38832.000000000,38832.000000000,38832.000000000,38832.000000000,3,YM
2024-06-10T15:51:37.000000000Z,32,1,80420,38831.000000000,38831.000000000,38831.000000000,38831.000000000,3,YM
2024-06-10T15:51:38.000000000Z,32,1,80420,38830.000000000,38830.000000000,38830.000000000,38830.000000000,2,YM
2024-06-10T15:51:39.000000000Z,32,1,80420,38830.000000000,38831.000000000,38830.000000000,38831.000000000,2,YM
2024-06-10T15:51:40.000000000Z,32,1,80420,38830.000000000,38830.000000000,38830.000000000,38830.000000000,1,YM
2024-06-10T15:51:42.000000000Z,32,1,80420,38831.000000000,38831.000000000,38830.000000000,38831.000000000,11,YM
2024-06-10T15:51:46.000000000Z,32,1,80420,38832.000000000,38832.000000000,38832.000000000,38832.000000000,2,YM
2024-06-10T15:51:47.000000000Z,32,1,80420,38832.000000000,38833.000000000,38832.000000000,38833.000000000,4,YM
2024-06-10T15:51:48.000000000Z,32,1,80420,38834.000000000,38834.000000000,38834.000000000,38834.000000000,6,YM
2024-06-10T15:51:49.000000000Z,32,1,80420,38833.000000000,38833.000000000,38833.000000000,38833.000000000,1,YM
2024-06-10T15:51:53.000000000Z,32,1,80420,38833.000000000,38833.000000000,38833.000000000,38833.000000000,4,YM
2024-06-10T15:51:54.000000000Z,32,1,80420,38833.000000000,38833.000000000,38833.000000000,38833.000000000,2,YM
2024-06-10T15:51:55.000000000Z,32,1,80420,38833.000000000,38833.000000000,38833.000000000,38833.000000000,1,YM
2024-06-10T15:51:57.000000000Z,32,1,80420,38832.000000000,38832.000000000,38832.000000000,38832.000000000,3,YM
2024-06-10T15:52:03.000000000Z,32,1,80420,38831.000000000,38831.000000000,38831.000000000,38831.000000000,1,YM
2024-06-10T15:52:04.000000000Z,32,1,80420,38830.000000000,38830.000000000,38830.000000000,38830.000000000,3,YM
2024-06-10T15:52:06.000000000Z,32,1,80420,38830.000000000,38830.000000000,38830.000000000,38830.000000000,1,YM
2024-06-10T15:52:07.000000000Z,32,1,80420,38830.000000000,38830.000000000,38830.000000000,38830.000000000,1,YM
2024-06-10T15:52:10.000000000Z,32,1,80420,38830.000000000,38830.000000000,38829.000000000,38829.000000000,2,YM
2024-06-10T15:52:12.000000000Z,32,1,80420,38830.000000000,38831.000000000,38830.000000000,38831.000000000,4,YM
2024-06-10T15:52:14.000000000Z,32,1,80420,38830.000000000,38830.000000000,38830.000000000,38830.000000000,2,YM
2024-06-10T15:52:16.000000000Z,32,1,80420,38830.000000000,38830.000000000,38830.000000000,38830.000000000,1,YM
2024-06-10T15:52:25.000000000Z,32,1,80420,38829.000000000,38829.000000000,38828.000000000,38828.000000000,9,YM
2024-06-10T15:52:30.000000000Z,32,1,80420,38829.000000000,38829.000000000,38829.000000000,38829.000000000,1,YM
2024-06-10T15:52:31.000000000Z,32,1,80420,38829.000000000,38829.000000000,38829.000000000,38829.000000000,1,YM
2024-06-10T15:52:33.000000000Z,32,1,80420,38831.000000000,38831.000000000,38831.000000000,38831.000000000,3,YM
2024-06-10T15:52:35.000000000Z,32,1,80420,38832.000000000,38832.000000000,38832.000000000,38832.000000000,1,YM
2024-06-10T15:52:36.000000000Z,32,1,80420,38833.000000000,38833.000000000,38833.000000000,38833.000000000,1,YM
2024-06-10T15:52:37.000000000Z,32,1,80420,38833.000000000,38833.000000000,38833.000000000,38833.000000000,2,YM
2024-06-10T15:52:42.000000000Z,32,1,80420,38832.000000000,38832.000000000,38832.000000000,38832.000000000,4,YM
2024-06-10T15:52:44.000000000Z,32,1,80420,38831.000000000,38831.000000000,38831.000000000,38831.000000000,2,YM
2024-06-10T15:52:45.000000000Z,32,1,80420,38831.000000000,38831.000000000,38831.000000000,38831.000000000,9,YM
2024-06-10T15:52:46.000000000Z,32,1,80420,38831.000000000,38832.000000000,38830.000000000,38832.000000000,7,YM
2024-06-10T15:52:47.000000000Z,32,1,80420,38833.000000000,38833.000000000,38833.000000000,38833.000000000,15,YM
2024-06-10T15:52:50.000000000Z,32,1,80420,38832.000000000,38832.000000000,38832.000000000,38832.000000000,1,YM
2024-06-10T15:52:51.000000000Z,32,1,80420,38832.000000000,38832.000000000,38832.000000000,38832.000000000,2,YM
2024-06-10T15:52:52.000000000Z,32,1,80420,38831.000000000,38831.000000000,38830.000000000,38830.000000000,5,YM
2024-06-10T15:52:53.000000000Z,32,1,80420,38832.000000000,38832.000000000,38832.000000000,38832.000000000,9,YM
2024-06-10T15:52:54.000000000Z,32,1,80420,38832.000000000,38832.000000000,38832.000000000,38832.000000000,2,YM
2024-06-10T15:52:55.000000000Z,32,1,80420,38832.000000000,38833.000000000,38832.000000000,38833.000000000,2,YM
2024-06-10T15:52:58.000000000Z,32,1,80420,38833.000000000,38833.000000000,38833.000000000,38833.000000000,1,YM
2024-06-10T15:52:59.000000000Z,32,1,80420,38833.000000000,38834.000000000,38833.000000000,38833.000000000,8,YM
2024-06-10T15:53:01.000000000Z,32,1,80420,38833.000000000,38833.000000000,38833.000000000,38833.000000000,1,YM
2024-06-10T15:53:02.000000000Z,32,1,80420,38833.000000000,38835.000000000,38833.000000000,38833.000000000,18,YM
2024-06-10T15:53:04.000000000Z,32,1,80420,38832.000000000,38832.000000000,38832.000000000,38832.000000000,3,YM
2024-06-10T15:53:05.000000000Z,32,1,80420,38834.000000000,38834.000000000,38834.000000000,38834.000000000,5,YM
2024-06-10T15:53:06.000000000Z,32,1,80420,38834.000000000,38834.000000000,38834.000000000,38834.000000000,1,YM
2024-06-10T15:53:07.000000000Z,32,1,80420,38833.000000000,38834.000000000,38833.000000000,38834.000000000,2,YM
2024-06-10T15:53:10.000000000Z,32,1,80420,38833.000000000,38833.000000000,38833.000000000,38833.000000000,1,YM
2024-06-10T15:53:12.000000000Z,32,1,80420,38834.000000000,38834.000000000,38833.000000000,38833.000000000,19,YM
2024-06-10T15:53:13.000000000Z,32,1,80420,38833.000000000,38833.000000000,38833.000000000,38833.000000000,1,YM
2024-06-10T15:53:14.000000000Z,32,1,80420,38834.000000000,38834.000000000,38834.000000000,38834.000000000,3,YM
2024-06-10T15:53:15.000000000Z,32,1,80420,38834.000000000,38834.000000000,38834.000000000,38834.000000000,4,YM
2024-06-10T15:53:16.000000000Z,32,1,80420,38835.000000000,38835.000000000,38835.000000000,38835.000000000,5,YM
2024-06-10T15:53:17.000000000Z,32,1,80420,38836.000000000,38837.000000000,38836.000000000,38837.000000000,12,YM
2024-06-10T15:53:18.000000000Z,32,1,80420,38836.000000000,38836.000000000,38836.000000000,38836.000000000,1,YM
2024-06-10T15:53:19.000000000Z,32,1,80420,38836.000000000,38836.000000000,38836.000000000,38836.000000000,1,YM
2024-06-10T15:53:20.000000000Z,32,1,80420,38835.000000000,38835.000000000,38835.000000000,38835.000000000,1,YM
2024-06-10T15:53:21.000000000Z,32,1,80420,38836.000000000,38836.000000000,38835.000000000,38835.000000000,9,YM
2024-06-10T15:53:23.000000000Z,32,1,80420,38833.000000000,38834.000000000,38832.000000000,38832.000000000,10,YM
2024-06-10T15:53:25.000000000Z,32,1,80420,38833.000000000,38834.000000000,38833.000000000,38833.000000000,3,YM
2024-06-10T15:53:26.000000000Z,32,1,80420,38832.000000000,38832.000000000,38832.000000000,38832.000000000,1,YM
2024-06-10T15:53:29.000000000Z,32,1,80420,38830.000000000,38830.000000000,38828.000000000,38828.000000000,6,YM
2024-06-10T15:53:30.000000000Z,32,1,80420,38828.000000000,38830.000000000,38828.000000000,38830.000000000,14,YM
2024-06-10T15:53:34.000000000Z,32,1,80420,38830.000000000,38830.000000000,38830.000000000,38830.000000000,1,YM
2024-06-10T15:53:35.000000000Z,32,1,80420,38830.000000000,38830.000000000,38830.000000000,38830.000000000,1,YM
2024-06-10T15:53:36.000000000Z,32,1,80420,38830.000000000,38830.000000000,38830.000000000,38830.000000000,2,YM
2024-06-10T15:53:38.000000000Z,32,1,80420,38830.000000000,38830.000000000,38830.000000000,38830.000000000,7,YM
2024-06-10T15:53:39.000000000Z,32,1,80420,38829.000000000,38829.000000000,38829.000000000,38829.000000000,4,YM
2024-06-10T15:53:41.000000000Z,32,1,80420,38830.000000000,38830.000000000,38830.000000000,38830.000000000,2,YM
2024-06-10T15:53:42.000000000Z,32,1,80420,38831.000000000,38831.000000000,38831.000000000,38831.000000000,1,YM
2024-06-10T15:53:44.000000000Z,32,1,80420,38831.000000000,38831.000000000,38831.000000000,38831.000000000,1,YM
2024-06-10T15:53:47.000000000Z,32,1,80420,38831.000000000,38831.000000000,38830.000000000,38830.000000000,3,YM
2024-06-10T15:53:49.000000000Z,32,1,80420,38830.000000000,38830.000000000,38830.000000000,38830.000000000,1,YM
2024-06-10T15:53:50.000000000Z,32,1,80420,38831.000000000,38831.000000000,38831.000000000,38831.000000000,1,YM
2024-06-10T15:53:51.000000000Z,32,1,80420,38831.000000000,38832.000000000,38831.000000000,38832.000000000,7,YM
2024-06-10T15:53:53.000000000Z,32,1,80420,38834.000000000,38834.000000000,38834.000000000,38834.000000000,1,YM
2024-06-10T15:53:56.000000000Z,32,1,80420,38835.000000000,38836.000000000,38835.000000000,38836.000000000,10,YM
2024-06-10T15:54:01.000000000Z,32,1,80420,38837.000000000,38838.000000000,38837.000000000,38838.000000000,2,YM
2024-06-10T15:54:02.000000000Z,32,1,80420,38838.000000000,38838.000000000,38837.000000000,38837.000000000,5,YM
2024-06-10T15:54:03.000000000Z,32,1,80420,38839.000000000,38839.000000000,38839.000000000,38839.000000000,2,YM
2024-06-10T15:54:04.000000000Z,32,1,80420,38839.000000000,38839.000000000,38839.000000000,38839.000000000,1,YM
2024-06-10T15:54:05.000000000Z,32,1,80420,38839.000000000,38842.000000000,38839.000000000,38840.000000000,26,YM
2024-06-10T15:54:08.000000000Z,32,1,80420,38842.000000000,38842.000000000,38842.000000000,38842.000000000,5,YM
2024-06-10T15:54:10.000000000Z,32,1,80420,38841.000000000,38841.000000000,38841.000000000,38841.000000000,4,YM
2024-06-10T15:54:11.000000000Z,32,1,80420,38841.000000000,38842.000000000,38841.000000000,38842.000000000,6,YM
2024-06-10T15:54:14.000000000Z,32,1,80420,38841.000000000,38841.000000000,38841.000000000,38841.000000000,4,YM
2024-06-10T15:54:15.000000000Z,32,1,80420,38842.000000000,38842.000000000,38842.000000000,38842.000000000,2,YM
2024-06-10T15:54:16.000000000Z,32,1,80420,38841.000000000,38843.000000000,38841.000000000,38843.000000000,7,YM
2024-06-10T15:54:17.000000000Z,32,1,80420,38843.000000000,38844.000000000,38843.000000000,38844.000000000,7,YM
2024-06-10T15:54:19.000000000Z,32,1,80420,38843.000000000,38843.000000000,38843.000000000,38843.000000000,2,YM
2024-06-10T15:54:20.000000000Z,32,1,80420,38843.000000000,38843.000000000,38843.000000000,38843.000000000,3,YM
2024-06-10T15:54:21.000000000Z,32,1,80420,38842.000000000,38843.000000000,38842.000000000,38842.000000000,8,YM
2024-06-10T15:54:22.000000000Z,32,1,80420,38841.000000000,38841.000000000,38840.000000000,38841.000000000,18,YM
2024-06-10T15:54:23.000000000Z,32,1,80420,38841.000000000,38841.000000000,38841.000000000,38841.000000000,1,YM
2024-06-10T15:54:24.000000000Z,32,1,80420,38841.000000000,38841.000000000,38841.000000000,38841.000000000,1,YM
2024-06-10T15:54:25.000000000Z,32,1,80420,38843.000000000,38843.000000000,38843.000000000,38843.000000000,1,YM
2024-06-10T15:54:26.000000000Z,32,1,80420,38843.000000000,38843.000000000,38841.000000000,38841.000000000,3,YM
2024-06-10T15:54:31.000000000Z,32,1,80420,38843.000000000,38843.000000000,38843.000000000,38843.000000000,1,YM
2024-06-10T15:54:32.000000000Z,32,1,80420,38844.000000000,38844.000000000,38844.000000000,38844.000000000,4,YM
2024-06-10T15:54:34.000000000Z,32,1,80420,38845.000000000,38845.000000000,38845.000000000,38845.000000000,7,YM
2024-06-10T15:54:36.000000000Z,32,1,80420,38844.000000000,38844.000000000,38844.000000000,38844.000000000,1,YM
2024-06-10T15:54:38.000000000Z,32,1,80420,38844.000000000,38844.000000000,38844.000000000,38844.000000000,1,YM
2024-06-10T15:54:39.000000000Z,32,1,80420,38843.000000000,38843.000000000,38843.000000000,38843.000000000,1,YM
2024-06-10T15:54:41.000000000Z,32,1,80420,38843.000000000,38843.000000000,38843.000000000,38843.000000000,2,YM
2024-06-10T15:54:42.000000000Z,32,1,80420,38843.000000000,38843.000000000,38843.000000000,38843.000000000,1,YM
2024-06-10T15:54:43.000000000Z,32,1,80420,38843.000000000,38843.000000000,38843.000000000,38843.000000000,8,YM
2024-06-10T15:54:45.000000000Z,32,1,80420,38844.000000000,38845.000000000,38844.000000000,38845.000000000,5,YM
2024-06-10T15:54:46.000000000Z,32,1,80420,38846.000000000,38846.000000000,38846.000000000,38846.000000000,2,YM
2024-06-10T15:54:47.000000000Z,32,1,80420,38846.000000000,38846.000000000,38846.000000000,38846.000000000,8,YM
2024-06-10T15:54:48.000000000Z,32,1,80420,38846.000000000,38847.000000000,38846.000000000,38847.000000000,2,YM
2024-06-10T15:54:49.000000000Z,32,1,80420,38845.000000000,38845.000000000,38845.000000000,38845.000000000,1,YM
2024-06-10T15:54:50.000000000Z,32,1,80420,38844.000000000,38844.000000000,38844.000000000,38844.000000000,1,YM
2024-06-10T15:54:53.000000000Z,32,1,80420,38846.000000000,38846.000000000,38846.000000000,38846.000000000,2,YM
2024-06-10T15:54:55.000000000Z,32,1,80420,38845.000000000,38847.000000000,38844.000000000,38847.000000000,4,YM
2024-06-10T15:54:56.000000000Z,32,1,80420,38847.000000000,38847.000000000,38847.000000000,38847.000000000,13,YM
2024-06-10T15:54:57.000000000Z,32,1,80420,38847.000000000,38847.000000000,38847.000000000,38847.000000000,1,YM
2024-06-10T15:54:58.000000000Z,32,1,80420,38848.000000000,38848.000000000,38848.000000000,38848.000000000,1,YM
2024-06-10T15:54:59.000000000Z,32,1,80420,38849.000000000,38849.000000000,38848.000000000,38848.000000000,3,YM
2024-06-10T15:55:00.000000000Z,32,1,80420,38848.000000000,38849.000000000,38848.000000000,38849.000000000,12,YM
2024-06-10T15:55:01.000000000Z,32,1,80420,38848.000000000,38852.000000000,38848.000000000,38851.000000000,36,YM
2024-06-10T15:55:02.000000000Z,32,1,80420,38850.000000000,38851.000000000,38850.000000000,38850.000000000,5,YM
2024-06-10T15:55:03.000000000Z,32,1,80420,38850.000000000,38851.000000000,38850.000000000,38851.000000000,20,YM
2024-06-10T15:55:04.000000000Z,32,1,80420,38851.000000000,38851.000000000,38850.000000000,38850.000000000,3,YM
2024-06-10T15:55:05.000000000Z,32,1,80420,38850.000000000,38852.000000000,38850.000000000,38851.000000000,15,YM
2024-06-10T15:55:06.000000000Z,32,1,80420,38851.000000000,38852.000000000,38851.000000000,38852.000000000,5,YM
2024-06-10T15:55:07.000000000Z,32,1,80420,38851.000000000,38851.000000000,38851.000000000,38851.000000000,3,YM
2024-06-10T15:55:09.000000000Z,32,1,80420,38851.000000000,38851.000000000,38850.000000000,38850.000000000,2,YM
2024-06-10T15:55:10.000000000Z,32,1,80420,38850.000000000,38850.000000000,38848.000000000,38848.000000000,7,YM
2024-06-10T15:55:11.000000000Z,32,1,80420,38846.000000000,38847.000000000,38846.000000000,38847.000000000,8,YM
2024-06-10T15:55:12.000000000Z,32,1,80420,38846.000000000,38846.000000000,38845.000000000,38845.000000000,4,YM
2024-06-10T15:55:14.000000000Z,32,1,80420,38846.000000000,38846.000000000,38844.000000000,38845.000000000,16,YM
2024-06-10T15:55:15.000000000Z,32,1,80420,38845.000000000,38845.000000000,38844.000000000,38844.000000000,3,YM
2024-06-10T15:55:16.000000000Z,32,1,80420,38844.000000000,38844.000000000,38844.000000000,38844.000000000,1,YM
2024-06-10T15:55:17.000000000Z,32,1,80420,38846.000000000,38846.000000000,38846.000000000,38846.000000000,3,YM
2024-06-10T15:55:19.000000000Z,32,1,80420,38847.000000000,38847.000000000,38847.000000000,38847.000000000,1,YM
2024-06-10T15:55:20.000000000Z,32,1,80420,38847.000000000,38847.000000000,38847.000000000,38847.000000000,2,YM
2024-06-10T15:55:22.000000000Z,32,1,80420,38846.000000000,38847.000000000,38846.000000000,38847.000000000,3,YM
2024-06-10T15:55:27.000000000Z,32,1,80420,38849.000000000,38850.000000000,38849.000000000,38850.000000000,2,YM
2024-06-10T15:55:28.000000000Z,32,1,80420,38850.000000000,38850.000000000,38850.000000000,38850.000000000,1,YM
2024-06-10T15:55:29.000000000Z,32,1,80420,38850.000000000,38850.000000000,38850.000000000,38850.000000000,1,YM
2024-06-10T15:55:30.000000000Z,32,1,80420,38851.000000000,38851.000000000,38851.000000000,38851.000000000,2,YM
2024-06-10T15:55:32.000000000Z,32,1,80420,38852.000000000,38852.000000000,38852.000000000,38852.000000000,3,YM
2024-06-10T15:55:33.000000000Z,32,1,80420,38853.000000000,38853.000000000,38853.000000000,38853.000000000,6,YM
2024-06-10T15:55:34.000000000Z,32,1,80420,38853.000000000,38853.000000000,38852.000000000,38852.000000000,4,YM
2024-06-10T15:55:37.000000000Z,32,1,80420,38850.000000000,38851.000000000,38850.000000000,38851.000000000,6,YM
2024-06-10T15:55:38.000000000Z,32,1,80420,38851.000000000,38851.000000000,38851.000000000,38851.000000000,2,YM
2024-06-10T15:55:39.000000000Z,32,1,80420,38850.000000000,38850.000000000,38850.000000000,38850.000000000,1,YM
2024-06-10T15:55:40.000000000Z,32,1,80420,38849.000000000,38849.000000000,38849.000000000,38849.000000000,1,YM
2024-06-10T15:55:42.000000000Z,32,1,80420,38848.000000000,38848.000000000,38847.000000000,38847.000000000,5,YM
2024-06-10T15:55:43.000000000Z,32,1,80420,38847.000000000,38848.000000000,38847.000000000,38848.000000000,7,YM
2024-06-10T15:55:44.000000000Z,32,1,80420,38848.000000000,38848.000000000,38848.000000000,38848.000000000,1,YM
2024-06-10T15:55:45.000000000Z,32,1,80420,38849.000000000,38849.000000000,38849.000000000,38849.000000000,1,YM
2024-06-10T15:55:47.000000000Z,32,1,80420,38848.000000000,38850.000000000,38848.000000000,38850.000000000,4,YM
2024-06-10T15:55:48.000000000Z,32,1,80420,38849.000000000,38849.000000000,38849.000000000,38849.000000000,1,YM
2024-06-10T15:55:50.000000000Z,32,1,80420,38850.000000000,38850.000000000,38850.000000000,38850.000000000,3,YM
2024-06-10T15:55:54.000000000Z,32,1,80420,38849.000000000,38849.000000000,38849.000000000,38849.000000000,1,YM
2024-06-10T15:55:56.000000000Z,32,1,80420,38849.000000000,38849.000000000,38849.000000000,38849.000000000,2,YM
2024-06-10T15:55:57.000000000Z,32,1,80420,38849.000000000,38849.000000000,38847.000000000,38847.000000000,5,YM
2024-06-10T15:56:01.000000000Z,32,1,80420,38850.000000000,38850.000000000,38850.000000000,38850.000000000,1,YM
2024-06-10T15:56:02.000000000Z,32,1,80420,38850.000000000,38850.000000000,38850.000000000,38850.000000000,3,YM
2024-06-10T15:56:04.000000000Z,32,1,80420,38851.000000000,38856.000000000,38851.000000000,38855.000000000,42,YM
2024-06-10T15:56:06.000000000Z,32,1,80420,38854.000000000,38854.000000000,38854.000000000,38854.000000000,4,YM
2024-06-10T15:56:07.000000000Z,32,1,80420,38854.000000000,38855.000000000,38854.000000000,38855.000000000,4,YM
2024-06-10T15:56:08.000000000Z,32,1,80420,38856.000000000,38856.000000000,38856.000000000,38856.000000000,4,YM
2024-06-10T15:56:10.000000000Z,32,1,80420,38855.000000000,38855.000000000,38855.000000000,38855.000000000,1,YM
2024-06-10T15:56:11.000000000Z,32,1,80420,38856.000000000,38856.000000000,38855.000000000,38855.000000000,3,YM
2024-06-10T15:56:12.000000000Z,32,1,80420,38853.000000000,38853.000000000,38852.000000000,38852.000000000,3,YM
2024-06-10T15:56:13.000000000Z,32,1,80420,38854.000000000,38854.000000000,38853.000000000,38853.000000000,4,YM
2024-06-10T15:56:14.000000000Z,32,1,80420,38854.000000000,38854.000000000,38854.000000000,38854.000000000,3,YM
2024-06-10T15:56:15.000000000Z,32,1,80420,38854.000000000,38854.000000000,38854.000000000,38854.000000000,2,YM
2024-06-10T15:56:16.000000000Z,32,1,80420,38855.000000000,38855.000000000,38855.000000000,38855.000000000,1,YM
2024-06-10T15:56:17.000000000Z,32,1,80420,38854.000000000,38854.000000000,38854.000000000,38854.000000000,2,YM
2024-06-10T15:56:19.000000000Z,32,1,80420,38853.000000000,38853.000000000,38853.000000000,38853.000000000,1,YM
2024-06-10T15:56:20.000000000Z,32,1,80420,38853.000000000,38854.000000000,38853.000000000,38854.000000000,46,YM
2024-06-10T15:56:22.000000000Z,32,1,80420,38854.000000000,38854.000000000,38852.000000000,38852.000000000,44,YM
2024-06-10T15:56:24.000000000Z,32,1,80420,38852.000000000,38852.000000000,38852.000000000,38852.000000000,1,YM
2024-06-10T15:56:25.000000000Z,32,1,80420,38852.000000000,38852.000000000,38852.000000000,38852.000000000,1,YM
2024-06-10T15:56:27.000000000Z,32,1,80420,38852.000000000,38853.000000000,38852.000000000,38853.000000000,10,YM
2024-06-10T15:56:28.000000000Z,32,1,80420,38853.000000000,38853.000000000,38853.000000000,38853.000000000,5,YM
2024-06-10T15:56:29.000000000Z,32,1,80420,38853.000000000,38853.000000000,38853.000000000,38853.000000000,3,YM
2024-06-10T15:56:30.000000000Z,32,1,80420,38852.000000000,38852.000000000,38851.000000000,38851.000000000,4,YM
2024-06-10T15:56:32.000000000Z,32,1,80420,38851.000000000,38851.000000000,38851.000000000,38851.000000000,1,YM
2024-06-10T15:56:36.000000000Z,32,1,80420,38850.000000000,38850.000000000,38850.000000000,38850.000000000,2,YM
2024-06-10T15:56:37.000000000Z,32,1,80420,38849.000000000,38849.000000000,38849.000000000,38849.000000000,1,YM
2024-06-10T15:56:39.000000000Z,32,1,80420,38849.000000000,38849.000000000,38849.000000000,38849.000000000,1,YM
2024-06-10T15:56:40.000000000Z,32,1,80420,38850.000000000,38850.000000000,38850.000000000,38850.000000000,1,YM
2024-06-10T15:56:41.000000000Z,32,1,80420,38849.000000000,38849.000000000,38849.000000000,38849.000000000,2,YM
2024-06-10T15:56:42.000000000Z,32,1,80420,38849.000000000,38849.000000000,38849.000000000,38849.000000000,1,YM
2024-06-10T15:56:43.000000000Z,32,1,80420,38849.000000000,38849.000000000,38849.000000000,38849.000000000,4,YM
2024-06-10T15:56:44.000000000Z,32,1,80420,38849.000000000,38849.000000000,38849.000000000,38849.000000000,1,YM
2024-06-10T15:56:46.000000000Z,32,1,80420,38848.000000000,38848.000000000,38847.000000000,38847.000000000,5,YM
2024-06-10T15:56:47.000000000Z,32,1,80420,38849.000000000,38849.000000000,38849.000000000,38849.000000000,2,YM
2024-06-10T15:56:49.000000000Z,32,1,80420,38850.000000000,38850.000000000,38850.000000000,38850.000000000,4,YM
2024-06-10T15:56:51.000000000Z,32,1,80420,38850.000000000,38850.000000000,38849.000000000,38850.000000000,5,YM
2024-06-10T15:56:53.000000000Z,32,1,80420,38848.000000000,38848.000000000,38848.000000000,38848.000000000,3,YM
2024-06-10T15:56:56.000000000Z,32,1,80420,38846.000000000,38847.000000000,38846.000000000,38847.000000000,7,YM
2024-06-10T15:56:57.000000000Z,32,1,80420,38847.000000000,38847.000000000,38847.000000000,38847.000000000,1,YM
2024-06-10T15:56:58.000000000Z,32,1,80420,38847.000000000,38847.000000000,38847.000000000,38847.000000000,2,YM
2024-06-10T15:57:00.000000000Z,32,1,80420,38846.000000000,38846.000000000,38846.000000000,38846.000000000,4,YM
2024-06-10T15:57:02.000000000Z,32,1,80420,38846.000000000,38847.000000000,38846.000000000,38847.000000000,3,YM
2024-06-10T15:57:03.000000000Z,32,1,80420,38846.000000000,38847.000000000,38846.000000000,38846.000000000,4,YM
2024-06-10T15:57:04.000000000Z,32,1,80420,38846.000000000,38846.000000000,38846.000000000,38846.000000000,1,YM
2024-06-10T15:57:06.000000000Z,32,1,80420,38846.000000000,38846.000000000,38846.000000000,38846.000000000,2,YM
2024-06-10T15:57:08.000000000Z,32,1,80420,38846.000000000,38846.000000000,38846.000000000,38846.000000000,1,YM
2024-06-10T15:57:09.000000000Z,32,1,80420,38846.000000000,38846.000000000,38846.000000000,38846.000000000,1,YM
2024-06-10T15:57:10.000000000Z,32,1,80420,38846.000000000,38846.000000000,38846.000000000,38846.000000000,7,YM
2024-06-10T15:57:11.000000000Z,32,1,80420,38847.000000000,38847.000000000,38847.000000000,38847.000000000,2,YM
2024-06-10T15:57:12.000000000Z,32,1,80420,38847.000000000,38847.000000000,38846.000000000,38846.000000000,2,YM
2024-06-10T15:57:13.000000000Z,32,1,80420,38845.000000000,38846.000000000,38845.000000000,38846.000000000,3,YM
2024-06-10T15:57:17.000000000Z,32,1,80420,38844.000000000,38845.000000000,38844.000000000,38845.000000000,5,YM
2024-06-10T15:57:18.000000000Z,32,1,80420,38845.000000000,38846.000000000,38845.000000000,38846.000000000,4,YM
2024-06-10T15:57:20.000000000Z,32,1,80420,38845.000000000,38845.000000000,38845.000000000,38845.000000000,2,YM
2024-06-10T15:57:24.000000000Z,32,1,80420,38845.000000000,38845.000000000,38845.000000000,38845.000000000,1,YM
2024-06-10T15:57:25.000000000Z,32,1,80420,38844.000000000,38844.000000000,38843.000000000,38843.000000000,10,YM
2024-06-10T15:57:26.000000000Z,32,1,80420,38843.000000000,38843.000000000,38843.000000000,38843.000000000,2,YM
2024-06-10T15:57:27.000000000Z,32,1,80420,38843.000000000,38843.000000000,38843.000000000,38843.000000000,2,YM
2024-06-10T15:57:28.000000000Z,32,1,80420,38843.000000000,38843.000000000,38843.000000000,38843.000000000,22,YM
2024-06-10T15:57:29.000000000Z,32,1,80420,38842.000000000,38842.000000000,38841.000000000,38841.000000000,18,YM
2024-06-10T15:57:30.000000000Z,32,1,80420,38842.000000000,38842.000000000,38842.000000000,38842.000000000,1,YM
2024-06-10T15:57:31.000000000Z,32,1,80420,38842.000000000,38842.000000000,38842.000000000,38842.000000000,2,YM
2024-06-10T15:57:32.000000000Z,32,1,80420,38842.000000000,38842.000000000,38842.000000000,38842.000000000,2,YM
2024-06-10T15:57:33.000000000Z,32,1,80420,38842.000000000,38842.000000000,38842.000000000,38842.000000000,1,YM
2024-06-10T15:57:34.000000000Z,32,1,80420,38842.000000000,38842.000000000,38842.000000000,38842.000000000,1,YM
2024-06-10T15:57:37.000000000Z,32,1,80420,38842.000000000,38842.000000000,38842.000000000,38842.000000000,1,YM
2024-06-10T15:57:38.000000000Z,32,1,80420,38842.000000000,38842.000000000,38842.000000000,38842.000000000,2,YM
2024-06-10T15:57:40.000000000Z,32,1,80420,38842.000000000,38842.000000000,38842.000000000,38842.000000000,1,YM
2024-06-10T15:57:41.000000000Z,32,1,80420,38843.000000000,38844.000000000,38843.000000000,38844.000000000,32,YM
2024-06-10T15:57:42.000000000Z,32,1,80420,38844.000000000,38844.000000000,38844.000000000,38844.000000000,1,YM
2024-06-10T15:57:45.000000000Z,32,1,80420,38845.000000000,38845.000000000,38845.000000000,38845.000000000,4,YM
2024-06-10T15:57:47.000000000Z,32,1,80420,38846.000000000,38846.000000000,38846.000000000,38846.000000000,2,YM
2024-06-10T15:57:48.000000000Z,32,1,80420,38846.000000000,38846.000000000,38846.000000000,38846.000000000,3,YM
2024-06-10T15:57:49.000000000Z,32,1,80420,38846.000000000,38847.000000000,38846.000000000,38847.000000000,2,YM
2024-06-10T15:57:50.000000000Z,32,1,80420,38845.000000000,38845.000000000,38845.000000000,38845.000000000,3,YM
2024-06-10T15:57:54.000000000Z,32,1,80420,38844.000000000,38845.000000000,38844.000000000,38845.000000000,8,YM
2024-06-10T15:57:55.000000000Z,32,1,80420,38844.000000000,38844.000000000,38844.000000000,38844.000000000,1,YM
2024-06-10T15:57:56.000000000Z,32,1,80420,38844.000000000,38844.000000000,38844.000000000,38844.000000000,1,YM
2024-06-10T15:57:58.000000000Z,32,1,80420,38843.000000000,38844.000000000,38843.000000000,38844.000000000,2,YM
2024-06-10T15:58:00.000000000Z,32,1,80420,38844.000000000,38844.000000000,38844.000000000,38844.000000000,1,YM
2024-06-10T15:58:02.000000000Z,32,1,80420,38842.000000000,38842.000000000,38842.000000000,38842.000000000,1,YM
2024-06-10T15:58:04.000000000Z,32,1,80420,38842.000000000,38842.000000000,38842.000000000,38842.000000000,2,YM
2024-06-10T15:58:05.000000000Z,32,1,80420,38841.000000000,38841.000000000,38841.000000000,38841.000000000,2,YM
2024-06-10T15:58:06.000000000Z,32,1,80420,38841.000000000,38841.000000000,38841.000000000,38841.000000000,1,YM
2024-06-10T15:58:07.000000000Z,32,1,80420,38840.000000000,38840.000000000,38840.000000000,38840.000000000,12,YM
2024-06-10T15:58:08.000000000Z,32,1,80420,38841.000000000,38841.000000000,38840.000000000,38840.000000000,3,YM
2024-06-10T15:58:09.000000000Z,32,1,80420,38839.000000000,38840.000000000,38839.000000000,38840.000000000,2,YM
2024-06-10T15:58:10.000000000Z,32,1,80420,38839.000000000,38839.000000000,38839.000000000,38839.000000000,1,YM
2024-06-10T15:58:13.000000000Z,32,1,80420,38840.000000000,38840.000000000,38840.000000000,38840.000000000,4,YM
2024-06-10T15:58:14.000000000Z,32,1,80420,38840.000000000,38840.000000000,38839.000000000,38839.000000000,8,YM
2024-06-10T15:58:15.000000000Z,32,1,80420,38839.000000000,38839.000000000,38839.000000000,38839.000000000,1,YM
2024-06-10T15:58:18.000000000Z,32,1,80420,38838.000000000,38838.000000000,38837.000000000,38837.000000000,10,YM
2024-06-10T15:58:19.000000000Z,32,1,80420,38838.000000000,38838.000000000,38838.000000000,38838.000000000,1,YM
2024-06-10T15:58:20.000000000Z,32,1,80420,38838.000000000,38839.000000000,38838.000000000,38839.000000000,4,YM
2024-06-10T15:58:24.000000000Z,32,1,80420,38841.000000000,38841.000000000,38841.000000000,38841.000000000,1,YM
2024-06-10T15:58:25.000000000Z,32,1,80420,38840.000000000,38840.000000000,38839.000000000,38839.000000000,3,YM
2024-06-10T15:58:26.000000000Z,32,1,80420,38838.000000000,38838.000000000,38837.000000000,38837.000000000,4,YM
2024-06-10T15:58:27.000000000Z,32,1,80420,38837.000000000,38837.000000000,38837.000000000,38837.000000000,2,YM
2024-06-10T15:58:28.000000000Z,32,1,80420,38837.000000000,38837.000000000,38836.000000000,38836.000000000,5,YM
2024-06-10T15:58:30.000000000Z,32,1,80420,38836.000000000,38837.000000000,38836.000000000,38837.000000000,5,YM
2024-06-10T15:58:31.000000000Z,32,1,80420,38837.000000000,38837.000000000,38837.000000000,38837.000000000,1,YM
2024-06-10T15:58:32.000000000Z,32,1,80420,38837.000000000,38837.000000000,38837.000000000,38837.000000000,2,YM
2024-06-10T15:58:35.000000000Z,32,1,80420,38835.000000000,38835.000000000,38835.000000000,38835.000000000,1,YM
2024-06-10T15:58:36.000000000Z,32,1,80420,38834.000000000,38834.000000000,38832.000000000,38834.000000000,21,YM
2024-06-10T15:58:37.000000000Z,32,1,80420,38834.000000000,38834.000000000,38834.000000000,38834.000000000,3,YM
2024-06-10T15:58:38.000000000Z,32,1,80420,38833.000000000,38836.000000000,38833.000000000,38836.000000000,8,YM
2024-06-10T15:58:39.000000000Z,32,1,80420,38836.000000000,38836.000000000,38836.000000000,38836.000000000,1,YM
2024-06-10T15:58:40.000000000Z,32,1,80420,38837.000000000,38837.000000000,38836.000000000,38836.000000000,2,YM
2024-06-10T15:58:41.000000000Z,32,1,80420,38836.000000000,38836.000000000,38836.000000000,38836.000000000,2,YM
2024-06-10T15:58:46.000000000Z,32,1,80420,38837.000000000,38837.000000000,38837.000000000,38837.000000000,2,YM
2024-06-10T15:58:48.000000000Z,32,1,80420,38837.000000000,38837.000000000,38836.000000000,38836.000000000,5,YM
2024-06-10T15:58:49.000000000Z,32,1,80420,38835.000000000,38835.000000000,38835.000000000,38835.000000000,1,YM
2024-06-10T15:58:50.000000000Z,32,1,80420,38834.000000000,38834.000000000,38834.000000000,38834.000000000,1,YM
2024-06-10T15:58:51.000000000Z,32,1,80420,38833.000000000,38834.000000000,38832.000000000,38832.000000000,7,YM
2024-06-10T15:58:53.000000000Z,32,1,80420,38834.000000000,38834.000000000,38834.000000000,38834.000000000,4,YM
2024-06-10T15:59:00.000000000Z,32,1,80420,38835.000000000,38836.000000000,38835.000000000,38836.000000000,6,YM
2024-06-10T15:59:02.000000000Z,32,1,80420,38837.000000000,38837.000000000,38837.000000000,38837.000000000,2,YM
2024-06-10T15:59:03.000000000Z,32,1,80420,38836.000000000,38836.000000000,38835.000000000,38835.000000000,2,YM
2024-06-10T15:59:04.000000000Z,32,1,80420,38834.000000000,38834.000000000,38834.000000000,38834.000000000,3,YM
2024-06-10T15:59:05.000000000Z,32,1,80420,38835.000000000,38835.000000000,38835.000000000,38835.000000000,2,YM
2024-06-10T15:59:07.000000000Z,32,1,80420,38835.000000000,38835.000000000,38835.000000000,38835.000000000,1,YM
2024-06-10T15:59:08.000000000Z,32,1,80420,38836.000000000,38836.000000000,38836.000000000,38836.000000000,10,YM
2024-06-10T15:59:09.000000000Z,32,1,80420,38838.000000000,38838.000000000,38838.000000000,38838.000000000,1,YM
2024-06-10T15:59:10.000000000Z,32,1,80420,38838.000000000,38838.000000000,38837.000000000,38837.000000000,10,YM
2024-06-10T15:59:11.000000000Z,32,1,80420,38838.000000000,38840.000000000,38838.000000000,38840.000000000,9,YM
2024-06-10T15:59:12.000000000Z,32,1,80420,38839.000000000,38839.000000000,38839.000000000,38839.000000000,1,YM
2024-06-10T15:59:13.000000000Z,32,1,80420,38840.000000000,38840.000000000,38838.000000000,38838.000000000,2,YM
2024-06-10T15:59:14.000000000Z,32,1,80420,38838.000000000,38838.000000000,38838.000000000,38838.000000000,7,YM
2024-06-10T15:59:15.000000000Z,32,1,80420,38837.000000000,38837.000000000,38837.000000000,38837.000000000,3,YM
2024-06-10T15:59:16.000000000Z,32,1,80420,38836.000000000,38836.000000000,38836.000000000,38836.000000000,2,YM
2024-06-10T15:59:17.000000000Z,32,1,80420,38835.000000000,38835.000000000,38835.000000000,38835.000000000,7,YM
2024-06-10T15:59:18.000000000Z,32,1,80420,38835.000000000,38835.000000000,38835.000000000,38835.000000000,1,YM
2024-06-10T15:59:21.000000000Z,32,1,80420,38836.000000000,38837.000000000,38836.000000000,38837.000000000,8,YM
2024-06-10T15:59:22.000000000Z,32,1,80420,38836.000000000,38837.000000000,38836.000000000,38837.000000000,9,YM
2024-06-10T15:59:24.000000000Z,32,1,80420,38837.000000000,38837.000000000,38836.000000000,38837.000000000,4,YM
2024-06-10T15:59:25.000000000Z,32,1,80420,38838.000000000,38838.000000000,38838.000000000,38838.000000000,3,YM
2024-06-10T15:59:26.000000000Z,32,1,80420,38837.000000000,38837.000000000,38836.000000000,38836.000000000,3,YM
2024-06-10T15:59:27.000000000Z,32,1,80420,38838.000000000,38840.000000000,38838.000000000,38840.000000000,13,YM
2024-06-10T15:59:28.000000000Z,32,1,80420,38841.000000000,38841.000000000,38841.000000000,38841.000000000,1,YM
2024-06-10T15:59:31.000000000Z,32,1,80420,38839.000000000,38840.000000000,38839.000000000,38840.000000000,5,YM
2024-06-10T15:59:32.000000000Z,32,1,80420,38841.000000000,38841.000000000,38841.000000000,38841.000000000,2,YM
2024-06-10T15:59:33.000000000Z,32,1,80420,38841.000000000,38841.000000000,38841.000000000,38841.000000000,2,YM
2024-06-10T15:59:35.000000000Z,32,1,80420,38842.000000000,38842.000000000,38842.000000000,38842.000000000,10,YM
2024-06-10T15:59:38.000000000Z,32,1,80420,38845.000000000,38845.000000000,38845.000000000,38845.000000000,8,YM
2024-06-10T15:59:39.000000000Z,32,1,80420,38844.000000000,38845.000000000,38844.000000000,38844.000000000,7,YM
2024-06-10T15:59:41.000000000Z,32,1,80420,38843.000000000,38843.000000000,38842.000000000,38843.000000000,5,YM
2024-06-10T15:59:42.000000000Z,32,1,80420,38843.000000000,38844.000000000,38843.000000000,38844.000000000,4,YM
2024-06-10T15:59:44.000000000Z,32,1,80420,38842.000000000,38844.000000000,38842.000000000,38844.000000000,14,YM
2024-06-10T15:59:45.000000000Z,32,1,80420,38844.000000000,38844.000000000,38844.000000000,38844.000000000,1,YM
2024-06-10T15:59:46.000000000Z,32,1,80420,38844.000000000,38845.000000000,38844.000000000,38845.000000000,2,YM
2024-06-10T15:59:47.000000000Z,32,1,80420,38846.000000000,38846.000000000,38846.000000000,38846.000000000,2,YM
2024-06-10T15:59:48.000000000Z,32,1,80420,38846.000000000,38846.000000000,38846.000000000,38846.000000000,2,YM
2024-06-10T15:59:49.000000000Z,32,1,80420,38846.000000000,38846.000000000,38846.000000000,38846.000000000,1,YM
2024-06-10T15:59:50.000000000Z,32,1,80420,38847.000000000,38847.000000000,38847.000000000,38847.000000000,2,YM
2024-06-10T15:59:51.000000000Z,32,1,80420,38848.000000000,38848.000000000,38848.000000000,38848.000000000,1,YM
2024-06-10T15:59:52.000000000Z,32,1,80420,38848.000000000,38848.000000000,38847.000000000,38847.000000000,4,YM
2024-06-10T15:59:54.000000000Z,32,1,80420,38848.000000000,38848.000000000,38847.000000000,38847.000000000,7,YM
2024-06-10T15:59:55.000000000Z,32,1,80420,38846.000000000,38846.000000000,38846.000000000,38846.000000000,2,YM
2024-06-10T15:59:56.000000000Z,32,1,80420,38846.000000000,38846.000000000,38846.000000000,38846.000000000,4,YM
2024-06-10T15:59:59.000000000Z,32,1,80420,38846.000000000,38846.000000000,38846.000000000,38846.000000000,1,YM
2024-06-10T16:00:00.000000000Z,32,1,80420,38847.000000000,38849.000000000,38847.000000000,38849.000000000,11,YM
2024-06-10T16:00:01.000000000Z,32,1,80420,38849.000000000,38849.000000000,38849.000000000,38849.000000000,3,YM
2024-06-10T16:00:02.000000000Z,32,1,80420,38850.000000000,38850.000000000,38848.000000000,38848.000000000,3,YM
2024-06-10T16:00:04.000000000Z,32,1,80420,38848.000000000,38850.000000000,38848.000000000,38850.000000000,2,YM
2024-06-10T16:00:06.000000000Z,32,1,80420,38848.000000000,38848.000000000,38847.000000000,38847.000000000,3,YM
2024-06-10T16:00:12.000000000Z,32,1,80420,38848.000000000,38848.000000000,38848.000000000,38848.000000000,5,YM
2024-06-10T16:00:13.000000000Z,32,1,80420,38849.000000000,38849.000000000,38849.000000000,38849.000000000,4,YM
2024-06-10T16:00:14.000000000Z,32,1,80420,38849.000000000,38849.000000000,38849.000000000,38849.000000000,3,YM
2024-06-10T16:00:15.000000000Z,32,1,80420,38850.000000000,38850.000000000,38849.000000000,38849.000000000,26,YM
2024-06-10T16:00:16.000000000Z,32,1,80420,38849.000000000,38849.000000000,38849.000000000,38849.000000000,2,YM
2024-06-10T16:00:21.000000000Z,32,1,80420,38848.000000000,38849.000000000,38848.000000000,38849.000000000,4,YM
2024-06-10T16:00:23.000000000Z,32,1,80420,38848.000000000,38848.000000000,38848.000000000,38848.000000000,1,YM
2024-06-10T16:00:24.000000000Z,32,1,80420,38848.000000000,38848.000000000,38848.000000000,38848.000000000,2,YM
2024-06-10T16:00:25.000000000Z,32,1,80420,38849.000000000,38849.000000000,38849.000000000,38849.000000000,1,YM
2024-06-10T16:00:26.000000000Z,32,1,80420,38849.000000000,38849.000000000,38849.000000000,38849.000000000,1,YM
2024-06-10T16:00:28.000000000Z,32,1,80420,38849.000000000,38849.000000000,38849.000000000,38849.000000000,7,YM
2024-06-10T16:00:30.000000000Z,32,1,80420,38848.000000000,38848.000000000,38848.000000000,38848.000000000,3,YM
2024-06-10T16:00:32.000000000Z,32,1,80420,38848.000000000,38848.000000000,38848.000000000,38848.000000000,2,YM
2024-06-10T16:00:35.000000000Z,32,1,80420,38849.000000000,38849.000000000,38849.000000000,38849.000000000,2,YM
2024-06-10T16:00:36.000000000Z,32,1,80420,38848.000000000,38848.000000000,38848.000000000,38848.000000000,1,YM
2024-06-10T16:00:37.000000000Z,32,1,80420,38848.000000000,38848.000000000,38848.000000000,38848.000000000,2,YM
2024-06-10T16:00:39.000000000Z,32,1,80420,38849.000000000,38849.000000000,38849.000000000,38849.000000000,2,YM
2024-06-10T16:00:40.000000000Z,32,1,80420,38848.000000000,38848.000000000,38848.000000000,38848.000000000,1,YM
2024-06-10T16:00:44.000000000Z,32,1,80420,38849.000000000,38849.000000000,38849.000000000,38849.000000000,2,YM
2024-06-10T16:00:48.000000000Z,32,1,80420,38850.000000000,38850.000000000,38850.000000000,38850.000000000,3,YM
2024-06-10T16:00:49.000000000Z,32,1,80420,38850.000000000,38850.000000000,38850.000000000,38850.000000000,3,YM
2024-06-10T16:00:50.000000000Z,32,1,80420,38851.000000000,38851.000000000,38851.000000000,38851.000000000,2,YM
2024-06-10T16:00:51.000000000Z,32,1,80420,38851.000000000,38851.000000000,38851.000000000,38851.000000000,3,YM
2024-06-10T16:00:52.000000000Z,32,1,80420,38851.000000000,38851.000000000,38851.000000000,38851.000000000,1,YM
2024-06-10T16:00:53.000000000Z,32,1,80420,38851.000000000,38851.000000000,38851.000000000,38851.000000000,1,YM
2024-06-10T16:00:54.000000000Z,32,1,80420,38850.000000000,38850.000000000,38850.000000000,38850.000000000,3,YM
2024-06-10T16:00:55.000000000Z,32,1,80420,38850.000000000,38850.000000000,38850.000000000,38850.000000000,1,YM
2024-06-10T16:00:57.000000000Z,32,1,80420,38851.000000000,38852.000000000,38851.000000000,38852.000000000,2,YM
2024-06-10T16:01:00.000000000Z,32,1,80420,38853.000000000,38853.000000000,38852.000000000,38852.000000000,3,YM
2024-06-10T16:01:02.000000000Z,32,1,80420,38852.000000000,38852.000000000,38851.000000000,38851.000000000,3,YM
2024-06-10T16:01:03.000000000Z,32,1,80420,38850.000000000,38850.000000000,38848.000000000,38848.000000000,3,YM
2024-06-10T16:01:04.000000000Z,32,1,80420,38848.000000000,38848.000000000,38848.000000000,38848.000000000,6,YM
2024-06-10T16:01:05.000000000Z,32,1,80420,38848.000000000,38848.000000000,38847.000000000,38847.000000000,7,YM
2024-06-10T16:01:06.000000000Z,32,1,80420,38847.000000000,38847.000000000,38847.000000000,38847.000000000,2,YM
2024-06-10T16:01:07.000000000Z,32,1,80420,38848.000000000,38848.000000000,38848.000000000,38848.000000000,4,YM
2024-06-10T16:01:08.000000000Z,32,1,80420,38848.000000000,38848.000000000,38848.000000000,38848.000000000,3,YM
2024-06-10T16:01:09.000000000Z,32,1,80420,38848.000000000,38848.000000000,38848.000000000,38848.000000000,1,YM
2024-06-10T16:01:11.000000000Z,32,1,80420,38847.000000000,38847.000000000,38847.000000000,38847.000000000,2,YM
2024-06-10T16:01:15.000000000Z,32,1,80420,38849.000000000,38849.000000000,38849.000000000,38849.000000000,10,YM
2024-06-10T16:01:18.000000000Z,32,1,80420,38850.000000000,38850.000000000,38850.000000000,38850.000000000,1,YM
2024-06-10T16:01:21.000000000Z,32,1,80420,38850.000000000,38850.000000000,38850.000000000,38850.000000000,10,YM
2024-06-10T16:01:22.000000000Z,32,1,80420,38849.000000000,38849.000000000,38849.000000000,38849.000000000,1,YM
2024-06-10T16:01:23.000000000Z,32,1,80420,38849.000000000,38849.000000000,38849.000000000,38849.000000000,1,YM
2024-06-10T16:01:24.000000000Z,32,1,80420,38847.000000000,38847.000000000,38846.000000000,38846.000000000,5,YM
2024-06-10T16:01:25.000000000Z,32,1,80420,38845.000000000,38845.000000000,38845.000000000,38845.000000000,1,YM
2024-06-10T16:01:26.000000000Z,32,1,80420,38845.000000000,38845.000000000,38845.000000000,38845.000000000,2,YM
2024-06-10T16:01:28.000000000Z,32,1,80420,38845.000000000,38845.000000000,38845.000000000,38845.000000000,2,YM
2024-06-10T16:01:31.000000000Z,32,1,80420,38845.000000000,38845.000000000,38845.000000000,38845.000000000,2,YM
2024-06-10T16:01:32.000000000Z,32,1,80420,38845.000000000,38845.000000000,38845.000000000,38845.000000000,1,YM
2024-06-10T16:01:34.000000000Z,32,1,80420,38844.000000000,38844.000000000,38844.000000000,38844.000000000,3,YM
2024-06-10T16:01:35.000000000Z,32,1,80420,38844.000000000,38844.000000000,38844.000000000,38844.000000000,2,YM
2024-06-10T16:01:38.000000000Z,32,1,80420,38845.000000000,38845.000000000,38845.000000000,38845.000000000,3,YM
2024-06-10T16:01:39.000000000Z,32,1,80420,38844.000000000,38844.000000000,38844.000000000,38844.000000000,7,YM
2024-06-10T16:01:41.000000000Z,32,1,80420,38845.000000000,38845.000000000,38845.000000000,38845.000000000,1,YM
2024-06-10T16:01:42.000000000Z,32,1,80420,38846.000000000,38848.000000000,38846.000000000,38847.000000000,11,YM
2024-06-10T16:01:43.000000000Z,32,1,80420,38846.000000000,38846.000000000,38845.000000000,38845.000000000,2,YM
2024-06-10T16:01:46.000000000Z,32,1,80420,38843.000000000,38843.000000000,38842.000000000,38842.000000000,5,YM
2024-06-10T16:01:47.000000000Z,32,1,80420,38841.000000000,38841.000000000,38839.000000000,38839.000000000,9,YM
2024-06-10T16:01:48.000000000Z,32,1,80420,38839.000000000,38840.000000000,38839.000000000,38840.000000000,2,YM
2024-06-10T16:01:50.000000000Z,32,1,80420,38840.000000000,38841.000000000,38840.000000000,38841.000000000,3,YM
2024-06-10T16:01:52.000000000Z,32,1,80420,38840.000000000,38840.000000000,38840.000000000,38840.000000000,1,YM
2024-06-10T16:01:53.000000000Z,32,1,80420,38841.000000000,38841.000000000,38841.000000000,38841.000000000,3,YM
2024-06-10T16:01:54.000000000Z,32,1,80420,38840.000000000,38840.000000000,38840.000000000,38840.000000000,1,YM
2024-06-10T16:01:55.000000000Z,32,1,80420,38840.000000000,38840.000000000,38840.000000000,38840.000000000,1,YM
2024-06-10T16:01:57.000000000Z,32,1,80420,38840.000000000,38840.000000000,38839.000000000,38839.000000000,4,YM
2024-06-10T16:01:58.000000000Z,32,1,80420,38839.000000000,38839.000000000,38839.000000000,38839.000000000,1,YM
2024-06-10T16:02:00.000000000Z,32,1,80420,38840.000000000,38840.000000000,38840.000000000,38840.000000000,7,YM
2024-06-10T16:02:01.000000000Z,32,1,80420,38841.000000000,38841.000000000,38841.000000000,38841.000000000,3,YM
2024-06-10T16:02:02.000000000Z,32,1,80420,38841.000000000,38841.000000000,38841.000000000,38841.000000000,2,YM
2024-06-10T16:02:04.000000000Z,32,1,80420,38841.000000000,38841.000000000,38841.000000000,38841.000000000,2,YM
2024-06-10T16:02:06.000000000Z,32,1,80420,38839.000000000,38839.000000000,38839.000000000,38839.000000000,10,YM
2024-06-10T16:02:08.000000000Z,32,1,80420,38840.000000000,38840.000000000,38840.000000000,38840.000000000,1,YM
2024-06-10T16:02:12.000000000Z,32,1,80420,38840.000000000,38840.000000000,38840.000000000,38840.000000000,1,YM
2024-06-10T16:02:13.000000000Z,32,1,80420,38840.000000000,38840.000000000,38840.000000000,38840.000000000,1,YM
2024-06-10T16:02:15.000000000Z,32,1,80420,38839.000000000,38839.000000000,38838.000000000,38838.000000000,5,YM
2024-06-10T16:02:16.000000000Z,32,1,80420,38838.000000000,38838.000000000,38838.000000000,38838.000000000,1,YM
2024-06-10T16:02:17.000000000Z,32,1,80420,38837.000000000,38837.000000000,38837.000000000,38837.000000000,2,YM
2024-06-10T16:02:23.000000000Z,32,1,80420,38837.000000000,38837.000000000,38836.000000000,38836.000000000,15,YM
2024-06-10T16:02:27.000000000Z,32,1,80420,38835.000000000,38835.000000000,38833.000000000,38833.000000000,4,YM
2024-06-10T16:02:29.000000000Z,32,1,80420,38833.000000000,38833.000000000,38833.000000000,38833.000000000,1,YM
2024-06-10T16:02:32.000000000Z,32,1,80420,38833.000000000,38833.000000000,38833.000000000,38833.000000000,5,YM
2024-06-10T16:02:33.000000000Z,32,1,80420,38833.000000000,38833.000000000,38833.000000000,38833.000000000,3,YM
2024-06-10T16:02:37.000000000Z,32,1,80420,38833.000000000,38833.000000000,38833.000000000,38833.000000000,1,YM
2024-06-10T16:02:38.000000000Z,32,1,80420,38833.000000000,38833.000000000,38833.000000000,38833.000000000,7,YM
2024-06-10T16:02:40.000000000Z,32,1,80420,38833.000000000,38833.000000000,38833.000000000,38833.000000000,2,YM
2024-06-10T16:02:41.000000000Z,32,1,80420,38832.000000000,38832.000000000,38831.000000000,38831.000000000,14,YM
2024-06-10T16:02:42.000000000Z,32,1,80420,38831.000000000,38831.000000000,38831.000000000,38831.000000000,4,YM
2024-06-10T16:02:43.000000000Z,32,1,80420,38831.000000000,38831.000000000,38831.000000000,38831.000000000,6,YM
2024-06-10T16:02:44.000000000Z,32,1,80420,38831.000000000,38831.000000000,38830.000000000,38830.000000000,2,YM
2024-06-10T16:02:45.000000000Z,32,1,80420,38830.000000000,38831.000000000,38830.000000000,38831.000000000,5,YM
2024-06-10T16:02:47.000000000Z,32,1,80420,38833.000000000,38833.000000000,38833.000000000,38833.000000000,1,YM
2024-06-10T16:02:48.000000000Z,32,1,80420,38833.000000000,38833.000000000,38833.000000000,38833.000000000,2,YM
2024-06-10T16:02:49.000000000Z,32,1,80420,38834.000000000,38834.000000000,38834.000000000,38834.000000000,1,YM
2024-06-10T16:02:50.000000000Z,32,1,80420,38834.000000000,38834.000000000,38834.000000000,38834.000000000,1,YM
2024-06-10T16:02:53.000000000Z,32,1,80420,38834.000000000,38834.000000000,38834.000000000,38834.000000000,1,YM
2024-06-10T16:02:54.000000000Z,32,1,80420,38834.000000000,38834.000000000,38834.000000000,38834.000000000,3,YM
2024-06-10T16:02:56.000000000Z,32,1,80420,38835.000000000,38835.000000000,38835.000000000,38835.000000000,2,YM
2024-06-10T16:02:57.000000000Z,32,1,80420,38834.000000000,38834.000000000,38834.000000000,38834.000000000,2,YM
2024-06-10T16:03:00.000000000Z,32,1,80420,38835.000000000,38835.000000000,38834.000000000,38835.000000000,7,YM
2024-06-10T16:03:02.000000000Z,32,1,80420,38834.000000000,38834.000000000,38833.000000000,38833.000000000,5,YM
2024-06-10T16:03:03.000000000Z,32,1,80420,38832.000000000,38832.000000000,38832.000000000,38832.000000000,1,YM
2024-06-10T16:03:04.000000000Z,32,1,80420,38833.000000000,38833.000000000,38831.000000000,38831.000000000,16,YM
2024-06-10T16:03:05.000000000Z,32,1,80420,38831.000000000,38831.000000000,38830.000000000,38830.000000000,8,YM
2024-06-10T16:03:06.000000000Z,32,1,80420,38830.000000000,38830.000000000,38828.000000000,38828.000000000,6,YM
2024-06-10T16:03:07.000000000Z,32,1,80420,38830.000000000,38830.000000000,38830.000000000,38830.000000000,3,YM
2024-06-10T16:03:08.000000000Z,32,1,80420,38829.000000000,38829.000000000,38829.000000000,38829.000000000,1,YM
2024-06-10T16:03:09.000000000Z,32,1,80420,38829.000000000,38829.000000000,38829.000000000,38829.000000000,2,YM
2024-06-10T16:03:12.000000000Z,32,1,80420,38830.000000000,38830.000000000,38830.000000000,38830.000000000,1,YM
2024-06-10T16:03:13.000000000Z,32,1,80420,38831.000000000,38831.000000000,38831.000000000,38831.000000000,2,YM
2024-06-10T16:03:16.000000000Z,32,1,80420,38830.000000000,38830.000000000,38830.000000000,38830.000000000,2,YM
2024-06-10T16:03:20.000000000Z,32,1,80420,38829.000000000,38829.000000000,38829.000000000,38829.000000000,2,YM
2024-06-10T16:03:22.000000000Z,32,1,80420,38828.000000000,38828.000000000,38827.000000000,38827.000000000,10,YM
2024-06-10T16:03:23.000000000Z,32,1,80420,38828.000000000,38828.000000000,38827.000000000,38827.000000000,3,YM
2024-06-10T16:03:24.000000000Z,32,1,80420,38828.000000000,38828.000000000,38828.000000000,38828.000000000,2,YM
2024-06-10T16:03:25.000000000Z,32,1,80420,38828.000000000,38828.000000000,38828.000000000,38828.000000000,1,YM
2024-06-10T16:03:26.000000000Z,32,1,80420,38828.000000000,38828.000000000,38827.000000000,38827.000000000,8,YM
2024-06-10T16:03:31.000000000Z,32,1,80420,38829.000000000,38830.000000000,38829.000000000,38830.000000000,4,YM
2024-06-10T16:03:32.000000000Z,32,1,80420,38831.000000000,38832.000000000,38831.000000000,38832.000000000,4,YM
2024-06-10T16:03:33.000000000Z,32,1,80420,38831.000000000,38831.000000000,38831.000000000,38831.000000000,1,YM
2024-06-10T16:03:34.000000000Z,32,1,80420,38830.000000000,38830.000000000,38830.000000000,38830.000000000,2,YM
2024-06-10T16:03:39.000000000Z,32,1,80420,38830.000000000,38830.000000000,38830.000000000,38830.000000000,1,YM
2024-06-10T16:03:42.000000000Z,32,1,80420,38833.000000000,38833.000000000,38833.000000000,38833.000000000,2,YM
2024-06-10T16:03:45.000000000Z,32,1,80420,38833.000000000,38833.000000000,38833.000000000,38833.000000000,2,YM
2024-06-10T16:03:46.000000000Z,32,1,80420,38833.000000000,38833.000000000,38833.000000000,38833.000000000,1,YM
2024-06-10T16:03:49.000000000Z,32,1,80420,38834.000000000,38834.000000000,38834.000000000,38834.000000000,3,YM
2024-06-10T16:03:51.000000000Z,32,1,80420,38834.000000000,38834.000000000,38834.000000000,38834.000000000,1,YM
2024-06-10T16:03:52.000000000Z,32,1,80420,38834.000000000,38834.000000000,38834.000000000,38834.000000000,2,YM
2024-06-10T16:03:54.000000000Z,32,1,80420,38835.000000000,38835.000000000,38834.000000000,38834.000000000,3,YM
2024-06-10T16:03:55.000000000Z,32,1,80420,38834.000000000,38834.000000000,38834.000000000,38834.000000000,1,YM
2024-06-10T16:03:56.000000000Z,32,1,80420,38834.000000000,38834.000000000,38834.000000000,38834.000000000,1,YM
2024-06-10T16:04:01.000000000Z,32,1,80420,38837.000000000,38837.000000000,38837.000000000,38837.000000000,5,YM
2024-06-10T16:04:06.000000000Z,32,1,80420,38837.000000000,38838.000000000,38837.000000000,38838.000000000,6,YM
2024-06-10T16:04:07.000000000Z,32,1,80420,38839.000000000,38839.000000000,38838.000000000,38838.000000000,2,YM
2024-06-10T16:04:08.000000000Z,32,1,80420,38839.000000000,38839.000000000,38839.000000000,38839.000000000,2,YM
2024-06-10T16:04:09.000000000Z,32,1,80420,38839.000000000,38839.000000000,38839.000000000,38839.000000000,1,YM
2024-06-10T16:04:11.000000000Z,32,1,80420,38838.000000000,38838.000000000,38837.000000000,38837.000000000,6,YM
2024-06-10T16:04:15.000000000Z,32,1,80420,38836.000000000,38836.000000000,38836.000000000,38836.000000000,3,YM
2024-06-10T16:04:19.000000000Z,32,1,80420,38834.000000000,38834.000000000,38834.000000000,38834.000000000,1,YM
2024-06-10T16:04:20.000000000Z,32,1,80420,38835.000000000,38835.000000000,38835.000000000,38835.000000000,1,YM
2024-06-10T16:04:21.000000000Z,32,1,80420,38835.000000000,38835.000000000,38834.000000000,38834.000000000,6,YM
2024-06-10T16:04:23.000000000Z,32,1,80420,38833.000000000,38833.000000000,38833.000000000,38833.000000000,2,YM
2024-06-10T16:04:28.000000000Z,32,1,80420,38834.000000000,38834.000000000,38834.000000000,38834.000000000,1,YM
2024-06-10T16:04:29.000000000Z,32,1,80420,38835.000000000,38835.000000000,38835.000000000,38835.000000000,1,YM
2024-06-10T16:04:30.000000000Z,32,1,80420,38834.000000000,38834.000000000,38833.000000000,38833.000000000,2,YM
2024-06-10T16:04:34.000000000Z,32,1,80420,38832.000000000,38832.000000000,38831.000000000,38831.000000000,4,YM
2024-06-10T16:04:35.000000000Z,32,1,80420,38830.000000000,38830.000000000,38829.000000000,38829.000000000,3,YM
2024-06-10T16:04:36.000000000Z,32,1,80420,38830.000000000,38830.000000000,38830.000000000,38830.000000000,3,YM
2024-06-10T16:04:39.000000000Z,32,1,80420,38830.000000000,38830.000000000,38830.000000000,38830.000000000,1,YM
2024-06-10T16:04:40.000000000Z,32,1,80420,38831.000000000,38831.000000000,38831.000000000,38831.000000000,3,YM
2024-06-10T16:04:45.000000000Z,32,1,80420,38834.000000000,38834.000000000,38834.000000000,38834.000000000,1,YM
2024-06-10T16:04:46.000000000Z,32,1,80420,38835.000000000,38835.000000000,38835.000000000,38835.000000000,1,YM
2024-06-10T16:04:47.000000000Z,32,1,80420,38835.000000000,38835.000000000,38835.000000000,38835.000000000,1,YM
2024-06-10T16:04:53.000000000Z,32,1,80420,38834.000000000,38834.000000000,38833.000000000,38833.000000000,2,YM
2024-06-10T16:04:57.000000000Z,32,1,80420,38835.000000000,38835.000000000,38835.000000000,38835.000000000,3,YM
2024-06-10T16:04:58.000000000Z,32,1,80420,38834.000000000,38834.000000000,38833.000000000,38833.000000000,6,YM
2024-06-10T16:05:00.000000000Z,32,1,80420,38834.000000000,38834.000000000,38831.000000000,38832.000000000,5,YM
2024-06-10T16:05:01.000000000Z,32,1,80420,38832.000000000,38832.000000000,38832.000000000,38832.000000000,1,YM
2024-06-10T16:05:04.000000000Z,32,1,80420,38833.000000000,38833.000000000,38833.000000000,38833.000000000,1,YM
2024-06-10T16:05:07.000000000Z,32,1,80420,38833.000000000,38833.000000000,38833.000000000,38833.000000000,1,YM
2024-06-10T16:05:08.000000000Z,32,1,80420,38833.000000000,38834.000000000,38833.000000000,38834.000000000,6,YM
2024-06-10T16:05:09.000000000Z,32,1,80420,38833.000000000,38833.000000000,38833.000000000,38833.000000000,4,YM
2024-06-10T16:05:10.000000000Z,32,1,80420,38833.000000000,38833.000000000,38833.000000000,38833.000000000,1,YM
2024-06-10T16:05:11.000000000Z,32,1,80420,38834.000000000,38834.000000000,38834.000000000,38834.000000000,1,YM
2024-06-10T16:05:13.000000000Z,32,1,80420,38834.000000000,38834.000000000,38834.000000000,38834.000000000,1,YM
2024-06-10T16:05:18.000000000Z,32,1,80420,38835.000000000,38835.000000000,38835.000000000,38835.000000000,5,YM
2024-06-10T16:05:19.000000000Z,32,1,80420,38834.000000000,38834.000000000,38834.000000000,38834.000000000,2,YM
2024-06-10T16:05:20.000000000Z,32,1,80420,38834.000000000,38834.000000000,38834.000000000,38834.000000000,1,YM
2024-06-10T16:05:21.000000000Z,32,1,80420,38834.000000000,38834.000000000,38834.000000000,38834.000000000,1,YM
2024-06-10T16:05:22.000000000Z,32,1,80420,38834.000000000,38834.000000000,38834.000000000,38834.000000000,1,YM
2024-06-10T16:05:25.000000000Z,32,1,80420,38834.000000000,38834.000000000,38833.000000000,38833.000000000,5,YM
2024-06-10T16:05:26.000000000Z,32,1,80420,38833.000000000,38833.000000000,38833.000000000,38833.000000000,1,YM
2024-06-10T16:05:27.000000000Z,32,1,80420,38833.000000000,38833.000000000,38833.000000000,38833.000000000,1,YM
2024-06-10T16:05:28.000000000Z,32,1,80420,38834.000000000,38834.000000000,38833.000000000,38833.000000000,8,YM
2024-06-10T16:05:30.000000000Z,32,1,80420,38833.000000000,38833.000000000,38833.000000000,38833.000000000,1,YM
2024-06-10T16:05:31.000000000Z,32,1,80420,38833.000000000,38833.000000000,38833.000000000,38833.000000000,1,YM
2024-06-10T16:05:32.000000000Z,32,1,80420,38834.000000000,38834.000000000,38834.000000000,38834.000000000,1,YM
2024-06-10T16:05:34.000000000Z,32,1,80420,38835.000000000,38835.000000000,38835.000000000,38835.000000000,1,YM
2024-06-10T16:05:35.000000000Z,32,1,80420,38836.000000000,38836.000000000,38836.000000000,38836.000000000,1,YM
2024-06-10T16:05:37.000000000Z,32,1,80420,38836.000000000,38836.000000000,38836.000000000,38836.000000000,1,YM
2024-06-10T16:05:41.000000000Z,32,1,80420,38837.000000000,38837.000000000,38837.000000000,38837.000000000,1,YM
2024-06-10T16:05:43.000000000Z,32,1,80420,38837.000000000,38837.000000000,38837.000000000,38837.000000000,3,YM
2024-06-10T16:05:44.000000000Z,32,1,80420,38836.000000000,38836.000000000,38836.000000000,38836.000000000,1,YM
2024-06-10T16:05:45.000000000Z,32,1,80420,38836.000000000,38836.000000000,38836.000000000,38836.000000000,1,YM
2024-06-10T16:05:47.000000000Z,32,1,80420,38837.000000000,38837.000000000,38837.000000000,38837.000000000,9,YM
2024-06-10T16:05:48.000000000Z,32,1,80420,38836.000000000,38836.000000000,38836.000000000,38836.000000000,2,YM
2024-06-10T16:05:50.000000000Z,32,1,80420,38835.000000000,38835.000000000,38835.000000000,38835.000000000,1,YM
2024-06-10T16:05:51.000000000Z,32,1,80420,38835.000000000,38835.000000000,38834.000000000,38834.000000000,11,YM
2024-06-10T16:05:54.000000000Z,32,1,80420,38834.000000000,38834.000000000,38834.000000000,38834.000000000,1,YM
2024-06-10T16:05:55.000000000Z,32,1,80420,38835.000000000,38835.000000000,38835.000000000,38835.000000000,2,YM
2024-06-10T16:05:57.000000000Z,32,1,80420,38834.000000000,38834.000000000,38834.000000000,38834.000000000,1,YM
2024-06-10T16:06:03.000000000Z,32,1,80420,38835.000000000,38836.000000000,38835.000000000,38836.000000000,5,YM
2024-06-10T16:06:04.000000000Z,32,1,80420,38836.000000000,38836.000000000,38835.000000000,38835.000000000,5,YM
2024-06-10T16:06:05.000000000Z,32,1,80420,38835.000000000,38835.000000000,38835.000000000,38835.000000000,3,YM
2024-06-10T16:06:06.000000000Z,32,1,80420,38836.000000000,38836.000000000,38835.000000000,38835.000000000,4,YM
2024-06-10T16:06:08.000000000Z,32,1,80420,38835.000000000,38836.000000000,38835.000000000,38836.000000000,4,YM
2024-06-10T16:06:09.000000000Z,32,1,80420,38836.000000000,38836.000000000,38836.000000000,38836.000000000,1,YM
2024-06-10T16:06:11.000000000Z,32,1,80420,38838.000000000,38839.000000000,38838.000000000,38839.000000000,6,YM
2024-06-10T16:06:12.000000000Z,32,1,80420,38840.000000000,38840.000000000,38839.000000000,38839.000000000,2,YM
2024-06-10T16:06:13.000000000Z,32,1,80420,38839.000000000,38839.000000000,38839.000000000,38839.000000000,1,YM
2024-06-10T16:06:14.000000000Z,32,1,80420,38840.000000000,38841.000000000,38840.000000000,38841.000000000,6,YM
2024-06-10T16:06:15.000000000Z,32,1,80420,38841.000000000,38843.000000000,38841.000000000,38842.000000000,10,YM
2024-06-10T16:06:16.000000000Z,32,1,80420,38841.000000000,38841.000000000,38841.000000000,38841.000000000,1,YM
2024-06-10T16:06:17.000000000Z,32,1,80420,38841.000000000,38841.000000000,38839.000000000,38839.000000000,4,YM
2024-06-10T16:06:19.000000000Z,32,1,80420,38839.000000000,38839.000000000,38838.000000000,38838.000000000,2,YM
2024-06-10T16:06:20.000000000Z,32,1,80420,38838.000000000,38838.000000000,38838.000000000,38838.000000000,2,YM
2024-06-10T16:06:21.000000000Z,32,1,80420,38837.000000000,38837.000000000,38837.000000000,38837.000000000,4,YM
2024-06-10T16:06:23.000000000Z,32,1,80420,38837.000000000,38837.000000000,38837.000000000,38837.000000000,1,YM
2024-06-10T16:06:25.000000000Z,32,1,80420,38838.000000000,38838.000000000,38838.000000000,38838.000000000,1,YM
2024-06-10T16:06:26.000000000Z,32,1,80420,38839.000000000,38839.000000000,38839.000000000,38839.000000000,2,YM
2024-06-10T16:06:27.000000000Z,32,1,80420,38841.000000000,38841.000000000,38841.000000000,38841.000000000,3,YM
2024-06-10T16:06:28.000000000Z,32,1,80420,38840.000000000,38840.000000000,38840.000000000,38840.000000000,8,YM
2024-06-10T16:06:30.000000000Z,32,1,80420,38839.000000000,38839.000000000,38839.000000000,38839.000000000,1,YM
2024-06-10T16:06:38.000000000Z,32,1,80420,38839.000000000,38839.000000000,38839.000000000,38839.000000000,4,YM
2024-06-10T16:06:40.000000000Z,32,1,80420,38840.000000000,38840.000000000,38840.000000000,38840.000000000,3,YM
2024-06-10T16:06:41.000000000Z,32,1,80420,38839.000000000,38839.000000000,38839.000000000,38839.000000000,3,YM
2024-06-10T16:06:42.000000000Z,32,1,80420,38840.000000000,38840.000000000,38840.000000000,38840.000000000,1,YM
2024-06-10T16:06:43.000000000Z,32,1,80420,38841.000000000,38841.000000000,38841.000000000,38841.000000000,6,YM
2024-06-10T16:06:46.000000000Z,32,1,80420,38841.000000000,38841.000000000,38841.000000000,38841.000000000,1,YM
2024-06-10T16:06:47.000000000Z,32,1,80420,38841.000000000,38841.000000000,38841.000000000,38841.000000000,2,YM
2024-06-10T16:06:48.000000000Z,32,1,80420,38841.000000000,38841.000000000,38841.000000000,38841.000000000,1,YM
2024-06-10T16:06:49.000000000Z,32,1,80420,38841.000000000,38841.000000000,38841.000000000,38841.000000000,2,YM
2024-06-10T16:06:50.000000000Z,32,1,80420,38840.000000000,38840.000000000,38840.000000000,38840.000000000,1,YM
2024-06-10T16:06:55.000000000Z,32,1,80420,38841.000000000,38841.000000000,38841.000000000,38841.000000000,3,YM
2024-06-10T16:06:57.000000000Z,32,1,80420,38842.000000000,38842.000000000,38842.000000000,38842.000000000,3,YM
2024-06-10T16:06:58.000000000Z,32,1,80420,38843.000000000,38843.000000000,38843.000000000,38843.000000000,4,YM
2024-06-10T16:06:59.000000000Z,32,1,80420,38844.000000000,38845.000000000,38844.000000000,38845.000000000,7,YM
2024-06-10T16:07:00.000000000Z,32,1,80420,38844.000000000,38845.000000000,38844.000000000,38845.000000000,3,YM
2024-06-10T16:07:01.000000000Z,32,1,80420,38844.000000000,38844.000000000,38844.000000000,38844.000000000,1,YM
2024-06-10T16:07:02.000000000Z,32,1,80420,38845.000000000,38845.000000000,38844.000000000,38844.000000000,6,YM
2024-06-10T16:07:05.000000000Z,32,1,80420,38843.000000000,38843.000000000,38843.000000000,38843.000000000,7,YM
2024-06-10T16:07:06.000000000Z,32,1,80420,38843.000000000,38843.000000000,38843.000000000,38843.000000000,4,YM
2024-06-10T16:07:07.000000000Z,32,1,80420,38844.000000000,38844.000000000,38844.000000000,38844.000000000,1,YM
2024-06-10T16:07:09.000000000Z,32,1,80420,38843.000000000,38843.000000000,38843.000000000,38843.000000000,1,YM
2024-06-10T16:07:11.000000000Z,32,1,80420,38843.000000000,38843.000000000,38843.000000000,38843.000000000,2,YM
2024-06-10T16:07:12.000000000Z,32,1,80420,38844.000000000,38844.000000000,38844.000000000,38844.000000000,1,YM
2024-06-10T16:07:17.000000000Z,32,1,80420,38843.000000000,38843.000000000,38843.000000000,38843.000000000,3,YM
2024-06-10T16:07:18.000000000Z,32,1,80420,38843.000000000,38843.000000000,38843.000000000,38843.000000000,1,YM
2024-06-10T16:07:20.000000000Z,32,1,80420,38843.000000000,38843.000000000,38843.000000000,38843.000000000,4,YM
2024-06-10T16:07:21.000000000Z,32,1,80420,38842.000000000,38842.000000000,38842.000000000,38842.000000000,6,YM
2024-06-10T16:07:23.000000000Z,32,1,80420,38843.000000000,38843.000000000,38843.000000000,38843.000000000,1,YM
2024-06-10T16:07:24.000000000Z,32,1,80420,38844.000000000,38844.000000000,38844.000000000,38844.000000000,4,YM
2024-06-10T16:07:26.000000000Z,32,1,80420,38843.000000000,38843.000000000,38843.000000000,38843.000000000,1,YM
2024-06-10T16:07:27.000000000Z,32,1,80420,38843.000000000,38843.000000000,38842.000000000,38842.000000000,3,YM
2024-06-10T16:07:28.000000000Z,32,1,80420,38842.000000000,38842.000000000,38842.000000000,38842.000000000,5,YM
2024-06-10T16:07:29.000000000Z,32,1,80420,38842.000000000,38842.000000000,38842.000000000,38842.000000000,2,YM
2024-06-10T16:07:30.000000000Z,32,1,80420,38842.000000000,38843.000000000,38842.000000000,38843.000000000,4,YM
2024-06-10T16:07:35.000000000Z,32,1,80420,38843.000000000,38845.000000000,38843.000000000,38845.000000000,13,YM
2024-06-10T16:07:36.000000000Z,32,1,80420,38845.000000000,38845.000000000,38845.000000000,38845.000000000,1,YM
2024-06-10T16:07:37.000000000Z,32,1,80420,38844.000000000,38844.000000000,38844.000000000,38844.000000000,1,YM
2024-06-10T16:07:39.000000000Z,32,1,80420,38845.000000000,38845.000000000,38845.000000000,38845.000000000,3,YM
2024-06-10T16:07:40.000000000Z,32,1,80420,38844.000000000,38844.000000000,38844.000000000,38844.000000000,1,YM
2024-06-10T16:07:41.000000000Z,32,1,80420,38844.000000000,38844.000000000,38844.000000000,38844.000000000,1,YM
2024-06-10T16:07:42.000000000Z,32,1,80420,38842.000000000,38842.000000000,38841.000000000,38841.000000000,4,YM
2024-06-10T16:07:43.000000000Z,32,1,80420,38841.000000000,38841.000000000,38841.000000000,38841.000000000,1,YM
2024-06-10T16:07:44.000000000Z,32,1,80420,38840.000000000,38841.000000000,38840.000000000,38841.000000000,2,YM
2024-06-10T16:07:46.000000000Z,32,1,80420,38842.000000000,38842.000000000,38841.000000000,38841.000000000,3,YM
2024-06-10T16:07:50.000000000Z,32,1,80420,38842.000000000,38842.000000000,38842.000000000,38842.000000000,2,YM
2024-06-10T16:07:54.000000000Z,32,1,80420,38842.000000000,38842.000000000,38842.000000000,38842.000000000,5,YM
2024-06-10T16:07:55.000000000Z,32,1,80420,38843.000000000,38843.000000000,38843.000000000,38843.000000000,1,YM
2024-06-10T16:07:57.000000000Z,32,1,80420,38844.000000000,38844.000000000,38844.000000000,38844.000000000,1,YM
2024-06-10T16:07:59.000000000Z,32,1,80420,38845.000000000,38845.000000000,38845.000000000,38845.000000000,2,YM
2024-06-10T16:08:00.000000000Z,32,1,80420,38845.000000000,38845.000000000,38845.000000000,38845.000000000,7,YM
2024-06-10T16:08:03.000000000Z,32,1,80420,38844.000000000,38844.000000000,38843.000000000,38843.000000000,4,YM
2024-06-10T16:08:05.000000000Z,32,1,80420,38843.000000000,38843.000000000,38843.000000000,38843.000000000,1,YM
2024-06-10T16:08:07.000000000Z,32,1,80420,38843.000000000,38843.000000000,38843.000000000,38843.000000000,1,YM
2024-06-10T16:08:09.000000000Z,32,1,80420,38843.000000000,38843.000000000,38843.000000000,38843.000000000,3,YM
2024-06-10T16:08:10.000000000Z,32,1,80420,38843.000000000,38843.000000000,38843.000000000,38843.000000000,2,YM
2024-06-10T16:08:14.000000000Z,32,1,80420,38842.000000000,38842.000000000,38842.000000000,38842.000000000,7,YM
2024-06-10T16:08:16.000000000Z,32,1,80420,38842.000000000,38842.000000000,38842.000000000,38842.000000000,1,YM
2024-06-10T16:08:17.000000000Z,32,1,80420,38843.000000000,38843.000000000,38843.000000000,38843.000000000,1,YM
2024-06-10T16:08:18.000000000Z,32,1,80420,38842.000000000,38842.000000000,38842.000000000,38842.000000000,1,YM
2024-06-10T16:08:20.000000000Z,32,1,80420,38844.000000000,38844.000000000,38844.000000000,38844.000000000,1,YM
2024-06-10T16:08:23.000000000Z,32,1,80420,38843.000000000,38843.000000000,38843.000000000,38843.000000000,2,YM
2024-06-10T16:08:29.000000000Z,32,1,80420,38843.000000000,38843.000000000,38843.000000000,38843.000000000,3,YM
2024-06-10T16:08:30.000000000Z,32,1,80420,38842.000000000,38842.000000000,38842.000000000,38842.000000000,4,YM
2024-06-10T16:08:34.000000000Z,32,1,80420,38841.000000000,38841.000000000,38841.000000000,38841.000000000,3,YM
2024-06-10T16:08:37.000000000Z,32,1,80420,38841.000000000,38841.000000000,38841.000000000,38841.000000000,1,YM
2024-06-10T16:08:40.000000000Z,32,1,80420,38841.000000000,38841.000000000,38841.000000000,38841.000000000,5,YM
2024-06-10T16:08:41.000000000Z,32,1,80420,38840.000000000,38840.000000000,38839.000000000,38839.000000000,2,YM
2024-06-10T16:08:42.000000000Z,32,1,80420,38839.000000000,38839.000000000,38839.000000000,38839.000000000,1,YM
2024-06-10T16:08:43.000000000Z,32,1,80420,38839.000000000,38839.000000000,38839.000000000,38839.000000000,1,YM
2024-06-10T16:08:44.000000000Z,32,1,80420,38839.000000000,38839.000000000,38839.000000000,38839.000000000,1,YM
2024-06-10T16:08:45.000000000Z,32,1,80420,38840.000000000,38840.000000000,38840.000000000,38840.000000000,6,YM
2024-06-10T16:08:51.000000000Z,32,1,80420,38841.000000000,38841.000000000,38841.000000000,38841.000000000,5,YM
2024-06-10T16:08:52.000000000Z,32,1,80420,38841.000000000,38841.000000000,38840.000000000,38840.000000000,7,YM
2024-06-10T16:08:56.000000000Z,32,1,80420,38840.000000000,38840.000000000,38840.000000000,38840.000000000,2,YM
2024-06-10T16:08:58.000000000Z,32,1,80420,38841.000000000,38841.000000000,38841.000000000,38841.000000000,1,YM
2024-06-10T16:09:00.000000000Z,32,1,80420,38842.000000000,38842.000000000,38841.000000000,38841.000000000,4,YM
2024-06-10T16:09:04.000000000Z,32,1,80420,38840.000000000,38840.000000000,38840.000000000,38840.000000000,1,YM
2024-06-10T16:09:05.000000000Z,32,1,80420,38838.000000000,38838.000000000,38838.000000000,38838.000000000,2,YM
2024-06-10T16:09:06.000000000Z,32,1,80420,38837.000000000,38837.000000000,38837.000000000,38837.000000000,3,YM
2024-06-10T16:09:08.000000000Z,32,1,80420,38838.000000000,38838.000000000,38838.000000000,38838.000000000,2,YM
2024-06-10T16:09:09.000000000Z,32,1,80420,38839.000000000,38839.000000000,38839.000000000,38839.000000000,2,YM
2024-06-10T16:09:10.000000000Z,32,1,80420,38838.000000000,38838.000000000,38838.000000000,38838.000000000,1,YM
2024-06-10T16:09:11.000000000Z,32,1,80420,38839.000000000,38839.000000000,38839.000000000,38839.000000000,1,YM
2024-06-10T16:09:14.000000000Z,32,1,80420,38839.000000000,38839.000000000,38838.000000000,38838.000000000,5,YM
2024-06-10T16:09:15.000000000Z,32,1,80420,38838.000000000,38838.000000000,38838.000000000,38838.000000000,1,YM
2024-06-10T16:09:20.000000000Z,32,1,80420,38838.000000000,38838.000000000,38838.000000000,38838.000000000,1,YM
2024-06-10T16:09:22.000000000Z,32,1,80420,38837.000000000,38837.000000000,38837.000000000,38837.000000000,3,YM
2024-06-10T16:09:23.000000000Z,32,1,80420,38836.000000000,38836.000000000,38836.000000000,38836.000000000,2,YM
2024-06-10T16:09:24.000000000Z,32,1,80420,38837.000000000,38837.000000000,38836.000000000,38836.000000000,2,YM
2024-06-10T16:09:29.000000000Z,32,1,80420,38836.000000000,38836.000000000,38836.000000000,38836.000000000,1,YM
2024-06-10T16:09:30.000000000Z,32,1,80420,38835.000000000,38835.000000000,38835.000000000,38835.000000000,2,YM
2024-06-10T16:09:31.000000000Z,32,1,80420,38835.000000000,38835.000000000,38833.000000000,38833.000000000,6,YM
2024-06-10T16:09:32.000000000Z,32,1,80420,38834.000000000,38834.000000000,38834.000000000,38834.000000000,3,YM
2024-06-10T16:09:33.000000000Z,32,1,80420,38835.000000000,38835.000000000,38835.000000000,38835.000000000,1,YM
2024-06-10T16:09:34.000000000Z,32,1,80420,38835.000000000,38835.000000000,38835.000000000,38835.000000000,1,YM
2024-06-10T16:09:37.000000000Z,32,1,80420,38835.000000000,38835.000000000,38835.000000000,38835.000000000,1,YM
2024-06-10T16:09:39.000000000Z,32,1,80420,38834.000000000,38834.000000000,38834.000000000,38834.000000000,4,YM
2024-06-10T16:09:42.000000000Z,32,1,80420,38836.000000000,38836.000000000,38835.000000000,38835.000000000,22,YM
2024-06-10T16:09:43.000000000Z,32,1,80420,38835.000000000,38835.000000000,38835.000000000,38835.000000000,2,YM
2024-06-10T16:09:44.000000000Z,32,1,80420,38835.000000000,38836.000000000,38835.000000000,38836.000000000,2,YM
2024-06-10T16:09:47.000000000Z,32,1,80420,38837.000000000,38837.000000000,38837.000000000,38837.000000000,1,YM
2024-06-10T16:09:48.000000000Z,32,1,80420,38837.000000000,38837.000000000,38837.000000000,38837.000000000,2,YM
2024-06-10T16:09:49.000000000Z,32,1,80420,38837.000000000,38838.000000000,38837.000000000,38837.000000000,11,YM
2024-06-10T16:09:50.000000000Z,32,1,80420,38838.000000000,38838.000000000,38838.000000000,38838.000000000,3,YM
2024-06-10T16:09:55.000000000Z,32,1,80420,38838.000000000,38838.000000000,38838.000000000,38838.000000000,1,YM
2024-06-10T16:09:56.000000000Z,32,1,80420,38838.000000000,38838.000000000,38838.000000000,38838.000000000,4,YM
2024-06-10T16:09:57.000000000Z,32,1,80420,38838.000000000,38838.000000000,38838.000000000,38838.000000000,7,YM
2024-06-10T16:09:59.000000000Z,32,1,80420,38839.000000000,38839.000000000,38839.000000000,38839.000000000,1,YM
2024-06-10T16:10:00.000000000Z,32,1,80420,38840.000000000,38842.000000000,38840.000000000,38841.000000000,17,YM
2024-06-10T16:10:04.000000000Z,32,1,80420,38841.000000000,38841.000000000,38841.000000000,38841.000000000,4,YM
2024-06-10T16:10:06.000000000Z,32,1,80420,38841.000000000,38841.000000000,38841.000000000,38841.000000000,2,YM
2024-06-10T16:10:08.000000000Z,32,1,80420,38840.000000000,38840.000000000,38839.000000000,38839.000000000,4,YM
2024-06-10T16:10:09.000000000Z,32,1,80420,38838.000000000,38838.000000000,38838.000000000,38838.000000000,2,YM
2024-06-10T16:10:11.000000000Z,32,1,80420,38838.000000000,38838.000000000,38838.000000000,38838.000000000,2,YM
2024-06-10T16:10:12.000000000Z,32,1,80420,38838.000000000,38838.000000000,38838.000000000,38838.000000000,3,YM
2024-06-10T16:10:13.000000000Z,32,1,80420,38839.000000000,38839.000000000,38839.000000000,38839.000000000,1,YM
2024-06-10T16:10:14.000000000Z,32,1,80420,38841.000000000,38841.000000000,38841.000000000,38841.000000000,4,YM
2024-06-10T16:10:15.000000000Z,32,1,80420,38842.000000000,38842.000000000,38842.000000000,38842.000000000,2,YM
2024-06-10T16:10:16.000000000Z,32,1,80420,38842.000000000,38842.000000000,38842.000000000,38842.000000000,1,YM
2024-06-10T16:10:17.000000000Z,32,1,80420,38843.000000000,38845.000000000,38843.000000000,38844.000000000,18,YM
2024-06-10T16:10:19.000000000Z,32,1,80420,38845.000000000,38845.000000000,38845.000000000,38845.000000000,2,YM
2024-06-10T16:10:22.000000000Z,32,1,80420,38844.000000000,38844.000000000,38844.000000000,38844.000000000,5,YM
2024-06-10T16:10:26.000000000Z,32,1,80420,38844.000000000,38844.000000000,38844.000000000,38844.000000000,5,YM
2024-06-10T16:10:29.000000000Z,32,1,80420,38843.000000000,38843.000000000,38843.000000000,38843.000000000,1,YM
2024-06-10T16:10:30.000000000Z,32,1,80420,38844.000000000,38844.000000000,38844.000000000,38844.000000000,1,YM
2024-06-10T16:10:32.000000000Z,32,1,80420,38843.000000000,38844.000000000,38843.000000000,38844.000000000,2,YM
2024-06-10T16:10:33.000000000Z,32,1,80420,38844.000000000,38844.000000000,38844.000000000,38844.000000000,2,YM
2024-06-10T16:10:37.000000000Z,32,1,80420,38844.000000000,38844.000000000,38844.000000000,38844.000000000,5,YM
2024-06-10T16:10:38.000000000Z,32,1,80420,38843.000000000,38843.000000000,38843.000000000,38843.000000000,3,YM
2024-06-10T16:10:40.000000000Z,32,1,80420,38844.000000000,38844.000000000,38843.000000000,38843.000000000,3,YM
2024-06-10T16:10:42.000000000Z,32,1,80420,38843.000000000,38843.000000000,38843.000000000,38843.000000000,4,YM
2024-06-10T16:10:43.000000000Z,32,1,80420,38842.000000000,38842.000000000,38842.000000000,38842.000000000,1,YM
2024-06-10T16:10:46.000000000Z,32,1,80420,38838.000000000,38838.000000000,38838.000000000,38838.000000000,1,YM
2024-06-10T16:10:53.000000000Z,32,1,80420,38838.000000000,38838.000000000,38838.000000000,38838.000000000,1,YM
2024-06-10T16:10:54.000000000Z,32,1,80420,38838.000000000,38838.000000000,38838.000000000,38838.000000000,1,YM
2024-06-10T16:10:56.000000000Z,32,1,80420,38838.000000000,38838.000000000,38838.000000000,38838.000000000,1,YM
2024-06-10T16:11:00.000000000Z,32,1,80420,38838.000000000,38838.000000000,38838.000000000,38838.000000000,1,YM
2024-06-10T16:11:01.000000000Z,32,1,80420,38838.000000000,38838.000000000,38838.000000000,38838.000000000,1,YM
2024-06-10T16:11:02.000000000Z,32,1,80420,38838.000000000,38838.000000000,38838.000000000,38838.000000000,5,YM
2024-06-10T16:11:06.000000000Z,32,1,80420,38839.000000000,38840.000000000,38839.000000000,38840.000000000,9,YM
2024-06-10T16:11:09.000000000Z,32,1,80420,38841.000000000,38841.000000000,38841.000000000,38841.000000000,1,YM
2024-06-10T16:11:10.000000000Z,32,1,80420,38840.000000000,38840.000000000,38840.000000000,38840.000000000,1,YM
2024-06-10T16:11:12.000000000Z,32,1,80420,38840.000000000,38840.000000000,38840.000000000,38840.000000000,1,YM
2024-06-10T16:11:13.000000000Z,32,1,80420,38839.000000000,38839.000000000,38839.000000000,38839.000000000,1,YM
2024-06-10T16:11:15.000000000Z,32,1,80420,38839.000000000,38839.000000000,38839.000000000,38839.000000000,1,YM
2024-06-10T16:11:16.000000000Z,32,1,80420,38839.000000000,38839.000000000,38839.000000000,38839.000000000,2,YM
2024-06-10T16:11:17.000000000Z,32,1,80420,38839.000000000,38839.000000000,38838.000000000,38838.000000000,6,YM
2024-06-10T16:11:19.000000000Z,32,1,80420,38837.000000000,38837.000000000,38837.000000000,38837.000000000,7,YM
2024-06-10T16:11:22.000000000Z,32,1,80420,38837.000000000,38837.000000000,38837.000000000,38837.000000000,2,YM
2024-06-10T16:11:23.000000000Z,32,1,80420,38837.000000000,38837.000000000,38837.000000000,38837.000000000,1,YM
2024-06-10T16:11:24.000000000Z,32,1,80420,38837.000000000,38837.000000000,38837.000000000,38837.000000000,2,YM
2024-06-10T16:11:30.000000000Z,32,1,80420,38838.000000000,38839.000000000,38838.000000000,38839.000000000,2,YM
2024-06-10T16:11:33.000000000Z,32,1,80420,38839.000000000,38839.000000000,38839.000000000,38839.000000000,1,YM
2024-06-10T16:11:34.000000000Z,32,1,80420,38839.000000000,38839.000000000,38839.000000000,38839.000000000,1,YM
2024-06-10T16:11:39.000000000Z,32,1,80420,38840.000000000,38840.000000000,38840.000000000,38840.000000000,5,YM
2024-06-10T16:11:40.000000000Z,32,1,80420,38839.000000000,38839.000000000,38839.000000000,38839.000000000,1,YM
2024-06-10T16:11:46.000000000Z,32,1,80420,38839.000000000,38839.000000000,38839.000000000,38839.000000000,3,YM
2024-06-10T16:11:54.000000000Z,32,1,80420,38838.000000000,38838.000000000,38838.000000000,38838.000000000,2,YM
2024-06-10T16:11:56.000000000Z,32,1,80420,38839.000000000,38840.000000000,38839.000000000,38840.000000000,8,YM
2024-06-10T16:11:57.000000000Z,32,1,80420,38839.000000000,38839.000000000,38839.000000000,38839.000000000,1,YM
2024-06-10T16:11:58.000000000Z,32,1,80420,38840.000000000,38840.000000000,38840.000000000,38840.000000000,1,YM
2024-06-10T16:12:00.000000000Z,32,1,80420,38839.000000000,38839.000000000,38838.000000000,38838.000000000,2,YM
2024-06-10T16:12:01.000000000Z,32,1,80420,38838.000000000,38838.000000000,38838.000000000,38838.000000000,1,YM
2024-06-10T16:12:02.000000000Z,32,1,80420,38837.000000000,38837.000000000,38837.000000000,38837.000000000,2,YM
2024-06-10T16:12:03.000000000Z,32,1,80420,38837.000000000,38837.000000000,38837.000000000,38837.000000000,1,YM
2024-06-10T16:12:04.000000000Z,32,1,80420,38836.000000000,38836.000000000,38835.000000000,38836.000000000,8,YM
2024-06-10T16:12:05.000000000Z,32,1,80420,38835.000000000,38835.000000000,38835.000000000,38835.000000000,6,YM
2024-06-10T16:12:07.000000000Z,32,1,80420,38835.000000000,38836.000000000,38835.000000000,38836.000000000,2,YM
2024-06-10T16:12:08.000000000Z,32,1,80420,38836.000000000,38836.000000000,38836.000000000,38836.000000000,2,YM
2024-06-10T16:12:09.000000000Z,32,1,80420,38836.000000000,38836.000000000,38836.000000000,38836.000000000,1,YM
2024-06-10T16:12:11.000000000Z,32,1,80420,38835.000000000,38836.000000000,38835.000000000,38836.000000000,3,YM
2024-06-10T16:12:15.000000000Z,32,1,80420,38836.000000000,38836.000000000,38836.000000000,38836.000000000,2,YM
2024-06-10T16:12:17.000000000Z,32,1,80420,38834.000000000,38834.000000000,38834.000000000,38834.000000000,1,YM
2024-06-10T16:12:23.000000000Z,32,1,80420,38834.000000000,38834.000000000,38834.000000000,38834.000000000,1,YM
2024-06-10T16:12:25.000000000Z,32,1,80420,38834.000000000,38834.000000000,38834.000000000,38834.000000000,4,YM
2024-06-10T16:12:26.000000000Z,32,1,80420,38833.000000000,38833.000000000,38832.000000000,38832.000000000,3,YM
2024-06-10T16:12:27.000000000Z,32,1,80420,38832.000000000,38832.000000000,38832.000000000,38832.000000000,2,YM
2024-06-10T16:12:30.000000000Z,32,1,80420,38832.000000000,38832.000000000,38832.000000000,38832.000000000,1,YM
2024-06-10T16:12:31.000000000Z,32,1,80420,38831.000000000,38831.000000000,38831.000000000,38831.000000000,1,YM
2024-06-10T16:12:32.000000000Z,32,1,80420,38831.000000000,38832.000000000,38830.000000000,38832.000000000,10,YM
2024-06-10T16:12:34.000000000Z,32,1,80420,38831.000000000,38831.000000000,38831.000000000,38831.000000000,3,YM
2024-06-10T16:12:35.000000000Z,32,1,80420,38832.000000000,38832.000000000,38832.000000000,38832.000000000,1,YM
2024-06-10T16:12:36.000000000Z,32,1,80420,38832.000000000,38832.000000000,38832.000000000,38832.000000000,6,YM
2024-06-10T16:12:37.000000000Z,32,1,80420,38833.000000000,38833.000000000,38833.000000000,38833.000000000,5,YM
2024-06-10T16:12:39.000000000Z,32,1,80420,38833.000000000,38833.000000000,38833.000000000,38833.000000000,1,YM
2024-06-10T16:12:40.000000000Z,32,1,80420,38833.000000000,38833.000000000,38833.000000000,38833.000000000,1,YM
2024-06-10T16:12:41.000000000Z,32,1,80420,38833.000000000,38833.000000000,38833.000000000,38833.000000000,1,YM
2024-06-10T16:12:42.000000000Z,32,1,80420,38833.000000000,38833.000000000,38833.000000000,38833.000000000,1,YM
2024-06-10T16:12:43.000000000Z,32,1,80420,38833.000000000,38833.000000000,38832.000000000,38832.000000000,2,YM
2024-06-10T16:12:45.000000000Z,32,1,80420,38834.000000000,38834.000000000,38833.000000000,38833.000000000,3,YM
2024-06-10T16:12:47.000000000Z,32,1,80420,38832.000000000,38832.000000000,38832.000000000,38832.000000000,4,YM
2024-06-10T16:12:48.000000000Z,32,1,80420,38832.000000000,38832.000000000,38832.000000000,38832.000000000,1,YM
2024-06-10T16:12:50.000000000Z,32,1,80420,38830.000000000,38831.000000000,38830.000000000,38831.000000000,2,YM
2024-06-10T16:12:53.000000000Z,32,1,80420,38832.000000000,38832.000000000,38832.000000000,38832.000000000,2,YM
2024-06-10T16:12:54.000000000Z,32,1,80420,38832.000000000,38832.000000000,38832.000000000,38832.000000000,1,YM
2024-06-10T16:12:55.000000000Z,32,1,80420,38832.000000000,38833.000000000,38832.000000000,38833.000000000,2,YM
2024-06-10T16:12:57.000000000Z,32,1,80420,38832.000000000,38832.000000000,38831.000000000,38831.000000000,3,YM
2024-06-10T16:12:58.000000000Z,32,1,80420,38833.000000000,38833.000000000,38833.000000000,38833.000000000,4,YM
2024-06-10T16:12:59.000000000Z,32,1,80420,38834.000000000,38834.000000000,38834.000000000,38834.000000000,1,YM
2024-06-10T16:13:01.000000000Z,32,1,80420,38835.000000000,38835.000000000,38835.000000000,38835.000000000,1,YM
2024-06-10T16:13:03.000000000Z,32,1,80420,38835.000000000,38835.000000000,38835.000000000,38835.000000000,3,YM
2024-06-10T16:13:08.000000000Z,32,1,80420,38836.000000000,38836.000000000,38836.000000000,38836.000000000,5,YM
2024-06-10T16:13:09.000000000Z,32,1,80420,38835.000000000,38835.000000000,38835.000000000,38835.000000000,2,YM
2024-06-10T16:13:10.000000000Z,32,1,80420,38835.000000000,38835.000000000,38835.000000000,38835.000000000,4,YM
2024-06-10T16:13:12.000000000Z,32,1,80420,38836.000000000,38837.000000000,38836.000000000,38837.000000000,2,YM
2024-06-10T16:13:14.000000000Z,32,1,80420,38838.000000000,38838.000000000,38838.000000000,38838.000000000,3,YM
2024-06-10T16:13:15.000000000Z,32,1,80420,38839.000000000,38839.000000000,38839.000000000,38839.000000000,1,YM
2024-06-10T16:13:18.000000000Z,32,1,80420,38839.000000000,38839.000000000,38838.000000000,38838.000000000,4,YM
2024-06-10T16:13:20.000000000Z,32,1,80420,38837.000000000,38837.000000000,38837.000000000,38837.000000000,2,YM
2024-06-10T16:13:23.000000000Z,32,1,80420,38836.000000000,38836.000000000,38836.000000000,38836.000000000,2,YM
2024-06-10T16:13:28.000000000Z,32,1,80420,38836.000000000,38836.000000000,38836.000000000,38836.000000000,1,YM
2024-06-10T16:13:30.000000000Z,32,1,80420,38837.000000000,38837.000000000,38837.000000000,38837.000000000,2,YM
2024-06-10T16:13:33.000000000Z,32,1,80420,38836.000000000,38836.000000000,38836.000000000,38836.000000000,2,YM
2024-06-10T16:13:34.000000000Z,32,1,80420,38837.000000000,38837.000000000,38837.000000000,38837.000000000,1,YM
2024-06-10T16:13:48.000000000Z,32,1,80420,38837.000000000,38837.000000000,38836.000000000,38836.000000000,5,YM
2024-06-10T16:13:49.000000000Z,32,1,80420,38836.000000000,38836.000000000,38836.000000000,38836.000000000,3,YM
2024-06-10T16:13:51.000000000Z,32,1,80420,38836.000000000,38836.000000000,38836.000000000,38836.000000000,1,YM
2024-06-10T16:13:52.000000000Z,32,1,80420,38836.000000000,38836.000000000,38835.000000000,38835.000000000,2,YM
2024-06-10T16:13:53.000000000Z,32,1,80420,38835.000000000,38835.000000000,38835.000000000,38835.000000000,1,YM
2024-06-10T16:13:54.000000000Z,32,1,80420,38835.000000000,38835.000000000,38835.000000000,38835.000000000,1,YM
2024-06-10T16:13:55.000000000Z,32,1,80420,38834.000000000,38834.000000000,38834.000000000,38834.000000000,1,YM
2024-06-10T16:14:01.000000000Z,32,1,80420,38837.000000000,38837.000000000,38837.000000000,38837.000000000,3,YM
2024-06-10T16:14:08.000000000Z,32,1,80420,38838.000000000,38839.000000000,38838.000000000,38839.000000000,5,YM
2024-06-10T16:14:09.000000000Z,32,1,80420,38840.000000000,38840.000000000,38840.000000000,38840.000000000,4,YM
2024-06-10T16:14:10.000000000Z,32,1,80420,38840.000000000,38840.000000000,38840.000000000,38840.000000000,1,YM
2024-06-10T16:14:20.000000000Z,32,1,80420,38840.000000000,38840.000000000,38840.000000000,38840.000000000,1,YM
2024-06-10T16:14:28.000000000Z,32,1,80420,38838.000000000,38838.000000000,38838.000000000,38838.000000000,1,YM
2024-06-10T16:14:29.000000000Z,32,1,80420,38838.000000000,38838.000000000,38838.000000000,38838.000000000,2,YM
2024-06-10T16:14:30.000000000Z,32,1,80420,38838.000000000,38838.000000000,38838.000000000,38838.000000000,1,YM
2024-06-10T16:14:37.000000000Z,32,1,80420,38839.000000000,38839.000000000,38839.000000000,38839.000000000,1,YM
2024-06-10T16:14:38.000000000Z,32,1,80420,38841.000000000,38841.000000000,38841.000000000,38841.000000000,1,YM
2024-06-10T16:14:39.000000000Z,32,1,80420,38841.000000000,38841.000000000,38841.000000000,38841.000000000,1,YM
2024-06-10T16:14:40.000000000Z,32,1,80420,38840.000000000,38840.000000000,38840.000000000,38840.000000000,1,YM
2024-06-10T16:14:48.000000000Z,32,1,80420,38842.000000000,38843.000000000,38842.000000000,38843.000000000,5,YM
2024-06-10T16:14:49.000000000Z,32,1,80420,38844.000000000,38844.000000000,38844.000000000,38844.000000000,1,YM
2024-06-10T16:14:50.000000000Z,32,1,80420,38843.000000000,38843.000000000,38843.000000000,38843.000000000,1,YM
2024-06-10T16:14:52.000000000Z,32,1,80420,38844.000000000,38844.000000000,38844.000000000,38844.000000000,1,YM
2024-06-10T16:14:54.000000000Z,32,1,80420,38844.000000000,38844.000000000,38844.000000000,38844.000000000,2,YM
2024-06-10T16:14:57.000000000Z,32,1,80420,38844.000000000,38844.000000000,38844.000000000,38844.000000000,1,YM
2024-06-10T16:14:59.000000000Z,32,1,80420,38843.000000000,38843.000000000,38843.000000000,38843.000000000,3,YM
2024-06-10T16:15:00.000000000Z,32,1,80420,38843.000000000,38844.000000000,38843.000000000,38844.000000000,6,YM
2024-06-10T16:15:01.000000000Z,32,1,80420,38844.000000000,38845.000000000,38844.000000000,38845.000000000,2,YM
2024-06-10T16:15:03.000000000Z,32,1,80420,38845.000000000,38845.000000000,38845.000000000,38845.000000000,2,YM
2024-06-10T16:15:04.000000000Z,32,1,80420,38846.000000000,38846.000000000,38846.000000000,38846.000000000,1,YM
2024-06-10T16:15:05.000000000Z,32,1,80420,38845.000000000,38845.000000000,38845.000000000,38845.000000000,4,YM
2024-06-10T16:15:06.000000000Z,32,1,80420,38845.000000000,38845.000000000,38845.000000000,38845.000000000,1,YM
2024-06-10T16:15:07.000000000Z,32,1,80420,38846.000000000,38846.000000000,38846.000000000,38846.000000000,1,YM
2024-06-10T16:15:08.000000000Z,32,1,80420,38847.000000000,38847.000000000,38845.000000000,38845.000000000,8,YM
2024-06-10T16:15:09.000000000Z,32,1,80420,38844.000000000,38844.000000000,38844.000000000,38844.000000000,7,YM
2024-06-10T16:15:10.000000000Z,32,1,80420,38845.000000000,38845.000000000,38845.000000000,38845.000000000,4,YM
2024-06-10T16:15:14.000000000Z,32,1,80420,38845.000000000,38845.000000000,38845.000000000,38845.000000000,1,YM
2024-06-10T16:15:19.000000000Z,32,1,80420,38844.000000000,38844.000000000,38844.000000000,38844.000000000,3,YM
2024-06-10T16:15:21.000000000Z,32,1,80420,38845.000000000,38845.000000000,38845.000000000,38845.000000000,2,YM
2024-06-10T16:15:25.000000000Z,32,1,80420,38844.000000000,38844.000000000,38844.000000000,38844.000000000,1,YM
2024-06-10T16:15:29.000000000Z,32,1,80420,38843.000000000,38843.000000000,38843.000000000,38843.000000000,2,YM
2024-06-10T16:15:30.000000000Z,32,1,80420,38842.000000000,38842.000000000,38842.000000000,38842.000000000,1,YM
2024-06-10T16:15:35.000000000Z,32,1,80420,38841.000000000,38841.000000000,38841.000000000,38841.000000000,2,YM
2024-06-10T16:15:40.000000000Z,32,1,80420,38841.000000000,38841.000000000,38841.000000000,38841.000000000,1,YM
2024-06-10T16:15:43.000000000Z,32,1,80420,38842.000000000,38844.000000000,38842.000000000,38844.000000000,9,YM
2024-06-10T16:15:44.000000000Z,32,1,80420,38843.000000000,38843.000000000,38842.000000000,38842.000000000,3,YM
2024-06-10T16:15:45.000000000Z,32,1,80420,38842.000000000,38843.000000000,38842.000000000,38843.000000000,6,YM
2024-06-10T16:15:46.000000000Z,32,1,80420,38843.000000000,38843.000000000,38843.000000000,38843.000000000,1,YM
2024-06-10T16:15:48.000000000Z,32,1,80420,38842.000000000,38842.000000000,38842.000000000,38842.000000000,1,YM
2024-06-10T16:15:52.000000000Z,32,1,80420,38841.000000000,38841.000000000,38841.000000000,38841.000000000,2,YM
2024-06-10T16:15:53.000000000Z,32,1,80420,38842.000000000,38842.000000000,38842.000000000,38842.000000000,1,YM
2024-06-10T16:15:54.000000000Z,32,1,80420,38841.000000000,38841.000000000,38841.000000000,38841.000000000,1,YM
2024-06-10T16:16:00.000000000Z,32,1,80420,38842.000000000,38842.000000000,38842.000000000,38842.000000000,1,YM
2024-06-10T16:16:02.000000000Z,32,1,80420,38843.000000000,38844.000000000,38843.000000000,38844.000000000,2,YM
2024-06-10T16:16:05.000000000Z,32,1,80420,38845.000000000,38845.000000000,38845.000000000,38845.000000000,4,YM
2024-06-10T16:16:08.000000000Z,32,1,80420,38846.000000000,38846.000000000,38846.000000000,38846.000000000,2,YM
2024-06-10T16:16:10.000000000Z,32,1,80420,38845.000000000,38846.000000000,38845.000000000,38846.000000000,4,YM
2024-06-10T16:16:13.000000000Z,32,1,80420,38846.000000000,38846.000000000,38845.000000000,38845.000000000,4,YM
2024-06-10T16:16:14.000000000Z,32,1,80420,38845.000000000,38845.000000000,38845.000000000,38845.000000000,1,YM
2024-06-10T16:16:15.000000000Z,32,1,80420,38844.000000000,38844.000000000,38844.000000000,38844.000000000,1,YM
2024-06-10T16:16:18.000000000Z,32,1,80420,38845.000000000,38845.000000000,38845.000000000,38845.000000000,1,YM
2024-06-10T16:16:19.000000000Z,32,1,80420,38844.000000000,38844.000000000,38844.000000000,38844.000000000,1,YM
2024-06-10T16:16:20.000000000Z,32,1,80420,38844.000000000,38844.000000000,38844.000000000,38844.000000000,1,YM
2024-06-10T16:16:24.000000000Z,32,1,80420,38845.000000000,38845.000000000,38845.000000000,38845.000000000,2,YM
2024-06-10T16:16:27.000000000Z,32,1,80420,38845.000000000,38848.000000000,38845.000000000,38848.000000000,43,YM
2024-06-10T16:16:28.000000000Z,32,1,80420,38849.000000000,38849.000000000,38848.000000000,38848.000000000,9,YM
2024-06-10T16:16:29.000000000Z,32,1,80420,38846.000000000,38847.000000000,38846.000000000,38847.000000000,7,YM
2024-06-10T16:16:30.000000000Z,32,1,80420,38847.000000000,38848.000000000,38846.000000000,38846.000000000,5,YM
2024-06-10T16:16:32.000000000Z,32,1,80420,38845.000000000,38846.000000000,38844.000000000,38844.000000000,6,YM
2024-06-10T16:16:35.000000000Z,32,1,80420,38845.000000000,38845.000000000,38845.000000000,38845.000000000,1,YM
2024-06-10T16:16:39.000000000Z,32,1,80420,38846.000000000,38846.000000000,38846.000000000,38846.000000000,1,YM
2024-06-10T16:16:41.000000000Z,32,1,80420,38846.000000000,38846.000000000,38845.000000000,38845.000000000,4,YM
2024-06-10T16:16:44.000000000Z,32,1,80420,38845.000000000,38845.000000000,38845.000000000,38845.000000000,2,YM
2024-06-10T16:16:45.000000000Z,32,1,80420,38845.000000000,38845.000000000,38845.000000000,38845.000000000,1,YM
2024-06-10T16:16:49.000000000Z,32,1,80420,38844.000000000,38844.000000000,38844.000000000,38844.000000000,2,YM
2024-06-10T16:16:56.000000000Z,32,1,80420,38844.000000000,38844.000000000,38844.000000000,38844.000000000,1,YM
2024-06-10T16:16:59.000000000Z,32,1,80420,38842.000000000,38842.000000000,38842.000000000,38842.000000000,3,YM
2024-06-10T16:17:00.000000000Z,32,1,80420,38842.000000000,38842.000000000,38841.000000000,38841.000000000,3,YM
2024-06-10T16:17:01.000000000Z,32,1,80420,38841.000000000,38841.000000000,38841.000000000,38841.000000000,1,YM
2024-06-10T16:17:02.000000000Z,32,1,80420,38841.000000000,38841.000000000,38841.000000000,38841.000000000,2,YM
2024-06-10T16:17:05.000000000Z,32,1,80420,38842.000000000,38842.000000000,38842.000000000,38842.000000000,1,YM
2024-06-10T16:17:07.000000000Z,32,1,80420,38843.000000000,38843.000000000,38843.000000000,38843.000000000,2,YM
2024-06-10T16:17:08.000000000Z,32,1,80420,38842.000000000,38842.000000000,38842.000000000,38842.000000000,2,YM
2024-06-10T16:17:16.000000000Z,32,1,80420,38842.000000000,38842.000000000,38842.000000000,38842.000000000,2,YM
2024-06-10T16:17:20.000000000Z,32,1,80420,38845.000000000,38845.000000000,38845.000000000,38845.000000000,1,YM
2024-06-10T16:17:21.000000000Z,32,1,80420,38846.000000000,38846.000000000,38846.000000000,38846.000000000,2,YM
2024-06-10T16:17:22.000000000Z,32,1,80420,38845.000000000,38845.000000000,38845.000000000,38845.000000000,4,YM
2024-06-10T16:17:23.000000000Z,32,1,80420,38846.000000000,38846.000000000,38846.000000000,38846.000000000,2,YM
2024-06-10T16:17:24.000000000Z,32,1,80420,38845.000000000,38845.000000000,38845.000000000,38845.000000000,1,YM
2024-06-10T16:17:26.000000000Z,32,1,80420,38845.000000000,38845.000000000,38845.000000000,38845.000000000,3,YM
2024-06-10T16:17:27.000000000Z,32,1,80420,38845.000000000,38845.000000000,38845.000000000,38845.000000000,1,YM
2024-06-10T16:17:30.000000000Z,32,1,80420,38845.000000000,38845.000000000,38845.000000000,38845.000000000,1,YM
2024-06-10T16:17:31.000000000Z,32,1,80420,38846.000000000,38846.000000000,38846.000000000,38846.000000000,2,YM
2024-06-10T16:17:32.000000000Z,32,1,80420,38846.000000000,38846.000000000,38846.000000000,38846.000000000,1,YM
2024-06-10T16:17:35.000000000Z,32,1,80420,38846.000000000,38846.000000000,38846.000000000,38846.000000000,1,YM
2024-06-10T16:17:36.000000000Z,32,1,80420,38847.000000000,38847.000000000,38847.000000000,38847.000000000,2,YM
2024-06-10T16:17:37.000000000Z,32,1,80420,38846.000000000,38846.000000000,38846.000000000,38846.000000000,3,YM
2024-06-10T16:17:38.000000000Z,32,1,80420,38846.000000000,38846.000000000,38846.000000000,38846.000000000,1,YM
2024-06-10T16:17:39.000000000Z,32,1,80420,38845.000000000,38845.000000000,38845.000000000,38845.000000000,1,YM
2024-06-10T16:17:43.000000000Z,32,1,80420,38845.000000000,38845.000000000,38845.000000000,38845.000000000,1,YM
2024-06-10T16:17:47.000000000Z,32,1,80420,38845.000000000,38845.000000000,38845.000000000,38845.000000000,3,YM
2024-06-10T16:17:50.000000000Z,32,1,80420,38844.000000000,38844.000000000,38844.000000000,38844.000000000,1,YM
2024-06-10T16:17:53.000000000Z,32,1,80420,38844.000000000,38844.000000000,38844.000000000,38844.000000000,3,YM
2024-06-10T16:17:58.000000000Z,32,1,80420,38843.000000000,38843.000000000,38843.000000000,38843.000000000,5,YM
2024-06-10T16:17:59.000000000Z,32,1,80420,38842.000000000,38842.000000000,38842.000000000,38842.000000000,2,YM
2024-06-10T16:18:00.000000000Z,32,1,80420,38841.000000000,38841.000000000,38841.000000000,38841.000000000,1,YM
2024-06-10T16:18:01.000000000Z,32,1,80420,38840.000000000,38841.000000000,38840.000000000,38841.000000000,2,YM
2024-06-10T16:18:02.000000000Z,32,1,80420,38840.000000000,38840.000000000,38840.000000000,38840.000000000,1,YM
2024-06-10T16:18:03.000000000Z,32,1,80420,38840.000000000,38840.000000000,38840.000000000,38840.000000000,2,YM
2024-06-10T16:18:04.000000000Z,32,1,80420,38840.000000000,38840.000000000,38840.000000000,38840.000000000,1,YM
2024-06-10T16:18:05.000000000Z,32,1,80420,38840.000000000,38840.000000000,38840.000000000,38840.000000000,1,YM
2024-06-10T16:18:10.000000000Z,32,1,80420,38841.000000000,38841.000000000,38841.000000000,38841.000000000,2,YM
2024-06-10T16:18:15.000000000Z,32,1,80420,38841.000000000,38841.000000000,38841.000000000,38841.000000000,1,YM
2024-06-10T16:18:16.000000000Z,32,1,80420,38840.000000000,38840.000000000,38840.000000000,38840.000000000,2,YM
2024-06-10T16:18:17.000000000Z,32,1,80420,38841.000000000,38841.000000000,38841.000000000,38841.000000000,1,YM
2024-06-10T16:18:21.000000000Z,32,1,80420,38840.000000000,38840.000000000,38840.000000000,38840.000000000,1,YM
2024-06-10T16:18:22.000000000Z,32,1,80420,38840.000000000,38840.000000000,38840.000000000,38840.000000000,2,YM
2024-06-10T16:18:23.000000000Z,32,1,80420,38842.000000000,38842.000000000,38842.000000000,38842.000000000,1,YM
2024-06-10T16:18:24.000000000Z,32,1,80420,38842.000000000,38843.000000000,38842.000000000,38843.000000000,10,YM
2024-06-10T16:18:25.000000000Z,32,1,80420,38844.000000000,38846.000000000,38844.000000000,38846.000000000,3,YM
2024-06-10T16:18:26.000000000Z,32,1,80420,38846.000000000,38846.000000000,38846.000000000,38846.000000000,1,YM
2024-06-10T16:18:28.000000000Z,32,1,80420,38846.000000000,38846.000000000,38846.000000000,38846.000000000,7,YM
2024-06-10T16:18:35.000000000Z,32,1,80420,38845.000000000,38845.000000000,38844.000000000,38844.000000000,2,YM
2024-06-10T16:18:40.000000000Z,32,1,80420,38845.000000000,38845.000000000,38845.000000000,38845.000000000,1,YM
2024-06-10T16:18:42.000000000Z,32,1,80420,38845.000000000,38846.000000000,38845.000000000,38846.000000000,4,YM
2024-06-10T16:18:43.000000000Z,32,1,80420,38846.000000000,38846.000000000,38846.000000000,38846.000000000,1,YM
2024-06-10T16:18:48.000000000Z,32,1,80420,38846.000000000,38847.000000000,38846.000000000,38847.000000000,21,YM
2024-06-10T16:18:50.000000000Z,32,1,80420,38846.000000000,38846.000000000,38845.000000000,38846.000000000,6,YM
2024-06-10T16:18:52.000000000Z,32,1,80420,38845.000000000,38845.000000000,38845.000000000,38845.000000000,1,YM
2024-06-10T16:18:55.000000000Z,32,1,80420,38845.000000000,38845.000000000,38844.000000000,38844.000000000,4,YM
2024-06-10T16:18:56.000000000Z,32,1,80420,38844.000000000,38844.000000000,38844.000000000,38844.000000000,3,YM
2024-06-10T16:18:58.000000000Z,32,1,80420,38842.000000000,38842.000000000,38842.000000000,38842.000000000,3,YM
2024-06-10T16:18:59.000000000Z,32,1,80420,38840.000000000,38840.000000000,38840.000000000,38840.000000000,1,YM
2024-06-10T16:19:00.000000000Z,32,1,80420,38840.000000000,38840.000000000,38839.000000000,38839.000000000,3,YM
2024-06-10T16:19:01.000000000Z,32,1,80420,38839.000000000,38839.000000000,38838.000000000,38838.000000000,2,YM
2024-06-10T16:19:02.000000000Z,32,1,80420,38838.000000000,38839.000000000,38838.000000000,38839.000000000,6,YM
2024-06-10T16:19:03.000000000Z,32,1,80420,38838.000000000,38838.000000000,38838.000000000,38838.000000000,2,YM
2024-06-10T16:19:05.000000000Z,32,1,80420,38839.000000000,38839.000000000,38839.000000000,38839.000000000,1,YM
2024-06-10T16:19:07.000000000Z,32,1,80420,38837.000000000,38837.000000000,38837.000000000,38837.000000000,1,YM
2024-06-10T16:19:08.000000000Z,32,1,80420,38835.000000000,38836.000000000,38835.000000000,38836.000000000,3,YM
2024-06-10T16:19:09.000000000Z,32,1,80420,38835.000000000,38835.000000000,38835.000000000,38835.000000000,1,YM
2024-06-10T16:19:10.000000000Z,32,1,80420,38836.000000000,38836.000000000,38835.000000000,38835.000000000,3,YM
2024-06-10T16:19:11.000000000Z,32,1,80420,38834.000000000,38835.000000000,38834.000000000,38834.000000000,4,YM
2024-06-10T16:19:12.000000000Z,32,1,80420,38833.000000000,38834.000000000,38833.000000000,38834.000000000,3,YM
2024-06-10T16:19:13.000000000Z,32,1,80420,38835.000000000,38836.000000000,38835.000000000,38836.000000000,8,YM
2024-06-10T16:19:14.000000000Z,32,1,80420,38836.000000000,38836.000000000,38836.000000000,38836.000000000,1,YM
2024-06-10T16:19:15.000000000Z,32,1,80420,38837.000000000,38837.000000000,38837.000000000,38837.000000000,1,YM
2024-06-10T16:19:16.000000000Z,32,1,80420,38838.000000000,38838.000000000,38838.000000000,38838.000000000,2,YM
2024-06-10T16:19:18.000000000Z,32,1,80420,38836.000000000,38836.000000000,38836.000000000,38836.000000000,1,YM
2024-06-10T16:19:20.000000000Z,32,1,80420,38836.000000000,38836.000000000,38836.000000000,38836.000000000,3,YM
2024-06-10T16:19:22.000000000Z,32,1,80420,38836.000000000,38836.000000000,38836.000000000,38836.000000000,1,YM
2024-06-10T16:19:25.000000000Z,32,1,80420,38835.000000000,38835.000000000,38835.000000000,38835.000000000,4,YM
2024-06-10T16:19:32.000000000Z,32,1,80420,38833.000000000,38833.000000000,38833.000000000,38833.000000000,4,YM
2024-06-10T16:19:35.000000000Z,32,1,80420,38832.000000000,38832.000000000,38831.000000000,38831.000000000,9,YM
2024-06-10T16:19:36.000000000Z,32,1,80420,38830.000000000,38830.000000000,38828.000000000,38830.000000000,18,YM
2024-06-10T16:19:38.000000000Z,32,1,80420,38831.000000000,38831.000000000,38831.000000000,38831.000000000,1,YM
2024-06-10T16:19:41.000000000Z,32,1,80420,38831.000000000,38831.000000000,38831.000000000,38831.000000000,2,YM
2024-06-10T16:19:42.000000000Z,32,1,80420,38831.000000000,38831.000000000,38831.000000000,38831.000000000,2,YM
2024-06-10T16:19:43.000000000Z,32,1,80420,38832.000000000,38832.000000000,38830.000000000,38831.000000000,16,YM
2024-06-10T16:19:44.000000000Z,32,1,80420,38831.000000000,38831.000000000,38831.000000000,38831.000000000,1,YM
2024-06-10T16:19:45.000000000Z,32,1,80420,38831.000000000,38831.000000000,38831.000000000,38831.000000000,5,YM
2024-06-10T16:19:49.000000000Z,32,1,80420,38829.000000000,38829.000000000,38829.000000000,38829.000000000,1,YM
2024-06-10T16:19:51.000000000Z,32,1,80420,38828.000000000,38829.000000000,38828.000000000,38829.000000000,3,YM
2024-06-10T16:19:53.000000000Z,32,1,80420,38828.000000000,38828.000000000,38828.000000000,38828.000000000,1,YM
2024-06-10T16:19:54.000000000Z,32,1,80420,38828.000000000,38829.000000000,38828.000000000,38829.000000000,2,YM
2024-06-10T16:19:56.000000000Z,32,1,80420,38827.000000000,38827.000000000,38826.000000000,38826.000000000,9,YM
2024-06-10T16:19:57.000000000Z,32,1,80420,38826.000000000,38826.000000000,38826.000000000,38826.000000000,3,YM
2024-06-10T16:19:58.000000000Z,32,1,80420,38827.000000000,38827.000000000,38827.000000000,38827.000000000,3,YM
2024-06-10T16:19:59.000000000Z,32,1,80420,38827.000000000,38827.000000000,38827.000000000,38827.000000000,3,YM
2024-06-10T16:20:00.000000000Z,32,1,80420,38828.000000000,38828.000000000,38828.000000000,38828.000000000,4,YM
2024-06-10T16:20:01.000000000Z,32,1,80420,38828.000000000,38828.000000000,38828.000000000,38828.000000000,1,YM
2024-06-10T16:20:02.000000000Z,32,1,80420,38829.000000000,38829.000000000,38828.000000000,38828.000000000,2,YM
2024-06-10T16:20:03.000000000Z,32,1,80420,38828.000000000,38828.000000000,38827.000000000,38827.000000000,3,YM
2024-06-10T16:20:05.000000000Z,32,1,80420,38828.000000000,38828.000000000,38828.000000000,38828.000000000,3,YM
2024-06-10T16:20:07.000000000Z,32,1,80420,38827.000000000,38829.000000000,38827.000000000,38829.000000000,4,YM
2024-06-10T16:20:08.000000000Z,32,1,80420,38829.000000000,38829.000000000,38829.000000000,38829.000000000,1,YM
2024-06-10T16:20:10.000000000Z,32,1,80420,38829.000000000,38829.000000000,38829.000000000,38829.000000000,3,YM
2024-06-10T16:20:12.000000000Z,32,1,80420,38830.000000000,38830.000000000,38830.000000000,38830.000000000,2,YM
2024-06-10T16:20:14.000000000Z,32,1,80420,38830.000000000,38830.000000000,38830.000000000,38830.000000000,1,YM
2024-06-10T16:20:17.000000000Z,32,1,80420,38831.000000000,38831.000000000,38831.000000000,38831.000000000,4,YM
2024-06-10T16:20:18.000000000Z,32,1,80420,38831.000000000,38831.000000000,38831.000000000,38831.000000000,1,YM
2024-06-10T16:20:19.000000000Z,32,1,80420,38831.000000000,38831.000000000,38831.000000000,38831.000000000,2,YM
2024-06-10T16:20:20.000000000Z,32,1,80420,38833.000000000,38833.000000000,38833.000000000,38833.000000000,4,YM
2024-06-10T16:20:21.000000000Z,32,1,80420,38833.000000000,38833.000000000,38833.000000000,38833.000000000,1,YM
2024-06-10T16:20:23.000000000Z,32,1,80420,38834.000000000,38834.000000000,38833.000000000,38834.000000000,8,YM
2024-06-10T16:20:24.000000000Z,32,1,80420,38834.000000000,38835.000000000,38834.000000000,38835.000000000,5,YM
2024-06-10T16:20:25.000000000Z,32,1,80420,38835.000000000,38835.000000000,38835.000000000,38835.000000000,7,YM
2024-06-10T16:20:26.000000000Z,32,1,80420,38835.000000000,38836.000000000,38835.000000000,38836.000000000,4,YM
2024-06-10T16:20:28.000000000Z,32,1,80420,38836.000000000,38836.000000000,38836.000000000,38836.000000000,4,YM
2024-06-10T16:20:30.000000000Z,32,1,80420,38837.000000000,38837.000000000,38835.000000000,38835.000000000,4,YM
2024-06-10T16:20:32.000000000Z,32,1,80420,38835.000000000,38835.000000000,38835.000000000,38835.000000000,5,YM
2024-06-10T16:20:34.000000000Z,32,1,80420,38835.000000000,38835.000000000,38835.000000000,38835.000000000,1,YM
2024-06-10T16:20:35.000000000Z,32,1,80420,38836.000000000,38836.000000000,38835.000000000,38835.000000000,4,YM
2024-06-10T16:20:37.000000000Z,32,1,80420,38837.000000000,38838.000000000,38837.000000000,38838.000000000,9,YM
2024-06-10T16:20:38.000000000Z,32,1,80420,38838.000000000,38838.000000000,38838.000000000,38838.000000000,4,YM
2024-06-10T16:20:39.000000000Z,32,1,80420,38839.000000000,38839.000000000,38839.000000000,38839.000000000,1,YM
2024-06-10T16:20:42.000000000Z,32,1,80420,38839.000000000,38839.000000000,38839.000000000,38839.000000000,1,YM
2024-06-10T16:20:44.000000000Z,32,1,80420,38840.000000000,38840.000000000,38840.000000000,38840.000000000,1,YM
2024-06-10T16:20:45.000000000Z,32,1,80420,38839.000000000,38839.000000000,38839.000000000,38839.000000000,2,YM
2024-06-10T16:20:46.000000000Z,32,1,80420,38839.000000000,38839.000000000,38839.000000000,38839.000000000,4,YM
2024-06-10T16:20:48.000000000Z,32,1,80420,38839.000000000,38839.000000000,38839.000000000,38839.000000000,2,YM
2024-06-10T16:20:49.000000000Z,32,1,80420,38839.000000000,38839.000000000,38839.000000000,38839.000000000,1,YM
2024-06-10T16:20:50.000000000Z,32,1,80420,38839.000000000,38839.000000000,38839.000000000,38839.000000000,1,YM
2024-06-10T16:20:51.000000000Z,32,1,80420,38839.000000000,38839.000000000,38839.000000000,38839.000000000,10,YM
2024-06-10T16:20:52.000000000Z,32,1,80420,38839.000000000,38839.000000000,38839.000000000,38839.000000000,2,YM
2024-06-10T16:20:53.000000000Z,32,1,80420,38839.000000000,38839.000000000,38839.000000000,38839.000000000,3,YM
2024-06-10T16:20:54.000000000Z,32,1,80420,38839.000000000,38839.000000000,38839.000000000,38839.000000000,3,YM
2024-06-10T16:20:57.000000000Z,32,1,80420,38839.000000000,38839.000000000,38838.000000000,38839.000000000,3,YM
2024-06-10T16:21:01.000000000Z,32,1,80420,38839.000000000,38840.000000000,38839.000000000,38840.000000000,7,YM
2024-06-10T16:21:02.000000000Z,32,1,80420,38839.000000000,38839.000000000,38837.000000000,38837.000000000,4,YM
2024-06-10T16:21:03.000000000Z,32,1,80420,38836.000000000,38836.000000000,38836.000000000,38836.000000000,3,YM
2024-06-10T16:21:05.000000000Z,32,1,80420,38835.000000000,38835.000000000,38835.000000000,38835.000000000,1,YM
2024-06-10T16:21:07.000000000Z,32,1,80420,38835.000000000,38835.000000000,38835.000000000,38835.000000000,1,YM
2024-06-10T16:21:08.000000000Z,32,1,80420,38835.000000000,38835.000000000,38835.000000000,38835.000000000,1,YM
2024-06-10T16:21:11.000000000Z,32,1,80420,38833.000000000,38833.000000000,38833.000000000,38833.000000000,1,YM
2024-06-10T16:21:15.000000000Z,32,1,80420,38833.000000000,38833.000000000,38833.000000000,38833.000000000,1,YM
2024-06-10T16:21:18.000000000Z,32,1,80420,38832.000000000,38832.000000000,38832.000000000,38832.000000000,1,YM
2024-06-10T16:21:22.000000000Z,32,1,80420,38833.000000000,38834.000000000,38833.000000000,38834.000000000,2,YM
2024-06-10T16:21:24.000000000Z,32,1,80420,38834.000000000,38834.000000000,38834.000000000,38834.000000000,1,YM
2024-06-10T16:21:31.000000000Z,32,1,80420,38833.000000000,38833.000000000,38833.000000000,38833.000000000,1,YM
2024-06-10T16:21:33.000000000Z,32,1,80420,38833.000000000,38833.000000000,38833.000000000,38833.000000000,1,YM
2024-06-10T16:21:35.000000000Z,32,1,80420,38832.000000000,38832.000000000,38832.000000000,38832.000000000,1,YM
2024-06-10T16:21:36.000000000Z,32,1,80420,38832.000000000,38832.000000000,38832.000000000,38832.000000000,3,YM
2024-06-10T16:21:40.000000000Z,32,1,80420,38831.000000000,38831.000000000,38831.000000000,38831.000000000,2,YM
2024-06-10T16:21:43.000000000Z,32,1,80420,38832.000000000,38832.000000000,38832.000000000,38832.000000000,1,YM
2024-06-10T16:21:47.000000000Z,32,1,80420,38831.000000000,38831.000000000,38831.000000000,38831.000000000,1,YM
2024-06-10T16:21:48.000000000Z,32,1,80420,38831.000000000,38831.000000000,38831.000000000,38831.000000000,2,YM
2024-06-10T16:21:50.000000000Z,32,1,80420,38830.000000000,38830.000000000,38830.000000000,38830.000000000,3,YM
2024-06-10T16:21:54.000000000Z,32,1,80420,38831.000000000,38831.000000000,38831.000000000,38831.000000000,1,YM
2024-06-10T16:21:55.000000000Z,32,1,80420,38832.000000000,38832.000000000,38831.000000000,38831.000000000,4,YM
2024-06-10T16:21:56.000000000Z,32,1,80420,38833.000000000,38833.000000000,38833.000000000,38833.000000000,1,YM
2024-06-10T16:22:04.000000000Z,32,1,80420,38830.000000000,38830.000000000,38829.000000000,38829.000000000,5,YM
2024-06-10T16:22:09.000000000Z,32,1,80420,38827.000000000,38827.000000000,38826.000000000,38826.000000000,6,YM
2024-06-10T16:22:10.000000000Z,32,1,80420,38827.000000000,38827.000000000,38827.000000000,38827.000000000,1,YM
2024-06-10T16:22:13.000000000Z,32,1,80420,38826.000000000,38826.000000000,38824.000000000,38825.000000000,10,YM
2024-06-10T16:22:14.000000000Z,32,1,80420,38825.000000000,38825.000000000,38825.000000000,38825.000000000,1,YM
2024-06-10T16:22:15.000000000Z,32,1,80420,38825.000000000,38825.000000000,38825.000000000,38825.000000000,2,YM
2024-06-10T16:22:16.000000000Z,32,1,80420,38826.000000000,38826.000000000,38826.000000000,38826.000000000,3,YM
2024-06-10T16:22:18.000000000Z,32,1,80420,38826.000000000,38826.000000000,38826.000000000,38826.000000000,2,YM
2024-06-10T16:22:19.000000000Z,32,1,80420,38827.000000000,38827.000000000,38827.000000000,38827.000000000,3,YM
2024-06-10T16:22:21.000000000Z,32,1,80420,38828.000000000,38828.000000000,38828.000000000,38828.000000000,2,YM
2024-06-10T16:22:23.000000000Z,32,1,80420,38827.000000000,38827.000000000,38827.000000000,38827.000000000,1,YM
2024-06-10T16:22:24.000000000Z,32,1,80420,38827.000000000,38828.000000000,38827.000000000,38828.000000000,6,YM
2024-06-10T16:22:25.000000000Z,32,1,80420,38829.000000000,38829.000000000,38829.000000000,38829.000000000,1,YM
2024-06-10T16:22:26.000000000Z,32,1,80420,38829.000000000,38829.000000000,38829.000000000,38829.000000000,1,YM
2024-06-10T16:22:31.000000000Z,32,1,80420,38830.000000000,38830.000000000,38830.000000000,38830.000000000,2,YM
2024-06-10T16:22:32.000000000Z,32,1,80420,38832.000000000,38832.000000000,38832.000000000,38832.000000000,1,YM
2024-06-10T16:22:34.000000000Z,32,1,80420,38832.000000000,38833.000000000,38832.000000000,38833.000000000,21,YM
2024-06-10T16:22:35.000000000Z,32,1,80420,38832.000000000,38832.000000000,38832.000000000,38832.000000000,6,YM
2024-06-10T16:22:36.000000000Z,32,1,80420,38831.000000000,38832.000000000,38831.000000000,38831.000000000,11,YM
2024-06-10T16:22:40.000000000Z,32,1,80420,38831.000000000,38832.000000000,38831.000000000,38832.000000000,2,YM
2024-06-10T16:22:43.000000000Z,32,1,80420,38831.000000000,38831.000000000,38831.000000000,38831.000000000,3,YM
2024-06-10T16:22:45.000000000Z,32,1,80420,38831.000000000,38831.000000000,38831.000000000,38831.000000000,1,YM
2024-06-10T16:22:50.000000000Z,32,1,80420,38831.000000000,38832.000000000,38831.000000000,38832.000000000,3,YM
2024-06-10T16:22:52.000000000Z,32,1,80420,38832.000000000,38832.000000000,38832.000000000,38832.000000000,1,YM
2024-06-10T16:22:54.000000000Z,32,1,80420,38831.000000000,38831.000000000,38831.000000000,38831.000000000,1,YM
2024-06-10T16:22:56.000000000Z,32,1,80420,38831.000000000,38831.000000000,38831.000000000,38831.000000000,1,YM
2024-06-10T16:22:59.000000000Z,32,1,80420,38832.000000000,38833.000000000,38832.000000000,38833.000000000,5,YM
2024-06-10T16:23:00.000000000Z,32,1,80420,38833.000000000,38833.000000000,38833.000000000,38833.000000000,1,YM
2024-06-10T16:23:01.000000000Z,32,1,80420,38834.000000000,38834.000000000,38834.000000000,38834.000000000,1,YM
2024-06-10T16:23:02.000000000Z,32,1,80420,38834.000000000,38834.000000000,38834.000000000,38834.000000000,1,YM
2024-06-10T16:23:06.000000000Z,32,1,80420,38833.000000000,38833.000000000,38833.000000000,38833.000000000,3,YM
2024-06-10T16:23:08.000000000Z,32,1,80420,38833.000000000,38833.000000000,38833.000000000,38833.000000000,5,YM
2024-06-10T16:23:10.000000000Z,32,1,80420,38832.000000000,38832.000000000,38832.000000000,38832.000000000,4,YM
2024-06-10T16:23:14.000000000Z,32,1,80420,38831.000000000,38831.000000000,38831.000000000,38831.000000000,1,YM
2024-06-10T16:23:19.000000000Z,32,1,80420,38830.000000000,38830.000000000,38828.000000000,38830.000000000,17,YM
2024-06-10T16:23:21.000000000Z,32,1,80420,38831.000000000,38831.000000000,38831.000000000,38831.000000000,2,YM
2024-06-10T16:23:23.000000000Z,32,1,80420,38830.000000000,38830.000000000,38830.000000000,38830.000000000,1,YM
2024-06-10T16:23:26.000000000Z,32,1,80420,38831.000000000,38831.000000000,38831.000000000,38831.000000000,1,YM
2024-06-10T16:23:29.000000000Z,32,1,80420,38830.000000000,38830.000000000,38830.000000000,38830.000000000,1,YM
2024-06-10T16:23:32.000000000Z,32,1,80420,38829.000000000,38829.000000000,38829.000000000,38829.000000000,3,YM
2024-06-10T16:23:33.000000000Z,32,1,80420,38829.000000000,38830.000000000,38829.000000000,38829.000000000,16,YM
2024-06-10T16:23:35.000000000Z,32,1,80420,38830.000000000,38830.000000000,38830.000000000,38830.000000000,4,YM
2024-06-10T16:23:37.000000000Z,32,1,80420,38829.000000000,38829.000000000,38829.000000000,38829.000000000,10,YM
2024-06-10T16:23:39.000000000Z,32,1,80420,38830.000000000,38830.000000000,38830.000000000,38830.000000000,1,YM
2024-06-10T16:23:40.000000000Z,32,1,80420,38829.000000000,38829.000000000,38829.000000000,38829.000000000,2,YM
2024-06-10T16:23:48.000000000Z,32,1,80420,38828.000000000,38828.000000000,38828.000000000,38828.000000000,1,YM
2024-06-10T16:23:49.000000000Z,32,1,80420,38829.000000000,38829.000000000,38829.000000000,38829.000000000,1,YM
2024-06-10T16:23:50.000000000Z,32,1,80420,38829.000000000,38829.000000000,38829.000000000,38829.000000000,4,YM
2024-06-10T16:23:52.000000000Z,32,1,80420,38828.000000000,38828.000000000,38828.000000000,38828.000000000,2,YM
2024-06-10T16:23:54.000000000Z,32,1,80420,38827.000000000,38827.000000000,38826.000000000,38826.000000000,7,YM
2024-06-10T16:23:55.000000000Z,32,1,80420,38826.000000000,38827.000000000,38826.000000000,38826.000000000,6,YM
2024-06-10T16:23:56.000000000Z,32,1,80420,38826.000000000,38826.000000000,38826.000000000,38826.000000000,3,YM
2024-06-10T16:23:59.000000000Z,32,1,80420,38827.000000000,38827.000000000,38827.000000000,38827.000000000,1,YM
2024-06-10T16:24:00.000000000Z,32,1,80420,38827.000000000,38828.000000000,38827.000000000,38828.000000000,3,YM
2024-06-10T16:24:01.000000000Z,32,1,80420,38828.000000000,38828.000000000,38828.000000000,38828.000000000,1,YM
2024-06-10T16:24:03.000000000Z,32,1,80420,38827.000000000,38828.000000000,38827.000000000,38828.000000000,4,YM
2024-06-10T16:24:05.000000000Z,32,1,80420,38829.000000000,38829.000000000,38828.000000000,38828.000000000,3,YM
2024-06-10T16:24:07.000000000Z,32,1,80420,38828.000000000,38828.000000000,38828.000000000,38828.000000000,1,YM
2024-06-10T16:24:08.000000000Z,32,1,80420,38827.000000000,38827.000000000,38826.000000000,38826.000000000,3,YM
2024-06-10T16:24:09.000000000Z,32,1,80420,38825.000000000,38825.000000000,38823.000000000,38823.000000000,5,YM
2024-06-10T16:24:10.000000000Z,32,1,80420,38824.000000000,38824.000000000,38823.000000000,38824.000000000,10,YM
2024-06-10T16:24:11.000000000Z,32,1,80420,38824.000000000,38824.000000000,38824.000000000,38824.000000000,2,YM
2024-06-10T16:24:12.000000000Z,32,1,80420,38824.000000000,38824.000000000,38823.000000000,38823.000000000,2,YM
2024-06-10T16:24:14.000000000Z,32,1,80420,38823.000000000,38823.000000000,38822.000000000,38822.000000000,2,YM
2024-06-10T16:24:15.000000000Z,32,1,80420,38822.000000000,38822.000000000,38822.000000000,38822.000000000,9,YM
2024-06-10T16:24:17.000000000Z,32,1,80420,38823.000000000,38823.000000000,38823.000000000,38823.000000000,9,YM
2024-06-10T16:24:25.000000000Z,32,1,80420,38825.000000000,38825.000000000,38822.000000000,38822.000000000,7,YM
2024-06-10T16:24:30.000000000Z,32,1,80420,38822.000000000,38822.000000000,38822.000000000,38822.000000000,8,YM
2024-06-10T16:24:31.000000000Z,32,1,80420,38822.000000000,38822.000000000,38822.000000000,38822.000000000,4,YM
2024-06-10T16:24:34.000000000Z,32,1,80420,38825.000000000,38825.000000000,38825.000000000,38825.000000000,1,YM
2024-06-10T16:24:37.000000000Z,32,1,80420,38824.000000000,38824.000000000,38824.000000000,38824.000000000,2,YM
2024-06-10T16:24:38.000000000Z,32,1,80420,38824.000000000,38825.000000000,38824.000000000,38825.000000000,11,YM
2024-06-10T16:24:40.000000000Z,32,1,80420,38826.000000000,38827.000000000,38826.000000000,38826.000000000,4,YM
2024-06-10T16:24:42.000000000Z,32,1,80420,38825.000000000,38825.000000000,38824.000000000,38824.000000000,6,YM
2024-06-10T16:24:43.000000000Z,32,1,80420,38823.000000000,38824.000000000,38823.000000000,38824.000000000,6,YM
2024-06-10T16:24:44.000000000Z,32,1,80420,38823.000000000,38823.000000000,38823.000000000,38823.000000000,2,YM
2024-06-10T16:24:46.000000000Z,32,1,80420,38825.000000000,38825.000000000,38825.000000000,38825.000000000,8,YM
2024-06-10T16:24:47.000000000Z,32,1,80420,38825.000000000,38825.000000000,38825.000000000,38825.000000000,3,YM
2024-06-10T16:24:49.000000000Z,32,1,80420,38826.000000000,38827.000000000,38826.000000000,38827.000000000,12,YM
2024-06-10T16:24:50.000000000Z,32,1,80420,38827.000000000,38827.000000000,38827.000000000,38827.000000000,3,YM
2024-06-10T16:24:51.000000000Z,32,1,80420,38827.000000000,38827.000000000,38826.000000000,38826.000000000,5,YM
2024-06-10T16:24:53.000000000Z,32,1,80420,38825.000000000,38825.000000000,38825.000000000,38825.000000000,3,YM
2024-06-10T16:24:55.000000000Z,32,1,80420,38825.000000000,38825.000000000,38825.000000000,38825.000000000,3,YM
2024-06-10T16:25:00.000000000Z,32,1,80420,38826.000000000,38827.000000000,38826.000000000,38827.000000000,2,YM
2024-06-10T16:25:03.000000000Z,32,1,80420,38827.000000000,38828.000000000,38827.000000000,38828.000000000,2,YM
2024-06-10T16:25:04.000000000Z,32,1,80420,38827.000000000,38827.000000000,38826.000000000,38826.000000000,7,YM
2024-06-10T16:25:05.000000000Z,32,1,80420,38826.000000000,38826.000000000,38826.000000000,38826.000000000,2,YM
2024-06-10T16:25:06.000000000Z,32,1,80420,38826.000000000,38826.000000000,38826.000000000,38826.000000000,2,YM
2024-06-10T16:25:23.000000000Z,32,1,80420,38826.000000000,38826.000000000,38825.000000000,38825.000000000,3,YM
2024-06-10T16:25:24.000000000Z,32,1,80420,38825.000000000,38825.000000000,38824.000000000,38824.000000000,3,YM
2024-06-10T16:25:27.000000000Z,32,1,80420,38825.000000000,38825.000000000,38824.000000000,38824.000000000,3,YM
2024-06-10T16:25:28.000000000Z,32,1,80420,38824.000000000,38824.000000000,38824.000000000,38824.000000000,1,YM
2024-06-10T16:25:29.000000000Z,32,1,80420,38823.000000000,38823.000000000,38823.000000000,38823.000000000,1,YM
2024-06-10T16:25:31.000000000Z,32,1,80420,38823.000000000,38823.000000000,38822.000000000,38822.000000000,3,YM
2024-06-10T16:25:32.000000000Z,32,1,80420,38821.000000000,38821.000000000,38821.000000000,38821.000000000,7,YM
2024-06-10T16:25:34.000000000Z,32,1,80420,38822.000000000,38822.000000000,38822.000000000,38822.000000000,4,YM
2024-06-10T16:25:37.000000000Z,32,1,80420,38821.000000000,38821.000000000,38820.000000000,38821.000000000,3,YM
2024-06-10T16:25:39.000000000Z,32,1,80420,38821.000000000,38821.000000000,38821.000000000,38821.000000000,1,YM
2024-06-10T16:25:43.000000000Z,32,1,80420,38821.000000000,38821.000000000,38821.000000000,38821.000000000,4,YM
2024-06-10T16:25:44.000000000Z,32,1,80420,38821.000000000,38821.000000000,38821.000000000,38821.000000000,4,YM
2024-06-10T16:25:45.000000000Z,32,1,80420,38820.000000000,38820.000000000,38820.000000000,38820.000000000,10,YM
2024-06-10T16:25:47.000000000Z,32,1,80420,38819.000000000,38820.000000000,38819.000000000,38820.000000000,4,YM
2024-06-10T16:25:50.000000000Z,32,1,80420,38819.000000000,38819.000000000,38816.000000000,38816.000000000,10,YM
2024-06-10T16:25:51.000000000Z,32,1,80420,38816.000000000,38817.000000000,38815.000000000,38815.000000000,11,YM
2024-06-10T16:25:52.000000000Z,32,1,80420,38816.000000000,38816.000000000,38814.000000000,38814.000000000,11,YM
2024-06-10T16:25:53.000000000Z,32,1,80420,38814.000000000,38815.000000000,38814.000000000,38814.000000000,15,YM
2024-06-10T16:25:55.000000000Z,32,1,80420,38813.000000000,38813.000000000,38813.000000000,38813.000000000,4,YM
2024-06-10T16:25:56.000000000Z,32,1,80420,38813.000000000,38813.000000000,38813.000000000,38813.000000000,3,YM
2024-06-10T16:25:57.000000000Z,32,1,80420,38812.000000000,38815.000000000,38812.000000000,38814.000000000,26,YM
2024-06-10T16:25:58.000000000Z,32,1,80420,38816.000000000,38816.000000000,38816.000000000,38816.000000000,1,YM
2024-06-10T16:25:59.000000000Z,32,1,80420,38816.000000000,38817.000000000,38816.000000000,38816.000000000,14,YM
2024-06-10T16:26:00.000000000Z,32,1,80420,38817.000000000,38819.000000000,38817.000000000,38819.000000000,10,YM
2024-06-10T16:26:01.000000000Z,32,1,80420,38819.000000000,38819.000000000,38819.000000000,38819.000000000,6,YM
2024-06-10T16:26:03.000000000Z,32,1,80420,38818.000000000,38818.000000000,38817.000000000,38817.000000000,11,YM
2024-06-10T16:26:05.000000000Z,32,1,80420,38818.000000000,38820.000000000,38817.000000000,38820.000000000,22,YM
2024-06-10T16:26:07.000000000Z,32,1,80420,38818.000000000,38818.000000000,38818.000000000,38818.000000000,1,YM
2024-06-10T16:26:08.000000000Z,32,1,80420,38819.000000000,38819.000000000,38819.000000000,38819.000000000,1,YM
2024-06-10T16:26:09.000000000Z,32,1,80420,38819.000000000,38819.000000000,38818.000000000,38819.000000000,6,YM
2024-06-10T16:26:10.000000000Z,32,1,80420,38819.000000000,38819.000000000,38819.000000000,38819.000000000,2,YM
2024-06-10T16:26:11.000000000Z,32,1,80420,38819.000000000,38819.000000000,38819.000000000,38819.000000000,6,YM
2024-06-10T16:26:14.000000000Z,32,1,80420,38820.000000000,38820.000000000,38820.000000000,38820.000000000,5,YM
2024-06-10T16:26:15.000000000Z,32,1,80420,38820.000000000,38820.000000000,38820.000000000,38820.000000000,1,YM
2024-06-10T16:26:16.000000000Z,32,1,80420,38820.000000000,38820.000000000,38819.000000000,38819.000000000,3,YM
2024-06-10T16:26:17.000000000Z,32,1,80420,38819.000000000,38819.000000000,38819.000000000,38819.000000000,2,YM
2024-06-10T16:26:18.000000000Z,32,1,80420,38818.000000000,38818.000000000,38818.000000000,38818.000000000,7,YM
2024-06-10T16:26:20.000000000Z,32,1,80420,38817.000000000,38818.000000000,38817.000000000,38818.000000000,2,YM
2024-06-10T16:26:21.000000000Z,32,1,80420,38819.000000000,38819.000000000,38818.000000000,38818.000000000,11,YM
2024-06-10T16:26:22.000000000Z,32,1,80420,38819.000000000,38819.000000000,38819.000000000,38819.000000000,1,YM
2024-06-10T16:26:23.000000000Z,32,1,80420,38820.000000000,38820.000000000,38820.000000000,38820.000000000,1,YM
2024-06-10T16:26:26.000000000Z,32,1,80420,38818.000000000,38818.000000000,38818.000000000,38818.000000000,1,YM
2024-06-10T16:26:27.000000000Z,32,1,80420,38817.000000000,38817.000000000,38817.000000000,38817.000000000,3,YM
2024-06-10T16:26:28.000000000Z,32,1,80420,38817.000000000,38817.000000000,38816.000000000,38816.000000000,4,YM
2024-06-10T16:26:29.000000000Z,32,1,80420,38816.000000000,38816.000000000,38816.000000000,38816.000000000,2,YM
2024-06-10T16:26:30.000000000Z,32,1,80420,38816.000000000,38816.000000000,38816.000000000,38816.000000000,1,YM
2024-06-10T16:26:31.000000000Z,32,1,80420,38816.000000000,38816.000000000,38816.000000000,38816.000000000,3,YM
2024-06-10T16:26:32.000000000Z,32,1,80420,38817.000000000,38817.000000000,38817.000000000,38817.000000000,2,YM
2024-06-10T16:26:33.000000000Z,32,1,80420,38815.000000000,38815.000000000,38815.000000000,38815.000000000,9,YM
2024-06-10T16:26:34.000000000Z,32,1,80420,38816.000000000,38816.000000000,38816.000000000,38816.000000000,1,YM
2024-06-10T16:26:37.000000000Z,32,1,80420,38815.000000000,38815.000000000,38815.000000000,38815.000000000,1,YM
2024-06-10T16:26:39.000000000Z,32,1,80420,38813.000000000,38813.000000000,38813.000000000,38813.000000000,4,YM
2024-06-10T16:26:40.000000000Z,32,1,80420,38812.000000000,38812.000000000,38812.000000000,38812.000000000,3,YM
2024-06-10T16:26:42.000000000Z,32,1,80420,38813.000000000,38814.000000000,38813.000000000,38813.000000000,6,YM
2024-06-10T16:26:43.000000000Z,32,1,80420,38812.000000000,38814.000000000,38812.000000000,38814.000000000,2,YM
2024-06-10T16:26:44.000000000Z,32,1,80420,38813.000000000,38813.000000000,38812.000000000,38812.000000000,5,YM
2024-06-10T16:26:45.000000000Z,32,1,80420,38814.000000000,38814.000000000,38814.000000000,38814.000000000,2,YM
2024-06-10T16:26:46.000000000Z,32,1,80420,38813.000000000,38813.000000000,38813.000000000,38813.000000000,1,YM
2024-06-10T16:26:47.000000000Z,32,1,80420,38814.000000000,38814.000000000,38814.000000000,38814.000000000,1,YM
2024-06-10T16:26:50.000000000Z,32,1,80420,38813.000000000,38814.000000000,38813.000000000,38814.000000000,5,YM
2024-06-10T16:26:52.000000000Z,32,1,80420,38815.000000000,38815.000000000,38815.000000000,38815.000000000,2,YM
2024-06-10T16:26:53.000000000Z,32,1,80420,38815.000000000,38815.000000000,38815.000000000,38815.000000000,1,YM
2024-06-10T16:26:56.000000000Z,32,1,80420,38815.000000000,38815.000000000,38815.000000000,38815.000000000,6,YM
2024-06-10T16:26:57.000000000Z,32,1,80420,38815.000000000,38815.000000000,38815.000000000,38815.000000000,3,YM
2024-06-10T16:26:59.000000000Z,32,1,80420,38815.000000000,38815.000000000,38815.000000000,38815.000000000,1,YM
2024-06-10T16:27:00.000000000Z,32,1,80420,38816.000000000,38816.000000000,38816.000000000,38816.000000000,11,YM
2024-06-10T16:27:01.000000000Z,32,1,80420,38816.000000000,38816.000000000,38816.000000000,38816.000000000,2,YM
2024-06-10T16:27:02.000000000Z,32,1,80420,38816.000000000,38817.000000000,38816.000000000,38817.000000000,7,YM
2024-06-10T16:27:06.000000000Z,32,1,80420,38816.000000000,38816.000000000,38816.000000000,38816.000000000,1,YM
2024-06-10T16:27:07.000000000Z,32,1,80420,38815.000000000,38815.000000000,38815.000000000,38815.000000000,3,YM
2024-06-10T16:27:08.000000000Z,32,1,80420,38815.000000000,38815.000000000,38815.000000000,38815.000000000,1,YM
2024-06-10T16:27:09.000000000Z,32,1,80420,38814.000000000,38814.000000000,38813.000000000,38813.000000000,10,YM
2024-06-10T16:27:11.000000000Z,32,1,80420,38813.000000000,38813.000000000,38813.000000000,38813.000000000,1,YM
2024-06-10T16:27:12.000000000Z,32,1,80420,38812.000000000,38812.000000000,38812.000000000,38812.000000000,1,YM
2024-06-10T16:27:13.000000000Z,32,1,80420,38814.000000000,38814.000000000,38813.000000000,38813.000000000,2,YM
2024-06-10T16:27:14.000000000Z,32,1,80420,38812.000000000,38812.000000000,38812.000000000,38812.000000000,5,YM
2024-06-10T16:27:16.000000000Z,32,1,80420,38813.000000000,38813.000000000,38812.000000000,38812.000000000,3,YM
2024-06-10T16:27:19.000000000Z,32,1,80420,38812.000000000,38812.000000000,38811.000000000,38812.000000000,7,YM
2024-06-10T16:27:20.000000000Z,32,1,80420,38813.000000000,38813.000000000,38813.000000000,38813.000000000,1,YM
2024-06-10T16:27:21.000000000Z,32,1,80420,38813.000000000,38813.000000000,38813.000000000,38813.000000000,2,YM
2024-06-10T16:27:22.000000000Z,32,1,80420,38813.000000000,38813.000000000,38813.000000000,38813.000000000,1,YM
2024-06-10T16:27:25.000000000Z,32,1,80420,38815.000000000,38815.000000000,38815.000000000,38815.000000000,1,YM
2024-06-10T16:27:27.000000000Z,32,1,80420,38815.000000000,38815.000000000,38815.000000000,38815.000000000,1,YM
2024-06-10T16:27:29.000000000Z,32,1,80420,38816.000000000,38816.000000000,38816.000000000,38816.000000000,2,YM
2024-06-10T16:27:31.000000000Z,32,1,80420,38816.000000000,38817.000000000,38816.000000000,38817.000000000,12,YM
2024-06-10T16:27:32.000000000Z,32,1,80420,38817.000000000,38817.000000000,38817.000000000,38817.000000000,1,YM
2024-06-10T16:27:33.000000000Z,32,1,80420,38816.000000000,38816.000000000,38816.000000000,38816.000000000,3,YM
2024-06-10T16:27:35.000000000Z,32,1,80420,38815.000000000,38815.000000000,38815.000000000,38815.000000000,1,YM
2024-06-10T16:27:37.000000000Z,32,1,80420,38814.000000000,38814.000000000,38814.000000000,38814.000000000,1,YM
2024-06-10T16:27:40.000000000Z,32,1,80420,38813.000000000,38814.000000000,38813.000000000,38814.000000000,3,YM
2024-06-10T16:27:47.000000000Z,32,1,80420,38813.000000000,38813.000000000,38813.000000000,38813.000000000,4,YM
2024-06-10T16:27:48.000000000Z,32,1,80420,38813.000000000,38813.000000000,38813.000000000,38813.000000000,2,YM
2024-06-10T16:27:51.000000000Z,32,1,80420,38814.000000000,38814.000000000,38814.000000000,38814.000000000,2,YM
2024-06-10T16:27:52.000000000Z,32,1,80420,38813.000000000,38813.000000000,38813.000000000,38813.000000000,1,YM
2024-06-10T16:27:54.000000000Z,32,1,80420,38813.000000000,38813.000000000,38813.000000000,38813.000000000,1,YM
2024-06-10T16:27:55.000000000Z,32,1,80420,38813.000000000,38813.000000000,38813.000000000,38813.000000000,7,YM
2024-06-10T16:27:59.000000000Z,32,1,80420,38813.000000000,38813.000000000,38813.000000000,38813.000000000,1,YM
2024-06-10T16:28:00.000000000Z,32,1,80420,38812.000000000,38813.000000000,38812.000000000,38813.000000000,3,YM
2024-06-10T16:28:03.000000000Z,32,1,80420,38814.000000000,38814.000000000,38814.000000000,38814.000000000,1,YM
2024-06-10T16:28:05.000000000Z,32,1,80420,38815.000000000,38815.000000000,38815.000000000,38815.000000000,3,YM
2024-06-10T16:28:06.000000000Z,32,1,80420,38814.000000000,38814.000000000,38814.000000000,38814.000000000,4,YM
2024-06-10T16:28:08.000000000Z,32,1,80420,38815.000000000,38815.000000000,38815.000000000,38815.000000000,1,YM
2024-06-10T16:28:09.000000000Z,32,1,80420,38814.000000000,38815.000000000,38814.000000000,38815.000000000,3,YM
2024-06-10T16:28:12.000000000Z,32,1,80420,38814.000000000,38814.000000000,38814.000000000,38814.000000000,4,YM
2024-06-10T16:28:14.000000000Z,32,1,80420,38814.000000000,38815.000000000,38814.000000000,38815.000000000,3,YM
2024-06-10T16:28:17.000000000Z,32,1,80420,38814.000000000,38814.000000000,38814.000000000,38814.000000000,1,YM
2024-06-10T16:28:21.000000000Z,32,1,80420,38814.000000000,38814.000000000,38814.000000000,38814.000000000,1,YM
2024-06-10T16:28:22.000000000Z,32,1,80420,38814.000000000,38814.000000000,38814.000000000,38814.000000000,3,YM
2024-06-10T16:28:25.000000000Z,32,1,80420,38814.000000000,38814.000000000,38814.000000000,38814.000000000,1,YM
2024-06-10T16:28:28.000000000Z,32,1,80420,38815.000000000,38815.000000000,38815.000000000,38815.000000000,4,YM
2024-06-10T16:28:31.000000000Z,32,1,80420,38814.000000000,38815.000000000,38814.000000000,38815.000000000,5,YM
2024-06-10T16:28:32.000000000Z,32,1,80420,38815.000000000,38815.000000000,38815.000000000,38815.000000000,8,YM
2024-06-10T16:28:35.000000000Z,32,1,80420,38815.000000000,38815.000000000,38815.000000000,38815.000000000,4,YM
2024-06-10T16:28:36.000000000Z,32,1,80420,38815.000000000,38815.000000000,38815.000000000,38815.000000000,1,YM
2024-06-10T16:28:40.000000000Z,32,1,80420,38815.000000000,38815.000000000,38815.000000000,38815.000000000,1,YM
2024-06-10T16:28:41.000000000Z,32,1,80420,38816.000000000,38816.000000000,38816.000000000,38816.000000000,1,YM
2024-06-10T16:28:43.000000000Z,32,1,80420,38816.000000000,38816.000000000,38816.000000000,38816.000000000,17,YM
2024-06-10T16:28:44.000000000Z,32,1,80420,38816.000000000,38817.000000000,38815.000000000,38817.000000000,5,YM
2024-06-10T16:28:48.000000000Z,32,1,80420,38816.000000000,38816.000000000,38816.000000000,38816.000000000,11,YM
2024-06-10T16:28:49.000000000Z,32,1,80420,38816.000000000,38816.000000000,38816.000000000,38816.000000000,2,YM
2024-06-10T16:28:50.000000000Z,32,1,80420,38817.000000000,38817.000000000,38816.000000000,38817.000000000,16,YM
2024-06-10T16:28:51.000000000Z,32,1,80420,38818.000000000,38818.000000000,38818.000000000,38818.000000000,14,YM
2024-06-10T16:28:53.000000000Z,32,1,80420,38818.000000000,38818.000000000,38818.000000000,38818.000000000,5,YM
2024-06-10T16:28:54.000000000Z,32,1,80420,38817.000000000,38817.000000000,38817.000000000,38817.000000000,2,YM
2024-06-10T16:28:56.000000000Z,32,1,80420,38817.000000000,38817.000000000,38817.000000000,38817.000000000,4,YM
2024-06-10T16:28:58.000000000Z,32,1,80420,38818.000000000,38818.000000000,38818.000000000,38818.000000000,4,YM
2024-06-10T16:28:59.000000000Z,32,1,80420,38819.000000000,38819.000000000,38819.000000000,38819.000000000,1,YM
2024-06-10T16:29:02.000000000Z,32,1,80420,38819.000000000,38819.000000000,38819.000000000,38819.000000000,1,YM
2024-06-10T16:29:03.000000000Z,32,1,80420,38820.000000000,38820.000000000,38819.000000000,38819.000000000,2,YM
2024-06-10T16:29:05.000000000Z,32,1,80420,38820.000000000,38820.000000000,38820.000000000,38820.000000000,8,YM
2024-06-10T16:29:06.000000000Z,32,1,80420,38821.000000000,38821.000000000,38821.000000000,38821.000000000,5,YM
2024-06-10T16:29:07.000000000Z,32,1,80420,38821.000000000,38821.000000000,38820.000000000,38820.000000000,4,YM
2024-06-10T16:29:09.000000000Z,32,1,80420,38821.000000000,38822.000000000,38821.000000000,38822.000000000,3,YM
2024-06-10T16:29:11.000000000Z,32,1,80420,38821.000000000,38821.000000000,38821.000000000,38821.000000000,1,YM
2024-06-10T16:29:12.000000000Z,32,1,80420,38822.000000000,38824.000000000,38822.000000000,38824.000000000,9,YM
2024-06-10T16:29:15.000000000Z,32,1,80420,38823.000000000,38823.000000000,38822.000000000,38822.000000000,6,YM
2024-06-10T16:29:16.000000000Z,32,1,80420,38822.000000000,38822.000000000,38821.000000000,38822.000000000,23,YM
2024-06-10T16:29:17.000000000Z,32,1,80420,38822.000000000,38822.000000000,38822.000000000,38822.000000000,1,YM
2024-06-10T16:29:19.000000000Z,32,1,80420,38821.000000000,38821.000000000,38821.000000000,38821.000000000,1,YM
2024-06-10T16:29:24.000000000Z,32,1,80420,38822.000000000,38822.000000000,38822.000000000,38822.000000000,2,YM
2024-06-10T16:29:25.000000000Z,32,1,80420,38823.000000000,38823.000000000,38823.000000000,38823.000000000,1,YM
2024-06-10T16:29:26.000000000Z,32,1,80420,38823.000000000,38823.000000000,38822.000000000,38822.000000000,8,YM
2024-06-10T16:29:27.000000000Z,32,1,80420,38822.000000000,38823.000000000,38822.000000000,38822.000000000,10,YM
2024-06-10T16:29:28.000000000Z,32,1,80420,38821.000000000,38822.000000000,38820.000000000,38820.000000000,6,YM
2024-06-10T16:29:29.000000000Z,32,1,80420,38820.000000000,38820.000000000,38820.000000000,38820.000000000,11,YM
2024-06-10T16:29:31.000000000Z,32,1,80420,38820.000000000,38820.000000000,38820.000000000,38820.000000000,1,YM
2024-06-10T16:29:36.000000000Z,32,1,80420,38822.000000000,38822.000000000,38822.000000000,38822.000000000,1,YM
2024-06-10T16:29:37.000000000Z,32,1,80420,38823.000000000,38823.000000000,38822.000000000,38822.000000000,4,YM
2024-06-10T16:29:40.000000000Z,32,1,80420,38822.000000000,38822.000000000,38821.000000000,38821.000000000,4,YM
2024-06-10T16:29:42.000000000Z,32,1,80420,38823.000000000,38823.000000000,38823.000000000,38823.000000000,1,YM
2024-06-10T16:29:43.000000000Z,32,1,80420,38822.000000000,38822.000000000,38821.000000000,38821.000000000,3,YM
2024-06-10T16:29:44.000000000Z,32,1,80420,38821.000000000,38821.000000000,38821.000000000,38821.000000000,2,YM
2024-06-10T16:29:45.000000000Z,32,1,80420,38821.000000000,38821.000000000,38821.000000000,38821.000000000,3,YM
2024-06-10T16:29:49.000000000Z,32,1,80420,38823.000000000,38823.000000000,38823.000000000,38823.000000000,3,YM
2024-06-10T16:29:50.000000000Z,32,1,80420,38824.000000000,38824.000000000,38822.000000000,38822.000000000,4,YM
2024-06-10T16:29:51.000000000Z,32,1,80420,38824.000000000,38828.000000000,38824.000000000,38826.000000000,64,YM
2024-06-10T16:29:52.000000000Z,32,1,80420,38825.000000000,38826.000000000,38825.000000000,38826.000000000,13,YM
2024-06-10T16:29:53.000000000Z,32,1,80420,38826.000000000,38827.000000000,38826.000000000,38827.000000000,11,YM
2024-06-10T16:29:54.000000000Z,32,1,80420,38825.000000000,38825.000000000,38823.000000000,38823.000000000,3,YM
2024-06-10T16:29:55.000000000Z,32,1,80420,38824.000000000,38826.000000000,38824.000000000,38826.000000000,65,YM
2024-06-10T16:29:56.000000000Z,32,1,80420,38827.000000000,38827.000000000,38827.000000000,38827.000000000,3,YM
2024-06-10T16:29:57.000000000Z,32,1,80420,38826.000000000,38826.000000000,38826.000000000,38826.000000000,2,YM
2024-06-10T16:29:58.000000000Z,32,1,80420,38826.000000000,38826.000000000,38826.000000000,38826.000000000,3,YM
2024-06-10T16:29:59.000000000Z,32,1,80420,38827.000000000,38827.000000000,38827.000000000,38827.000000000,1,YM
2024-06-10T16:30:00.000000000Z,32,1,80420,38828.000000000,38829.000000000,38828.000000000,38829.000000000,27,YM
2024-06-10T16:30:01.000000000Z,32,1,80420,38827.000000000,38827.000000000,38825.000000000,38826.000000000,23,YM
2024-06-10T16:30:02.000000000Z,32,1,80420,38825.000000000,38825.000000000,38825.000000000,38825.000000000,3,YM
2024-06-10T16:30:03.000000000Z,32,1,80420,38826.000000000,38826.000000000,38826.000000000,38826.000000000,1,YM
2024-06-10T16:30:07.000000000Z,32,1,80420,38825.000000000,38825.000000000,38825.000000000,38825.000000000,1,YM
2024-06-10T16:30:09.000000000Z,32,1,80420,38826.000000000,38827.000000000,38825.000000000,38825.000000000,14,YM
2024-06-10T16:30:10.000000000Z,32,1,80420,38825.000000000,38826.000000000,38825.000000000,38826.000000000,2,YM
2024-06-10T16:30:11.000000000Z,32,1,80420,38827.000000000,38829.000000000,38827.000000000,38829.000000000,14,YM
2024-06-10T16:30:15.000000000Z,32,1,80420,38828.000000000,38828.000000000,38828.000000000,38828.000000000,1,YM
2024-06-10T16:30:18.000000000Z,32,1,80420,38827.000000000,38827.000000000,38827.000000000,38827.000000000,1,YM
2024-06-10T16:30:21.000000000Z,32,1,80420,38825.000000000,38825.000000000,38824.000000000,38824.000000000,5,YM
2024-06-10T16:30:22.000000000Z,32,1,80420,38825.000000000,38825.000000000,38825.000000000,38825.000000000,1,YM
2024-06-10T16:30:29.000000000Z,32,1,80420,38825.000000000,38826.000000000,38825.000000000,38826.000000000,4,YM
2024-06-10T16:30:31.000000000Z,32,1,80420,38826.000000000,38826.000000000,38826.000000000,38826.000000000,2,YM
2024-06-10T16:30:33.000000000Z,32,1,80420,38825.000000000,38825.000000000,38825.000000000,38825.000000000,3,YM
2024-06-10T16:30:36.000000000Z,32,1,80420,38825.000000000,38825.000000000,38825.000000000,38825.000000000,1,YM
2024-06-10T16:30:37.000000000Z,32,1,80420,38825.000000000,38825.000000000,38825.000000000,38825.000000000,2,YM
2024-06-10T16:30:40.000000000Z,32,1,80420,38824.000000000,38824.000000000,38824.000000000,38824.000000000,1,YM
2024-06-10T16:30:41.000000000Z,32,1,80420,38823.000000000,38823.000000000,38823.000000000,38823.000000000,3,YM
2024-06-10T16:30:42.000000000Z,32,1,80420,38822.000000000,38822.000000000,38821.000000000,38822.000000000,4,YM
2024-06-10T16:30:43.000000000Z,32,1,80420,38822.000000000,38822.000000000,38822.000000000,38822.000000000,1,YM
2024-06-10T16:30:46.000000000Z,32,1,80420,38822.000000000,38822.000000000,38822.000000000,38822.000000000,2,YM
2024-06-10T16:30:49.000000000Z,32,1,80420,38821.000000000,38821.000000000,38821.000000000,38821.000000000,2,YM
2024-06-10T16:30:50.000000000Z,32,1,80420,38822.000000000,38822.000000000,38822.000000000,38822.000000000,2,YM
2024-06-10T16:30:52.000000000Z,32,1,80420,38821.000000000,38821.000000000,38821.000000000,38821.000000000,4,YM
2024-06-10T16:30:53.000000000Z,32,1,80420,38820.000000000,38820.000000000,38820.000000000,38820.000000000,8,YM
2024-06-10T16:30:54.000000000Z,32,1,80420,38820.000000000,38820.000000000,38820.000000000,38820.000000000,1,YM
2024-06-10T16:30:55.000000000Z,32,1,80420,38821.000000000,38822.000000000,38821.000000000,38822.000000000,11,YM
2024-06-10T16:30:57.000000000Z,32,1,80420,38822.000000000,38822.000000000,38822.000000000,38822.000000000,1,YM
2024-06-10T16:30:58.000000000Z,32,1,80420,38823.000000000,38823.000000000,38823.000000000,38823.000000000,1,YM
2024-06-10T16:31:01.000000000Z,32,1,80420,38824.000000000,38826.000000000,38824.000000000,38826.000000000,9,YM
2024-06-10T16:31:05.000000000Z,32,1,80420,38826.000000000,38827.000000000,38826.000000000,38827.000000000,3,YM
2024-06-10T16:31:11.000000000Z,32,1,80420,38824.000000000,38824.000000000,38823.000000000,38823.000000000,3,YM
2024-06-10T16:31:13.000000000Z,32,1,80420,38822.000000000,38822.000000000,38822.000000000,38822.000000000,2,YM
2024-06-10T16:31:14.000000000Z,32,1,80420,38822.000000000,38822.000000000,38821.000000000,38821.000000000,5,YM
2024-06-10T16:31:15.000000000Z,32,1,80420,38822.000000000,38826.000000000,38822.000000000,38824.000000000,50,YM
2024-06-10T16:31:16.000000000Z,32,1,80420,38823.000000000,38823.000000000,38823.000000000,38823.000000000,2,YM
2024-06-10T16:31:17.000000000Z,32,1,80420,38823.000000000,38823.000000000,38823.000000000,38823.000000000,1,YM
2024-06-10T16:31:23.000000000Z,32,1,80420,38824.000000000,38824.000000000,38822.000000000,38822.000000000,3,YM
2024-06-10T16:31:25.000000000Z,32,1,80420,38823.000000000,38823.000000000,38823.000000000,38823.000000000,2,YM
2024-06-10T16:31:26.000000000Z,32,1,80420,38822.000000000,38822.000000000,38821.000000000,38821.000000000,2,YM
2024-06-10T16:31:36.000000000Z,32,1,80420,38819.000000000,38819.000000000,38819.000000000,38819.000000000,2,YM
2024-06-10T16:31:40.000000000Z,32,1,80420,38817.000000000,38817.000000000,38816.000000000,38816.000000000,5,YM
2024-06-10T16:31:41.000000000Z,32,1,80420,38815.000000000,38815.000000000,38815.000000000,38815.000000000,1,YM
2024-06-10T16:31:44.000000000Z,32,1,80420,38816.000000000,38816.000000000,38816.000000000,38816.000000000,2,YM
2024-06-10T16:31:47.000000000Z,32,1,80420,38816.000000000,38816.000000000,38816.000000000,38816.000000000,3,YM
2024-06-10T16:31:48.000000000Z,32,1,80420,38815.000000000,38815.000000000,38815.000000000,38815.000000000,2,YM
2024-06-10T16:31:49.000000000Z,32,1,80420,38814.000000000,38814.000000000,38814.000000000,38814.000000000,3,YM
2024-06-10T16:31:50.000000000Z,32,1,80420,38813.000000000,38813.000000000,38813.000000000,38813.000000000,2,YM
2024-06-10T16:31:51.000000000Z,32,1,80420,38814.000000000,38814.000000000,38814.000000000,38814.000000000,3,YM
2024-06-10T16:31:56.000000000Z,32,1,80420,38815.000000000,38815.000000000,38815.000000000,38815.000000000,5,YM
2024-06-10T16:31:57.000000000Z,32,1,80420,38816.000000000,38817.000000000,38816.000000000,38817.000000000,2,YM
2024-06-10T16:32:00.000000000Z,32,1,80420,38818.000000000,38818.000000000,38818.000000000,38818.000000000,1,YM
2024-06-10T16:32:01.000000000Z,32,1,80420,38820.000000000,38820.000000000,38820.000000000,38820.000000000,1,YM
2024-06-10T16:32:05.000000000Z,32,1,80420,38821.000000000,38822.000000000,38821.000000000,38822.000000000,5,YM
2024-06-10T16:32:08.000000000Z,32,1,80420,38822.000000000,38822.000000000,38822.000000000,38822.000000000,1,YM
2024-06-10T16:32:12.000000000Z,32,1,80420,38823.000000000,38823.000000000,38822.000000000,38822.000000000,3,YM
2024-06-10T16:32:14.000000000Z,32,1,80420,38823.000000000,38823.000000000,38823.000000000,38823.000000000,2,YM
2024-06-10T16:32:15.000000000Z,32,1,80420,38822.000000000,38822.000000000,38822.000000000,38822.000000000,4,YM
2024-06-10T16:32:17.000000000Z,32,1,80420,38821.000000000,38821.000000000,38821.000000000,38821.000000000,1,YM
2024-06-10T16:32:18.000000000Z,32,1,80420,38820.000000000,38820.000000000,38820.000000000,38820.000000000,3,YM
2024-06-10T16:32:23.000000000Z,32,1,80420,38820.000000000,38820.000000000,38820.000000000,38820.000000000,2,YM
2024-06-10T16:32:26.000000000Z,32,1,80420,38817.000000000,38818.000000000,38817.000000000,38817.000000000,6,YM
2024-06-10T16:32:27.000000000Z,32,1,80420,38818.000000000,38818.000000000,38818.000000000,38818.000000000,3,YM
2024-06-10T16:32:28.000000000Z,32,1,80420,38818.000000000,38818.000000000,38818.000000000,38818.000000000,3,YM
2024-06-10T16:32:29.000000000Z,32,1,80420,38819.000000000,38819.000000000,38819.000000000,38819.000000000,6,YM
2024-06-10T16:32:30.000000000Z,32,1,80420,38820.000000000,38820.000000000,38820.000000000,38820.000000000,2,YM
2024-06-10T16:32:31.000000000Z,32,1,80420,38819.000000000,38819.000000000,38819.000000000,38819.000000000,2,YM
2024-06-10T16:32:32.000000000Z,32,1,80420,38818.000000000,38818.000000000,38818.000000000,38818.000000000,1,YM
2024-06-10T16:32:36.000000000Z,32,1,80420,38818.000000000,38818.000000000,38818.000000000,38818.000000000,7,YM
2024-06-10T16:32:37.000000000Z,32,1,80420,38819.000000000,38819.000000000,38819.000000000,38819.000000000,2,YM
2024-06-10T16:32:40.000000000Z,32,1,80420,38821.000000000,38823.000000000,38821.000000000,38823.000000000,3,YM
2024-06-10T16:32:43.000000000Z,32,1,80420,38824.000000000,38824.000000000,38824.000000000,38824.000000000,1,YM
2024-06-10T16:32:44.000000000Z,32,1,80420,38823.000000000,38823.000000000,38823.000000000,38823.000000000,1,YM
2024-06-10T16:32:45.000000000Z,32,1,80420,38824.000000000,38824.000000000,38824.000000000,38824.000000000,5,YM
2024-06-10T16:32:46.000000000Z,32,1,80420,38825.000000000,38825.000000000,38824.000000000,38824.000000000,3,YM
2024-06-10T16:32:47.000000000Z,32,1,80420,38825.000000000,38825.000000000,38824.000000000,38824.000000000,6,YM
2024-06-10T16:32:48.000000000Z,32,1,80420,38824.000000000,38824.000000000,38824.000000000,38824.000000000,1,YM
2024-06-10T16:32:49.000000000Z,32,1,80420,38824.000000000,38824.000000000,38823.000000000,38823.000000000,2,YM
2024-06-10T16:32:50.000000000Z,32,1,80420,38822.000000000,38822.000000000,38822.000000000,38822.000000000,2,YM
2024-06-10T16:32:51.000000000Z,32,1,80420,38821.000000000,38822.000000000,38821.000000000,38822.000000000,6,YM
2024-06-10T16:32:52.000000000Z,32,1,80420,38823.000000000,38823.000000000,38823.000000000,38823.000000000,1,YM
2024-06-10T16:32:53.000000000Z,32,1,80420,38823.000000000,38823.000000000,38823.000000000,38823.000000000,1,YM
2024-06-10T16:32:58.000000000Z,32,1,80420,38824.000000000,38824.000000000,38824.000000000,38824.000000000,1,YM
2024-06-10T16:33:00.000000000Z,32,1,80420,38824.000000000,38824.000000000,38824.000000000,38824.000000000,2,YM
2024-06-10T16:33:01.000000000Z,32,1,80420,38824.000000000,38824.000000000,38824.000000000,38824.000000000,1,YM
2024-06-10T16:33:03.000000000Z,32,1,80420,38823.000000000,38823.000000000,38823.000000000,38823.000000000,1,YM
2024-06-10T16:33:05.000000000Z,32,1,80420,38823.000000000,38823.000000000,38823.000000000,38823.000000000,5,YM
2024-06-10T16:33:08.000000000Z,32,1,80420,38825.000000000,38825.000000000,38824.000000000,38824.000000000,3,YM
2024-06-10T16:33:09.000000000Z,32,1,80420,38824.000000000,38824.000000000,38823.000000000,38823.000000000,7,YM
2024-06-10T16:33:10.000000000Z,32,1,80420,38824.000000000,38824.000000000,38824.000000000,38824.000000000,2,YM
2024-06-10T16:33:11.000000000Z,32,1,80420,38824.000000000,38824.000000000,38822.000000000,38822.000000000,4,YM
2024-06-10T16:33:19.000000000Z,32,1,80420,38819.000000000,38819.000000000,38819.000000000,38819.000000000,2,YM
2024-06-10T16:33:21.000000000Z,32,1,80420,38818.000000000,38818.000000000,38818.000000000,38818.000000000,4,YM
2024-06-10T16:33:22.000000000Z,32,1,80420,38817.000000000,38818.000000000,38817.000000000,38818.000000000,8,YM
2024-06-10T16:33:23.000000000Z,32,1,80420,38817.000000000,38817.000000000,38817.000000000,38817.000000000,6,YM
2024-06-10T16:33:24.000000000Z,32,1,80420,38818.000000000,38818.000000000,38818.000000000,38818.000000000,2,YM
2024-06-10T16:33:25.000000000Z,32,1,80420,38819.000000000,38819.000000000,38819.000000000,38819.000000000,5,YM
2024-06-10T16:33:26.000000000Z,32,1,80420,38818.000000000,38818.000000000,38818.000000000,38818.000000000,1,YM
2024-06-10T16:33:30.000000000Z,32,1,80420,38819.000000000,38820.000000000,38819.000000000,38820.000000000,4,YM
2024-06-10T16:33:32.000000000Z,32,1,80420,38820.000000000,38820.000000000,38820.000000000,38820.000000000,3,YM
2024-06-10T16:33:37.000000000Z,32,1,80420,38820.000000000,38820.000000000,38819.000000000,38819.000000000,2,YM
2024-06-10T16:33:40.000000000Z,32,1,80420,38819.000000000,38819.000000000,38819.000000000,38819.000000000,2,YM
2024-06-10T16:33:42.000000000Z,32,1,80420,38819.000000000,38819.000000000,38819.000000000,38819.000000000,1,YM
2024-06-10T16:33:48.000000000Z,32,1,80420,38818.000000000,38818.000000000,38818.000000000,38818.000000000,2,YM
2024-06-10T16:33:49.000000000Z,32,1,80420,38818.000000000,38818.000000000,38818.000000000,38818.000000000,6,YM
2024-06-10T16:33:50.000000000Z,32,1,80420,38818.000000000,38818.000000000,38818.000000000,38818.000000000,1,YM
2024-06-10T16:33:54.000000000Z,32,1,80420,38820.000000000,38820.000000000,38820.000000000,38820.000000000,1,YM
2024-06-10T16:33:56.000000000Z,32,1,80420,38820.000000000,38820.000000000,38820.000000000,38820.000000000,1,YM
2024-06-10T16:33:59.000000000Z,32,1,80420,38820.000000000,38820.000000000,38820.000000000,38820.000000000,3,YM
2024-06-10T16:34:00.000000000Z,32,1,80420,38820.000000000,38820.000000000,38820.000000000,38820.000000000,1,YM
2024-06-10T16:34:05.000000000Z,32,1,80420,38819.000000000,38819.000000000,38819.000000000,38819.000000000,3,YM
2024-06-10T16:34:08.000000000Z,32,1,80420,38820.000000000,38820.000000000,38820.000000000,38820.000000000,1,YM
2024-06-10T16:34:09.000000000Z,32,1,80420,38819.000000000,38819.000000000,38819.000000000,38819.000000000,1,YM
2024-06-10T16:34:12.000000000Z,32,1,80420,38819.000000000,38819.000000000,38819.000000000,38819.000000000,1,YM
2024-06-10T16:34:14.000000000Z,32,1,80420,38818.000000000,38818.000000000,38818.000000000,38818.000000000,4,YM
2024-06-10T16:34:19.000000000Z,32,1,80420,38819.000000000,38819.000000000,38819.000000000,38819.000000000,1,YM
2024-06-10T16:34:22.000000000Z,32,1,80420,38819.000000000,38819.000000000,38819.000000000,38819.000000000,3,YM
2024-06-10T16:34:27.000000000Z,32,1,80420,38820.000000000,38820.000000000,38820.000000000,38820.000000000,5,YM
2024-06-10T16:34:28.000000000Z,32,1,80420,38820.000000000,38820.000000000,38820.000000000,38820.000000000,1,YM
2024-06-10T16:34:33.000000000Z,32,1,80420,38819.000000000,38819.000000000,38819.000000000,38819.000000000,1,YM
2024-06-10T16:34:34.000000000Z,32,1,80420,38818.000000000,38818.000000000,38818.000000000,38818.000000000,2,YM
2024-06-10T16:34:36.000000000Z,32,1,80420,38819.000000000,38819.000000000,38819.000000000,38819.000000000,1,YM
2024-06-10T16:34:37.000000000Z,32,1,80420,38820.000000000,38820.000000000,38820.000000000,38820.000000000,2,YM
2024-06-10T16:34:38.000000000Z,32,1,80420,38819.000000000,38819.000000000,38819.000000000,38819.000000000,1,YM
2024-06-10T16:34:39.000000000Z,32,1,80420,38818.000000000,38818.000000000,38817.000000000,38817.000000000,5,YM
2024-06-10T16:34:40.000000000Z,32,1,80420,38817.000000000,38817.000000000,38817.000000000,38817.000000000,1,YM
2024-06-10T16:34:41.000000000Z,32,1,80420,38820.000000000,38820.000000000,38820.000000000,38820.000000000,1,YM
2024-06-10T16:34:42.000000000Z,32,1,80420,38819.000000000,38819.000000000,38819.000000000,38819.000000000,1,YM
2024-06-10T16:34:49.000000000Z,32,1,80420,38820.000000000,38820.000000000,38820.000000000,38820.000000000,1,YM
2024-06-10T16:34:50.000000000Z,32,1,80420,38821.000000000,38821.000000000,38821.000000000,38821.000000000,5,YM
2024-06-10T16:34:51.000000000Z,32,1,80420,38822.000000000,38822.000000000,38822.000000000,38822.000000000,2,YM
2024-06-10T16:34:52.000000000Z,32,1,80420,38819.000000000,38819.000000000,38819.000000000,38819.000000000,2,YM
2024-06-10T16:34:53.000000000Z,32,1,80420,38821.000000000,38821.000000000,38821.000000000,38821.000000000,1,YM
2024-06-10T16:34:55.000000000Z,32,1,80420,38821.000000000,38821.000000000,38821.000000000,38821.000000000,2,YM
2024-06-10T16:34:56.000000000Z,32,1,80420,38821.000000000,38821.000000000,38821.000000000,38821.000000000,5,YM
2024-06-10T16:34:57.000000000Z,32,1,80420,38821.000000000,38821.000000000,38821.000000000,38821.000000000,2,YM
2024-06-10T16:35:04.000000000Z,32,1,80420,38820.000000000,38820.000000000,38818.000000000,38818.000000000,4,YM
2024-06-10T16:35:05.000000000Z,32,1,80420,38817.000000000,38818.000000000,38817.000000000,38818.000000000,3,YM
2024-06-10T16:35:06.000000000Z,32,1,80420,38817.000000000,38817.000000000,38817.000000000,38817.000000000,1,YM
2024-06-10T16:35:08.000000000Z,32,1,80420,38816.000000000,38816.000000000,38816.000000000,38816.000000000,2,YM
2024-06-10T16:35:09.000000000Z,32,1,80420,38815.000000000,38815.000000000,38815.000000000,38815.000000000,1,YM
2024-06-10T16:35:11.000000000Z,32,1,80420,38815.000000000,38815.000000000,38815.000000000,38815.000000000,1,YM
2024-06-10T16:35:12.000000000Z,32,1,80420,38814.000000000,38814.000000000,38814.000000000,38814.000000000,3,YM
2024-06-10T16:35:14.000000000Z,32,1,80420,38814.000000000,38814.000000000,38814.000000000,38814.000000000,1,YM
2024-06-10T16:35:24.000000000Z,32,1,80420,38815.000000000,38815.000000000,38814.000000000,38814.000000000,5,YM
2024-06-10T16:35:25.000000000Z,32,1,80420,38814.000000000,38814.000000000,38814.000000000,38814.000000000,4,YM
2024-06-10T16:35:26.000000000Z,32,1,80420,38814.000000000,38814.000000000,38814.000000000,38814.000000000,10,YM
2024-06-10T16:35:28.000000000Z,32,1,80420,38813.000000000,38813.000000000,38812.000000000,38812.000000000,9,YM
2024-06-10T16:35:29.000000000Z,32,1,80420,38812.000000000,38812.000000000,38812.000000000,38812.000000000,2,YM
2024-06-10T16:35:30.000000000Z,32,1,80420,38811.000000000,38811.000000000,38811.000000000,38811.000000000,1,YM
2024-06-10T16:35:31.000000000Z,32,1,80420,38811.000000000,38811.000000000,38810.000000000,38810.000000000,6,YM
2024-06-10T16:35:33.000000000Z,32,1,80420,38810.000000000,38811.000000000,38810.000000000,38811.000000000,3,YM
2024-06-10T16:35:34.000000000Z,32,1,80420,38810.000000000,38810.000000000,38810.000000000,38810.000000000,2,YM
2024-06-10T16:35:35.000000000Z,32,1,80420,38810.000000000,38810.000000000,38810.000000000,38810.000000000,2,YM
2024-06-10T16:35:37.000000000Z,32,1,80420,38809.000000000,38809.000000000,38809.000000000,38809.000000000,11,YM
2024-06-10T16:35:38.000000000Z,32,1,80420,38808.000000000,38808.000000000,38808.000000000,38808.000000000,2,YM
2024-06-10T16:35:39.000000000Z,32,1,80420,38808.000000000,38808.000000000,38808.000000000,38808.000000000,1,YM
2024-06-10T16:35:41.000000000Z,32,1,80420,38808.000000000,38808.000000000,38808.000000000,38808.000000000,6,YM
2024-06-10T16:35:42.000000000Z,32,1,80420,38808.000000000,38808.000000000,38806.000000000,38806.000000000,11,YM
2024-06-10T16:35:43.000000000Z,32,1,80420,38807.000000000,38807.000000000,38807.000000000,38807.000000000,2,YM
2024-06-10T16:35:45.000000000Z,32,1,80420,38808.000000000,38808.000000000,38808.000000000,38808.000000000,1,YM
2024-06-10T16:35:47.000000000Z,32,1,80420,38807.000000000,38807.000000000,38807.000000000,38807.000000000,1,YM
2024-06-10T16:35:49.000000000Z,32,1,80420,38808.000000000,38808.000000000,38808.000000000,38808.000000000,2,YM
2024-06-10T16:35:51.000000000Z,32,1,80420,38809.000000000,38809.000000000,38809.000000000,38809.000000000,2,YM
2024-06-10T16:35:53.000000000Z,32,1,80420,38809.000000000,38809.000000000,38809.000000000,38809.000000000,1,YM
2024-06-10T16:35:55.000000000Z,32,1,80420,38807.000000000,38807.000000000,38807.000000000,38807.000000000,2,YM
2024-06-10T16:35:56.000000000Z,32,1,80420,38806.000000000,38806.000000000,38806.000000000,38806.000000000,1,YM
2024-06-10T16:35:58.000000000Z,32,1,80420,38808.000000000,38808.000000000,38808.000000000,38808.000000000,1,YM
2024-06-10T16:36:03.000000000Z,32,1,80420,38809.000000000,38809.000000000,38809.000000000,38809.000000000,4,YM
2024-06-10T16:36:04.000000000Z,32,1,80420,38810.000000000,38810.000000000,38810.000000000,38810.000000000,4,YM
2024-06-10T16:36:05.000000000Z,32,1,80420,38811.000000000,38811.000000000,38811.000000000,38811.000000000,1,YM
2024-06-10T16:36:06.000000000Z,32,1,80420,38811.000000000,38811.000000000,38810.000000000,38810.000000000,7,YM
2024-06-10T16:36:09.000000000Z,32,1,80420,38811.000000000,38812.000000000,38811.000000000,38812.000000000,2,YM
2024-06-10T16:36:10.000000000Z,32,1,80420,38811.000000000,38812.000000000,38811.000000000,38812.000000000,3,YM
2024-06-10T16:36:11.000000000Z,32,1,80420,38811.000000000,38812.000000000,38811.000000000,38811.000000000,5,YM
2024-06-10T16:36:14.000000000Z,32,1,80420,38813.000000000,38813.000000000,38813.000000000,38813.000000000,1,YM
2024-06-10T16:36:16.000000000Z,32,1,80420,38812.000000000,38812.000000000,38812.000000000,38812.000000000,1,YM
2024-06-10T16:36:17.000000000Z,32,1,80420,38811.000000000,38811.000000000,38811.000000000,38811.000000000,2,YM
2024-06-10T16:36:21.000000000Z,32,1,80420,38810.000000000,38810.000000000,38810.000000000,38810.000000000,1,YM
2024-06-10T16:36:22.000000000Z,32,1,80420,38810.000000000,38810.000000000,38810.000000000,38810.000000000,1,YM
2024-06-10T16:36:23.000000000Z,32,1,80420,38810.000000000,38810.000000000,38810.000000000,38810.000000000,1,YM
2024-06-10T16:36:25.000000000Z,32,1,80420,38809.000000000,38809.000000000,38809.000000000,38809.000000000,2,YM
2024-06-10T16:36:27.000000000Z,32,1,80420,38807.000000000,38807.000000000,38807.000000000,38807.000000000,1,YM
2024-06-10T16:36:28.000000000Z,32,1,80420,38807.000000000,38807.000000000,38807.000000000,38807.000000000,2,YM
2024-06-10T16:36:29.000000000Z,32,1,80420,38807.000000000,38807.000000000,38807.000000000,38807.000000000,1,YM
2024-06-10T16:36:30.000000000Z,32,1,80420,38808.000000000,38808.000000000,38808.000000000,38808.000000000,2,YM
2024-06-10T16:36:31.000000000Z,32,1,80420,38809.000000000,38809.000000000,38809.000000000,38809.000000000,4,YM
2024-06-10T16:36:32.000000000Z,32,1,80420,38809.000000000,38809.000000000,38809.000000000,38809.000000000,2,YM
2024-06-10T16:36:33.000000000Z,32,1,80420,38810.000000000,38810.000000000,38810.000000000,38810.000000000,1,YM
2024-06-10T16:36:37.000000000Z,32,1,80420,38809.000000000,38809.000000000,38809.000000000,38809.000000000,2,YM
2024-06-10T16:36:39.000000000Z,32,1,80420,38809.000000000,38810.000000000,38809.000000000,38810.000000000,2,YM
2024-06-10T16:36:40.000000000Z,32,1,80420,38809.000000000,38809.000000000,38809.000000000,38809.000000000,3,YM
2024-06-10T16:36:42.000000000Z,32,1,80420,38810.000000000,38810.000000000,38809.000000000,38809.000000000,2,YM
2024-06-10T16:36:47.000000000Z,32,1,80420,38809.000000000,38809.000000000,38809.000000000,38809.000000000,1,YM
2024-06-10T16:36:50.000000000Z,32,1,80420,38808.000000000,38808.000000000,38808.000000000,38808.000000000,1,YM
2024-06-10T16:36:51.000000000Z,32,1,80420,38809.000000000,38809.000000000,38809.000000000,38809.000000000,1,YM
2024-06-10T16:36:52.000000000Z,32,1,80420,38810.000000000,38810.000000000,38810.000000000,38810.000000000,1,YM
2024-06-10T16:36:53.000000000Z,32,1,80420,38810.000000000,38810.000000000,38810.000000000,38810.000000000,1,YM
2024-06-10T16:36:56.000000000Z,32,1,80420,38812.000000000,38812.000000000,38812.000000000,38812.000000000,11,YM
2024-06-10T16:36:57.000000000Z,32,1,80420,38813.000000000,38813.000000000,38813.000000000,38813.000000000,1,YM
2024-06-10T16:36:59.000000000Z,32,1,80420,38814.000000000,38815.000000000,38814.000000000,38815.000000000,5,YM
2024-06-10T16:37:00.000000000Z,32,1,80420,38815.000000000,38817.000000000,38815.000000000,38817.000000000,4,YM
2024-06-10T16:37:01.000000000Z,32,1,80420,38816.000000000,38816.000000000,38816.000000000,38816.000000000,3,YM
2024-06-10T16:37:06.000000000Z,32,1,80420,38816.000000000,38817.000000000,38815.000000000,38817.000000000,6,YM
2024-06-10T16:37:07.000000000Z,32,1,80420,38817.000000000,38817.000000000,38817.000000000,38817.000000000,1,YM
2024-06-10T16:37:16.000000000Z,32,1,80420,38816.000000000,38816.000000000,38816.000000000,38816.000000000,1,YM
2024-06-10T16:37:17.000000000Z,32,1,80420,38816.000000000,38816.000000000,38816.000000000,38816.000000000,1,YM
2024-06-10T16:37:18.000000000Z,32,1,80420,38815.000000000,38815.000000000,38815.000000000,38815.000000000,1,YM
2024-06-10T16:37:21.000000000Z,32,1,80420,38817.000000000,38817.000000000,38817.000000000,38817.000000000,1,YM
2024-06-10T16:37:24.000000000Z,32,1,80420,38816.000000000,38816.000000000,38816.000000000,38816.000000000,2,YM
2024-06-10T16:37:25.000000000Z,32,1,80420,38816.000000000,38816.000000000,38816.000000000,38816.000000000,1,YM
2024-06-10T16:37:31.000000000Z,32,1,80420,38816.000000000,38816.000000000,38816.000000000,38816.000000000,1,YM
2024-06-10T16:37:33.000000000Z,32,1,80420,38817.000000000,38817.000000000,38817.000000000,38817.000000000,3,YM
2024-06-10T16:37:40.000000000Z,32,1,80420,38816.000000000,38816.000000000,38816.000000000,38816.000000000,2,YM
2024-06-10T16:37:41.000000000Z,32,1,80420,38816.000000000,38816.000000000,38816.000000000,38816.000000000,1,YM
2024-06-10T16:37:44.000000000Z,32,1,80420,38817.000000000,38817.000000000,38817.000000000,38817.000000000,2,YM
2024-06-10T16:37:49.000000000Z,32,1,80420,38817.000000000,38817.000000000,38817.000000000,38817.000000000,1,YM
2024-06-10T16:37:54.000000000Z,32,1,80420,38817.000000000,38817.000000000,38817.000000000,38817.000000000,2,YM
2024-06-10T16:37:57.000000000Z,32,1,80420,38816.000000000,38817.000000000,38816.000000000,38817.000000000,4,YM
2024-06-10T16:38:00.000000000Z,32,1,80420,38817.000000000,38817.000000000,38817.000000000,38817.000000000,2,YM
2024-06-10T16:38:06.000000000Z,32,1,80420,38817.000000000,38817.000000000,38817.000000000,38817.000000000,1,YM
2024-06-10T16:38:07.000000000Z,32,1,80420,38818.000000000,38818.000000000,38818.000000000,38818.000000000,4,YM
2024-06-10T16:38:12.000000000Z,32,1,80420,38819.000000000,38819.000000000,38819.000000000,38819.000000000,2,YM
2024-06-10T16:38:13.000000000Z,32,1,80420,38818.000000000,38821.000000000,38818.000000000,38821.000000000,16,YM
2024-06-10T16:38:14.000000000Z,32,1,80420,38820.000000000,38820.000000000,38820.000000000,38820.000000000,2,YM
2024-06-10T16:38:16.000000000Z,32,1,80420,38819.000000000,38819.000000000,38819.000000000,38819.000000000,1,YM
2024-06-10T16:38:19.000000000Z,32,1,80420,38819.000000000,38819.000000000,38819.000000000,38819.000000000,2,YM
2024-06-10T16:38:22.000000000Z,32,1,80420,38817.000000000,38817.000000000,38817.000000000,38817.000000000,1,YM
2024-06-10T16:38:24.000000000Z,32,1,80420,38817.000000000,38817.000000000,38817.000000000,38817.000000000,1,YM
2024-06-10T16:38:26.000000000Z,32,1,80420,38819.000000000,38819.000000000,38819.000000000,38819.000000000,3,YM
2024-06-10T16:38:27.000000000Z,32,1,80420,38819.000000000,38819.000000000,38819.000000000,38819.000000000,2,YM
2024-06-10T16:38:28.000000000Z,32,1,80420,38820.000000000,38820.000000000,38820.000000000,38820.000000000,2,YM
2024-06-10T16:38:32.000000000Z,32,1,80420,38821.000000000,38821.000000000,38821.000000000,38821.000000000,1,YM
2024-06-10T16:38:34.000000000Z,32,1,80420,38821.000000000,38821.000000000,38821.000000000,38821.000000000,1,YM
2024-06-10T16:38:35.000000000Z,32,1,80420,38822.000000000,38823.000000000,38822.000000000,38823.000000000,9,YM
2024-06-10T16:38:36.000000000Z,32,1,80420,38824.000000000,38825.000000000,38824.000000000,38825.000000000,20,YM
2024-06-10T16:38:38.000000000Z,32,1,80420,38825.000000000,38825.000000000,38825.000000000,38825.000000000,2,YM
2024-06-10T16:38:40.000000000Z,32,1,80420,38826.000000000,38826.000000000,38824.000000000,38825.000000000,6,YM
2024-06-10T16:38:41.000000000Z,32,1,80420,38826.000000000,38826.000000000,38826.000000000,38826.000000000,1,YM
2024-06-10T16:38:44.000000000Z,32,1,80420,38826.000000000,38826.000000000,38826.000000000,38826.000000000,1,YM
2024-06-10T16:38:46.000000000Z,32,1,80420,38825.000000000,38825.000000000,38825.000000000,38825.000000000,2,YM
2024-06-10T16:38:47.000000000Z,32,1,80420,38823.000000000,38823.000000000,38823.000000000,38823.000000000,1,YM
2024-06-10T16:38:48.000000000Z,32,1,80420,38823.000000000,38823.000000000,38823.000000000,38823.000000000,2,YM
2024-06-10T16:38:50.000000000Z,32,1,80420,38822.000000000,38822.000000000,38821.000000000,38821.000000000,2,YM
2024-06-10T16:38:51.000000000Z,32,1,80420,38822.000000000,38823.000000000,38822.000000000,38823.000000000,2,YM
2024-06-10T16:38:52.000000000Z,32,1,80420,38823.000000000,38823.000000000,38823.000000000,38823.000000000,1,YM
2024-06-10T16:38:53.000000000Z,32,1,80420,38822.000000000,38822.000000000,38822.000000000,38822.000000000,1,YM
2024-06-10T16:39:00.000000000Z,32,1,80420,38821.000000000,38821.000000000,38821.000000000,38821.000000000,3,YM
2024-06-10T16:39:05.000000000Z,32,1,80420,38823.000000000,38823.000000000,38823.000000000,38823.000000000,2,YM
2024-06-10T16:39:07.000000000Z,32,1,80420,38823.000000000,38823.000000000,38823.000000000,38823.000000000,2,YM
2024-06-10T16:39:08.000000000Z,32,1,80420,38822.000000000,38822.000000000,38822.000000000,38822.000000000,1,YM
2024-06-10T16:39:12.000000000Z,32,1,80420,38822.000000000,38822.000000000,38822.000000000,38822.000000000,1,YM
2024-06-10T16:39:13.000000000Z,32,1,80420,38823.000000000,38823.000000000,38823.000000000,38823.000000000,3,YM
2024-06-10T16:39:19.000000000Z,32,1,80420,38822.000000000,38822.000000000,38822.000000000,38822.000000000,2,YM
2024-06-10T16:39:23.000000000Z,32,1,80420,38823.000000000,38823.000000000,38823.000000000,38823.000000000,2,YM
2024-06-10T16:39:25.000000000Z,32,1,80420,38822.000000000,38822.000000000,38821.000000000,38821.000000000,2,YM
2024-06-10T16:39:29.000000000Z,32,1,80420,38822.000000000,38822.000000000,38822.000000000,38822.000000000,1,YM
2024-06-10T16:39:32.000000000Z,32,1,80420,38822.000000000,38823.000000000,38822.000000000,38823.000000000,2,YM
2024-06-10T16:39:35.000000000Z,32,1,80420,38822.000000000,38822.000000000,38822.000000000,38822.000000000,1,YM
2024-06-10T16:39:36.000000000Z,32,1,80420,38823.000000000,38823.000000000,38823.000000000,38823.000000000,1,YM
2024-06-10T16:39:38.000000000Z,32,1,80420,38824.000000000,38824.000000000,38824.000000000,38824.000000000,1,YM
2024-06-10T16:39:40.000000000Z,32,1,80420,38823.000000000,38823.000000000,38823.000000000,38823.000000000,1,YM
2024-06-10T16:39:42.000000000Z,32,1,80420,38824.000000000,38824.000000000,38824.000000000,38824.000000000,3,YM
2024-06-10T16:39:45.000000000Z,32,1,80420,38825.000000000,38825.000000000,38825.000000000,38825.000000000,7,YM
2024-06-10T16:39:46.000000000Z,32,1,80420,38825.000000000,38825.000000000,38825.000000000,38825.000000000,1,YM
2024-06-10T16:39:49.000000000Z,32,1,80420,38825.000000000,38825.000000000,38824.000000000,38824.000000000,6,YM
2024-06-10T16:39:50.000000000Z,32,1,80420,38823.000000000,38823.000000000,38823.000000000,38823.000000000,1,YM
2024-06-10T16:39:51.000000000Z,32,1,80420,38823.000000000,38823.000000000,38823.000000000,38823.000000000,1,YM
2024-06-10T16:39:53.000000000Z,32,1,80420,38823.000000000,38824.000000000,38823.000000000,38824.000000000,6,YM
2024-06-10T16:39:56.000000000Z,32,1,80420,38823.000000000,38823.000000000,38823.000000000,38823.000000000,6,YM
2024-06-10T16:39:57.000000000Z,32,1,80420,38823.000000000,38823.000000000,38823.000000000,38823.000000000,5,YM
2024-06-10T16:39:59.000000000Z,32,1,80420,38824.000000000,38825.000000000,38824.000000000,38825.000000000,7,YM
2024-06-10T16:40:00.000000000Z,32,1,80420,38826.000000000,38826.000000000,38826.000000000,38826.000000000,8,YM
2024-06-10T16:40:02.000000000Z,32,1,80420,38826.000000000,38826.000000000,38826.000000000,38826.000000000,1,YM
2024-06-10T16:40:03.000000000Z,32,1,80420,38826.000000000,38826.000000000,38826.000000000,38826.000000000,1,YM
2024-06-10T16:40:05.000000000Z,32,1,80420,38825.000000000,38825.000000000,38824.000000000,38824.000000000,4,YM
2024-06-10T16:40:06.000000000Z,32,1,80420,38824.000000000,38824.000000000,38824.000000000,38824.000000000,2,YM
2024-06-10T16:40:07.000000000Z,32,1,80420,38825.000000000,38825.000000000,38825.000000000,38825.000000000,1,YM
2024-06-10T16:40:09.000000000Z,32,1,80420,38825.000000000,38825.000000000,38825.000000000,38825.000000000,1,YM
2024-06-10T16:40:10.000000000Z,32,1,80420,38826.000000000,38826.000000000,38825.000000000,38825.000000000,2,YM
2024-06-10T16:40:12.000000000Z,32,1,80420,38826.000000000,38826.000000000,38826.000000000,38826.000000000,1,YM
2024-06-10T16:40:13.000000000Z,32,1,80420,38827.000000000,38827.000000000,38825.000000000,38825.000000000,5,YM
2024-06-10T16:40:15.000000000Z,32,1,80420,38826.000000000,38826.000000000,38826.000000000,38826.000000000,1,YM
2024-06-10T16:40:17.000000000Z,32,1,80420,38824.000000000,38824.000000000,38824.000000000,38824.000000000,1,YM
2024-06-10T16:40:22.000000000Z,32,1,80420,38825.000000000,38825.000000000,38825.000000000,38825.000000000,3,YM
2024-06-10T16:40:29.000000000Z,32,1,80420,38823.000000000,38823.000000000,38823.000000000,38823.000000000,4,YM
2024-06-10T16:40:31.000000000Z,32,1,80420,38821.000000000,38821.000000000,38820.000000000,38821.000000000,3,YM
2024-06-10T16:40:33.000000000Z,32,1,80420,38821.000000000,38821.000000000,38821.000000000,38821.000000000,2,YM
2024-06-10T16:40:35.000000000Z,32,1,80420,38822.000000000,38822.000000000,38822.000000000,38822.000000000,1,YM
2024-06-10T16:40:36.000000000Z,32,1,80420,38822.000000000,38822.000000000,38822.000000000,38822.000000000,3,YM
2024-06-10T16:40:38.000000000Z,32,1,80420,38822.000000000,38822.000000000,38822.000000000,38822.000000000,1,YM
2024-06-10T16:40:41.000000000Z,32,1,80420,38823.000000000,38823.000000000,38823.000000000,38823.000000000,9,YM
2024-06-10T16:40:43.000000000Z,32,1,80420,38824.000000000,38824.000000000,38824.000000000,38824.000000000,2,YM
2024-06-10T16:40:49.000000000Z,32,1,80420,38824.000000000,38824.000000000,38824.000000000,38824.000000000,2,YM
2024-06-10T16:40:50.000000000Z,32,1,80420,38823.000000000,38824.000000000,38823.000000000,38824.000000000,5,YM
2024-06-10T16:40:53.000000000Z,32,1,80420,38825.000000000,38827.000000000,38825.000000000,38827.000000000,15,YM
2024-06-10T16:40:54.000000000Z,32,1,80420,38828.000000000,38828.000000000,38828.000000000,38828.000000000,4,YM
2024-06-10T16:40:55.000000000Z,32,1,80420,38828.000000000,38829.000000000,38828.000000000,38829.000000000,9,YM
2024-06-10T16:40:56.000000000Z,32,1,80420,38829.000000000,38829.000000000,38828.000000000,38828.000000000,8,YM
2024-06-10T16:40:57.000000000Z,32,1,80420,38829.000000000,38829.000000000,38829.000000000,38829.000000000,1,YM
2024-06-10T16:40:58.000000000Z,32,1,80420,38828.000000000,38828.000000000,38828.000000000,38828.000000000,5,YM
2024-06-10T16:40:59.000000000Z,32,1,80420,38829.000000000,38829.000000000,38829.000000000,38829.000000000,1,YM
2024-06-10T16:41:02.000000000Z,32,1,80420,38827.000000000,38827.000000000,38827.000000000,38827.000000000,1,YM
2024-06-10T16:41:03.000000000Z,32,1,80420,38827.000000000,38827.000000000,38827.000000000,38827.000000000,1,YM
2024-06-10T16:41:06.000000000Z,32,1,80420,38827.000000000,38827.000000000,38827.000000000,38827.000000000,1,YM
2024-06-10T16:41:08.000000000Z,32,1,80420,38827.000000000,38827.000000000,38827.000000000,38827.000000000,2,YM
2024-06-10T16:41:12.000000000Z,32,1,80420,38827.000000000,38827.000000000,38827.000000000,38827.000000000,2,YM
2024-06-10T16:41:16.000000000Z,32,1,80420,38828.000000000,38828.000000000,38828.000000000,38828.000000000,1,YM
2024-06-10T16:41:17.000000000Z,32,1,80420,38827.000000000,38827.000000000,38827.000000000,38827.000000000,2,YM
2024-06-10T16:41:18.000000000Z,32,1,80420,38828.000000000,38828.000000000,38828.000000000,38828.000000000,1,YM
2024-06-10T16:41:19.000000000Z,32,1,80420,38827.000000000,38827.000000000,38827.000000000,38827.000000000,1,YM
2024-06-10T16:41:27.000000000Z,32,1,80420,38826.000000000,38826.000000000,38826.000000000,38826.000000000,1,YM
2024-06-10T16:41:31.000000000Z,32,1,80420,38825.000000000,38825.000000000,38825.000000000,38825.000000000,8,YM
2024-06-10T16:41:32.000000000Z,32,1,80420,38825.000000000,38825.000000000,38825.000000000,38825.000000000,1,YM
2024-06-10T16:41:33.000000000Z,32,1,80420,38825.000000000,38825.000000000,38825.000000000,38825.000000000,1,YM
2024-06-10T16:41:34.000000000Z,32,1,80420,38825.000000000,38825.000000000,38825.000000000,38825.000000000,1,YM
2024-06-10T16:41:36.000000000Z,32,1,80420,38826.000000000,38826.000000000,38826.000000000,38826.000000000,12,YM
2024-06-10T16:41:38.000000000Z,32,1,80420,38826.000000000,38826.000000000,38826.000000000,38826.000000000,1,YM
2024-06-10T16:41:47.000000000Z,32,1,80420,38826.000000000,38826.000000000,38826.000000000,38826.000000000,1,YM
2024-06-10T16:41:48.000000000Z,32,1,80420,38826.000000000,38826.000000000,38826.000000000,38826.000000000,1,YM
2024-06-10T16:41:55.000000000Z,32,1,80420,38827.000000000,38828.000000000,38827.000000000,38828.000000000,2,YM
2024-06-10T16:41:56.000000000Z,32,1,80420,38827.000000000,38827.000000000,38827.000000000,38827.000000000,1,YM
2024-06-10T16:42:00.000000000Z,32,1,80420,38827.000000000,38827.000000000,38826.000000000,38827.000000000,3,YM
2024-06-10T16:42:04.000000000Z,32,1,80420,38826.000000000,38827.000000000,38826.000000000,38827.000000000,2,YM
2024-06-10T16:42:05.000000000Z,32,1,80420,38827.000000000,38827.000000000,38827.000000000,38827.000000000,1,YM
2024-06-10T16:42:07.000000000Z,32,1,80420,38826.000000000,38826.000000000,38826.000000000,38826.000000000,3,YM
2024-06-10T16:42:08.000000000Z,32,1,80420,38826.000000000,38826.000000000,38825.000000000,38825.000000000,7,YM
2024-06-10T16:42:09.000000000Z,32,1,80420,38825.000000000,38825.000000000,38825.000000000,38825.000000000,1,YM
2024-06-10T16:42:11.000000000Z,32,1,80420,38826.000000000,38826.000000000,38826.000000000,38826.000000000,1,YM
2024-06-10T16:42:15.000000000Z,32,1,80420,38827.000000000,38827.000000000,38827.000000000,38827.000000000,4,YM
2024-06-10T16:42:16.000000000Z,32,1,80420,38825.000000000,38825.000000000,38825.000000000,38825.000000000,1,YM
2024-06-10T16:42:18.000000000Z,32,1,80420,38824.000000000,38824.000000000,38824.000000000,38824.000000000,1,YM
2024-06-10T16:42:25.000000000Z,32,1,80420,38823.000000000,38823.000000000,38823.000000000,38823.000000000,1,YM
2024-06-10T16:42:26.000000000Z,32,1,80420,38822.000000000,38822.000000000,38822.000000000,38822.000000000,5,YM
2024-06-10T16:42:28.000000000Z,32,1,80420,38822.000000000,38822.000000000,38822.000000000,38822.000000000,1,YM
2024-06-10T16:42:29.000000000Z,32,1,80420,38821.000000000,38821.000000000,38820.000000000,38821.000000000,3,YM
2024-06-10T16:42:30.000000000Z,32,1,80420,38820.000000000,38820.000000000,38820.000000000,38820.000000000,9,YM
2024-06-10T16:42:41.000000000Z,32,1,80420,38820.000000000,38820.000000000,38820.000000000,38820.000000000,1,YM
2024-06-10T16:42:42.000000000Z,32,1,80420,38820.000000000,38820.000000000,38820.000000000,38820.000000000,1,YM
2024-06-10T16:42:43.000000000Z,32,1,80420,38821.000000000,38821.000000000,38821.000000000,38821.000000000,2,YM
2024-06-10T16:42:45.000000000Z,32,1,80420,38820.000000000,38820.000000000,38820.000000000,38820.000000000,1,YM
2024-06-10T16:42:46.000000000Z,32,1,80420,38818.000000000,38818.000000000,38817.000000000,38818.000000000,5,YM
2024-06-10T16:42:47.000000000Z,32,1,80420,38819.000000000,38819.000000000,38819.000000000,38819.000000000,3,YM
2024-06-10T16:42:48.000000000Z,32,1,80420,38820.000000000,38820.000000000,38819.000000000,38819.000000000,3,YM
2024-06-10T16:42:51.000000000Z,32,1,80420,38819.000000000,38819.000000000,38819.000000000,38819.000000000,4,YM
2024-06-10T16:42:57.000000000Z,32,1,80420,38819.000000000,38819.000000000,38819.000000000,38819.000000000,1,YM
2024-06-10T16:42:59.000000000Z,32,1,80420,38818.000000000,38818.000000000,38818.000000000,38818.000000000,1,YM
2024-06-10T16:43:01.000000000Z,32,1,80420,38816.000000000,38816.000000000,38814.000000000,38814.000000000,3,YM
2024-06-10T16:43:02.000000000Z,32,1,80420,38813.000000000,38814.000000000,38813.000000000,38814.000000000,5,YM
2024-06-10T16:43:03.000000000Z,32,1,80420,38814.000000000,38814.000000000,38814.000000000,38814.000000000,4,YM
2024-06-10T16:43:04.000000000Z,32,1,80420,38813.000000000,38813.000000000,38813.000000000,38813.000000000,2,YM
2024-06-10T16:43:10.000000000Z,32,1,80420,38814.000000000,38814.000000000,38814.000000000,38814.000000000,7,YM
2024-06-10T16:43:14.000000000Z,32,1,80420,38815.000000000,38815.000000000,38814.000000000,38814.000000000,5,YM
2024-06-10T16:43:16.000000000Z,32,1,80420,38814.000000000,38814.000000000,38814.000000000,38814.000000000,1,YM
2024-06-10T16:43:18.000000000Z,32,1,80420,38814.000000000,38814.000000000,38814.000000000,38814.000000000,1,YM
2024-06-10T16:43:19.000000000Z,32,1,80420,38815.000000000,38815.000000000,38815.000000000,38815.000000000,1,YM
2024-06-10T16:43:28.000000000Z,32,1,80420,38815.000000000,38815.000000000,38815.000000000,38815.000000000,2,YM
2024-06-10T16:43:31.000000000Z,32,1,80420,38816.000000000,38816.000000000,38816.000000000,38816.000000000,1,YM
2024-06-10T16:43:32.000000000Z,32,1,80420,38817.000000000,38817.000000000,38817.000000000,38817.000000000,1,YM
2024-06-10T16:43:34.000000000Z,32,1,80420,38816.000000000,38816.000000000,38816.000000000,38816.000000000,2,YM
2024-06-10T16:43:38.000000000Z,32,1,80420,38819.000000000,38819.000000000,38818.000000000,38818.000000000,5,YM
2024-06-10T16:43:40.000000000Z,32,1,80420,38820.000000000,38820.000000000,38820.000000000,38820.000000000,2,YM
2024-06-10T16:43:46.000000000Z,32,1,80420,38821.000000000,38821.000000000,38821.000000000,38821.000000000,1,YM
2024-06-10T16:43:51.000000000Z,32,1,80420,38822.000000000,38822.000000000,38822.000000000,38822.000000000,1,YM
2024-06-10T16:43:52.000000000Z,32,1,80420,38823.000000000,38823.000000000,38822.000000000,38822.000000000,3,YM
2024-06-10T16:43:55.000000000Z,32,1,80420,38822.000000000,38822.000000000,38822.000000000,38822.000000000,1,YM
2024-06-10T16:43:56.000000000Z,32,1,80420,38823.000000000,38823.000000000,38823.000000000,38823.000000000,1,YM
2024-06-10T16:43:57.000000000Z,32,1,80420,38823.000000000,38823.000000000,38823.000000000,38823.000000000,1,YM
2024-06-10T16:43:58.000000000Z,32,1,80420,38823.000000000,38823.000000000,38823.000000000,38823.000000000,1,YM
2024-06-10T16:43:59.000000000Z,32,1,80420,38824.000000000,38824.000000000,38824.000000000,38824.000000000,2,YM
2024-06-10T16:44:00.000000000Z,32,1,80420,38824.000000000,38824.000000000,38824.000000000,38824.000000000,4,YM
2024-06-10T16:44:01.000000000Z,32,1,80420,38823.000000000,38823.000000000,38823.000000000,38823.000000000,4,YM
2024-06-10T16:44:03.000000000Z,32,1,80420,38823.000000000,38823.000000000,38823.000000000,38823.000000000,2,YM
2024-06-10T16:44:06.000000000Z,32,1,80420,38822.000000000,38822.000000000,38822.000000000,38822.000000000,1,YM
2024-06-10T16:44:10.000000000Z,32,1,80420,38822.000000000,38822.000000000,38822.000000000,38822.000000000,1,YM
2024-06-10T16:44:14.000000000Z,32,1,80420,38822.000000000,38822.000000000,38822.000000000,38822.000000000,3,YM
2024-06-10T16:44:17.000000000Z,32,1,80420,38822.000000000,38822.000000000,38822.000000000,38822.000000000,1,YM
2024-06-10T16:44:18.000000000Z,32,1,80420,38820.000000000,38820.000000000,38820.000000000,38820.000000000,2,YM
2024-06-10T16:44:20.000000000Z,32,1,80420,38820.000000000,38820.000000000,38820.000000000,38820.000000000,1,YM
2024-06-10T16:44:22.000000000Z,32,1,80420,38819.000000000,38819.000000000,38818.000000000,38818.000000000,2,YM
2024-06-10T16:44:23.000000000Z,32,1,80420,38818.000000000,38818.000000000,38818.000000000,38818.000000000,2,YM
2024-06-10T16:44:26.000000000Z,32,1,80420,38818.000000000,38818.000000000,38818.000000000,38818.000000000,1,YM
2024-06-10T16:44:33.000000000Z,32,1,80420,38818.000000000,38818.000000000,38818.000000000,38818.000000000,1,YM
2024-06-10T16:44:35.000000000Z,32,1,80420,38819.000000000,38820.000000000,38819.000000000,38820.000000000,4,YM
2024-06-10T16:44:36.000000000Z,32,1,80420,38821.000000000,38821.000000000,38821.000000000,38821.000000000,3,YM
2024-06-10T16:44:38.000000000Z,32,1,80420,38823.000000000,38824.000000000,38823.000000000,38824.000000000,2,YM
2024-06-10T16:44:39.000000000Z,32,1,80420,38824.000000000,38824.000000000,38824.000000000,38824.000000000,3,YM
2024-06-10T16:44:50.000000000Z,32,1,80420,38823.000000000,38823.000000000,38823.000000000,38823.000000000,1,YM
2024-06-10T16:44:56.000000000Z,32,1,80420,38823.000000000,38823.000000000,38823.000000000,38823.000000000,1,YM
2024-06-10T16:44:58.000000000Z,32,1,80420,38822.000000000,38822.000000000,38821.000000000,38821.000000000,5,YM
2024-06-10T16:45:00.000000000Z,32,1,80420,38821.000000000,38822.000000000,38821.000000000,38822.000000000,15,YM
2024-06-10T16:45:03.000000000Z,32,1,80420,38823.000000000,38823.000000000,38822.000000000,38822.000000000,3,YM
2024-06-10T16:45:04.000000000Z,32,1,80420,38821.000000000,38821.000000000,38821.000000000,38821.000000000,7,YM
2024-06-10T16:45:06.000000000Z,32,1,80420,38822.000000000,38822.000000000,38822.000000000,38822.000000000,1,YM
2024-06-10T16:45:08.000000000Z,32,1,80420,38823.000000000,38824.000000000,38823.000000000,38824.000000000,4,YM
2024-06-10T16:45:12.000000000Z,32,1,80420,38823.000000000,38823.000000000,38823.000000000,38823.000000000,1,YM
2024-06-10T16:45:15.000000000Z,32,1,80420,38824.000000000,38824.000000000,38824.000000000,38824.000000000,4,YM
2024-06-10T16:45:17.000000000Z,32,1,80420,38823.000000000,38824.000000000,38823.000000000,38824.000000000,2,YM
2024-06-10T16:45:18.000000000Z,32,1,80420,38824.000000000,38824.000000000,38824.000000000,38824.000000000,1,YM
2024-06-10T16:45:20.000000000Z,32,1,80420,38823.000000000,38823.000000000,38823.000000000,38823.000000000,4,YM
2024-06-10T16:45:21.000000000Z,32,1,80420,38822.000000000,38822.000000000,38822.000000000,38822.000000000,2,YM
2024-06-10T16:45:22.000000000Z,32,1,80420,38823.000000000,38823.000000000,38823.000000000,38823.000000000,3,YM
2024-06-10T16:45:26.000000000Z,32,1,80420,38822.000000000,38822.000000000,38822.000000000,38822.000000000,1,YM
2024-06-10T16:45:27.000000000Z,32,1,80420,38823.000000000,38823.000000000,38823.000000000,38823.000000000,1,YM
2024-06-10T16:45:30.000000000Z,32,1,80420,38821.000000000,38821.000000000,38821.000000000,38821.000000000,1,YM
2024-06-10T16:45:31.000000000Z,32,1,80420,38821.000000000,38821.000000000,38820.000000000,38820.000000000,4,YM
2024-06-10T16:45:32.000000000Z,32,1,80420,38822.000000000,38822.000000000,38822.000000000,38822.000000000,2,YM
2024-06-10T16:45:35.000000000Z,32,1,80420,38822.000000000,38822.000000000,38822.000000000,38822.000000000,1,YM
2024-06-10T16:45:36.000000000Z,32,1,80420,38822.000000000,38822.000000000,38821.000000000,38821.000000000,4,YM
2024-06-10T16:45:39.000000000Z,32,1,80420,38820.000000000,38820.000000000,38820.000000000,38820.000000000,1,YM
2024-06-10T16:45:40.000000000Z,32,1,80420,38819.000000000,38819.000000000,38819.000000000,38819.000000000,1,YM
2024-06-10T16:45:41.000000000Z,32,1,80420,38819.000000000,38819.000000000,38819.000000000,38819.000000000,1,YM
2024-06-10T16:45:42.000000000Z,32,1,80420,38819.000000000,38820.000000000,38819.000000000,38820.000000000,6,YM
2024-06-10T16:45:43.000000000Z,32,1,80420,38820.000000000,38820.000000000,38820.000000000,38820.000000000,1,YM
2024-06-10T16:45:46.000000000Z,32,1,80420,38820.000000000,38820.000000000,38818.000000000,38818.000000000,8,YM
2024-06-10T16:45:49.000000000Z,32,1,80420,38818.000000000,38818.000000000,38817.000000000,38817.000000000,8,YM
2024-06-10T16:45:51.000000000Z,32,1,80420,38817.000000000,38818.000000000,38817.000000000,38818.000000000,2,YM
2024-06-10T16:45:52.000000000Z,32,1,80420,38817.000000000,38817.000000000,38817.000000000,38817.000000000,1,YM
2024-06-10T16:45:56.000000000Z,32,1,80420,38817.000000000,38817.000000000,38817.000000000,38817.000000000,3,YM
2024-06-10T16:45:58.000000000Z,32,1,80420,38817.000000000,38818.000000000,38817.000000000,38818.000000000,5,YM
2024-06-10T16:46:01.000000000Z,32,1,80420,38819.000000000,38819.000000000,38819.000000000,38819.000000000,1,YM
2024-06-10T16:46:04.000000000Z,32,1,80420,38817.000000000,38817.000000000,38817.000000000,38817.000000000,1,YM
2024-06-10T16:46:06.000000000Z,32,1,80420,38817.000000000,38817.000000000,38816.000000000,38816.000000000,3,YM
2024-06-10T16:46:09.000000000Z,32,1,80420,38816.000000000,38816.000000000,38816.000000000,38816.000000000,1,YM
2024-06-10T16:46:13.000000000Z,32,1,80420,38816.000000000,38816.000000000,38815.000000000,38815.000000000,6,YM
2024-06-10T16:46:19.000000000Z,32,1,80420,38816.000000000,38816.000000000,38816.000000000,38816.000000000,2,YM
2024-06-10T16:46:21.000000000Z,32,1,80420,38816.000000000,38816.000000000,38816.000000000,38816.000000000,1,YM
2024-06-10T16:46:22.000000000Z,32,1,80420,38816.000000000,38816.000000000,38816.000000000,38816.000000000,1,YM
2024-06-10T16:46:24.000000000Z,32,1,80420,38816.000000000,38816.000000000,38815.000000000,38816.000000000,6,YM
2024-06-10T16:46:26.000000000Z,32,1,80420,38815.000000000,38815.000000000,38814.000000000,38814.000000000,2,YM
2024-06-10T16:46:28.000000000Z,32,1,80420,38815.000000000,38815.000000000,38815.000000000,38815.000000000,1,YM
2024-06-10T16:46:29.000000000Z,32,1,80420,38815.000000000,38815.000000000,38815.000000000,38815.000000000,1,YM
2024-06-10T16:46:31.000000000Z,32,1,80420,38816.000000000,38816.000000000,38816.000000000,38816.000000000,1,YM
2024-06-10T16:46:33.000000000Z,32,1,80420,38817.000000000,38817.000000000,38817.000000000,38817.000000000,2,YM
2024-06-10T16:46:34.000000000Z,32,1,80420,38817.000000000,38817.000000000,38817.000000000,38817.000000000,1,YM
2024-06-10T16:46:36.000000000Z,32,1,80420,38817.000000000,38817.000000000,38817.000000000,38817.000000000,2,YM
2024-06-10T16:46:37.000000000Z,32,1,80420,38817.000000000,38817.000000000,38816.000000000,38816.000000000,5,YM
2024-06-10T16:46:39.000000000Z,32,1,80420,38816.000000000,38816.000000000,38816.000000000,38816.000000000,1,YM
2024-06-10T16:46:42.000000000Z,32,1,80420,38816.000000000,38816.000000000,38816.000000000,38816.000000000,1,YM
2024-06-10T16:46:46.000000000Z,32,1,80420,38815.000000000,38815.000000000,38814.000000000,38814.000000000,7,YM
2024-06-10T16:46:49.000000000Z,32,1,80420,38814.000000000,38814.000000000,38814.000000000,38814.000000000,1,YM
2024-06-10T16:46:50.000000000Z,32,1,80420,38814.000000000,38814.000000000,38814.000000000,38814.000000000,1,YM
2024-06-10T16:46:51.000000000Z,32,1,80420,38814.000000000,38814.000000000,38813.000000000,38813.000000000,6,YM
2024-06-10T16:46:52.000000000Z,32,1,80420,38813.000000000,38814.000000000,38813.000000000,38814.000000000,7,YM
2024-06-10T16:46:53.000000000Z,32,1,80420,38815.000000000,38815.000000000,38815.000000000,38815.000000000,2,YM
2024-06-10T16:46:54.000000000Z,32,1,80420,38815.000000000,38815.000000000,38815.000000000,38815.000000000,2,YM
2024-06-10T16:46:55.000000000Z,32,1,80420,38815.000000000,38815.000000000,38815.000000000,38815.000000000,2,YM
2024-06-10T16:46:56.000000000Z,32,1,80420,38814.000000000,38814.000000000,38814.000000000,38814.000000000,3,YM
2024-06-10T16:46:57.000000000Z,32,1,80420,38815.000000000,38815.000000000,38815.000000000,38815.000000000,3,YM
2024-06-10T16:47:00.000000000Z,32,1,80420,38815.000000000,38815.000000000,38814.000000000,38815.000000000,6,YM
2024-06-10T16:47:01.000000000Z,32,1,80420,38813.000000000,38813.000000000,38813.000000000,38813.000000000,2,YM
2024-06-10T16:47:02.000000000Z,32,1,80420,38813.000000000,38813.000000000,38813.000000000,38813.000000000,4,YM
2024-06-10T16:47:03.000000000Z,32,1,80420,38810.000000000,38810.000000000,38809.000000000,38810.000000000,5,YM
2024-06-10T16:47:05.000000000Z,32,1,80420,38810.000000000,38812.000000000,38810.000000000,38812.000000000,11,YM
2024-06-10T16:47:09.000000000Z,32,1,80420,38813.000000000,38813.000000000,38813.000000000,38813.000000000,1,YM
2024-06-10T16:47:10.000000000Z,32,1,80420,38812.000000000,38812.000000000,38812.000000000,38812.000000000,4,YM
2024-06-10T16:47:15.000000000Z,32,1,80420,38814.000000000,38814.000000000,38814.000000000,38814.000000000,2,YM
2024-06-10T16:47:16.000000000Z,32,1,80420,38814.000000000,38815.000000000,38814.000000000,38815.000000000,5,YM
2024-06-10T16:47:17.000000000Z,32,1,80420,38815.000000000,38815.000000000,38815.000000000,38815.000000000,1,YM
2024-06-10T16:47:18.000000000Z,32,1,80420,38815.000000000,38815.000000000,38815.000000000,38815.000000000,4,YM
2024-06-10T16:47:20.000000000Z,32,1,80420,38814.000000000,38814.000000000,38814.000000000,38814.000000000,4,YM
2024-06-10T16:47:22.000000000Z,32,1,80420,38814.000000000,38814.000000000,38814.000000000,38814.000000000,1,YM
2024-06-10T16:47:27.000000000Z,32,1,80420,38814.000000000,38814.000000000,38814.000000000,38814.000000000,1,YM
2024-06-10T16:47:28.000000000Z,32,1,80420,38814.000000000,38814.000000000,38814.000000000,38814.000000000,1,YM
2024-06-10T16:47:31.000000000Z,32,1,80420,38813.000000000,38813.000000000,38813.000000000,38813.000000000,2,YM
2024-06-10T16:47:36.000000000Z,32,1,80420,38816.000000000,38816.000000000,38816.000000000,38816.000000000,1,YM
2024-06-10T16:47:37.000000000Z,32,1,80420,38817.000000000,38817.000000000,38817.000000000,38817.000000000,1,YM
2024-06-10T16:47:39.000000000Z,32,1,80420,38818.000000000,38818.000000000,38818.000000000,38818.000000000,2,YM
2024-06-10T16:47:40.000000000Z,32,1,80420,38818.000000000,38818.000000000,38818.000000000,38818.000000000,1,YM
2024-06-10T16:47:41.000000000Z,32,1,80420,38817.000000000,38817.000000000,38817.000000000,38817.000000000,5,YM
2024-06-10T16:47:42.000000000Z,32,1,80420,38817.000000000,38817.000000000,38817.000000000,38817.000000000,1,YM
2024-06-10T16:47:44.000000000Z,32,1,80420,38817.000000000,38817.000000000,38817.000000000,38817.000000000,2,YM
2024-06-10T16:47:47.000000000Z,32,1,80420,38818.000000000,38819.000000000,38818.000000000,38819.000000000,3,YM
2024-06-10T16:47:51.000000000Z,32,1,80420,38820.000000000,38820.000000000,38820.000000000,38820.000000000,3,YM
2024-06-10T16:47:52.000000000Z,32,1,80420,38820.000000000,38820.000000000,38820.000000000,38820.000000000,2,YM
2024-06-10T16:47:54.000000000Z,32,1,80420,38819.000000000,38819.000000000,38819.000000000,38819.000000000,1,YM
2024-06-10T16:47:55.000000000Z,32,1,80420,38819.000000000,38819.000000000,38819.000000000,38819.000000000,4,YM
2024-06-10T16:48:00.000000000Z,32,1,80420,38817.000000000,38817.000000000,38817.000000000,38817.000000000,1,YM
2024-06-10T16:48:01.000000000Z,32,1,80420,38818.000000000,38818.000000000,38818.000000000,38818.000000000,2,YM
2024-06-10T16:48:07.000000000Z,32,1,80420,38819.000000000,38819.000000000,38819.000000000,38819.000000000,2,YM
2024-06-10T16:48:10.000000000Z,32,1,80420,38819.000000000,38819.000000000,38819.000000000,38819.000000000,1,YM
2024-06-10T16:48:11.000000000Z,32,1,80420,38819.000000000,38819.000000000,38819.000000000,38819.000000000,1,YM
2024-06-10T16:48:12.000000000Z,32,1,80420,38818.000000000,38818.000000000,38818.000000000,38818.000000000,3,YM
2024-06-10T16:48:13.000000000Z,32,1,80420,38817.000000000,38817.000000000,38817.000000000,38817.000000000,3,YM
2024-06-10T16:48:14.000000000Z,32,1,80420,38817.000000000,38817.000000000,38817.000000000,38817.000000000,1,YM
2024-06-10T16:48:15.000000000Z,32,1,80420,38817.000000000,38817.000000000,38817.000000000,38817.000000000,1,YM
2024-06-10T16:48:18.000000000Z,32,1,80420,38817.000000000,38817.000000000,38817.000000000,38817.000000000,1,YM
2024-06-10T16:48:20.000000000Z,32,1,80420,38816.000000000,38816.000000000,38816.000000000,38816.000000000,3,YM
2024-06-10T16:48:23.000000000Z,32,1,80420,38816.000000000,38816.000000000,38816.000000000,38816.000000000,2,YM
2024-06-10T16:48:26.000000000Z,32,1,80420,38814.000000000,38814.000000000,38814.000000000,38814.000000000,2,YM
2024-06-10T16:48:27.000000000Z,32,1,80420,38813.000000000,38815.000000000,38813.000000000,38815.000000000,3,YM
2024-06-10T16:48:32.000000000Z,32,1,80420,38813.000000000,38813.000000000,38813.000000000,38813.000000000,2,YM
2024-06-10T16:48:36.000000000Z,32,1,80420,38813.000000000,38813.000000000,38813.000000000,38813.000000000,1,YM
2024-06-10T16:48:40.000000000Z,32,1,80420,38813.000000000,38813.000000000,38813.000000000,38813.000000000,2,YM
2024-06-10T16:48:42.000000000Z,32,1,80420,38812.000000000,38812.000000000,38812.000000000,38812.000000000,3,YM
2024-06-10T16:48:47.000000000Z,32,1,80420,38811.000000000,38811.000000000,38811.000000000,38811.000000000,9,YM
2024-06-10T16:48:48.000000000Z,32,1,80420,38811.000000000,38811.000000000,38811.000000000,38811.000000000,2,YM
2024-06-10T16:48:49.000000000Z,32,1,80420,38811.000000000,38811.000000000,38811.000000000,38811.000000000,2,YM
2024-06-10T16:48:51.000000000Z,32,1,80420,38811.000000000,38811.000000000,38811.000000000,38811.000000000,1,YM
2024-06-10T16:48:52.000000000Z,32,1,80420,38812.000000000,38812.000000000,38812.000000000,38812.000000000,2,YM
2024-06-10T16:48:53.000000000Z,32,1,80420,38813.000000000,38813.000000000,38813.000000000,38813.000000000,3,YM
2024-06-10T16:48:54.000000000Z,32,1,80420,38814.000000000,38814.000000000,38813.000000000,38813.000000000,3,YM
2024-06-10T16:48:55.000000000Z,32,1,80420,38813.000000000,38813.000000000,38813.000000000,38813.000000000,4,YM
2024-06-10T16:48:56.000000000Z,32,1,80420,38812.000000000,38812.000000000,38811.000000000,38811.000000000,4,YM
2024-06-10T16:48:57.000000000Z,32,1,80420,38811.000000000,38811.000000000,38811.000000000,38811.000000000,1,YM
2024-06-10T16:48:58.000000000Z,32,1,80420,38812.000000000,38812.000000000,38812.000000000,38812.000000000,1,YM
2024-06-10T16:49:00.000000000Z,32,1,80420,38811.000000000,38811.000000000,38811.000000000,38811.000000000,2,YM
2024-06-10T16:49:03.000000000Z,32,1,80420,38810.000000000,38812.000000000,38810.000000000,38812.000000000,3,YM
2024-06-10T16:49:12.000000000Z,32,1,80420,38812.000000000,38812.000000000,38812.000000000,38812.000000000,2,YM
2024-06-10T16:49:15.000000000Z,32,1,80420,38813.000000000,38813.000000000,38813.000000000,38813.000000000,5,YM
2024-06-10T16:49:16.000000000Z,32,1,80420,38812.000000000,38812.000000000,38812.000000000,38812.000000000,2,YM
2024-06-10T16:49:18.000000000Z,32,1,80420,38812.000000000,38813.000000000,38812.000000000,38813.000000000,6,YM
2024-06-10T16:49:19.000000000Z,32,1,80420,38813.000000000,38813.000000000,38813.000000000,38813.000000000,2,YM
2024-06-10T16:49:20.000000000Z,32,1,80420,38813.000000000,38813.000000000,38813.000000000,38813.000000000,2,YM
2024-06-10T16:49:24.000000000Z,32,1,80420,38813.000000000,38813.000000000,38813.000000000,38813.000000000,1,YM
2024-06-10T16:49:25.000000000Z,32,1,80420,38814.000000000,38814.000000000,38814.000000000,38814.000000000,2,YM
2024-06-10T16:49:36.000000000Z,32,1,80420,38814.000000000,38814.000000000,38814.000000000,38814.000000000,1,YM
2024-06-10T16:49:42.000000000Z,32,1,80420,38814.000000000,38814.000000000,38814.000000000,38814.000000000,1,YM
2024-06-10T16:49:48.000000000Z,32,1,80420,38812.000000000,38813.000000000,38811.000000000,38813.000000000,16,YM
2024-06-10T16:49:54.000000000Z,32,1,80420,38812.000000000,38812.000000000,38812.000000000,38812.000000000,3,YM
2024-06-10T16:49:58.000000000Z,32,1,80420,38812.000000000,38812.000000000,38812.000000000,38812.000000000,1,YM
2024-06-10T16:50:00.000000000Z,32,1,80420,38813.000000000,38813.000000000,38813.000000000,38813.000000000,3,YM
2024-06-10T16:50:01.000000000Z,32,1,80420,38813.000000000,38813.000000000,38813.000000000,38813.000000000,1,YM
2024-06-10T16:50:02.000000000Z,32,1,80420,38813.000000000,38813.000000000,38813.000000000,38813.000000000,1,YM
2024-06-10T16:50:04.000000000Z,32,1,80420,38815.000000000,38815.000000000,38815.000000000,38815.000000000,2,YM
2024-06-10T16:50:05.000000000Z,32,1,80420,38815.000000000,38815.000000000,38815.000000000,38815.000000000,3,YM
2024-06-10T16:50:06.000000000Z,32,1,80420,38814.000000000,38814.000000000,38814.000000000,38814.000000000,1,YM
2024-06-10T16:50:10.000000000Z,32,1,80420,38813.000000000,38813.000000000,38813.000000000,38813.000000000,1,YM
2024-06-10T16:50:14.000000000Z,32,1,80420,38817.000000000,38817.000000000,38816.000000000,38816.000000000,4,YM
2024-06-10T16:50:15.000000000Z,32,1,80420,38817.000000000,38817.000000000,38817.000000000,38817.000000000,2,YM
2024-06-10T16:50:19.000000000Z,32,1,80420,38818.000000000,38818.000000000,38818.000000000,38818.000000000,1,YM
2024-06-10T16:50:21.000000000Z,32,1,80420,38817.000000000,38817.000000000,38817.000000000,38817.000000000,1,YM
2024-06-10T16:50:23.000000000Z,32,1,80420,38816.000000000,38816.000000000,38816.000000000,38816.000000000,3,YM
2024-06-10T16:50:24.000000000Z,32,1,80420,38816.000000000,38816.000000000,38816.000000000,38816.000000000,2,YM
2024-06-10T16:50:29.000000000Z,32,1,80420,38817.000000000,38817.000000000,38817.000000000,38817.000000000,2,YM
2024-06-10T16:50:30.000000000Z,32,1,80420,38817.000000000,38817.000000000,38817.000000000,38817.000000000,1,YM
2024-06-10T16:50:31.000000000Z,32,1,80420,38818.000000000,38818.000000000,38818.000000000,38818.000000000,3,YM
2024-06-10T16:50:32.000000000Z,32,1,80420,38819.000000000,38819.000000000,38819.000000000,38819.000000000,1,YM
2024-06-10T16:50:34.000000000Z,32,1,80420,38819.000000000,38820.000000000,38819.000000000,38820.000000000,2,YM
2024-06-10T16:50:35.000000000Z,32,1,80420,38819.000000000,38819.000000000,38819.000000000,38819.000000000,1,YM
2024-06-10T16:50:36.000000000Z,32,1,80420,38820.000000000,38820.000000000,38820.000000000,38820.000000000,4,YM
2024-06-10T16:50:38.000000000Z,32,1,80420,38819.000000000,38819.000000000,38819.000000000,38819.000000000,4,YM
2024-06-10T16:50:39.000000000Z,32,1,80420,38818.000000000,38818.000000000,38818.000000000,38818.000000000,1,YM
2024-06-10T16:50:40.000000000Z,32,1,80420,38818.000000000,38818.000000000,38818.000000000,38818.000000000,1,YM
2024-06-10T16:50:42.000000000Z,32,1,80420,38817.000000000,38818.000000000,38817.000000000,38818.000000000,3,YM
2024-06-10T16:50:43.000000000Z,32,1,80420,38818.000000000,38818.000000000,38818.000000000,38818.000000000,1,YM
2024-06-10T16:50:50.000000000Z,32,1,80420,38819.000000000,38819.000000000,38819.000000000,38819.000000000,4,YM
2024-06-10T16:50:51.000000000Z,32,1,80420,38818.000000000,38818.000000000,38818.000000000,38818.000000000,1,YM
2024-06-10T16:50:52.000000000Z,32,1,80420,38821.000000000,38821.000000000,38821.000000000,38821.000000000,3,YM
2024-06-10T16:50:53.000000000Z,32,1,80420,38821.000000000,38821.000000000,38821.000000000,38821.000000000,1,YM
2024-06-10T16:50:57.000000000Z,32,1,80420,38822.000000000,38822.000000000,38822.000000000,38822.000000000,3,YM
2024-06-10T16:50:59.000000000Z,32,1,80420,38822.000000000,38822.000000000,38822.000000000,38822.000000000,1,YM
2024-06-10T16:51:00.000000000Z,32,1,80420,38822.000000000,38824.000000000,38822.000000000,38824.000000000,4,YM
2024-06-10T16:51:01.000000000Z,32,1,80420,38823.000000000,38823.000000000,38823.000000000,38823.000000000,1,YM
2024-06-10T16:51:02.000000000Z,32,1,80420,38825.000000000,38826.000000000,38825.000000000,38825.000000000,5,YM
2024-06-10T16:51:03.000000000Z,32,1,80420,38826.000000000,38826.000000000,38826.000000000,38826.000000000,1,YM
2024-06-10T16:51:04.000000000Z,32,1,80420,38825.000000000,38826.000000000,38825.000000000,38826.000000000,3,YM
2024-06-10T16:51:05.000000000Z,32,1,80420,38826.000000000,38826.000000000,38826.000000000,38826.000000000,2,YM
2024-06-10T16:51:06.000000000Z,32,1,80420,38825.000000000,38825.000000000,38825.000000000,38825.000000000,1,YM
2024-06-10T16:51:07.000000000Z,32,1,80420,38825.000000000,38825.000000000,38824.000000000,38824.000000000,3,YM
2024-06-10T16:51:09.000000000Z,32,1,80420,38826.000000000,38826.000000000,38826.000000000,38826.000000000,4,YM
2024-06-10T16:51:10.000000000Z,32,1,80420,38827.000000000,38827.000000000,38826.000000000,38826.000000000,2,YM
2024-06-10T16:51:17.000000000Z,32,1,80420,38827.000000000,38827.000000000,38826.000000000,38826.000000000,5,YM
2024-06-10T16:51:24.000000000Z,32,1,80420,38825.000000000,38825.000000000,38825.000000000,38825.000000000,1,YM
2024-06-10T16:51:29.000000000Z,32,1,80420,38825.000000000,38825.000000000,38825.000000000,38825.000000000,2,YM
2024-06-10T16:51:30.000000000Z,32,1,80420,38826.000000000,38826.000000000,38826.000000000,38826.000000000,1,YM
2024-06-10T16:51:31.000000000Z,32,1,80420,38826.000000000,38826.000000000,38826.000000000,38826.000000000,2,YM
2024-06-10T16:51:33.000000000Z,32,1,80420,38826.000000000,38826.000000000,38826.000000000,38826.000000000,1,YM
2024-06-10T16:51:34.000000000Z,32,1,80420,38827.000000000,38827.000000000,38827.000000000,38827.000000000,2,YM
2024-06-10T16:51:36.000000000Z,32,1,80420,38827.000000000,38827.000000000,38827.000000000,38827.000000000,1,YM
2024-06-10T16:51:40.000000000Z,32,1,80420,38827.000000000,38827.000000000,38827.000000000,38827.000000000,1,YM
2024-06-10T16:51:41.000000000Z,32,1,80420,38828.000000000,38829.000000000,38828.000000000,38829.000000000,7,YM
2024-06-10T16:51:48.000000000Z,32,1,80420,38830.000000000,38831.000000000,38830.000000000,38830.000000000,21,YM
2024-06-10T16:51:49.000000000Z,32,1,80420,38830.000000000,38830.000000000,38830.000000000,38830.000000000,1,YM
2024-06-10T16:51:50.000000000Z,32,1,80420,38829.000000000,38829.000000000,38829.000000000,38829.000000000,1,YM
2024-06-10T16:51:52.000000000Z,32,1,80420,38829.000000000,38829.000000000,38829.000000000,38829.000000000,1,YM
2024-06-10T16:51:53.000000000Z,32,1,80420,38829.000000000,38829.000000000,38829.000000000,38829.000000000,1,YM
2024-06-10T16:51:54.000000000Z,32,1,80420,38829.000000000,38829.000000000,38829.000000000,38829.000000000,1,YM
2024-06-10T16:51:56.000000000Z,32,1,80420,38828.000000000,38828.000000000,38828.000000000,38828.000000000,3,YM
2024-06-10T16:51:58.000000000Z,32,1,80420,38828.000000000,38828.000000000,38828.000000000,38828.000000000,3,YM
2024-06-10T16:52:00.000000000Z,32,1,80420,38829.000000000,38829.000000000,38829.000000000,38829.000000000,2,YM
2024-06-10T16:52:01.000000000Z,32,1,80420,38829.000000000,38829.000000000,38829.000000000,38829.000000000,2,YM
2024-06-10T16:52:04.000000000Z,32,1,80420,38829.000000000,38829.000000000,38829.000000000,38829.000000000,1,YM
2024-06-10T16:52:05.000000000Z,32,1,80420,38829.000000000,38829.000000000,38828.000000000,38829.000000000,3,YM
2024-06-10T16:52:06.000000000Z,32,1,80420,38828.000000000,38829.000000000,38828.000000000,38829.000000000,4,YM
2024-06-10T16:52:07.000000000Z,32,1,80420,38828.000000000,38828.000000000,38828.000000000,38828.000000000,1,YM
2024-06-10T16:52:08.000000000Z,32,1,80420,38828.000000000,38828.000000000,38828.000000000,38828.000000000,1,YM
2024-06-10T16:52:09.000000000Z,32,1,80420,38828.000000000,38828.000000000,38828.000000000,38828.000000000,1,YM
2024-06-10T16:52:11.000000000Z,32,1,80420,38828.000000000,38828.000000000,38828.000000000,38828.000000000,2,YM
2024-06-10T16:52:18.000000000Z,32,1,80420,38828.000000000,38828.000000000,38828.000000000,38828.000000000,2,YM
2024-06-10T16:52:19.000000000Z,32,1,80420,38828.000000000,38828.000000000,38828.000000000,38828.000000000,2,YM
2024-06-10T16:52:21.000000000Z,32,1,80420,38830.000000000,38830.000000000,38830.000000000,38830.000000000,3,YM
2024-06-10T16:52:28.000000000Z,32,1,80420,38829.000000000,38829.000000000,38829.000000000,38829.000000000,3,YM
2024-06-10T16:52:31.000000000Z,32,1,80420,38829.000000000,38829.000000000,38829.000000000,38829.000000000,1,YM
2024-06-10T16:52:38.000000000Z,32,1,80420,38828.000000000,38828.000000000,38828.000000000,38828.000000000,1,YM
2024-06-10T16:52:40.000000000Z,32,1,80420,38828.000000000,38828.000000000,38828.000000000,38828.000000000,1,YM
2024-06-10T16:52:43.000000000Z,32,1,80420,38827.000000000,38827.000000000,38825.000000000,38825.000000000,4,YM
2024-06-10T16:52:44.000000000Z,32,1,80420,38825.000000000,38825.000000000,38825.000000000,38825.000000000,3,YM
2024-06-10T16:52:49.000000000Z,32,1,80420,38825.000000000,38825.000000000,38825.000000000,38825.000000000,2,YM
2024-06-10T16:52:50.000000000Z,32,1,80420,38825.000000000,38825.000000000,38825.000000000,38825.000000000,1,YM
2024-06-10T16:52:52.000000000Z,32,1,80420,38826.000000000,38826.000000000,38826.000000000,38826.000000000,1,YM
2024-06-10T16:52:55.000000000Z,32,1,80420,38825.000000000,38825.000000000,38824.000000000,38824.000000000,4,YM
2024-06-10T16:52:57.000000000Z,32,1,80420,38825.000000000,38825.000000000,38825.000000000,38825.000000000,1,YM
2024-06-10T16:53:00.000000000Z,32,1,80420,38826.000000000,38826.000000000,38826.000000000,38826.000000000,1,YM
2024-06-10T16:53:01.000000000Z,32,1,80420,38827.000000000,38828.000000000,38827.000000000,38828.000000000,5,YM
2024-06-10T16:53:04.000000000Z,32,1,80420,38829.000000000,38829.000000000,38829.000000000,38829.000000000,2,YM
2024-06-10T16:53:10.000000000Z,32,1,80420,38827.000000000,38827.000000000,38826.000000000,38827.000000000,8,YM
2024-06-10T16:53:13.000000000Z,32,1,80420,38825.000000000,38825.000000000,38825.000000000,38825.000000000,2,YM
2024-06-10T16:53:24.000000000Z,32,1,80420,38826.000000000,38826.000000000,38826.000000000,38826.000000000,1,YM
2024-06-10T16:53:26.000000000Z,32,1,80420,38827.000000000,38827.000000000,38827.000000000,38827.000000000,2,YM
2024-06-10T16:53:30.000000000Z,32,1,80420,38827.000000000,38827.000000000,38827.000000000,38827.000000000,1,YM
2024-06-10T16:53:31.000000000Z,32,1,80420,38827.000000000,38827.000000000,38827.000000000,38827.000000000,1,YM
2024-06-10T16:53:37.000000000Z,32,1,80420,38827.000000000,38827.000000000,38827.000000000,38827.000000000,1,YM
2024-06-10T16:53:40.000000000Z,32,1,80420,38827.000000000,38827.000000000,38827.000000000,38827.000000000,2,YM
2024-06-10T16:53:50.000000000Z,32,1,80420,38828.000000000,38829.000000000,38828.000000000,38829.000000000,2,YM
2024-06-10T16:53:52.000000000Z,32,1,80420,38829.000000000,38829.000000000,38829.000000000,38829.000000000,1,YM
2024-06-10T16:53:54.000000000Z,32,1,80420,38829.000000000,38829.000000000,38829.000000000,38829.000000000,2,YM
2024-06-10T16:54:00.000000000Z,32,1,80420,38828.000000000,38828.000000000,38828.000000000,38828.000000000,2,YM
2024-06-10T16:54:07.000000000Z,32,1,80420,38828.000000000,38828.000000000,38828.000000000,38828.000000000,1,YM
2024-06-10T16:54:08.000000000Z,32,1,80420,38828.000000000,38828.000000000,38828.000000000,38828.000000000,1,YM
2024-06-10T16:54:11.000000000Z,32,1,80420,38829.000000000,38829.000000000,38829.000000000,38829.000000000,1,YM
2024-06-10T16:54:12.000000000Z,32,1,80420,38829.000000000,38829.000000000,38829.000000000,38829.000000000,1,YM
2024-06-10T16:54:15.000000000Z,32,1,80420,38828.000000000,38828.000000000,38828.000000000,38828.000000000,1,YM
2024-06-10T16:54:18.000000000Z,32,1,80420,38829.000000000,38829.000000000,38829.000000000,38829.000000000,1,YM
2024-06-10T16:54:19.000000000Z,32,1,80420,38829.000000000,38829.000000000,38829.000000000,38829.000000000,6,YM
2024-06-10T16:54:21.000000000Z,32,1,80420,38828.000000000,38828.000000000,38828.000000000,38828.000000000,1,YM
2024-06-10T16:54:22.000000000Z,32,1,80420,38829.000000000,38829.000000000,38829.000000000,38829.000000000,1,YM
2024-06-10T16:54:23.000000000Z,32,1,80420,38828.000000000,38828.000000000,38828.000000000,38828.000000000,1,YM
2024-06-10T16:54:30.000000000Z,32,1,80420,38828.000000000,38828.000000000,38828.000000000,38828.000000000,1,YM
2024-06-10T16:54:33.000000000Z,32,1,80420,38827.000000000,38827.000000000,38827.000000000,38827.000000000,2,YM
2024-06-10T16:54:35.000000000Z,32,1,80420,38827.000000000,38828.000000000,38827.000000000,38827.000000000,8,YM
2024-06-10T16:54:38.000000000Z,32,1,80420,38827.000000000,38827.000000000,38826.000000000,38827.000000000,5,YM
2024-06-10T16:54:39.000000000Z,32,1,80420,38828.000000000,38828.000000000,38828.000000000,38828.000000000,1,YM
2024-06-10T16:54:47.000000000Z,32,1,80420,38828.000000000,38828.000000000,38828.000000000,38828.000000000,2,YM
2024-06-10T16:54:50.000000000Z,32,1,80420,38827.000000000,38827.000000000,38827.000000000,38827.000000000,1,YM
2024-06-10T16:54:55.000000000Z,32,1,80420,38828.000000000,38828.000000000,38828.000000000,38828.000000000,1,YM
2024-06-10T16:54:56.000000000Z,32,1,80420,38827.000000000,38828.000000000,38827.000000000,38828.000000000,2,YM
2024-06-10T16:54:58.000000000Z,32,1,80420,38827.000000000,38827.000000000,38827.000000000,38827.000000000,1,YM
2024-06-10T16:54:59.000000000Z,32,1,80420,38828.000000000,38828.000000000,38828.000000000,38828.000000000,3,YM
2024-06-10T16:55:00.000000000Z,32,1,80420,38828.000000000,38828.000000000,38828.000000000,38828.000000000,2,YM
2024-06-10T16:55:02.000000000Z,32,1,80420,38829.000000000,38829.000000000,38829.000000000,38829.000000000,1,YM
2024-06-10T16:55:04.000000000Z,32,1,80420,38829.000000000,38829.000000000,38829.000000000,38829.000000000,1,YM
2024-06-10T16:55:06.000000000Z,32,1,80420,38828.000000000,38828.000000000,38828.000000000,38828.000000000,1,YM
2024-06-10T16:55:09.000000000Z,32,1,80420,38829.000000000,38829.000000000,38829.000000000,38829.000000000,4,YM
2024-06-10T16:55:12.000000000Z,32,1,80420,38829.000000000,38830.000000000,38829.000000000,38829.000000000,4,YM
2024-06-10T16:55:13.000000000Z,32,1,80420,38829.000000000,38829.000000000,38829.000000000,38829.000000000,1,YM
2024-06-10T16:55:14.000000000Z,32,1,80420,38830.000000000,38830.000000000,38830.000000000,38830.000000000,2,YM
2024-06-10T16:55:16.000000000Z,32,1,80420,38830.000000000,38830.000000000,38830.000000000,38830.000000000,1,YM
2024-06-10T16:55:18.000000000Z,32,1,80420,38831.000000000,38831.000000000,38830.000000000,38830.000000000,10,YM
2024-06-10T16:55:19.000000000Z,32,1,80420,38830.000000000,38830.000000000,38830.000000000,38830.000000000,4,YM
2024-06-10T16:55:20.000000000Z,32,1,80420,38831.000000000,38831.000000000,38831.000000000,38831.000000000,2,YM
2024-06-10T16:55:21.000000000Z,32,1,80420,38831.000000000,38831.000000000,38831.000000000,38831.000000000,1,YM
2024-06-10T16:55:22.000000000Z,32,1,80420,38830.000000000,38831.000000000,38830.000000000,38831.000000000,3,YM
2024-06-10T16:55:24.000000000Z,32,1,80420,38830.000000000,38830.000000000,38830.000000000,38830.000000000,4,YM
2024-06-10T16:55:25.000000000Z,32,1,80420,38829.000000000,38829.000000000,38829.000000000,38829.000000000,3,YM
2024-06-10T16:55:26.000000000Z,32,1,80420,38829.000000000,38829.000000000,38829.000000000,38829.000000000,2,YM
2024-06-10T16:55:29.000000000Z,32,1,80420,38830.000000000,38830.000000000,38830.000000000,38830.000000000,2,YM
2024-06-10T16:55:30.000000000Z,32,1,80420,38831.000000000,38831.000000000,38831.000000000,38831.000000000,2,YM
2024-06-10T16:55:32.000000000Z,32,1,80420,38830.000000000,38830.000000000,38830.000000000,38830.000000000,2,YM
2024-06-10T16:55:35.000000000Z,32,1,80420,38830.000000000,38830.000000000,38830.000000000,38830.000000000,1,YM
2024-06-10T16:55:37.000000000Z,32,1,80420,38831.000000000,38831.000000000,38831.000000000,38831.000000000,1,YM
2024-06-10T16:55:40.000000000Z,32,1,80420,38832.000000000,38834.000000000,38832.000000000,38834.000000000,22,YM
2024-06-10T16:55:43.000000000Z,32,1,80420,38832.000000000,38832.000000000,38832.000000000,38832.000000000,1,YM
2024-06-10T16:55:45.000000000Z,32,1,80420,38831.000000000,38831.000000000,38831.000000000,38831.000000000,1,YM
2024-06-10T16:55:48.000000000Z,32,1,80420,38833.000000000,38833.000000000,38833.000000000,38833.000000000,1,YM
2024-06-10T16:55:50.000000000Z,32,1,80420,38831.000000000,38831.000000000,38831.000000000,38831.000000000,1,YM
2024-06-10T16:55:51.000000000Z,32,1,80420,38833.000000000,38833.000000000,38833.000000000,38833.000000000,1,YM
2024-06-10T16:55:53.000000000Z,32,1,80420,38832.000000000,38832.000000000,38832.000000000,38832.000000000,1,YM
2024-06-10T16:55:54.000000000Z,32,1,80420,38834.000000000,38834.000000000,38834.000000000,38834.000000000,1,YM
2024-06-10T16:55:55.000000000Z,32,1,80420,38833.000000000,38833.000000000,38833.000000000,38833.000000000,1,YM
2024-06-10T16:55:56.000000000Z,32,1,80420,38833.000000000,38833.000000000,38833.000000000,38833.000000000,1,YM
2024-06-10T16:55:58.000000000Z,32,1,80420,38832.000000000,38832.000000000,38832.000000000,38832.000000000,2,YM
2024-06-10T16:56:02.000000000Z,32,1,80420,38832.000000000,38832.000000000,38832.000000000,38832.000000000,1,YM
2024-06-10T16:56:05.000000000Z,32,1,80420,38831.000000000,38831.000000000,38831.000000000,38831.000000000,2,YM
2024-06-10T16:56:07.000000000Z,32,1,80420,38831.000000000,38831.000000000,38831.000000000,38831.000000000,5,YM
2024-06-10T16:56:08.000000000Z,32,1,80420,38831.000000000,38831.000000000,38831.000000000,38831.000000000,1,YM
2024-06-10T16:56:09.000000000Z,32,1,80420,38831.000000000,38831.000000000,38831.000000000,38831.000000000,1,YM
2024-06-10T16:56:11.000000000Z,32,1,80420,38832.000000000,38832.000000000,38831.000000000,38831.000000000,5,YM
2024-06-10T16:56:12.000000000Z,32,1,80420,38831.000000000,38831.000000000,38831.000000000,38831.000000000,2,YM
2024-06-10T16:56:16.000000000Z,32,1,80420,38832.000000000,38832.000000000,38832.000000000,38832.000000000,1,YM
2024-06-10T16:56:17.000000000Z,32,1,80420,38832.000000000,38832.000000000,38832.000000000,38832.000000000,1,YM
2024-06-10T16:56:18.000000000Z,32,1,80420,38832.000000000,38832.000000000,38832.000000000,38832.000000000,1,YM
2024-06-10T16:56:19.000000000Z,32,1,80420,38832.000000000,38832.000000000,38832.000000000,38832.000000000,6,YM
2024-06-10T16:56:24.000000000Z,32,1,80420,38832.000000000,38832.000000000,38832.000000000,38832.000000000,1,YM
2024-06-10T16:56:29.000000000Z,32,1,80420,38832.000000000,38832.000000000,38832.000000000,38832.000000000,1,YM
2024-06-10T16:56:30.000000000Z,32,1,80420,38832.000000000,38832.000000000,38830.000000000,38830.000000000,9,YM
2024-06-10T16:56:32.000000000Z,32,1,80420,38830.000000000,38831.000000000,38830.000000000,38831.000000000,4,YM
2024-06-10T16:56:33.000000000Z,32,1,80420,38830.000000000,38830.000000000,38830.000000000,38830.000000000,1,YM
2024-06-10T16:56:35.000000000Z,32,1,80420,38830.000000000,38830.000000000,38830.000000000,38830.000000000,1,YM
2024-06-10T16:56:37.000000000Z,32,1,80420,38829.000000000,38829.000000000,38829.000000000,38829.000000000,1,YM
2024-06-10T16:56:39.000000000Z,32,1,80420,38828.000000000,38828.000000000,38828.000000000,38828.000000000,2,YM
2024-06-10T16:56:47.000000000Z,32,1,80420,38829.000000000,38830.000000000,38829.000000000,38830.000000000,3,YM
2024-06-10T16:56:49.000000000Z,32,1,80420,38828.000000000,38828.000000000,38828.000000000,38828.000000000,1,YM
2024-06-10T16:56:50.000000000Z,32,1,80420,38827.000000000,38827.000000000,38827.000000000,38827.000000000,2,YM
2024-06-10T16:56:53.000000000Z,32,1,80420,38828.000000000,38828.000000000,38828.000000000,38828.000000000,1,YM
2024-06-10T16:56:54.000000000Z,32,1,80420,38828.000000000,38828.000000000,38828.000000000,38828.000000000,2,YM
2024-06-10T16:56:55.000000000Z,32,1,80420,38829.000000000,38829.000000000,38829.000000000,38829.000000000,1,YM
2024-06-10T16:56:56.000000000Z,32,1,80420,38827.000000000,38827.000000000,38827.000000000,38827.000000000,1,YM
2024-06-10T16:56:57.000000000Z,32,1,80420,38827.000000000,38827.000000000,38827.000000000,38827.000000000,1,YM
2024-06-10T16:56:59.000000000Z,32,1,80420,38827.000000000,38827.000000000,38827.000000000,38827.000000000,2,YM
2024-06-10T16:57:00.000000000Z,32,1,80420,38828.000000000,38828.000000000,38827.000000000,38827.000000000,6,YM
2024-06-10T16:57:03.000000000Z,32,1,80420,38827.000000000,38827.000000000,38827.000000000,38827.000000000,1,YM
2024-06-10T16:57:05.000000000Z,32,1,80420,38828.000000000,38828.000000000,38828.000000000,38828.000000000,1,YM
2024-06-10T16:57:06.000000000Z,32,1,80420,38828.000000000,38828.000000000,38828.000000000,38828.000000000,1,YM
2024-06-10T16:57:07.000000000Z,32,1,80420,38828.000000000,38828.000000000,38828.000000000,38828.000000000,2,YM
2024-06-10T16:57:09.000000000Z,32,1,80420,38827.000000000,38827.000000000,38827.000000000,38827.000000000,2,YM
2024-06-10T16:57:13.000000000Z,32,1,80420,38825.000000000,38825.000000000,38825.000000000,38825.000000000,2,YM
2024-06-10T16:57:19.000000000Z,32,1,80420,38826.000000000,38826.000000000,38826.000000000,38826.000000000,1,YM
2024-06-10T16:57:24.000000000Z,32,1,80420,38827.000000000,38827.000000000,38827.000000000,38827.000000000,1,YM
2024-06-10T16:57:25.000000000Z,32,1,80420,38827.000000000,38827.000000000,38827.000000000,38827.000000000,2,YM
2024-06-10T16:57:27.000000000Z,32,1,80420,38827.000000000,38827.000000000,38827.000000000,38827.000000000,1,YM
2024-06-10T16:57:30.000000000Z,32,1,80420,38828.000000000,38829.000000000,38827.000000000,38827.000000000,4,YM
2024-06-10T16:57:32.000000000Z,32,1,80420,38827.000000000,38827.000000000,38826.000000000,38826.000000000,3,YM
2024-06-10T16:57:33.000000000Z,32,1,80420,38826.000000000,38826.000000000,38826.000000000,38826.000000000,1,YM
2024-06-10T16:57:36.000000000Z,32,1,80420,38827.000000000,38827.000000000,38827.000000000,38827.000000000,3,YM
2024-06-10T16:57:46.000000000Z,32,1,80420,38827.000000000,38827.000000000,38827.000000000,38827.000000000,1,YM
2024-06-10T16:57:50.000000000Z,32,1,80420,38825.000000000,38825.000000000,38823.000000000,38823.000000000,5,YM
2024-06-10T16:57:52.000000000Z,32,1,80420,38823.000000000,38823.000000000,38822.000000000,38822.000000000,3,YM
2024-06-10T16:57:54.000000000Z,32,1,80420,38822.000000000,38822.000000000,38820.000000000,38820.000000000,4,YM
2024-06-10T16:57:58.000000000Z,32,1,80420,38821.000000000,38822.000000000,38821.000000000,38822.000000000,7,YM
2024-06-10T16:57:59.000000000Z,32,1,80420,38821.000000000,38821.000000000,38821.000000000,38821.000000000,1,YM
2024-06-10T16:58:01.000000000Z,32,1,80420,38822.000000000,38822.000000000,38822.000000000,38822.000000000,2,YM
2024-06-10T16:58:02.000000000Z,32,1,80420,38821.000000000,38821.000000000,38821.000000000,38821.000000000,1,YM
2024-06-10T16:58:03.000000000Z,32,1,80420,38823.000000000,38823.000000000,38823.000000000,38823.000000000,1,YM
2024-06-10T16:58:05.000000000Z,32,1,80420,38823.000000000,38823.000000000,38823.000000000,38823.000000000,1,YM
2024-06-10T16:58:07.000000000Z,32,1,80420,38823.000000000,38823.000000000,38823.000000000,38823.000000000,1,YM
2024-06-10T16:58:09.000000000Z,32,1,80420,38823.000000000,38824.000000000,38823.000000000,38824.000000000,3,YM
2024-06-10T16:58:10.000000000Z,32,1,80420,38823.000000000,38823.000000000,38823.000000000,38823.000000000,2,YM
2024-06-10T16:58:11.000000000Z,32,1,80420,38822.000000000,38822.000000000,38821.000000000,38821.000000000,2,YM
2024-06-10T16:58:12.000000000Z,32,1,80420,38820.000000000,38820.000000000,38820.000000000,38820.000000000,2,YM
2024-06-10T16:58:14.000000000Z,32,1,80420,38820.000000000,38820.000000000,38820.000000000,38820.000000000,1,YM
2024-06-10T16:58:18.000000000Z,32,1,80420,38821.000000000,38821.000000000,38821.000000000,38821.000000000,3,YM
2024-06-10T16:58:20.000000000Z,32,1,80420,38820.000000000,38820.000000000,38819.000000000,38819.000000000,4,YM
2024-06-10T16:58:21.000000000Z,32,1,80420,38822.000000000,38822.000000000,38822.000000000,38822.000000000,2,YM
2024-06-10T16:58:22.000000000Z,32,1,80420,38822.000000000,38822.000000000,38822.000000000,38822.000000000,1,YM
2024-06-10T16:58:23.000000000Z,32,1,80420,38821.000000000,38821.000000000,38821.000000000,38821.000000000,2,YM
2024-06-10T16:58:24.000000000Z,32,1,80420,38822.000000000,38822.000000000,38822.000000000,38822.000000000,1,YM
2024-06-10T16:58:25.000000000Z,32,1,80420,38821.000000000,38821.000000000,38820.000000000,38820.000000000,4,YM
2024-06-10T16:58:26.000000000Z,32,1,80420,38821.000000000,38821.000000000,38819.000000000,38819.000000000,5,YM
2024-06-10T16:58:28.000000000Z,32,1,80420,38818.000000000,38819.000000000,38818.000000000,38819.000000000,7,YM
2024-06-10T16:58:29.000000000Z,32,1,80420,38820.000000000,38820.000000000,38820.000000000,38820.000000000,1,YM
2024-06-10T16:58:33.000000000Z,32,1,80420,38819.000000000,38819.000000000,38819.000000000,38819.000000000,1,YM
2024-06-10T16:58:36.000000000Z,32,1,80420,38818.000000000,38818.000000000,38818.000000000,38818.000000000,1,YM
2024-06-10T16:58:39.000000000Z,32,1,80420,38817.000000000,38819.000000000,38817.000000000,38819.000000000,4,YM
2024-06-10T16:58:41.000000000Z,32,1,80420,38820.000000000,38820.000000000,38820.000000000,38820.000000000,3,YM
2024-06-10T16:58:45.000000000Z,32,1,80420,38820.000000000,38820.000000000,38820.000000000,38820.000000000,1,YM
2024-06-10T16:58:46.000000000Z,32,1,80420,38821.000000000,38821.000000000,38821.000000000,38821.000000000,1,YM
2024-06-10T16:58:47.000000000Z,32,1,80420,38822.000000000,38822.000000000,38822.000000000,38822.000000000,2,YM
2024-06-10T16:58:49.000000000Z,32,1,80420,38822.000000000,38822.000000000,38822.000000000,38822.000000000,1,YM
2024-06-10T16:58:54.000000000Z,32,1,80420,38821.000000000,38821.000000000,38821.000000000,38821.000000000,1,YM
2024-06-10T16:58:56.000000000Z,32,1,80420,38821.000000000,38821.000000000,38820.000000000,38820.000000000,2,YM
2024-06-10T16:58:59.000000000Z,32,1,80420,38818.000000000,38818.000000000,38818.000000000,38818.000000000,4,YM
2024-06-10T16:59:00.000000000Z,32,1,80420,38818.000000000,38818.000000000,38818.000000000,38818.000000000,5,YM
2024-06-10T16:59:01.000000000Z,32,1,80420,38818.000000000,38818.000000000,38818.000000000,38818.000000000,1,YM
2024-06-10T16:59:02.000000000Z,32,1,80420,38817.000000000,38817.000000000,38817.000000000,38817.000000000,2,YM
2024-06-10T16:59:03.000000000Z,32,1,80420,38817.000000000,38817.000000000,38817.000000000,38817.000000000,2,YM
2024-06-10T16:59:10.000000000Z,32,1,80420,38816.000000000,38816.000000000,38816.000000000,38816.000000000,7,YM
2024-06-10T16:59:11.000000000Z,32,1,80420,38817.000000000,38817.000000000,38817.000000000,38817.000000000,4,YM
2024-06-10T16:59:12.000000000Z,32,1,80420,38817.000000000,38817.000000000,38817.000000000,38817.000000000,1,YM
2024-06-10T16:59:13.000000000Z,32,1,80420,38818.000000000,38818.000000000,38818.000000000,38818.000000000,1,YM
2024-06-10T16:59:16.000000000Z,32,1,80420,38816.000000000,38816.000000000,38816.000000000,38816.000000000,1,YM
2024-06-10T16:59:17.000000000Z,32,1,80420,38817.000000000,38817.000000000,38817.000000000,38817.000000000,3,YM
2024-06-10T16:59:21.000000000Z,32,1,80420,38818.000000000,38818.000000000,38818.000000000,38818.000000000,1,YM
2024-06-10T16:59:27.000000000Z,32,1,80420,38817.000000000,38817.000000000,38817.000000000,38817.000000000,1,YM
2024-06-10T16:59:30.000000000Z,32,1,80420,38817.000000000,38817.000000000,38817.000000000,38817.000000000,1,YM
2024-06-10T16:59:32.000000000Z,32,1,80420,38818.000000000,38818.000000000,38817.000000000,38817.000000000,8,YM
2024-06-10T16:59:37.000000000Z,32,1,80420,38816.000000000,38816.000000000,38816.000000000,38816.000000000,4,YM
2024-06-10T16:59:38.000000000Z,32,1,80420,38816.000000000,38816.000000000,38816.000000000,38816.000000000,1,YM
2024-06-10T16:59:40.000000000Z,32,1,80420,38817.000000000,38817.000000000,38817.000000000,38817.000000000,1,YM
2024-06-10T16:59:45.000000000Z,32,1,80420,38818.000000000,38818.000000000,38818.000000000,38818.000000000,1,YM
2024-06-10T16:59:48.000000000Z,32,1,80420,38819.000000000,38820.000000000,38819.000000000,38820.000000000,9,YM
2024-06-10T16:59:49.000000000Z,32,1,80420,38820.000000000,38820.000000000,38820.000000000,38820.000000000,2,YM
2024-06-10T16:59:53.000000000Z,32,1,80420,38820.000000000,38821.000000000,38820.000000000,38821.000000000,3,YM
2024-06-10T16:59:55.000000000Z,32,1,80420,38821.000000000,38821.000000000,38821.000000000,38821.000000000,1,YM
2024-06-10T16:59:57.000000000Z,32,1,80420,38821.000000000,38822.000000000,38821.000000000,38822.000000000,9,YM
2024-06-10T17:00:00.000000000Z,32,1,80420,38822.000000000,38823.000000000,38821.000000000,38821.000000000,9,YM
2024-06-10T17:00:03.000000000Z,32,1,80420,38822.000000000,38822.000000000,38821.000000000,38822.000000000,3,YM
2024-06-10T17:00:06.000000000Z,32,1,80420,38821.000000000,38821.000000000,38821.000000000,38821.000000000,3,YM
2024-06-10T17:00:08.000000000Z,32,1,80420,38820.000000000,38820.000000000,38820.000000000,38820.000000000,1,YM
2024-06-10T17:00:09.000000000Z,32,1,80420,38818.000000000,38818.000000000,38817.000000000,38817.000000000,2,YM
2024-06-10T17:00:10.000000000Z,32,1,80420,38816.000000000,38816.000000000,38816.000000000,38816.000000000,1,YM
2024-06-10T17:00:11.000000000Z,32,1,80420,38818.000000000,38818.000000000,38817.000000000,38818.000000000,4,YM
2024-06-10T17:00:14.000000000Z,32,1,80420,38818.000000000,38818.000000000,38817.000000000,38817.000000000,2,YM
2024-06-10T17:00:15.000000000Z,32,1,80420,38816.000000000,38817.000000000,38816.000000000,38817.000000000,2,YM
2024-06-10T17:00:16.000000000Z,32,1,80420,38817.000000000,38817.000000000,38817.000000000,38817.000000000,1,YM
2024-06-10T17:00:17.000000000Z,32,1,80420,38817.000000000,38817.000000000,38817.000000000,38817.000000000,1,YM
2024-06-10T17:00:19.000000000Z,32,1,80420,38816.000000000,38816.000000000,38816.000000000,38816.000000000,1,YM
2024-06-10T17:00:20.000000000Z,32,1,80420,38817.000000000,38817.000000000,38817.000000000,38817.000000000,7,YM
2024-06-10T17:00:21.000000000Z,32,1,80420,38817.000000000,38817.000000000,38817.000000000,38817.000000000,1,YM
2024-06-10T17:00:28.000000000Z,32,1,80420,38817.000000000,38817.000000000,38817.000000000,38817.000000000,1,YM
2024-06-10T17:00:30.000000000Z,32,1,80420,38816.000000000,38816.000000000,38816.000000000,38816.000000000,1,YM
2024-06-10T17:00:31.000000000Z,32,1,80420,38817.000000000,38817.000000000,38817.000000000,38817.000000000,1,YM
2024-06-10T17:00:32.000000000Z,32,1,80420,38816.000000000,38816.000000000,38816.000000000,38816.000000000,1,YM
2024-06-10T17:00:34.000000000Z,32,1,80420,38817.000000000,38817.000000000,38817.000000000,38817.000000000,5,YM
2024-06-10T17:00:37.000000000Z,32,1,80420,38817.000000000,38817.000000000,38812.000000000,38815.000000000,105,YM
2024-06-10T17:00:38.000000000Z,32,1,80420,38815.000000000,38815.000000000,38814.000000000,38815.000000000,6,YM
2024-06-10T17:00:39.000000000Z,32,1,80420,38813.000000000,38815.000000000,38812.000000000,38814.000000000,12,YM
2024-06-10T17:00:40.000000000Z,32,1,80420,38814.000000000,38814.000000000,38812.000000000,38812.000000000,9,YM
2024-06-10T17:00:41.000000000Z,32,1,80420,38813.000000000,38813.000000000,38810.000000000,38811.000000000,16,YM
2024-06-10T17:00:42.000000000Z,32,1,80420,38810.000000000,38812.000000000,38810.000000000,38810.000000000,5,YM
2024-06-10T17:00:43.000000000Z,32,1,80420,38811.000000000,38811.000000000,38810.000000000,38810.000000000,5,YM
2024-06-10T17:00:44.000000000Z,32,1,80420,38811.000000000,38811.000000000,38811.000000000,38811.000000000,1,YM
2024-06-10T17:00:45.000000000Z,32,1,80420,38811.000000000,38811.000000000,38811.000000000,38811.000000000,2,YM
2024-06-10T17:00:46.000000000Z,32,1,80420,38811.000000000,38811.000000000,38810.000000000,38810.000000000,4,YM
2024-06-10T17:00:47.000000000Z,32,1,80420,38812.000000000,38812.000000000,38811.000000000,38811.000000000,2,YM
2024-06-10T17:00:49.000000000Z,32,1,80420,38812.000000000,38812.000000000,38811.000000000,38812.000000000,7,YM
2024-06-10T17:00:50.000000000Z,32,1,80420,38812.000000000,38812.000000000,38812.000000000,38812.000000000,3,YM
2024-06-10T17:00:51.000000000Z,32,1,80420,38814.000000000,38814.000000000,38813.000000000,38813.000000000,3,YM
2024-06-10T17:00:52.000000000Z,32,1,80420,38815.000000000,38815.000000000,38815.000000000,38815.000000000,1,YM
2024-06-10T17:00:54.000000000Z,32,1,80420,38816.000000000,38816.000000000,38816.000000000,38816.000000000,2,YM
2024-06-10T17:00:55.000000000Z,32,1,80420,38815.000000000,38815.000000000,38815.000000000,38815.000000000,1,YM
2024-06-10T17:00:58.000000000Z,32,1,80420,38816.000000000,38816.000000000,38816.000000000,38816.000000000,4,YM
2024-06-10T17:01:00.000000000Z,32,1,80420,38816.000000000,38816.000000000,38816.000000000,38816.000000000,2,YM
2024-06-10T17:01:02.000000000Z,32,1,80420,38816.000000000,38816.000000000,38816.000000000,38816.000000000,3,YM
2024-06-10T17:01:04.000000000Z,32,1,80420,38816.000000000,38817.000000000,38815.000000000,38817.000000000,5,YM
2024-06-10T17:01:06.000000000Z,32,1,80420,38817.000000000,38817.000000000,38817.000000000,38817.000000000,1,YM
2024-06-10T17:01:07.000000000Z,32,1,80420,38817.000000000,38817.000000000,38817.000000000,38817.000000000,1,YM
2024-06-10T17:01:09.000000000Z,32,1,80420,38816.000000000,38816.000000000,38816.000000000,38816.000000000,1,YM
2024-06-10T17:01:10.000000000Z,32,1,80420,38814.000000000,38814.000000000,38814.000000000,38814.000000000,1,YM
2024-06-10T17:01:12.000000000Z,32,1,80420,38814.000000000,38814.000000000,38814.000000000,38814.000000000,1,YM
2024-06-10T17:01:13.000000000Z,32,1,80420,38814.000000000,38814.000000000,38814.000000000,38814.000000000,1,YM
2024-06-10T17:01:15.000000000Z,32,1,80420,38814.000000000,38814.000000000,38814.000000000,38814.000000000,1,YM
2024-06-10T17:01:17.000000000Z,32,1,80420,38814.000000000,38814.000000000,38814.000000000,38814.000000000,1,YM
2024-06-10T17:01:19.000000000Z,32,1,80420,38814.000000000,38815.000000000,38814.000000000,38815.000000000,3,YM
2024-06-10T17:01:22.000000000Z,32,1,80420,38814.000000000,38814.000000000,38814.000000000,38814.000000000,1,YM
2024-06-10T17:01:23.000000000Z,32,1,80420,38814.000000000,38814.000000000,38814.000000000,38814.000000000,1,YM
2024-06-10T17:01:24.000000000Z,32,1,80420,38813.000000000,38813.000000000,38811.000000000,38811.000000000,7,YM
2024-06-10T17:01:25.000000000Z,32,1,80420,38811.000000000,38811.000000000,38810.000000000,38811.000000000,7,YM
2024-06-10T17:01:26.000000000Z,32,1,80420,38809.000000000,38810.000000000,38809.000000000,38810.000000000,5,YM
2024-06-10T17:01:27.000000000Z,32,1,80420,38810.000000000,38812.000000000,38810.000000000,38811.000000000,9,YM
2024-06-10T17:01:28.000000000Z,32,1,80420,38810.000000000,38810.000000000,38810.000000000,38810.000000000,1,YM
2024-06-10T17:01:29.000000000Z,32,1,80420,38809.000000000,38809.000000000,38809.000000000,38809.000000000,4,YM
2024-06-10T17:01:30.000000000Z,32,1,80420,38809.000000000,38809.000000000,38809.000000000,38809.000000000,2,YM
2024-06-10T17:01:31.000000000Z,32,1,80420,38809.000000000,38809.000000000,38808.000000000,38808.000000000,9,YM
2024-06-10T17:01:35.000000000Z,32,1,80420,38810.000000000,38810.000000000,38810.000000000,38810.000000000,3,YM
2024-06-10T17:01:36.000000000Z,32,1,80420,38809.000000000,38809.000000000,38809.000000000,38809.000000000,2,YM
2024-06-10T17:01:37.000000000Z,32,1,80420,38809.000000000,38810.000000000,38809.000000000,38810.000000000,2,YM
2024-06-10T17:01:39.000000000Z,32,1,80420,38810.000000000,38810.000000000,38809.000000000,38809.000000000,6,YM
2024-06-10T17:01:40.000000000Z,32,1,80420,38808.000000000,38808.000000000,38808.000000000,38808.000000000,2,YM
2024-06-10T17:01:41.000000000Z,32,1,80420,38808.000000000,38808.000000000,38808.000000000,38808.000000000,2,YM
2024-06-10T17:01:42.000000000Z,32,1,80420,38808.000000000,38808.000000000,38808.000000000,38808.000000000,1,YM
2024-06-10T17:01:44.000000000Z,32,1,80420,38808.000000000,38808.000000000,38808.000000000,38808.000000000,3,YM
2024-06-10T17:01:45.000000000Z,32,1,80420,38808.000000000,38808.000000000,38808.000000000,38808.000000000,1,YM
2024-06-10T17:01:47.000000000Z,32,1,80420,38807.000000000,38807.000000000,38807.000000000,38807.000000000,3,YM
2024-06-10T17:01:48.000000000Z,32,1,80420,38807.000000000,38807.000000000,38807.000000000,38807.000000000,1,YM
2024-06-10T17:01:49.000000000Z,32,1,80420,38805.000000000,38805.000000000,38803.000000000,38805.000000000,14,YM
2024-06-10T17:01:50.000000000Z,32,1,80420,38804.000000000,38806.000000000,38804.000000000,38805.000000000,6,YM
2024-06-10T17:01:51.000000000Z,32,1,80420,38805.000000000,38806.000000000,38804.000000000,38805.000000000,18,YM
2024-06-10T17:01:52.000000000Z,32,1,80420,38806.000000000,38806.000000000,38806.000000000,38806.000000000,7,YM
2024-06-10T17:01:54.000000000Z,32,1,80420,38807.000000000,38807.000000000,38807.000000000,38807.000000000,2,YM
2024-06-10T17:01:55.000000000Z,32,1,80420,38808.000000000,38808.000000000,38807.000000000,38807.000000000,6,YM
2024-06-10T17:01:56.000000000Z,32,1,80420,38807.000000000,38807.000000000,38807.000000000,38807.000000000,3,YM
2024-06-10T17:01:58.000000000Z,32,1,80420,38808.000000000,38808.000000000,38808.000000000,38808.000000000,1,YM
2024-06-10T17:01:59.000000000Z,32,1,80420,38808.000000000,38808.000000000,38808.000000000,38808.000000000,1,YM
2024-06-10T17:02:00.000000000Z,32,1,80420,38808.000000000,38808.000000000,38808.000000000,38808.000000000,3,YM
2024-06-10T17:02:01.000000000Z,32,1,80420,38809.000000000,38809.000000000,38796.000000000,38799.000000000,142,YM
2024-06-10T17:02:02.000000000Z,32,1,80420,38801.000000000,38801.000000000,38800.000000000,38801.000000000,5,YM
2024-06-10T17:02:03.000000000Z,32,1,80420,38801.000000000,38801.000000000,38800.000000000,38801.000000000,10,YM
2024-06-10T17:02:04.000000000Z,32,1,80420,38802.000000000,38803.000000000,38802.000000000,38802.000000000,9,YM
2024-06-10T17:02:05.000000000Z,32,1,80420,38803.000000000,38804.000000000,38803.000000000,38804.000000000,2,YM
2024-06-10T17:02:06.000000000Z,32,1,80420,38804.000000000,38808.000000000,38804.000000000,38807.000000000,37,YM
2024-06-10T17:02:07.000000000Z,32,1,80420,38807.000000000,38808.000000000,38807.000000000,38808.000000000,9,YM
2024-06-10T17:02:09.000000000Z,32,1,80420,38809.000000000,38809.000000000,38807.000000000,38807.000000000,4,YM
2024-06-10T17:02:11.000000000Z,32,1,80420,38808.000000000,38809.000000000,38808.000000000,38809.000000000,3,YM
2024-06-10T17:02:12.000000000Z,32,1,80420,38810.000000000,38810.000000000,38810.000000000,38810.000000000,4,YM
2024-06-10T17:02:13.000000000Z,32,1,80420,38811.000000000,38811.000000000,38811.000000000,38811.000000000,2,YM
2024-06-10T17:02:14.000000000Z,32,1,80420,38810.000000000,38810.000000000,38810.000000000,38810.000000000,4,YM
2024-06-10T17:02:15.000000000Z,32,1,80420,38810.000000000,38810.000000000,38810.000000000,38810.000000000,1,YM
2024-06-10T17:02:16.000000000Z,32,1,80420,38809.000000000,38809.000000000,38808.000000000,38808.000000000,3,YM
2024-06-10T17:02:17.000000000Z,32,1,80420,38808.000000000,38808.000000000,38807.000000000,38807.000000000,3,YM
2024-06-10T17:02:18.000000000Z,32,1,80420,38808.000000000,38808.000000000,38808.000000000,38808.000000000,1,YM
2024-06-10T17:02:21.000000000Z,32,1,80420,38808.000000000,38808.000000000,38808.000000000,38808.000000000,1,YM
2024-06-10T17:02:22.000000000Z,32,1,80420,38808.000000000,38809.000000000,38808.000000000,38809.000000000,4,YM
2024-06-10T17:02:23.000000000Z,32,1,80420,38810.000000000,38810.000000000,38810.000000000,38810.000000000,1,YM
2024-06-10T17:02:24.000000000Z,32,1,80420,38811.000000000,38811.000000000,38811.000000000,38811.000000000,3,YM
2024-06-10T17:02:25.000000000Z,32,1,80420,38811.000000000,38811.000000000,38811.000000000,38811.000000000,3,YM
2024-06-10T17:02:26.000000000Z,32,1,80420,38808.000000000,38808.000000000,38808.000000000,38808.000000000,1,YM
2024-06-10T17:02:27.000000000Z,32,1,80420,38808.000000000,38808.000000000,38808.000000000,38808.000000000,1,YM
2024-06-10T17:02:28.000000000Z,32,1,80420,38809.000000000,38809.000000000,38809.000000000,38809.000000000,1,YM
2024-06-10T17:02:29.000000000Z,32,1,80420,38809.000000000,38809.000000000,38808.000000000,38808.000000000,6,YM
2024-06-10T17:02:30.000000000Z,32,1,80420,38808.000000000,38808.000000000,38807.000000000,38807.000000000,2,YM
2024-06-10T17:02:31.000000000Z,32,1,80420,38806.000000000,38806.000000000,38805.000000000,38806.000000000,5,YM
2024-06-10T17:02:32.000000000Z,32,1,80420,38805.000000000,38805.000000000,38805.000000000,38805.000000000,1,YM
2024-06-10T17:02:33.000000000Z,32,1,80420,38805.000000000,38805.000000000,38805.000000000,38805.000000000,1,YM
2024-06-10T17:02:34.000000000Z,32,1,80420,38804.000000000,38805.000000000,38804.000000000,38805.000000000,6,YM
2024-06-10T17:02:35.000000000Z,32,1,80420,38805.000000000,38805.000000000,38805.000000000,38805.000000000,1,YM
2024-06-10T17:02:36.000000000Z,32,1,80420,38805.000000000,38805.000000000,38805.000000000,38805.000000000,2,YM
2024-06-10T17:02:37.000000000Z,32,1,80420,38805.000000000,38805.000000000,38805.000000000,38805.000000000,2,YM
2024-06-10T17:02:38.000000000Z,32,1,80420,38805.000000000,38805.000000000,38805.000000000,38805.000000000,3,YM
2024-06-10T17:02:39.000000000Z,32,1,80420,38804.000000000,38805.000000000,38804.000000000,38805.000000000,25,YM
2024-06-10T17:02:40.000000000Z,32,1,80420,38806.000000000,38807.000000000,38805.000000000,38805.000000000,9,YM
2024-06-10T17:02:42.000000000Z,32,1,80420,38805.000000000,38805.000000000,38805.000000000,38805.000000000,3,YM
2024-06-10T17:02:43.000000000Z,32,1,80420,38805.000000000,38805.000000000,38805.000000000,38805.000000000,3,YM
2024-06-10T17:02:44.000000000Z,32,1,80420,38804.000000000,38804.000000000,38804.000000000,38804.000000000,4,YM
2024-06-10T17:02:46.000000000Z,32,1,80420,38804.000000000,38804.000000000,38804.000000000,38804.000000000,5,YM
2024-06-10T17:02:48.000000000Z,32,1,80420,38804.000000000,38804.000000000,38804.000000000,38804.000000000,3,YM
2024-06-10T17:02:49.000000000Z,32,1,80420,38805.000000000,38805.000000000,38804.000000000,38805.000000000,6,YM
2024-06-10T17:02:53.000000000Z,32,1,80420,38805.000000000,38805.000000000,38805.000000000,38805.000000000,2,YM
2024-06-10T17:02:56.000000000Z,32,1,80420,38805.000000000,38805.000000000,38805.000000000,38805.000000000,3,YM
2024-06-10T17:02:57.000000000Z,32,1,80420,38806.000000000,38806.000000000,38806.000000000,38806.000000000,1,YM
2024-06-10T17:02:58.000000000Z,32,1,80420,38807.000000000,38807.000000000,38806.000000000,38806.000000000,3,YM
2024-06-10T17:02:59.000000000Z,32,1,80420,38806.000000000,38806.000000000,38806.000000000,38806.000000000,1,YM
2024-06-10T17:03:00.000000000Z,32,1,80420,38807.000000000,38807.000000000,38807.000000000,38807.000000000,1,YM
2024-06-10T17:03:01.000000000Z,32,1,80420,38807.000000000,38807.000000000,38806.000000000,38806.000000000,2,YM
2024-06-10T17:03:02.000000000Z,32,1,80420,38806.000000000,38806.000000000,38805.000000000,38805.000000000,7,YM
2024-06-10T17:03:03.000000000Z,32,1,80420,38806.000000000,38806.000000000,38806.000000000,38806.000000000,1,YM
2024-06-10T17:03:04.000000000Z,32,1,80420,38805.000000000,38805.000000000,38805.000000000,38805.000000000,1,YM
2024-06-10T17:03:05.000000000Z,32,1,80420,38804.000000000,38804.000000000,38804.000000000,38804.000000000,4,YM
2024-06-10T17:03:06.000000000Z,32,1,80420,38805.000000000,38806.000000000,38805.000000000,38806.000000000,2,YM
2024-06-10T17:03:11.000000000Z,32,1,80420,38804.000000000,38804.000000000,38804.000000000,38804.000000000,1,YM
2024-06-10T17:03:14.000000000Z,32,1,80420,38806.000000000,38806.000000000,38805.000000000,38805.000000000,2,YM
2024-06-10T17:03:16.000000000Z,32,1,80420,38805.000000000,38806.000000000,38805.000000000,38806.000000000,5,YM
2024-06-10T17:03:17.000000000Z,32,1,80420,38805.000000000,38805.000000000,38805.000000000,38805.000000000,1,YM
2024-06-10T17:03:18.000000000Z,32,1,80420,38805.000000000,38805.000000000,38804.000000000,38804.000000000,4,YM
2024-06-10T17:03:19.000000000Z,32,1,80420,38804.000000000,38804.000000000,38804.000000000,38804.000000000,2,YM
2024-06-10T17:03:24.000000000Z,32,1,80420,38803.000000000,38804.000000000,38803.000000000,38804.000000000,3,YM
2024-06-10T17:03:25.000000000Z,32,1,80420,38805.000000000,38805.000000000,38805.000000000,38805.000000000,1,YM
2024-06-10T17:03:26.000000000Z,32,1,80420,38805.000000000,38805.000000000,38805.000000000,38805.000000000,1,YM
2024-06-10T17:03:27.000000000Z,32,1,80420,38806.000000000,38806.000000000,38806.000000000,38806.000000000,1,YM
2024-06-10T17:03:28.000000000Z,32,1,80420,38807.000000000,38807.000000000,38807.000000000,38807.000000000,1,YM
2024-06-10T17:03:30.000000000Z,32,1,80420,38807.000000000,38807.000000000,38806.000000000,38806.000000000,6,YM
2024-06-10T17:03:31.000000000Z,32,1,80420,38807.000000000,38807.000000000,38807.000000000,38807.000000000,3,YM
2024-06-10T17:03:32.000000000Z,32,1,80420,38808.000000000,38808.000000000,38808.000000000,38808.000000000,3,YM
2024-06-10T17:03:33.000000000Z,32,1,80420,38808.000000000,38808.000000000,38808.000000000,38808.000000000,1,YM
2024-06-10T17:03:39.000000000Z,32,1,80420,38807.000000000,38807.000000000,38807.000000000,38807.000000000,2,YM
2024-06-10T17:03:41.000000000Z,32,1,80420,38808.000000000,38808.000000000,38808.000000000,38808.000000000,1,YM
2024-06-10T17:03:42.000000000Z,32,1,80420,38809.000000000,38810.000000000,38809.000000000,38809.000000000,8,YM
2024-06-10T17:03:43.000000000Z,32,1,80420,38810.000000000,38810.000000000,38808.000000000,38808.000000000,2,YM
2024-06-10T17:03:44.000000000Z,32,1,80420,38809.000000000,38809.000000000,38809.000000000,38809.000000000,1,YM
2024-06-10T17:03:46.000000000Z,32,1,80420,38810.000000000,38810.000000000,38809.000000000,38809.000000000,6,YM
2024-06-10T17:03:47.000000000Z,32,1,80420,38810.000000000,38810.000000000,38810.000000000,38810.000000000,1,YM
2024-06-10T17:03:48.000000000Z,32,1,80420,38812.000000000,38812.000000000,38812.000000000,38812.000000000,2,YM
2024-06-10T17:03:49.000000000Z,32,1,80420,38811.000000000,38812.000000000,38811.000000000,38812.000000000,4,YM
2024-06-10T17:03:53.000000000Z,32,1,80420,38812.000000000,38812.000000000,38812.000000000,38812.000000000,2,YM
2024-06-10T17:03:59.000000000Z,32,1,80420,38812.000000000,38812.000000000,38812.000000000,38812.000000000,5,YM
2024-06-10T17:04:00.000000000Z,32,1,80420,38812.000000000,38813.000000000,38811.000000000,38811.000000000,9,YM
2024-06-10T17:04:03.000000000Z,32,1,80420,38812.000000000,38812.000000000,38811.000000000,38811.000000000,2,YM
2024-06-10T17:04:10.000000000Z,32,1,80420,38810.000000000,38810.000000000,38810.000000000,38810.000000000,1,YM
2024-06-10T17:04:13.000000000Z,32,1,80420,38810.000000000,38810.000000000,38810.000000000,38810.000000000,1,YM
2024-06-10T17:04:15.000000000Z,32,1,80420,38811.000000000,38811.000000000,38811.000000000,38811.000000000,1,YM
2024-06-10T17:04:21.000000000Z,32,1,80420,38812.000000000,38812.000000000,38812.000000000,38812.000000000,1,YM
2024-06-10T17:04:22.000000000Z,32,1,80420,38812.000000000,38812.000000000,38812.000000000,38812.000000000,1,YM
2024-06-10T17:04:23.000000000Z,32,1,80420,38813.000000000,38813.000000000,38812.000000000,38813.000000000,7,YM
2024-06-10T17:04:24.000000000Z,32,1,80420,38814.000000000,38814.000000000,38814.000000000,38814.000000000,7,YM
2024-06-10T17:04:25.000000000Z,32,1,80420,38814.000000000,38814.000000000,38814.000000000,38814.000000000,3,YM
2024-06-10T17:04:26.000000000Z,32,1,80420,38815.000000000,38815.000000000,38815.000000000,38815.000000000,4,YM
2024-06-10T17:04:27.000000000Z,32,1,80420,38815.000000000,38815.000000000,38814.000000000,38814.000000000,4,YM
2024-06-10T17:04:28.000000000Z,32,1,80420,38814.000000000,38816.000000000,38814.000000000,38816.000000000,12,YM
2024-06-10T17:04:29.000000000Z,32,1,80420,38816.000000000,38816.000000000,38815.000000000,38815.000000000,7,YM
2024-06-10T17:04:30.000000000Z,32,1,80420,38816.000000000,38816.000000000,38816.000000000,38816.000000000,3,YM
2024-06-10T17:04:31.000000000Z,32,1,80420,38816.000000000,38816.000000000,38816.000000000,38816.000000000,2,YM
2024-06-10T17:04:32.000000000Z,32,1,80420,38815.000000000,38815.000000000,38815.000000000,38815.000000000,14,YM
2024-06-10T17:04:33.000000000Z,32,1,80420,38815.000000000,38815.000000000,38815.000000000,38815.000000000,1,YM
2024-06-10T17:04:37.000000000Z,32,1,80420,38817.000000000,38817.000000000,38817.000000000,38817.000000000,1,YM
2024-06-10T17:04:38.000000000Z,32,1,80420,38817.000000000,38817.000000000,38816.000000000,38816.000000000,6,YM
2024-06-10T17:04:39.000000000Z,32,1,80420,38816.000000000,38816.000000000,38815.000000000,38815.000000000,5,YM
2024-06-10T17:04:40.000000000Z,32,1,80420,38817.000000000,38817.000000000,38817.000000000,38817.000000000,1,YM
2024-06-10T17:04:43.000000000Z,32,1,80420,38818.000000000,38818.000000000,38818.000000000,38818.000000000,3,YM
2024-06-10T17:04:47.000000000Z,32,1,80420,38817.000000000,38817.000000000,38817.000000000,38817.000000000,2,YM
2024-06-10T17:04:48.000000000Z,32,1,80420,38817.000000000,38817.000000000,38817.000000000,38817.000000000,3,YM
2024-06-10T17:04:49.000000000Z,32,1,80420,38817.000000000,38817.000000000,38817.000000000,38817.000000000,2,YM
2024-06-10T17:04:51.000000000Z,32,1,80420,38817.000000000,38817.000000000,38817.000000000,38817.000000000,1,YM
2024-06-10T17:04:52.000000000Z,32,1,80420,38819.000000000,38819.000000000,38819.000000000,38819.000000000,1,YM
2024-06-10T17:04:53.000000000Z,32,1,80420,38819.000000000,38819.000000000,38819.000000000,38819.000000000,5,YM
2024-06-10T17:04:54.000000000Z,32,1,80420,38819.000000000,38819.000000000,38819.000000000,38819.000000000,1,YM
2024-06-10T17:04:56.000000000Z,32,1,80420,38819.000000000,38820.000000000,38819.000000000,38820.000000000,2,YM
2024-06-10T17:04:57.000000000Z,32,1,80420,38818.000000000,38818.000000000,38817.000000000,38817.000000000,4,YM
2024-06-10T17:04:58.000000000Z,32,1,80420,38816.000000000,38816.000000000,38816.000000000,38816.000000000,1,YM
2024-06-10T17:05:00.000000000Z,32,1,80420,38815.000000000,38815.000000000,38814.000000000,38815.000000000,4,YM
2024-06-10T17:05:01.000000000Z,32,1,80420,38814.000000000,38814.000000000,38814.000000000,38814.000000000,3,YM
2024-06-10T17:05:02.000000000Z,32,1,80420,38814.000000000,38814.000000000,38814.000000000,38814.000000000,1,YM
2024-06-10T17:05:03.000000000Z,32,1,80420,38814.000000000,38815.000000000,38814.000000000,38814.000000000,11,YM
2024-06-10T17:05:04.000000000Z,32,1,80420,38813.000000000,38813.000000000,38813.000000000,38813.000000000,1,YM
2024-06-10T17:05:06.000000000Z,32,1,80420,38814.000000000,38814.000000000,38814.000000000,38814.000000000,2,YM
2024-06-10T17:05:07.000000000Z,32,1,80420,38814.000000000,38814.000000000,38814.000000000,38814.000000000,1,YM
2024-06-10T17:05:08.000000000Z,32,1,80420,38815.000000000,38815.000000000,38815.000000000,38815.000000000,1,YM
2024-06-10T17:05:09.000000000Z,32,1,80420,38815.000000000,38815.000000000,38815.000000000,38815.000000000,1,YM
2024-06-10T17:05:10.000000000Z,32,1,80420,38816.000000000,38816.000000000,38815.000000000,38815.000000000,2,YM
2024-06-10T17:05:13.000000000Z,32,1,80420,38817.000000000,38817.000000000,38816.000000000,38816.000000000,4,YM
2024-06-10T17:05:16.000000000Z,32,1,80420,38816.000000000,38816.000000000,38816.000000000,38816.000000000,1,YM
2024-06-10T17:05:17.000000000Z,32,1,80420,38817.000000000,38817.000000000,38817.000000000,38817.000000000,2,YM
2024-06-10T17:05:18.000000000Z,32,1,80420,38817.000000000,38817.000000000,38817.000000000,38817.000000000,2,YM
2024-06-10T17:05:19.000000000Z,32,1,80420,38817.000000000,38817.000000000,38817.000000000,38817.000000000,1,YM
2024-06-10T17:05:25.000000000Z,32,1,80420,38815.000000000,38815.000000000,38815.000000000,38815.000000000,2,YM
2024-06-10T17:05:30.000000000Z,32,1,80420,38816.000000000,38817.000000000,38816.000000000,38817.000000000,2,YM
2024-06-10T17:05:31.000000000Z,32,1,80420,38816.000000000,38816.000000000,38816.000000000,38816.000000000,2,YM
2024-06-10T17:05:32.000000000Z,32,1,80420,38816.000000000,38816.000000000,38816.000000000,38816.000000000,4,YM
2024-06-10T17:05:38.000000000Z,32,1,80420,38816.000000000,38816.000000000,38816.000000000,38816.000000000,2,YM
2024-06-10T17:05:40.000000000Z,32,1,80420,38817.000000000,38817.000000000,38817.000000000,38817.000000000,1,YM
2024-06-10T17:05:42.000000000Z,32,1,80420,38819.000000000,38819.000000000,38819.000000000,38819.000000000,1,YM
2024-06-10T17:05:44.000000000Z,32,1,80420,38818.000000000,38818.000000000,38818.000000000,38818.000000000,5,YM
2024-06-10T17:05:46.000000000Z,32,1,80420,38820.000000000,38820.000000000,38820.000000000,38820.000000000,2,YM
2024-06-10T17:05:49.000000000Z,32,1,80420,38819.000000000,38819.000000000,38819.000000000,38819.000000000,2,YM
2024-06-10T17:05:51.000000000Z,32,1,80420,38819.000000000,38819.000000000,38819.000000000,38819.000000000,2,YM
2024-06-10T17:05:54.000000000Z,32,1,80420,38820.000000000,38820.000000000,38820.000000000,38820.000000000,3,YM
2024-06-10T17:05:55.000000000Z,32,1,80420,38821.000000000,38821.000000000,38821.000000000,38821.000000000,4,YM
2024-06-10T17:05:57.000000000Z,32,1,80420,38822.000000000,38822.000000000,38822.000000000,38822.000000000,1,YM
2024-06-10T17:05:59.000000000Z,32,1,80420,38822.000000000,38822.000000000,38822.000000000,38822.000000000,4,YM
2024-06-10T17:06:00.000000000Z,32,1,80420,38821.000000000,38823.000000000,38821.000000000,38821.000000000,5,YM
2024-06-10T17:06:01.000000000Z,32,1,80420,38821.000000000,38823.000000000,38821.000000000,38823.000000000,22,YM
2024-06-10T17:06:02.000000000Z,32,1,80420,38821.000000000,38821.000000000,38821.000000000,38821.000000000,1,YM
2024-06-10T17:06:03.000000000Z,32,1,80420,38820.000000000,38820.000000000,38820.000000000,38820.000000000,3,YM
2024-06-10T17:06:05.000000000Z,32,1,80420,38819.000000000,38819.000000000,38819.000000000,38819.000000000,3,YM
2024-06-10T17:06:07.000000000Z,32,1,80420,38819.000000000,38820.000000000,38819.000000000,38820.000000000,5,YM
2024-06-10T17:06:10.000000000Z,32,1,80420,38818.000000000,38818.000000000,38818.000000000,38818.000000000,2,YM
2024-06-10T17:06:11.000000000Z,32,1,80420,38818.000000000,38818.000000000,38818.000000000,38818.000000000,3,YM
2024-06-10T17:06:17.000000000Z,32,1,80420,38817.000000000,38817.000000000,38817.000000000,38817.000000000,3,YM
2024-06-10T17:06:18.000000000Z,32,1,80420,38816.000000000,38816.000000000,38816.000000000,38816.000000000,1,YM
2024-06-10T17:06:21.000000000Z,32,1,80420,38816.000000000,38816.000000000,38816.000000000,38816.000000000,1,YM
2024-06-10T17:06:23.000000000Z,32,1,80420,38816.000000000,38816.000000000,38816.000000000,38816.000000000,1,YM
2024-06-10T17:06:25.000000000Z,32,1,80420,38815.000000000,38815.000000000,38815.000000000,38815.000000000,1,YM
2024-06-10T17:06:27.000000000Z,32,1,80420,38815.000000000,38815.000000000,38815.000000000,38815.000000000,1,YM
2024-06-10T17:06:28.000000000Z,32,1,80420,38816.000000000,38816.000000000,38816.000000000,38816.000000000,1,YM
2024-06-10T17:06:30.000000000Z,32,1,80420,38815.000000000,38815.000000000,38815.000000000,38815.000000000,1,YM
2024-06-10T17:06:32.000000000Z,32,1,80420,38816.000000000,38816.000000000,38816.000000000,38816.000000000,1,YM
2024-06-10T17:06:33.000000000Z,32,1,80420,38816.000000000,38816.000000000,38815.000000000,38815.000000000,4,YM
2024-06-10T17:06:34.000000000Z,32,1,80420,38814.000000000,38814.000000000,38814.000000000,38814.000000000,6,YM
2024-06-10T17:06:35.000000000Z,32,1,80420,38815.000000000,38815.000000000,38815.000000000,38815.000000000,1,YM
2024-06-10T17:06:39.000000000Z,32,1,80420,38812.000000000,38813.000000000,38812.000000000,38813.000000000,2,YM
2024-06-10T17:06:41.000000000Z,32,1,80420,38814.000000000,38814.000000000,38814.000000000,38814.000000000,2,YM
2024-06-10T17:06:44.000000000Z,32,1,80420,38813.000000000,38813.000000000,38813.000000000,38813.000000000,1,YM
2024-06-10T17:06:47.000000000Z,32,1,80420,38812.000000000,38812.000000000,38811.000000000,38812.000000000,12,YM
2024-06-10T17:06:48.000000000Z,32,1,80420,38811.000000000,38811.000000000,38811.000000000,38811.000000000,1,YM
2024-06-10T17:06:51.000000000Z,32,1,80420,38813.000000000,38814.000000000,38813.000000000,38814.000000000,6,YM
2024-06-10T17:06:52.000000000Z,32,1,80420,38815.000000000,38815.000000000,38815.000000000,38815.000000000,1,YM
2024-06-10T17:06:59.000000000Z,32,1,80420,38816.000000000,38816.000000000,38816.000000000,38816.000000000,1,YM
2024-06-10T17:07:00.000000000Z,32,1,80420,38816.000000000,38816.000000000,38816.000000000,38816.000000000,2,YM
2024-06-10T17:07:01.000000000Z,32,1,80420,38815.000000000,38815.000000000,38815.000000000,38815.000000000,2,YM
2024-06-10T17:07:02.000000000Z,32,1,80420,38815.000000000,38815.000000000,38815.000000000,38815.000000000,1,YM
2024-06-10T17:07:09.000000000Z,32,1,80420,38813.000000000,38813.000000000,38813.000000000,38813.000000000,1,YM
2024-06-10T17:07:13.000000000Z,32,1,80420,38814.000000000,38814.000000000,38814.000000000,38814.000000000,3,YM
2024-06-10T17:07:14.000000000Z,32,1,80420,38815.000000000,38815.000000000,38815.000000000,38815.000000000,1,YM
2024-06-10T17:07:17.000000000Z,32,1,80420,38816.000000000,38816.000000000,38816.000000000,38816.000000000,1,YM
2024-06-10T17:07:24.000000000Z,32,1,80420,38815.000000000,38815.000000000,38815.000000000,38815.000000000,5,YM
2024-06-10T17:07:26.000000000Z,32,1,80420,38816.000000000,38817.000000000,38816.000000000,38817.000000000,5,YM
2024-06-10T17:07:29.000000000Z,32,1,80420,38817.000000000,38817.000000000,38817.000000000,38817.000000000,1,YM
2024-06-10T17:07:33.000000000Z,32,1,80420,38815.000000000,38815.000000000,38815.000000000,38815.000000000,1,YM
2024-06-10T17:07:34.000000000Z,32,1,80420,38815.000000000,38815.000000000,38815.000000000,38815.000000000,2,YM
2024-06-10T17:07:35.000000000Z,32,1,80420,38815.000000000,38815.000000000,38815.000000000,38815.000000000,1,YM
2024-06-10T17:07:42.000000000Z,32,1,80420,38814.000000000,38814.000000000,38814.000000000,38814.000000000,1,YM
2024-06-10T17:07:43.000000000Z,32,1,80420,38813.000000000,38813.000000000,38813.000000000,38813.000000000,2,YM
2024-06-10T17:07:46.000000000Z,32,1,80420,38812.000000000,38812.000000000,38812.000000000,38812.000000000,1,YM
2024-06-10T17:07:47.000000000Z,32,1,80420,38812.000000000,38812.000000000,38812.000000000,38812.000000000,1,YM
2024-06-10T17:07:49.000000000Z,32,1,80420,38812.000000000,38812.000000000,38812.000000000,38812.000000000,1,YM
2024-06-10T17:07:50.000000000Z,32,1,80420,38811.000000000,38811.000000000,38811.000000000,38811.000000000,2,YM
2024-06-10T17:07:52.000000000Z,32,1,80420,38812.000000000,38812.000000000,38812.000000000,38812.000000000,4,YM
2024-06-10T17:08:00.000000000Z,32,1,80420,38810.000000000,38810.000000000,38810.000000000,38810.000000000,1,YM
2024-06-10T17:08:01.000000000Z,32,1,80420,38811.000000000,38811.000000000,38811.000000000,38811.000000000,1,YM
2024-06-10T17:08:03.000000000Z,32,1,80420,38810.000000000,38810.000000000,38810.000000000,38810.000000000,3,YM
2024-06-10T17:08:06.000000000Z,32,1,80420,38810.000000000,38810.000000000,38810.000000000,38810.000000000,2,YM
2024-06-10T17:08:08.000000000Z,32,1,80420,38810.000000000,38810.000000000,38810.000000000,38810.000000000,1,YM
2024-06-10T17:08:09.000000000Z,32,1,80420,38809.000000000,38809.000000000,38809.000000000,38809.000000000,1,YM
2024-06-10T17:08:11.000000000Z,32,1,80420,38807.000000000,38807.000000000,38807.000000000,38807.000000000,1,YM
2024-06-10T17:08:15.000000000Z,32,1,80420,38807.000000000,38807.000000000,38807.000000000,38807.000000000,1,YM
2024-06-10T17:08:17.000000000Z,32,1,80420,38807.000000000,38807.000000000,38806.000000000,38806.000000000,7,YM
2024-06-10T17:08:20.000000000Z,32,1,80420,38805.000000000,38805.000000000,38805.000000000,38805.000000000,1,YM
2024-06-10T17:08:21.000000000Z,32,1,80420,38804.000000000,38804.000000000,38803.000000000,38803.000000000,3,YM
2024-06-10T17:08:22.000000000Z,32,1,80420,38805.000000000,38805.000000000,38804.000000000,38804.000000000,4,YM
2024-06-10T17:08:25.000000000Z,32,1,80420,38805.000000000,38805.000000000,38805.000000000,38805.000000000,2,YM
2024-06-10T17:08:28.000000000Z,32,1,80420,38805.000000000,38805.000000000,38805.000000000,38805.000000000,4,YM
2024-06-10T17:08:30.000000000Z,32,1,80420,38804.000000000,38804.000000000,38804.000000000,38804.000000000,4,YM
2024-06-10T17:08:32.000000000Z,32,1,80420,38805.000000000,38806.000000000,38805.000000000,38806.000000000,3,YM
2024-06-10T17:08:33.000000000Z,32,1,80420,38806.000000000,38806.000000000,38806.000000000,38806.000000000,3,YM
2024-06-10T17:08:34.000000000Z,32,1,80420,38805.000000000,38805.000000000,38805.000000000,38805.000000000,5,YM
2024-06-10T17:08:35.000000000Z,32,1,80420,38804.000000000,38804.000000000,38804.000000000,38804.000000000,2,YM
2024-06-10T17:08:37.000000000Z,32,1,80420,38802.000000000,38802.000000000,38801.000000000,38801.000000000,2,YM
2024-06-10T17:08:40.000000000Z,32,1,80420,38802.000000000,38802.000000000,38802.000000000,38802.000000000,1,YM
2024-06-10T17:08:41.000000000Z,32,1,80420,38803.000000000,38803.000000000,38803.000000000,38803.000000000,1,YM
2024-06-10T17:08:43.000000000Z,32,1,80420,38804.000000000,38804.000000000,38802.000000000,38802.000000000,7,YM
2024-06-10T17:08:44.000000000Z,32,1,80420,38802.000000000,38802.000000000,38799.000000000,38800.000000000,33,YM
2024-06-10T17:08:45.000000000Z,32,1,80420,38799.000000000,38800.000000000,38799.000000000,38799.000000000,7,YM
2024-06-10T17:08:47.000000000Z,32,1,80420,38798.000000000,38798.000000000,38798.000000000,38798.000000000,9,YM
2024-06-10T17:08:48.000000000Z,32,1,80420,38797.000000000,38797.000000000,38796.000000000,38796.000000000,12,YM
2024-06-10T17:08:49.000000000Z,32,1,80420,38798.000000000,38798.000000000,38798.000000000,38798.000000000,1,YM
2024-06-10T17:08:50.000000000Z,32,1,80420,38800.000000000,38800.000000000,38799.000000000,38799.000000000,5,YM
2024-06-10T17:08:52.000000000Z,32,1,80420,38800.000000000,38800.000000000,38800.000000000,38800.000000000,1,YM
2024-06-10T17:08:53.000000000Z,32,1,80420,38799.000000000,38799.000000000,38799.000000000,38799.000000000,1,YM
2024-06-10T17:08:59.000000000Z,32,1,80420,38798.000000000,38798.000000000,38798.000000000,38798.000000000,1,YM
2024-06-10T17:09:00.000000000Z,32,1,80420,38798.000000000,38798.000000000,38796.000000000,38796.000000000,7,YM
2024-06-10T17:09:01.000000000Z,32,1,80420,38798.000000000,38798.000000000,38798.000000000,38798.000000000,1,YM
2024-06-10T17:09:02.000000000Z,32,1,80420,38798.000000000,38799.000000000,38798.000000000,38799.000000000,2,YM
2024-06-10T17:09:06.000000000Z,32,1,80420,38801.000000000,38801.000000000,38801.000000000,38801.000000000,1,YM
2024-06-10T17:09:07.000000000Z,32,1,80420,38801.000000000,38801.000000000,38801.000000000,38801.000000000,1,YM
2024-06-10T17:09:09.000000000Z,32,1,80420,38801.000000000,38801.000000000,38801.000000000,38801.000000000,5,YM
2024-06-10T17:09:10.000000000Z,32,1,80420,38802.000000000,38802.000000000,38802.000000000,38802.000000000,3,YM
2024-06-10T17:09:11.000000000Z,32,1,80420,38801.000000000,38801.000000000,38801.000000000,38801.000000000,1,YM
2024-06-10T17:09:12.000000000Z,32,1,80420,38802.000000000,38803.000000000,38802.000000000,38803.000000000,2,YM
2024-06-10T17:09:13.000000000Z,32,1,80420,38804.000000000,38804.000000000,38804.000000000,38804.000000000,2,YM
2024-06-10T17:09:14.000000000Z,32,1,80420,38804.000000000,38804.000000000,38804.000000000,38804.000000000,2,YM
2024-06-10T17:09:16.000000000Z,32,1,80420,38803.000000000,38804.000000000,38803.000000000,38804.000000000,5,YM
2024-06-10T17:09:24.000000000Z,32,1,80420,38805.000000000,38805.000000000,38805.000000000,38805.000000000,1,YM
2024-06-10T17:09:25.000000000Z,32,1,80420,38805.000000000,38805.000000000,38805.000000000,38805.000000000,1,YM
2024-06-10T17:09:26.000000000Z,32,1,80420,38805.000000000,38805.000000000,38804.000000000,38805.000000000,4,YM
2024-06-10T17:09:27.000000000Z,32,1,80420,38805.000000000,38805.000000000,38805.000000000,38805.000000000,3,YM
2024-06-10T17:09:28.000000000Z,32,1,80420,38804.000000000,38805.000000000,38804.000000000,38804.000000000,3,YM
2024-06-10T17:09:29.000000000Z,32,1,80420,38805.000000000,38805.000000000,38804.000000000,38804.000000000,4,YM
2024-06-10T17:09:31.000000000Z,32,1,80420,38804.000000000,38804.000000000,38803.000000000,38803.000000000,2,YM
2024-06-10T17:09:36.000000000Z,32,1,80420,38803.000000000,38804.000000000,38803.000000000,38804.000000000,2,YM
2024-06-10T17:09:37.000000000Z,32,1,80420,38803.000000000,38804.000000000,38803.000000000,38804.000000000,13,YM
2024-06-10T17:09:38.000000000Z,32,1,80420,38806.000000000,38806.000000000,38805.000000000,38806.000000000,35,YM
2024-06-10T17:09:39.000000000Z,32,1,80420,38806.000000000,38806.000000000,38806.000000000,38806.000000000,2,YM
2024-06-10T17:09:40.000000000Z,32,1,80420,38805.000000000,38805.000000000,38805.000000000,38805.000000000,2,YM
2024-06-10T17:09:41.000000000Z,32,1,80420,38804.000000000,38804.000000000,38804.000000000,38804.000000000,9,YM
2024-06-10T17:09:42.000000000Z,32,1,80420,38804.000000000,38804.000000000,38804.000000000,38804.000000000,1,YM
2024-06-10T17:09:45.000000000Z,32,1,80420,38805.000000000,38805.000000000,38804.000000000,38804.000000000,2,YM
2024-06-10T17:09:48.000000000Z,32,1,80420,38806.000000000,38806.000000000,38805.000000000,38805.000000000,8,YM
2024-06-10T17:09:49.000000000Z,32,1,80420,38805.000000000,38805.000000000,38805.000000000,38805.000000000,1,YM
2024-06-10T17:09:50.000000000Z,32,1,80420,38804.000000000,38804.000000000,38804.000000000,38804.000000000,1,YM
2024-06-10T17:09:52.000000000Z,32,1,80420,38805.000000000,38805.000000000,38805.000000000,38805.000000000,1,YM
2024-06-10T17:09:53.000000000Z,32,1,80420,38805.000000000,38805.000000000,38804.000000000,38805.000000000,4,YM
2024-06-10T17:09:54.000000000Z,32,1,80420,38805.000000000,38805.000000000,38804.000000000,38804.000000000,7,YM
2024-06-10T17:09:55.000000000Z,32,1,80420,38804.000000000,38804.000000000,38804.000000000,38804.000000000,1,YM
2024-06-10T17:09:58.000000000Z,32,1,80420,38803.000000000,38803.000000000,38803.000000000,38803.000000000,1,YM
2024-06-10T17:09:59.000000000Z,32,1,80420,38803.000000000,38803.000000000,38803.000000000,38803.000000000,1,YM
2024-06-10T17:10:00.000000000Z,32,1,80420,38802.000000000,38802.000000000,38802.000000000,38802.000000000,2,YM
2024-06-10T17:10:01.000000000Z,32,1,80420,38801.000000000,38802.000000000,38801.000000000,38802.000000000,10,YM
2024-06-10T17:10:05.000000000Z,32,1,80420,38800.000000000,38800.000000000,38800.000000000,38800.000000000,3,YM
2024-06-10T17:10:07.000000000Z,32,1,80420,38800.000000000,38800.000000000,38799.000000000,38800.000000000,4,YM
2024-06-10T17:10:08.000000000Z,32,1,80420,38799.000000000,38799.000000000,38799.000000000,38799.000000000,1,YM
2024-06-10T17:10:09.000000000Z,32,1,80420,38798.000000000,38799.000000000,38798.000000000,38799.000000000,2,YM
2024-06-10T17:10:11.000000000Z,32,1,80420,38800.000000000,38800.000000000,38800.000000000,38800.000000000,1,YM
2024-06-10T17:10:12.000000000Z,32,1,80420,38802.000000000,38802.000000000,38802.000000000,38802.000000000,1,YM
2024-06-10T17:10:15.000000000Z,32,1,80420,38802.000000000,38802.000000000,38802.000000000,38802.000000000,10,YM
2024-06-10T17:10:17.000000000Z,32,1,80420,38802.000000000,38802.000000000,38802.000000000,38802.000000000,1,YM
2024-06-10T17:10:20.000000000Z,32,1,80420,38803.000000000,38803.000000000,38803.000000000,38803.000000000,5,YM
2024-06-10T17:10:22.000000000Z,32,1,80420,38803.000000000,38803.000000000,38803.000000000,38803.000000000,1,YM
2024-06-10T17:10:23.000000000Z,32,1,80420,38803.000000000,38803.000000000,38803.000000000,38803.000000000,1,YM
2024-06-10T17:10:24.000000000Z,32,1,80420,38803.000000000,38803.000000000,38803.000000000,38803.000000000,1,YM
2024-06-10T17:10:25.000000000Z,32,1,80420,38804.000000000,38804.000000000,38804.000000000,38804.000000000,1,YM
2024-06-10T17:10:27.000000000Z,32,1,80420,38804.000000000,38804.000000000,38804.000000000,38804.000000000,1,YM
2024-06-10T17:10:28.000000000Z,32,1,80420,38804.000000000,38804.000000000,38804.000000000,38804.000000000,1,YM
2024-06-10T17:10:29.000000000Z,32,1,80420,38805.000000000,38805.000000000,38805.000000000,38805.000000000,5,YM
2024-06-10T17:10:34.000000000Z,32,1,80420,38805.000000000,38805.000000000,38805.000000000,38805.000000000,2,YM
2024-06-10T17:10:37.000000000Z,32,1,80420,38805.000000000,38805.000000000,38805.000000000,38805.000000000,2,YM
2024-06-10T17:10:39.000000000Z,32,1,80420,38804.000000000,38804.000000000,38804.000000000,38804.000000000,10,YM
2024-06-10T17:10:42.000000000Z,32,1,80420,38805.000000000,38805.000000000,38805.000000000,38805.000000000,5,YM
2024-06-10T17:10:44.000000000Z,32,1,80420,38805.000000000,38805.000000000,38805.000000000,38805.000000000,2,YM
2024-06-10T17:10:49.000000000Z,32,1,80420,38805.000000000,38805.000000000,38804.000000000,38804.000000000,7,YM
2024-06-10T17:10:50.000000000Z,32,1,80420,38804.000000000,38804.000000000,38804.000000000,38804.000000000,3,YM
2024-06-10T17:10:54.000000000Z,32,1,80420,38805.000000000,38805.000000000,38805.000000000,38805.000000000,1,YM
2024-06-10T17:10:56.000000000Z,32,1,80420,38804.000000000,38804.000000000,38804.000000000,38804.000000000,3,YM
2024-06-10T17:10:59.000000000Z,32,1,80420,38803.000000000,38803.000000000,38803.000000000,38803.000000000,3,YM
2024-06-10T17:11:02.000000000Z,32,1,80420,38800.000000000,38800.000000000,38800.000000000,38800.000000000,2,YM
2024-06-10T17:11:04.000000000Z,32,1,80420,38800.000000000,38800.000000000,38800.000000000,38800.000000000,1,YM
2024-06-10T17:11:06.000000000Z,32,1,80420,38801.000000000,38801.000000000,38801.000000000,38801.000000000,1,YM
2024-06-10T17:11:09.000000000Z,32,1,80420,38800.000000000,38800.000000000,38800.000000000,38800.000000000,1,YM
2024-06-10T17:11:11.000000000Z,32,1,80420,38800.000000000,38800.000000000,38800.000000000,38800.000000000,1,YM
2024-06-10T17:11:12.000000000Z,32,1,80420,38799.000000000,38799.000000000,38799.000000000,38799.000000000,2,YM
2024-06-10T17:11:13.000000000Z,32,1,80420,38798.000000000,38798.000000000,38797.000000000,38797.000000000,6,YM
2024-06-10T17:11:14.000000000Z,32,1,80420,38798.000000000,38800.000000000,38797.000000000,38800.000000000,6,YM
2024-06-10T17:11:18.000000000Z,32,1,80420,38799.000000000,38799.000000000,38799.000000000,38799.000000000,1,YM
2024-06-10T17:11:20.000000000Z,32,1,80420,38800.000000000,38800.000000000,38800.000000000,38800.000000000,3,YM
2024-06-10T17:11:24.000000000Z,32,1,80420,38799.000000000,38799.000000000,38799.000000000,38799.000000000,1,YM
2024-06-10T17:11:26.000000000Z,32,1,80420,38800.000000000,38800.000000000,38800.000000000,38800.000000000,2,YM
2024-06-10T17:11:33.000000000Z,32,1,80420,38799.000000000,38799.000000000,38799.000000000,38799.000000000,1,YM
2024-06-10T17:11:35.000000000Z,32,1,80420,38799.000000000,38799.000000000,38799.000000000,38799.000000000,1,YM
2024-06-10T17:11:36.000000000Z,32,1,80420,38799.000000000,38799.000000000,38799.000000000,38799.000000000,1,YM
2024-06-10T17:11:37.000000000Z,32,1,80420,38799.000000000,38799.000000000,38799.000000000,38799.000000000,1,YM
2024-06-10T17:11:40.000000000Z,32,1,80420,38799.000000000,38799.000000000,38799.000000000,38799.000000000,1,YM
2024-06-10T17:11:42.000000000Z,32,1,80420,38800.000000000,38800.000000000,38800.000000000,38800.000000000,2,YM
2024-06-10T17:11:43.000000000Z,32,1,80420,38800.000000000,38800.000000000,38800.000000000,38800.000000000,1,YM
2024-06-10T17:11:45.000000000Z,32,1,80420,38801.000000000,38801.000000000,38800.000000000,38800.000000000,6,YM
2024-06-10T17:11:46.000000000Z,32,1,80420,38800.000000000,38800.000000000,38800.000000000,38800.000000000,2,YM
2024-06-10T17:11:49.000000000Z,32,1,80420,38800.000000000,38800.000000000,38800.000000000,38800.000000000,1,YM
2024-06-10T17:11:50.000000000Z,32,1,80420,38799.000000000,38799.000000000,38799.000000000,38799.000000000,3,YM
2024-06-10T17:11:52.000000000Z,32,1,80420,38798.000000000,38798.000000000,38798.000000000,38798.000000000,7,YM
2024-06-10T17:11:55.000000000Z,32,1,80420,38799.000000000,38799.000000000,38799.000000000,38799.000000000,1,YM
2024-06-10T17:11:57.000000000Z,32,1,80420,38799.000000000,38799.000000000,38799.000000000,38799.000000000,1,YM
2024-06-10T17:11:58.000000000Z,32,1,80420,38799.000000000,38799.000000000,38799.000000000,38799.000000000,1,YM
2024-06-10T17:11:59.000000000Z,32,1,80420,38798.000000000,38798.000000000,38798.000000000,38798.000000000,1,YM
2024-06-10T17:12:00.000000000Z,32,1,80420,38799.000000000,38799.000000000,38799.000000000,38799.000000000,2,YM
2024-06-10T17:12:01.000000000Z,32,1,80420,38801.000000000,38801.000000000,38801.000000000,38801.000000000,5,YM
2024-06-10T17:12:04.000000000Z,32,1,80420,38801.000000000,38801.000000000,38799.000000000,38800.000000000,4,YM
2024-06-10T17:12:05.000000000Z,32,1,80420,38800.000000000,38800.000000000,38800.000000000,38800.000000000,1,YM
2024-06-10T17:12:06.000000000Z,32,1,80420,38800.000000000,38800.000000000,38800.000000000,38800.000000000,3,YM
2024-06-10T17:12:08.000000000Z,32,1,80420,38800.000000000,38800.000000000,38800.000000000,38800.000000000,2,YM
2024-06-10T17:12:10.000000000Z,32,1,80420,38800.000000000,38800.000000000,38800.000000000,38800.000000000,1,YM
2024-06-10T17:12:11.000000000Z,32,1,80420,38800.000000000,38800.000000000,38800.000000000,38800.000000000,1,YM
2024-06-10T17:12:14.000000000Z,32,1,80420,38801.000000000,38801.000000000,38801.000000000,38801.000000000,1,YM
2024-06-10T17:12:15.000000000Z,32,1,80420,38802.000000000,38802.000000000,38802.000000000,38802.000000000,2,YM
2024-06-10T17:12:16.000000000Z,32,1,80420,38802.000000000,38802.000000000,38801.000000000,38802.000000000,3,YM
2024-06-10T17:12:17.000000000Z,32,1,80420,38801.000000000,38801.000000000,38801.000000000,38801.000000000,5,YM
2024-06-10T17:12:18.000000000Z,32,1,80420,38801.000000000,38801.000000000,38801.000000000,38801.000000000,3,YM
2024-06-10T17:12:19.000000000Z,32,1,80420,38801.000000000,38801.000000000,38801.000000000,38801.000000000,3,YM
2024-06-10T17:12:20.000000000Z,32,1,80420,38801.000000000,38801.000000000,38801.000000000,38801.000000000,2,YM
2024-06-10T17:12:23.000000000Z,32,1,80420,38802.000000000,38802.000000000,38802.000000000,38802.000000000,2,YM
2024-06-10T17:12:26.000000000Z,32,1,80420,38801.000000000,38801.000000000,38801.000000000,38801.000000000,7,YM
2024-06-10T17:12:27.000000000Z,32,1,80420,38800.000000000,38800.000000000,38800.000000000,38800.000000000,3,YM
2024-06-10T17:12:29.000000000Z,32,1,80420,38799.000000000,38800.000000000,38799.000000000,38800.000000000,3,YM
2024-06-10T17:12:33.000000000Z,32,1,80420,38800.000000000,38801.000000000,38800.000000000,38801.000000000,4,YM
2024-06-10T17:12:34.000000000Z,32,1,80420,38802.000000000,38802.000000000,38802.000000000,38802.000000000,1,YM
2024-06-10T17:12:36.000000000Z,32,1,80420,38801.000000000,38801.000000000,38801.000000000,38801.000000000,1,YM
2024-06-10T17:12:37.000000000Z,32,1,80420,38800.000000000,38800.000000000,38800.000000000,38800.000000000,1,YM
2024-06-10T17:12:39.000000000Z,32,1,80420,38799.000000000,38799.000000000,38799.000000000,38799.000000000,2,YM
2024-06-10T17:12:40.000000000Z,32,1,80420,38799.000000000,38799.000000000,38799.000000000,38799.000000000,3,YM
2024-06-10T17:12:42.000000000Z,32,1,80420,38799.000000000,38800.000000000,38799.000000000,38800.000000000,2,YM
2024-06-10T17:12:44.000000000Z,32,1,80420,38800.000000000,38800.000000000,38800.000000000,38800.000000000,1,YM
2024-06-10T17:12:49.000000000Z,32,1,80420,38801.000000000,38801.000000000,38801.000000000,38801.000000000,1,YM
2024-06-10T17:12:50.000000000Z,32,1,80420,38801.000000000,38801.000000000,38801.000000000,38801.000000000,1,YM
2024-06-10T17:12:52.000000000Z,32,1,80420,38801.000000000,38802.000000000,38801.000000000,38802.000000000,2,YM
2024-06-10T17:12:53.000000000Z,32,1,80420,38801.000000000,38801.000000000,38801.000000000,38801.000000000,1,YM
2024-06-10T17:12:54.000000000Z,32,1,80420,38800.000000000,38800.000000000,38800.000000000,38800.000000000,1,YM
2024-06-10T17:12:55.000000000Z,32,1,80420,38800.000000000,38800.000000000,38798.000000000,38798.000000000,10,YM
2024-06-10T17:12:56.000000000Z,32,1,80420,38799.000000000,38799.000000000,38799.000000000,38799.000000000,1,YM
2024-06-10T17:12:58.000000000Z,32,1,80420,38801.000000000,38801.000000000,38800.000000000,38800.000000000,5,YM
2024-06-10T17:13:01.000000000Z,32,1,80420,38799.000000000,38799.000000000,38798.000000000,38798.000000000,2,YM
2024-06-10T17:13:02.000000000Z,32,1,80420,38798.000000000,38798.000000000,38798.000000000,38798.000000000,6,YM
2024-06-10T17:13:03.000000000Z,32,1,80420,38799.000000000,38799.000000000,38799.000000000,38799.000000000,2,YM
2024-06-10T17:13:06.000000000Z,32,1,80420,38798.000000000,38798.000000000,38796.000000000,38797.000000000,6,YM
2024-06-10T17:13:07.000000000Z,32,1,80420,38797.000000000,38797.000000000,38797.000000000,38797.000000000,1,YM
2024-06-10T17:13:09.000000000Z,32,1,80420,38796.000000000,38796.000000000,38795.000000000,38795.000000000,10,YM
2024-06-10T17:13:10.000000000Z,32,1,80420,38795.000000000,38795.000000000,38793.000000000,38793.000000000,15,YM
2024-06-10T17:13:12.000000000Z,32,1,80420,38795.000000000,38795.000000000,38794.000000000,38794.000000000,5,YM
2024-06-10T17:13:15.000000000Z,32,1,80420,38794.000000000,38794.000000000,38794.000000000,38794.000000000,1,YM
2024-06-10T17:13:17.000000000Z,32,1,80420,38795.000000000,38795.000000000,38795.000000000,38795.000000000,1,YM
2024-06-10T17:13:18.000000000Z,32,1,80420,38794.000000000,38795.000000000,38794.000000000,38795.000000000,2,YM
2024-06-10T17:13:19.000000000Z,32,1,80420,38794.000000000,38794.000000000,38794.000000000,38794.000000000,1,YM
2024-06-10T17:13:21.000000000Z,32,1,80420,38794.000000000,38794.000000000,38793.000000000,38794.000000000,9,YM
2024-06-10T17:13:22.000000000Z,32,1,80420,38794.000000000,38794.000000000,38794.000000000,38794.000000000,1,YM
2024-06-10T17:13:23.000000000Z,32,1,80420,38796.000000000,38796.000000000,38795.000000000,38795.000000000,3,YM
2024-06-10T17:13:24.000000000Z,32,1,80420,38795.000000000,38795.000000000,38794.000000000,38795.000000000,8,YM
2024-06-10T17:13:26.000000000Z,32,1,80420,38795.000000000,38795.000000000,38794.000000000,38794.000000000,10,YM
2024-06-10T17:13:27.000000000Z,32,1,80420,38795.000000000,38795.000000000,38795.000000000,38795.000000000,2,YM
2024-06-10T17:13:33.000000000Z,32,1,80420,38794.000000000,38794.000000000,38794.000000000,38794.000000000,5,YM
2024-06-10T17:13:34.000000000Z,32,1,80420,38793.000000000,38795.000000000,38793.000000000,38795.000000000,6,YM
2024-06-10T17:13:36.000000000Z,32,1,80420,38794.000000000,38794.000000000,38794.000000000,38794.000000000,1,YM
2024-06-10T17:13:37.000000000Z,32,1,80420,38794.000000000,38794.000000000,38793.000000000,38793.000000000,6,YM
2024-06-10T17:13:38.000000000Z,32,1,80420,38793.000000000,38793.000000000,38791.000000000,38792.000000000,20,YM
2024-06-10T17:13:39.000000000Z,32,1,80420,38791.000000000,38791.000000000,38791.000000000,38791.000000000,1,YM
2024-06-10T17:13:40.000000000Z,32,1,80420,38791.000000000,38792.000000000,38791.000000000,38792.000000000,4,YM
2024-06-10T17:13:41.000000000Z,32,1,80420,38790.000000000,38790.000000000,38789.000000000,38789.000000000,15,YM
2024-06-10T17:13:42.000000000Z,32,1,80420,38791.000000000,38792.000000000,38791.000000000,38792.000000000,7,YM
2024-06-10T17:13:43.000000000Z,32,1,80420,38791.000000000,38791.000000000,38791.000000000,38791.000000000,1,YM
2024-06-10T17:13:44.000000000Z,32,1,80420,38791.000000000,38792.000000000,38791.000000000,38792.000000000,2,YM
2024-06-10T17:13:45.000000000Z,32,1,80420,38793.000000000,38793.000000000,38793.000000000,38793.000000000,5,YM
2024-06-10T17:13:46.000000000Z,32,1,80420,38791.000000000,38791.000000000,38791.000000000,38791.000000000,8,YM
2024-06-10T17:13:52.000000000Z,32,1,80420,38791.000000000,38792.000000000,38791.000000000,38792.000000000,4,YM
2024-06-10T17:13:53.000000000Z,32,1,80420,38793.000000000,38793.000000000,38793.000000000,38793.000000000,8,YM
2024-06-10T17:13:54.000000000Z,32,1,80420,38793.000000000,38793.000000000,38793.000000000,38793.000000000,1,YM
2024-06-10T17:13:57.000000000Z,32,1,80420,38794.000000000,38794.000000000,38794.000000000,38794.000000000,2,YM
2024-06-10T17:13:58.000000000Z,32,1,80420,38793.000000000,38793.000000000,38793.000000000,38793.000000000,1,YM
2024-06-10T17:13:59.000000000Z,32,1,80420,38793.000000000,38793.000000000,38793.000000000,38793.000000000,1,YM
2024-06-10T17:14:00.000000000Z,32,1,80420,38793.000000000,38795.000000000,38793.000000000,38795.000000000,6,YM
2024-06-10T17:14:04.000000000Z,32,1,80420,38796.000000000,38796.000000000,38796.000000000,38796.000000000,1,YM
2024-06-10T17:14:05.000000000Z,32,1,80420,38794.000000000,38796.000000000,38794.000000000,38795.000000000,4,YM
2024-06-10T17:14:06.000000000Z,32,1,80420,38794.000000000,38794.000000000,38794.000000000,38794.000000000,1,YM
2024-06-10T17:14:07.000000000Z,32,1,80420,38794.000000000,38794.000000000,38794.000000000,38794.000000000,2,YM
2024-06-10T17:14:08.000000000Z,32,1,80420,38793.000000000,38793.000000000,38793.000000000,38793.000000000,1,YM
2024-06-10T17:14:10.000000000Z,32,1,80420,38792.000000000,38792.000000000,38792.000000000,38792.000000000,1,YM
2024-06-10T17:14:12.000000000Z,32,1,80420,38791.000000000,38791.000000000,38791.000000000,38791.000000000,1,YM
2024-06-10T17:14:14.000000000Z,32,1,80420,38792.000000000,38793.000000000,38791.000000000,38793.000000000,10,YM
2024-06-10T17:14:16.000000000Z,32,1,80420,38792.000000000,38792.000000000,38791.000000000,38791.000000000,8,YM
2024-06-10T17:14:20.000000000Z,32,1,80420,38790.000000000,38791.000000000,38790.000000000,38791.000000000,3,YM
2024-06-10T17:14:21.000000000Z,32,1,80420,38792.000000000,38792.000000000,38792.000000000,38792.000000000,2,YM
2024-06-10T17:14:23.000000000Z,32,1,80420,38792.000000000,38794.000000000,38792.000000000,38794.000000000,11,YM
2024-06-10T17:14:25.000000000Z,32,1,80420,38794.000000000,38794.000000000,38794.000000000,38794.000000000,1,YM
2024-06-10T17:14:26.000000000Z,32,1,80420,38793.000000000,38793.000000000,38793.000000000,38793.000000000,2,YM
2024-06-10T17:14:30.000000000Z,32,1,80420,38793.000000000,38793.000000000,38793.000000000,38793.000000000,1,YM
2024-06-10T17:14:31.000000000Z,32,1,80420,38794.000000000,38794.000000000,38794.000000000,38794.000000000,3,YM
2024-06-10T17:14:32.000000000Z,32,1,80420,38795.000000000,38795.000000000,38795.000000000,38795.000000000,3,YM
2024-06-10T17:14:33.000000000Z,32,1,80420,38796.000000000,38797.000000000,38796.000000000,38797.000000000,4,YM
2024-06-10T17:14:35.000000000Z,32,1,80420,38798.000000000,38798.000000000,38798.000000000,38798.000000000,1,YM
2024-06-10T17:14:36.000000000Z,32,1,80420,38796.000000000,38798.000000000,38796.000000000,38798.000000000,8,YM
2024-06-10T17:14:37.000000000Z,32,1,80420,38798.000000000,38798.000000000,38798.000000000,38798.000000000,1,YM
2024-06-10T17:14:38.000000000Z,32,1,80420,38797.000000000,38797.000000000,38796.000000000,38796.000000000,5,YM
2024-06-10T17:14:39.000000000Z,32,1,80420,38797.000000000,38797.000000000,38797.000000000,38797.000000000,5,YM
2024-06-10T17:14:41.000000000Z,32,1,80420,38797.000000000,38797.000000000,38797.000000000,38797.000000000,2,YM
2024-06-10T17:14:42.000000000Z,32,1,80420,38797.000000000,38797.000000000,38796.000000000,38796.000000000,2,YM
2024-06-10T17:14:43.000000000Z,32,1,80420,38798.000000000,38798.000000000,38798.000000000,38798.000000000,9,YM
2024-06-10T17:14:45.000000000Z,32,1,80420,38797.000000000,38798.000000000,38796.000000000,38798.000000000,5,YM
2024-06-10T17:14:48.000000000Z,32,1,80420,38797.000000000,38797.000000000,38797.000000000,38797.000000000,1,YM
2024-06-10T17:14:50.000000000Z,32,1,80420,38796.000000000,38796.000000000,38796.000000000,38796.000000000,4,YM
2024-06-10T17:14:53.000000000Z,32,1,80420,38795.000000000,38795.000000000,38795.000000000,38795.000000000,4,YM
2024-06-10T17:14:55.000000000Z,32,1,80420,38794.000000000,38794.000000000,38794.000000000,38794.000000000,2,YM
2024-06-10T17:14:56.000000000Z,32,1,80420,38796.000000000,38796.000000000,38796.000000000,38796.000000000,3,YM
2024-06-10T17:14:58.000000000Z,32,1,80420,38797.000000000,38797.000000000,38797.000000000,38797.000000000,1,YM
2024-06-10T17:15:00.000000000Z,32,1,80420,38796.000000000,38796.000000000,38793.000000000,38793.000000000,16,YM
2024-06-10T17:15:01.000000000Z,32,1,80420,38793.000000000,38793.000000000,38793.000000000,38793.000000000,1,YM
2024-06-10T17:15:02.000000000Z,32,1,80420,38793.000000000,38793.000000000,38793.000000000,38793.000000000,2,YM
2024-06-10T17:15:06.000000000Z,32,1,80420,38793.000000000,38793.000000000,38793.000000000,38793.000000000,3,YM
2024-06-10T17:15:07.000000000Z,32,1,80420,38794.000000000,38794.000000000,38793.000000000,38794.000000000,4,YM
2024-06-10T17:15:08.000000000Z,32,1,80420,38794.000000000,38794.000000000,38793.000000000,38793.000000000,2,YM
2024-06-10T17:15:09.000000000Z,32,1,80420,38793.000000000,38793.000000000,38793.000000000,38793.000000000,1,YM
2024-06-10T17:15:10.000000000Z,32,1,80420,38793.000000000,38793.000000000,38793.000000000,38793.000000000,6,YM
2024-06-10T17:15:11.000000000Z,32,1,80420,38794.000000000,38797.000000000,38794.000000000,38797.000000000,7,YM
2024-06-10T17:15:12.000000000Z,32,1,80420,38796.000000000,38796.000000000,38796.000000000,38796.000000000,1,YM
2024-06-10T17:15:14.000000000Z,32,1,80420,38796.000000000,38796.000000000,38796.000000000,38796.000000000,1,YM
2024-06-10T17:15:15.000000000Z,32,1,80420,38796.000000000,38796.000000000,38796.000000000,38796.000000000,2,YM
2024-06-10T17:15:17.000000000Z,32,1,80420,38796.000000000,38796.000000000,38796.000000000,38796.000000000,2,YM
2024-06-10T17:15:23.000000000Z,32,1,80420,38795.000000000,38795.000000000,38795.000000000,38795.000000000,1,YM
2024-06-10T17:15:26.000000000Z,32,1,80420,38794.000000000,38794.000000000,38794.000000000,38794.000000000,1,YM
2024-06-10T17:15:28.000000000Z,32,1,80420,38794.000000000,38794.000000000,38794.000000000,38794.000000000,1,YM
2024-06-10T17:15:30.000000000Z,32,1,80420,38792.000000000,38792.000000000,38787.000000000,38787.000000000,8,YM
2024-06-10T17:15:31.000000000Z,32,1,80420,38789.000000000,38789.000000000,38789.000000000,38789.000000000,2,YM
2024-06-10T17:15:32.000000000Z,32,1,80420,38789.000000000,38789.000000000,38789.000000000,38789.000000000,4,YM
2024-06-10T17:15:33.000000000Z,32,1,80420,38787.000000000,38788.000000000,38787.000000000,38788.000000000,2,YM
2024-06-10T17:15:34.000000000Z,32,1,80420,38788.000000000,38788.000000000,38787.000000000,38787.000000000,5,YM
2024-06-10T17:15:36.000000000Z,32,1,80420,38788.000000000,38788.000000000,38788.000000000,38788.000000000,2,YM
2024-06-10T17:15:37.000000000Z,32,1,80420,38788.000000000,38788.000000000,38788.000000000,38788.000000000,1,YM
2024-06-10T17:15:38.000000000Z,32,1,80420,38787.000000000,38789.000000000,38787.000000000,38789.000000000,3,YM
2024-06-10T17:15:39.000000000Z,32,1,80420,38787.000000000,38787.000000000,38787.000000000,38787.000000000,2,YM
2024-06-10T17:15:41.000000000Z,32,1,80420,38788.000000000,38788.000000000,38788.000000000,38788.000000000,1,YM
2024-06-10T17:15:42.000000000Z,32,1,80420,38788.000000000,38789.000000000,38788.000000000,38789.000000000,2,YM
2024-06-10T17:15:45.000000000Z,32,1,80420,38789.000000000,38789.000000000,38789.000000000,38789.000000000,3,YM
2024-06-10T17:15:46.000000000Z,32,1,80420,38789.000000000,38789.000000000,38789.000000000,38789.000000000,2,YM
2024-06-10T17:15:47.000000000Z,32,1,80420,38788.000000000,38788.000000000,38788.000000000,38788.000000000,1,YM
2024-06-10T17:15:48.000000000Z,32,1,80420,38788.000000000,38789.000000000,38788.000000000,38789.000000000,5,YM
2024-06-10T17:15:49.000000000Z,32,1,80420,38791.000000000,38791.000000000,38791.000000000,38791.000000000,1,YM
2024-06-10T17:15:51.000000000Z,32,1,80420,38791.000000000,38791.000000000,38791.000000000,38791.000000000,4,YM
2024-06-10T17:15:53.000000000Z,32,1,80420,38792.000000000,38792.000000000,38791.000000000,38791.000000000,3,YM
2024-06-10T17:15:54.000000000Z,32,1,80420,38790.000000000,38790.000000000,38790.000000000,38790.000000000,1,YM
2024-06-10T17:15:56.000000000Z,32,1,80420,38789.000000000,38789.000000000,38789.000000000,38789.000000000,1,YM
2024-06-10T17:15:58.000000000Z,32,1,80420,38791.000000000,38791.000000000,38791.000000000,38791.000000000,4,YM
2024-06-10T17:15:59.000000000Z,32,1,80420,38791.000000000,38792.000000000,38791.000000000,38792.000000000,2,YM
2024-06-10T17:16:00.000000000Z,32,1,80420,38791.000000000,38791.000000000,38791.000000000,38791.000000000,2,YM
2024-06-10T17:16:01.000000000Z,32,1,80420,38792.000000000,38792.000000000,38792.000000000,38792.000000000,2,YM
2024-06-10T17:16:02.000000000Z,32,1,80420,38792.000000000,38792.000000000,38792.000000000,38792.000000000,1,YM
2024-06-10T17:16:03.000000000Z,32,1,80420,38792.000000000,38792.000000000,38792.000000000,38792.000000000,4,YM
2024-06-10T17:16:04.000000000Z,32,1,80420,38793.000000000,38793.000000000,38793.000000000,38793.000000000,4,YM
2024-06-10T17:16:05.000000000Z,32,1,80420,38792.000000000,38792.000000000,38791.000000000,38791.000000000,3,YM
2024-06-10T17:16:06.000000000Z,32,1,80420,38791.000000000,38791.000000000,38791.000000000,38791.000000000,1,YM
2024-06-10T17:16:10.000000000Z,32,1,80420,38792.000000000,38793.000000000,38792.000000000,38792.000000000,9,YM
2024-06-10T17:16:11.000000000Z,32,1,80420,38792.000000000,38792.000000000,38792.000000000,38792.000000000,6,YM
2024-06-10T17:16:12.000000000Z,32,1,80420,38791.000000000,38791.000000000,38791.000000000,38791.000000000,6,YM
2024-06-10T17:16:13.000000000Z,32,1,80420,38792.000000000,38792.000000000,38791.000000000,38791.000000000,6,YM
2024-06-10T17:16:16.000000000Z,32,1,80420,38793.000000000,38793.000000000,38793.000000000,38793.000000000,3,YM
2024-06-10T17:16:17.000000000Z,32,1,80420,38795.000000000,38795.000000000,38795.000000000,38795.000000000,2,YM
2024-06-10T17:16:19.000000000Z,32,1,80420,38796.000000000,38796.000000000,38796.000000000,38796.000000000,3,YM
2024-06-10T17:16:20.000000000Z,32,1,80420,38797.000000000,38797.000000000,38797.000000000,38797.000000000,1,YM
2024-06-10T17:16:22.000000000Z,32,1,80420,38796.000000000,38796.000000000,38794.000000000,38794.000000000,2,YM
2024-06-10T17:16:24.000000000Z,32,1,80420,38793.000000000,38794.000000000,38793.000000000,38794.000000000,2,YM
2024-06-10T17:16:25.000000000Z,32,1,80420,38794.000000000,38794.000000000,38793.000000000,38793.000000000,3,YM
2024-06-10T17:16:26.000000000Z,32,1,80420,38794.000000000,38794.000000000,38794.000000000,38794.000000000,3,YM
2024-06-10T17:16:27.000000000Z,32,1,80420,38794.000000000,38794.000000000,38794.000000000,38794.000000000,1,YM
2024-06-10T17:16:28.000000000Z,32,1,80420,38794.000000000,38794.000000000,38794.000000000,38794.000000000,2,YM
2024-06-10T17:16:33.000000000Z,32,1,80420,38795.000000000,38795.000000000,38794.000000000,38794.000000000,3,YM
2024-06-10T17:16:37.000000000Z,32,1,80420,38793.000000000,38794.000000000,38793.000000000,38794.000000000,6,YM
2024-06-10T17:16:39.000000000Z,32,1,80420,38794.000000000,38794.000000000,38794.000000000,38794.000000000,2,YM
2024-06-10T17:16:42.000000000Z,32,1,80420,38795.000000000,38795.000000000,38795.000000000,38795.000000000,5,YM
2024-06-10T17:16:46.000000000Z,32,1,80420,38796.000000000,38797.000000000,38796.000000000,38797.000000000,4,YM
2024-06-10T17:16:48.000000000Z,32,1,80420,38798.000000000,38798.000000000,38798.000000000,38798.000000000,3,YM
2024-06-10T17:16:50.000000000Z,32,1,80420,38796.000000000,38796.000000000,38796.000000000,38796.000000000,1,YM
2024-06-10T17:16:51.000000000Z,32,1,80420,38796.000000000,38796.000000000,38796.000000000,38796.000000000,1,YM
2024-06-10T17:16:54.000000000Z,32,1,80420,38798.000000000,38798.000000000,38798.000000000,38798.000000000,2,YM
2024-06-10T17:16:56.000000000Z,32,1,80420,38798.000000000,38798.000000000,38798.000000000,38798.000000000,4,YM
2024-06-10T17:16:57.000000000Z,32,1,80420,38798.000000000,38798.000000000,38798.000000000,38798.000000000,5,YM
2024-06-10T17:16:58.000000000Z,32,1,80420,38797.000000000,38797.000000000,38797.000000000,38797.000000000,1,YM
2024-06-10T17:17:00.000000000Z,32,1,80420,38796.000000000,38796.000000000,38796.000000000,38796.000000000,1,YM
2024-06-10T17:17:01.000000000Z,32,1,80420,38796.000000000,38796.000000000,38796.000000000,38796.000000000,1,YM
2024-06-10T17:17:04.000000000Z,32,1,80420,38796.000000000,38796.000000000,38795.000000000,38795.000000000,4,YM
2024-06-10T17:17:06.000000000Z,32,1,80420,38795.000000000,38795.000000000,38794.000000000,38794.000000000,4,YM
2024-06-10T17:17:09.000000000Z,32,1,80420,38793.000000000,38793.000000000,38793.000000000,38793.000000000,1,YM
2024-06-10T17:17:17.000000000Z,32,1,80420,38794.000000000,38794.000000000,38793.000000000,38793.000000000,4,YM
2024-06-10T17:17:19.000000000Z,32,1,80420,38793.000000000,38793.000000000,38793.000000000,38793.000000000,1,YM
2024-06-10T17:17:20.000000000Z,32,1,80420,38793.000000000,38793.000000000,38793.000000000,38793.000000000,1,YM
2024-06-10T17:17:21.000000000Z,32,1,80420,38793.000000000,38793.000000000,38792.000000000,38792.000000000,2,YM
2024-06-10T17:17:22.000000000Z,32,1,80420,38792.000000000,38792.000000000,38792.000000000,38792.000000000,3,YM
2024-06-10T17:17:23.000000000Z,32,1,80420,38791.000000000,38791.000000000,38791.000000000,38791.000000000,1,YM
2024-06-10T17:17:25.000000000Z,32,1,80420,38791.000000000,38791.000000000,38791.000000000,38791.000000000,2,YM
2024-06-10T17:17:26.000000000Z,32,1,80420,38791.000000000,38792.000000000,38791.000000000,38792.000000000,4,YM
2024-06-10T17:17:27.000000000Z,32,1,80420,38792.000000000,38792.000000000,38792.000000000,38792.000000000,1,YM
2024-06-10T17:17:28.000000000Z,32,1,80420,38791.000000000,38791.000000000,38791.000000000,38791.000000000,3,YM
2024-06-10T17:17:30.000000000Z,32,1,80420,38791.000000000,38791.000000000,38791.000000000,38791.000000000,1,YM
2024-06-10T17:17:31.000000000Z,32,1,80420,38792.000000000,38792.000000000,38792.000000000,38792.000000000,1,YM
2024-06-10T17:17:34.000000000Z,32,1,80420,38791.000000000,38791.000000000,38791.000000000,38791.000000000,4,YM
2024-06-10T17:17:35.000000000Z,32,1,80420,38791.000000000,38791.000000000,38791.000000000,38791.000000000,2,YM
2024-06-10T17:17:37.000000000Z,32,1,80420,38792.000000000,38792.000000000,38792.000000000,38792.000000000,1,YM
2024-06-10T17:17:41.000000000Z,32,1,80420,38794.000000000,38795.000000000,38794.000000000,38795.000000000,2,YM
2024-06-10T17:17:42.000000000Z,32,1,80420,38795.000000000,38795.000000000,38795.000000000,38795.000000000,1,YM
2024-06-10T17:17:43.000000000Z,32,1,80420,38795.000000000,38795.000000000,38795.000000000,38795.000000000,1,YM
2024-06-10T17:17:44.000000000Z,32,1,80420,38794.000000000,38794.000000000,38794.000000000,38794.000000000,1,YM
2024-06-10T17:17:45.000000000Z,32,1,80420,38794.000000000,38794.000000000,38794.000000000,38794.000000000,2,YM
2024-06-10T17:17:46.000000000Z,32,1,80420,38795.000000000,38795.000000000,38795.000000000,38795.000000000,2,YM
2024-06-10T17:17:49.000000000Z,32,1,80420,38795.000000000,38795.000000000,38795.000000000,38795.000000000,1,YM
2024-06-10T17:17:53.000000000Z,32,1,80420,38795.000000000,38795.000000000,38795.000000000,38795.000000000,1,YM
2024-06-10T17:17:58.000000000Z,32,1,80420,38796.000000000,38796.000000000,38796.000000000,38796.000000000,2,YM
2024-06-10T17:17:59.000000000Z,32,1,80420,38796.000000000,38796.000000000,38796.000000000,38796.000000000,1,YM
2024-06-10T17:18:03.000000000Z,32,1,80420,38797.000000000,38797.000000000,38797.000000000,38797.000000000,1,YM
2024-06-10T17:18:05.000000000Z,32,1,80420,38797.000000000,38797.000000000,38797.000000000,38797.000000000,2,YM
2024-06-10T17:18:06.000000000Z,32,1,80420,38796.000000000,38796.000000000,38796.000000000,38796.000000000,1,YM
2024-06-10T17:18:09.000000000Z,32,1,80420,38795.000000000,38795.000000000,38794.000000000,38794.000000000,3,YM
2024-06-10T17:18:10.000000000Z,32,1,80420,38795.000000000,38795.000000000,38795.000000000,38795.000000000,1,YM
2024-06-10T17:18:11.000000000Z,32,1,80420,38795.000000000,38795.000000000,38795.000000000,38795.000000000,2,YM
2024-06-10T17:18:12.000000000Z,32,1,80420,38796.000000000,38796.000000000,38796.000000000,38796.000000000,2,YM
2024-06-10T17:18:13.000000000Z,32,1,80420,38796.000000000,38796.000000000,38796.000000000,38796.000000000,1,YM
2024-06-10T17:18:14.000000000Z,32,1,80420,38797.000000000,38797.000000000,38797.000000000,38797.000000000,3,YM
2024-06-10T17:18:15.000000000Z,32,1,80420,38797.000000000,38797.000000000,38797.000000000,38797.000000000,1,YM
2024-06-10T17:18:20.000000000Z,32,1,80420,38798.000000000,38799.000000000,38798.000000000,38799.000000000,2,YM
2024-06-10T17:18:21.000000000Z,32,1,80420,38799.000000000,38800.000000000,38799.000000000,38800.000000000,15,YM
2024-06-10T17:18:22.000000000Z,32,1,80420,38801.000000000,38801.000000000,38801.000000000,38801.000000000,6,YM
2024-06-10T17:18:24.000000000Z,32,1,80420,38802.000000000,38803.000000000,38802.000000000,38803.000000000,4,YM
2024-06-10T17:18:25.000000000Z,32,1,80420,38802.000000000,38802.000000000,38802.000000000,38802.000000000,2,YM
2024-06-10T17:18:26.000000000Z,32,1,80420,38802.000000000,38802.000000000,38802.000000000,38802.000000000,1,YM
2024-06-10T17:18:27.000000000Z,32,1,80420,38801.000000000,38802.000000000,38801.000000000,38802.000000000,2,YM
2024-06-10T17:18:28.000000000Z,32,1,80420,38803.000000000,38803.000000000,38803.000000000,38803.000000000,1,YM
2024-06-10T17:18:29.000000000Z,32,1,80420,38803.000000000,38803.000000000,38803.000000000,38803.000000000,6,YM
2024-06-10T17:18:30.000000000Z,32,1,80420,38803.000000000,38803.000000000,38803.000000000,38803.000000000,1,YM
2024-06-10T17:18:31.000000000Z,32,1,80420,38804.000000000,38805.000000000,38804.000000000,38804.000000000,4,YM
2024-06-10T17:18:32.000000000Z,32,1,80420,38804.000000000,38804.000000000,38804.000000000,38804.000000000,1,YM
2024-06-10T17:18:33.000000000Z,32,1,80420,38804.000000000,38805.000000000,38804.000000000,38805.000000000,2,YM
2024-06-10T17:18:35.000000000Z,32,1,80420,38804.000000000,38805.000000000,38804.000000000,38805.000000000,2,YM
2024-06-10T17:18:36.000000000Z,32,1,80420,38805.000000000,38805.000000000,38805.000000000,38805.000000000,5,YM
2024-06-10T17:18:37.000000000Z,32,1,80420,38805.000000000,38805.000000000,38804.000000000,38804.000000000,6,YM
2024-06-10T17:18:40.000000000Z,32,1,80420,38804.000000000,38804.000000000,38804.000000000,38804.000000000,4,YM
2024-06-10T17:18:42.000000000Z,32,1,80420,38805.000000000,38805.000000000,38805.000000000,38805.000000000,1,YM
2024-06-10T17:18:44.000000000Z,32,1,80420,38803.000000000,38803.000000000,38803.000000000,38803.000000000,3,YM
2024-06-10T17:18:45.000000000Z,32,1,80420,38804.000000000,38804.000000000,38804.000000000,38804.000000000,3,YM
2024-06-10T17:18:47.000000000Z,32,1,80420,38803.000000000,38803.000000000,38803.000000000,38803.000000000,2,YM
2024-06-10T17:18:48.000000000Z,32,1,80420,38802.000000000,38802.000000000,38802.000000000,38802.000000000,2,YM
2024-06-10T17:18:50.000000000Z,32,1,80420,38803.000000000,38803.000000000,38803.000000000,38803.000000000,2,YM
2024-06-10T17:18:51.000000000Z,32,1,80420,38804.000000000,38804.000000000,38804.000000000,38804.000000000,1,YM
2024-06-10T17:18:55.000000000Z,32,1,80420,38805.000000000,38805.000000000,38805.000000000,38805.000000000,1,YM
2024-06-10T17:18:56.000000000Z,32,1,80420,38806.000000000,38807.000000000,38805.000000000,38805.000000000,8,YM
2024-06-10T17:18:58.000000000Z,32,1,80420,38805.000000000,38805.000000000,38805.000000000,38805.000000000,1,YM
2024-06-10T17:18:59.000000000Z,32,1,80420,38804.000000000,38804.000000000,38804.000000000,38804.000000000,3,YM
2024-06-10T17:19:02.000000000Z,32,1,80420,38804.000000000,38804.000000000,38804.000000000,38804.000000000,3,YM
2024-06-10T17:19:05.000000000Z,32,1,80420,38805.000000000,38805.000000000,38805.000000000,38805.000000000,1,YM
2024-06-10T17:19:06.000000000Z,32,1,80420,38805.000000000,38805.000000000,38805.000000000,38805.000000000,4,YM
2024-06-10T17:19:07.000000000Z,32,1,80420,38806.000000000,38806.000000000,38806.000000000,38806.000000000,1,YM
2024-06-10T17:19:08.000000000Z,32,1,80420,38806.000000000,38806.000000000,38806.000000000,38806.000000000,1,YM
2024-06-10T17:19:09.000000000Z,32,1,80420,38806.000000000,38806.000000000,38806.000000000,38806.000000000,1,YM
2024-06-10T17:19:10.000000000Z,32,1,80420,38806.000000000,38806.000000000,38806.000000000,38806.000000000,1,YM
2024-06-10T17:19:11.000000000Z,32,1,80420,38805.000000000,38805.000000000,38805.000000000,38805.000000000,2,YM
2024-06-10T17:19:12.000000000Z,32,1,80420,38805.000000000,38806.000000000,38805.000000000,38806.000000000,5,YM
2024-06-10T17:19:14.000000000Z,32,1,80420,38806.000000000,38806.000000000,38806.000000000,38806.000000000,3,YM
2024-06-10T17:19:16.000000000Z,32,1,80420,38806.000000000,38806.000000000,38805.000000000,38805.000000000,9,YM
2024-06-10T17:19:19.000000000Z,32,1,80420,38806.000000000,38806.000000000,38806.000000000,38806.000000000,1,YM
2024-06-10T17:19:21.000000000Z,32,1,80420,38805.000000000,38805.000000000,38805.000000000,38805.000000000,3,YM
2024-06-10T17:19:22.000000000Z,32,1,80420,38804.000000000,38804.000000000,38804.000000000,38804.000000000,4,YM
2024-06-10T17:19:23.000000000Z,32,1,80420,38804.000000000,38804.000000000,38804.000000000,38804.000000000,1,YM
2024-06-10T17:19:25.000000000Z,32,1,80420,38804.000000000,38804.000000000,38803.000000000,38803.000000000,2,YM
2024-06-10T17:19:26.000000000Z,32,1,80420,38805.000000000,38805.000000000,38803.000000000,38804.000000000,4,YM
2024-06-10T17:19:27.000000000Z,32,1,80420,38805.000000000,38805.000000000,38805.000000000,38805.000000000,2,YM
2024-06-10T17:19:31.000000000Z,32,1,80420,38806.000000000,38806.000000000,38806.000000000,38806.000000000,4,YM
2024-06-10T17:19:35.000000000Z,32,1,80420,38806.000000000,38806.000000000,38806.000000000,38806.000000000,1,YM
2024-06-10T17:19:36.000000000Z,32,1,80420,38806.000000000,38806.000000000,38806.000000000,38806.000000000,1,YM
2024-06-10T17:19:37.000000000Z,32,1,80420,38807.000000000,38807.000000000,38807.000000000,38807.000000000,1,YM
2024-06-10T17:19:38.000000000Z,32,1,80420,38806.000000000,38806.000000000,38806.000000000,38806.000000000,3,YM
2024-06-10T17:19:39.000000000Z,32,1,80420,38806.000000000,38806.000000000,38806.000000000,38806.000000000,1,YM
2024-06-10T17:19:40.000000000Z,32,1,80420,38806.000000000,38806.000000000,38806.000000000,38806.000000000,3,YM
2024-06-10T17:19:43.000000000Z,32,1,80420,38807.000000000,38807.000000000,38807.000000000,38807.000000000,1,YM
2024-06-10T17:19:45.000000000Z,32,1,80420,38808.000000000,38808.000000000,38808.000000000,38808.000000000,1,YM
2024-06-10T17:19:46.000000000Z,32,1,80420,38808.000000000,38808.000000000,38808.000000000,38808.000000000,3,YM
2024-06-10T17:19:47.000000000Z,32,1,80420,38808.000000000,38810.000000000,38808.000000000,38809.000000000,18,YM
2024-06-10T17:19:48.000000000Z,32,1,80420,38810.000000000,38812.000000000,38810.000000000,38811.000000000,5,YM
2024-06-10T17:19:49.000000000Z,32,1,80420,38810.000000000,38811.000000000,38810.000000000,38811.000000000,3,YM
2024-06-10T17:19:50.000000000Z,32,1,80420,38809.000000000,38810.000000000,38809.000000000,38810.000000000,3,YM
2024-06-10T17:19:51.000000000Z,32,1,80420,38811.000000000,38811.000000000,38809.000000000,38809.000000000,2,YM
2024-06-10T17:19:52.000000000Z,32,1,80420,38811.000000000,38811.000000000,38811.000000000,38811.000000000,1,YM
2024-06-10T17:19:58.000000000Z,32,1,80420,38811.000000000,38811.000000000,38811.000000000,38811.000000000,1,YM
2024-06-10T17:19:59.000000000Z,32,1,80420,38811.000000000,38811.000000000,38811.000000000,38811.000000000,1,YM
2024-06-10T17:20:00.000000000Z,32,1,80420,38810.000000000,38810.000000000,38810.000000000,38810.000000000,2,YM
2024-06-10T17:20:02.000000000Z,32,1,80420,38811.000000000,38811.000000000,38811.000000000,38811.000000000,10,YM
2024-06-10T17:20:03.000000000Z,32,1,80420,38811.000000000,38811.000000000,38811.000000000,38811.000000000,3,YM
2024-06-10T17:20:04.000000000Z,32,1,80420,38811.000000000,38811.000000000,38811.000000000,38811.000000000,1,YM
2024-06-10T17:20:07.000000000Z,32,1,80420,38812.000000000,38813.000000000,38812.000000000,38813.000000000,11,YM
2024-06-10T17:20:10.000000000Z,32,1,80420,38813.000000000,38813.000000000,38813.000000000,38813.000000000,1,YM
2024-06-10T17:20:11.000000000Z,32,1,80420,38812.000000000,38812.000000000,38812.000000000,38812.000000000,1,YM
2024-06-10T17:20:13.000000000Z,32,1,80420,38812.000000000,38812.000000000,38812.000000000,38812.000000000,1,YM
2024-06-10T17:20:16.000000000Z,32,1,80420,38813.000000000,38815.000000000,38812.000000000,38814.000000000,23,YM
2024-06-10T17:20:17.000000000Z,32,1,80420,38814.000000000,38815.000000000,38814.000000000,38815.000000000,14,YM
2024-06-10T17:20:18.000000000Z,32,1,80420,38813.000000000,38814.000000000,38813.000000000,38813.000000000,5,YM
2024-06-10T17:20:23.000000000Z,32,1,80420,38815.000000000,38817.000000000,38815.000000000,38817.000000000,6,YM
2024-06-10T17:20:25.000000000Z,32,1,80420,38816.000000000,38816.000000000,38816.000000000,38816.000000000,4,YM
2024-06-10T17:20:26.000000000Z,32,1,80420,38816.000000000,38816.000000000,38816.000000000,38816.000000000,1,YM
2024-06-10T17:20:27.000000000Z,32,1,80420,38817.000000000,38817.000000000,38817.000000000,38817.000000000,5,YM
2024-06-10T17:20:28.000000000Z,32,1,80420,38817.000000000,38817.000000000,38817.000000000,38817.000000000,2,YM
2024-06-10T17:20:30.000000000Z,32,1,80420,38818.000000000,38818.000000000,38818.000000000,38818.000000000,5,YM
2024-06-10T17:20:31.000000000Z,32,1,80420,38819.000000000,38821.000000000,38819.000000000,38820.000000000,14,YM
2024-06-10T17:20:32.000000000Z,32,1,80420,38820.000000000,38820.000000000,38820.000000000,38820.000000000,4,YM
2024-06-10T17:20:34.000000000Z,32,1,80420,38821.000000000,38821.000000000,38821.000000000,38821.000000000,1,YM
2024-06-10T17:20:35.000000000Z,32,1,80420,38821.000000000,38821.000000000,38821.000000000,38821.000000000,5,YM
2024-06-10T17:20:39.000000000Z,32,1,80420,38820.000000000,38820.000000000,38820.000000000,38820.000000000,1,YM
2024-06-10T17:20:41.000000000Z,32,1,80420,38819.000000000,38819.000000000,38818.000000000,38819.000000000,8,YM
2024-06-10T17:20:42.000000000Z,32,1,80420,38819.000000000,38819.000000000,38819.000000000,38819.000000000,1,YM
2024-06-10T17:20:43.000000000Z,32,1,80420,38818.000000000,38818.000000000,38818.000000000,38818.000000000,2,YM
2024-06-10T17:20:45.000000000Z,32,1,80420,38818.000000000,38820.000000000,38818.000000000,38818.000000000,14,YM
2024-06-10T17:20:46.000000000Z,32,1,80420,38819.000000000,38819.000000000,38819.000000000,38819.000000000,1,YM
2024-06-10T17:20:47.000000000Z,32,1,80420,38819.000000000,38819.000000000,38819.000000000,38819.000000000,1,YM
2024-06-10T17:20:48.000000000Z,32,1,80420,38818.000000000,38818.000000000,38818.000000000,38818.000000000,1,YM
2024-06-10T17:20:50.000000000Z,32,1,80420,38819.000000000,38819.000000000,38819.000000000,38819.000000000,1,YM
2024-06-10T17:20:54.000000000Z,32,1,80420,38821.000000000,38821.000000000,38821.000000000,38821.000000000,5,YM
2024-06-10T17:20:57.000000000Z,32,1,80420,38821.000000000,38821.000000000,38821.000000000,38821.000000000,1,YM
2024-06-10T17:20:58.000000000Z,32,1,80420,38822.000000000,38823.000000000,38822.000000000,38823.000000000,4,YM
2024-06-10T17:20:59.000000000Z,32,1,80420,38823.000000000,38823.000000000,38823.000000000,38823.000000000,9,YM
2024-06-10T17:21:00.000000000Z,32,1,80420,38824.000000000,38825.000000000,38823.000000000,38823.000000000,15,YM
2024-06-10T17:21:01.000000000Z,32,1,80420,38825.000000000,38825.000000000,38823.000000000,38824.000000000,12,YM
2024-06-10T17:21:03.000000000Z,32,1,80420,38824.000000000,38824.000000000,38823.000000000,38823.000000000,8,YM
2024-06-10T17:21:04.000000000Z,32,1,80420,38823.000000000,38823.000000000,38822.000000000,38822.000000000,5,YM
2024-06-10T17:21:06.000000000Z,32,1,80420,38823.000000000,38823.000000000,38823.000000000,38823.000000000,5,YM
2024-06-10T17:21:07.000000000Z,32,1,80420,38824.000000000,38825.000000000,38824.000000000,38824.000000000,17,YM
2024-06-10T17:21:10.000000000Z,32,1,80420,38824.000000000,38824.000000000,38824.000000000,38824.000000000,5,YM
2024-06-10T17:21:11.000000000Z,32,1,80420,38824.000000000,38824.000000000,38824.000000000,38824.000000000,2,YM
2024-06-10T17:21:12.000000000Z,32,1,80420,38824.000000000,38824.000000000,38824.000000000,38824.000000000,2,YM
2024-06-10T17:21:13.000000000Z,32,1,80420,38823.000000000,38823.000000000,38823.000000000,38823.000000000,1,YM
2024-06-10T17:21:15.000000000Z,32,1,80420,38822.000000000,38822.000000000,38822.000000000,38822.000000000,1,YM
2024-06-10T17:21:16.000000000Z,32,1,80420,38821.000000000,38821.000000000,38821.000000000,38821.000000000,2,YM
2024-06-10T17:21:17.000000000Z,32,1,80420,38820.000000000,38820.000000000,38820.000000000,38820.000000000,1,YM
2024-06-10T17:21:18.000000000Z,32,1,80420,38821.000000000,38821.000000000,38821.000000000,38821.000000000,1,YM
2024-06-10T17:21:21.000000000Z,32,1,80420,38823.000000000,38823.000000000,38823.000000000,38823.000000000,1,YM
2024-06-10T17:21:22.000000000Z,32,1,80420,38824.000000000,38825.000000000,38824.000000000,38825.000000000,4,YM
2024-06-10T17:21:23.000000000Z,32,1,80420,38825.000000000,38825.000000000,38825.000000000,38825.000000000,5,YM
2024-06-10T17:21:25.000000000Z,32,1,80420,38824.000000000,38824.000000000,38824.000000000,38824.000000000,1,YM
2024-06-10T17:21:27.000000000Z,32,1,80420,38824.000000000,38824.000000000,38824.000000000,38824.000000000,1,YM
2024-06-10T17:21:28.000000000Z,32,1,80420,38823.000000000,38823.000000000,38823.000000000,38823.000000000,1,YM
2024-06-10T17:21:30.000000000Z,32,1,80420,38822.000000000,38822.000000000,38822.000000000,38822.000000000,1,YM
2024-06-10T17:21:31.000000000Z,32,1,80420,38822.000000000,38822.000000000,38822.000000000,38822.000000000,2,YM
2024-06-10T17:21:33.000000000Z,32,1,80420,38822.000000000,38822.000000000,38822.000000000,38822.000000000,1,YM
2024-06-10T17:21:35.000000000Z,32,1,80420,38822.000000000,38822.000000000,38822.000000000,38822.000000000,1,YM
2024-06-10T17:21:37.000000000Z,32,1,80420,38822.000000000,38822.000000000,38822.000000000,38822.000000000,2,YM
2024-06-10T17:21:38.000000000Z,32,1,80420,38821.000000000,38821.000000000,38821.000000000,38821.000000000,1,YM
2024-06-10T17:21:39.000000000Z,32,1,80420,38822.000000000,38822.000000000,38822.000000000,38822.000000000,1,YM
2024-06-10T17:21:40.000000000Z,32,1,80420,38823.000000000,38823.000000000,38823.000000000,38823.000000000,1,YM
2024-06-10T17:21:42.000000000Z,32,1,80420,38823.000000000,38823.000000000,38823.000000000,38823.000000000,1,YM
2024-06-10T17:21:44.000000000Z,32,1,80420,38822.000000000,38822.000000000,38822.000000000,38822.000000000,1,YM
2024-06-10T17:21:45.000000000Z,32,1,80420,38823.000000000,38823.000000000,38823.000000000,38823.000000000,1,YM
2024-06-10T17:21:47.000000000Z,32,1,80420,38824.000000000,38825.000000000,38824.000000000,38825.000000000,2,YM
2024-06-10T17:21:49.000000000Z,32,1,80420,38825.000000000,38825.000000000,38825.000000000,38825.000000000,2,YM
2024-06-10T17:21:51.000000000Z,32,1,80420,38826.000000000,38826.000000000,38826.000000000,38826.000000000,7,YM
2024-06-10T17:21:52.000000000Z,32,1,80420,38827.000000000,38827.000000000,38827.000000000,38827.000000000,3,YM
2024-06-10T17:21:53.000000000Z,32,1,80420,38825.000000000,38825.000000000,38825.000000000,38825.000000000,1,YM
2024-06-10T17:21:54.000000000Z,32,1,80420,38825.000000000,38825.000000000,38825.000000000,38825.000000000,1,YM
2024-06-10T17:21:55.000000000Z,32,1,80420,38825.000000000,38825.000000000,38823.000000000,38823.000000000,9,YM
2024-06-10T17:21:59.000000000Z,32,1,80420,38825.000000000,38825.000000000,38825.000000000,38825.000000000,3,YM
2024-06-10T17:22:00.000000000Z,32,1,80420,38826.000000000,38827.000000000,38826.000000000,38827.000000000,8,YM
2024-06-10T17:22:02.000000000Z,32,1,80420,38827.000000000,38827.000000000,38826.000000000,38826.000000000,4,YM
2024-06-10T17:22:03.000000000Z,32,1,80420,38827.000000000,38827.000000000,38827.000000000,38827.000000000,1,YM
2024-06-10T17:22:04.000000000Z,32,1,80420,38827.000000000,38827.000000000,38827.000000000,38827.000000000,3,YM
2024-06-10T17:22:06.000000000Z,32,1,80420,38826.000000000,38826.000000000,38826.000000000,38826.000000000,3,YM
2024-06-10T17:22:08.000000000Z,32,1,80420,38826.000000000,38826.000000000,38826.000000000,38826.000000000,3,YM
2024-06-10T17:22:09.000000000Z,32,1,80420,38826.000000000,38826.000000000,38826.000000000,38826.000000000,2,YM
2024-06-10T17:22:10.000000000Z,32,1,80420,38825.000000000,38825.000000000,38825.000000000,38825.000000000,4,YM
2024-06-10T17:22:11.000000000Z,32,1,80420,38826.000000000,38826.000000000,38826.000000000,38826.000000000,3,YM
2024-06-10T17:22:13.000000000Z,32,1,80420,38827.000000000,38827.000000000,38826.000000000,38826.000000000,5,YM
2024-06-10T17:22:14.000000000Z,32,1,80420,38825.000000000,38825.000000000,38825.000000000,38825.000000000,2,YM
2024-06-10T17:22:19.000000000Z,32,1,80420,38827.000000000,38827.000000000,38827.000000000,38827.000000000,5,YM
2024-06-10T17:22:22.000000000Z,32,1,80420,38827.000000000,38827.000000000,38827.000000000,38827.000000000,1,YM
2024-06-10T17:22:23.000000000Z,32,1,80420,38826.000000000,38826.000000000,38826.000000000,38826.000000000,7,YM
2024-06-10T17:22:24.000000000Z,32,1,80420,38827.000000000,38827.000000000,38827.000000000,38827.000000000,2,YM
2024-06-10T17:22:26.000000000Z,32,1,80420,38827.000000000,38828.000000000,38827.000000000,38828.000000000,9,YM
2024-06-10T17:22:28.000000000Z,32,1,80420,38828.000000000,38828.000000000,38828.000000000,38828.000000000,1,YM
2024-06-10T17:22:30.000000000Z,32,1,80420,38829.000000000,38829.000000000,38829.000000000,38829.000000000,5,YM
2024-06-10T17:22:32.000000000Z,32,1,80420,38830.000000000,38830.000000000,38828.000000000,38828.000000000,6,YM
2024-06-10T17:22:34.000000000Z,32,1,80420,38828.000000000,38828.000000000,38828.000000000,38828.000000000,4,YM
2024-06-10T17:22:35.000000000Z,32,1,80420,38827.000000000,38828.000000000,38827.000000000,38828.000000000,2,YM
2024-06-10T17:22:37.000000000Z,32,1,80420,38830.000000000,38831.000000000,38830.000000000,38831.000000000,9,YM
2024-06-10T17:22:38.000000000Z,32,1,80420,38832.000000000,38832.000000000,38832.000000000,38832.000000000,1,YM
2024-06-10T17:22:39.000000000Z,32,1,80420,38831.000000000,38831.000000000,38831.000000000,38831.000000000,2,YM
2024-06-10T17:22:40.000000000Z,32,1,80420,38831.000000000,38831.000000000,38831.000000000,38831.000000000,3,YM
2024-06-10T17:22:41.000000000Z,32,1,80420,38830.000000000,38830.000000000,38830.000000000,38830.000000000,1,YM
2024-06-10T17:22:42.000000000Z,32,1,80420,38830.000000000,38830.000000000,38830.000000000,38830.000000000,1,YM
2024-06-10T17:22:44.000000000Z,32,1,80420,38831.000000000,38832.000000000,38831.000000000,38832.000000000,3,YM
2024-06-10T17:22:45.000000000Z,32,1,80420,38832.000000000,38834.000000000,38832.000000000,38834.000000000,11,YM
2024-06-10T17:22:46.000000000Z,32,1,80420,38834.000000000,38837.000000000,38834.000000000,38837.000000000,30,YM
2024-06-10T17:22:47.000000000Z,32,1,80420,38836.000000000,38836.000000000,38835.000000000,38835.000000000,4,YM
2024-06-10T17:22:48.000000000Z,32,1,80420,38837.000000000,38838.000000000,38837.000000000,38838.000000000,10,YM
2024-06-10T17:22:49.000000000Z,32,1,80420,38837.000000000,38838.000000000,38837.000000000,38838.000000000,2,YM
2024-06-10T17:22:50.000000000Z,32,1,80420,38838.000000000,38838.000000000,38838.000000000,38838.000000000,2,YM
2024-06-10T17:22:51.000000000Z,32,1,80420,38838.000000000,38838.000000000,38838.000000000,38838.000000000,1,YM
2024-06-10T17:22:56.000000000Z,32,1,80420,38838.000000000,38838.000000000,38838.000000000,38838.000000000,2,YM
2024-06-10T17:22:57.000000000Z,32,1,80420,38837.000000000,38837.000000000,38837.000000000,38837.000000000,5,YM
2024-06-10T17:22:58.000000000Z,32,1,80420,38837.000000000,38837.000000000,38837.000000000,38837.000000000,2,YM
2024-06-10T17:23:00.000000000Z,32,1,80420,38835.000000000,38837.000000000,38835.000000000,38837.000000000,3,YM
2024-06-10T17:23:01.000000000Z,32,1,80420,38836.000000000,38836.000000000,38836.000000000,38836.000000000,3,YM
2024-06-10T17:23:03.000000000Z,32,1,80420,38838.000000000,38838.000000000,38838.000000000,38838.000000000,1,YM
2024-06-10T17:23:04.000000000Z,32,1,80420,38838.000000000,38838.000000000,38836.000000000,38836.000000000,2,YM
2024-06-10T17:23:08.000000000Z,32,1,80420,38836.000000000,38836.000000000,38836.000000000,38836.000000000,2,YM
2024-06-10T17:23:10.000000000Z,32,1,80420,38835.000000000,38835.000000000,38835.000000000,38835.000000000,4,YM
2024-06-10T17:23:12.000000000Z,32,1,80420,38836.000000000,38836.000000000,38836.000000000,38836.000000000,4,YM
2024-06-10T17:23:18.000000000Z,32,1,80420,38836.000000000,38836.000000000,38836.000000000,38836.000000000,1,YM
2024-06-10T17:23:20.000000000Z,32,1,80420,38837.000000000,38837.000000000,38837.000000000,38837.000000000,2,YM
2024-06-10T17:23:21.000000000Z,32,1,80420,38838.000000000,38838.000000000,38838.000000000,38838.000000000,5,YM
2024-06-10T17:23:23.000000000Z,32,1,80420,38838.000000000,38839.000000000,38838.000000000,38839.000000000,3,YM
2024-06-10T17:23:26.000000000Z,32,1,80420,38838.000000000,38839.000000000,38838.000000000,38839.000000000,2,YM
2024-06-10T17:23:27.000000000Z,32,1,80420,38838.000000000,38839.000000000,38838.000000000,38839.000000000,3,YM
2024-06-10T17:23:33.000000000Z,32,1,80420,38838.000000000,38838.000000000,38837.000000000,38837.000000000,3,YM
2024-06-10T17:23:35.000000000Z,32,1,80420,38837.000000000,38837.000000000,38837.000000000,38837.000000000,3,YM
2024-06-10T17:23:36.000000000Z,32,1,80420,38836.000000000,38836.000000000,38836.000000000,38836.000000000,1,YM
2024-06-10T17:23:37.000000000Z,32,1,80420,38835.000000000,38835.000000000,38835.000000000,38835.000000000,1,YM
2024-06-10T17:23:38.000000000Z,32,1,80420,38835.000000000,38836.000000000,38835.000000000,38835.000000000,5,YM
2024-06-10T17:23:42.000000000Z,32,1,80420,38836.000000000,38836.000000000,38835.000000000,38835.000000000,3,YM
2024-06-10T17:23:49.000000000Z,32,1,80420,38834.000000000,38834.000000000,38834.000000000,38834.000000000,1,YM
2024-06-10T17:23:53.000000000Z,32,1,80420,38833.000000000,38833.000000000,38832.000000000,38833.000000000,4,YM
2024-06-10T17:23:54.000000000Z,32,1,80420,38832.000000000,38832.000000000,38832.000000000,38832.000000000,1,YM
2024-06-10T17:23:58.000000000Z,32,1,80420,38832.000000000,38832.000000000,38832.000000000,38832.000000000,4,YM
2024-06-10T17:23:59.000000000Z,32,1,80420,38832.000000000,38832.000000000,38831.000000000,38831.000000000,4,YM
2024-06-10T17:24:00.000000000Z,32,1,80420,38831.000000000,38831.000000000,38831.000000000,38831.000000000,6,YM
2024-06-10T17:24:01.000000000Z,32,1,80420,38832.000000000,38832.000000000,38832.000000000,38832.000000000,1,YM
2024-06-10T17:24:02.000000000Z,32,1,80420,38832.000000000,38832.000000000,38832.000000000,38832.000000000,3,YM
2024-06-10T17:24:04.000000000Z,32,1,80420,38831.000000000,38831.000000000,38829.000000000,38830.000000000,6,YM
2024-06-10T17:24:05.000000000Z,32,1,80420,38831.000000000,38831.000000000,38830.000000000,38830.000000000,3,YM
2024-06-10T17:24:06.000000000Z,32,1,80420,38829.000000000,38829.000000000,38829.000000000,38829.000000000,1,YM
2024-06-10T17:24:07.000000000Z,32,1,80420,38829.000000000,38830.000000000,38829.000000000,38829.000000000,6,YM
2024-06-10T17:24:08.000000000Z,32,1,80420,38829.000000000,38829.000000000,38829.000000000,38829.000000000,4,YM
2024-06-10T17:24:09.000000000Z,32,1,80420,38829.000000000,38829.000000000,38829.000000000,38829.000000000,3,YM
2024-06-10T17:24:11.000000000Z,32,1,80420,38829.000000000,38829.000000000,38829.000000000,38829.000000000,3,YM
2024-06-10T17:24:13.000000000Z,32,1,80420,38828.000000000,38828.000000000,38828.000000000,38828.000000000,1,YM
2024-06-10T17:24:14.000000000Z,32,1,80420,38827.000000000,38827.000000000,38827.000000000,38827.000000000,3,YM
2024-06-10T17:24:15.000000000Z,32,1,80420,38827.000000000,38827.000000000,38827.000000000,38827.000000000,3,YM
2024-06-10T17:24:16.000000000Z,32,1,80420,38826.000000000,38826.000000000,38826.000000000,38826.000000000,2,YM
2024-06-10T17:24:17.000000000Z,32,1,80420,38825.000000000,38825.000000000,38824.000000000,38824.000000000,5,YM
2024-06-10T17:24:19.000000000Z,32,1,80420,38824.000000000,38824.000000000,38824.000000000,38824.000000000,4,YM
2024-06-10T17:24:20.000000000Z,32,1,80420,38824.000000000,38824.000000000,38823.000000000,38823.000000000,5,YM
2024-06-10T17:24:21.000000000Z,32,1,80420,38823.000000000,38823.000000000,38823.000000000,38823.000000000,2,YM
2024-06-10T17:24:22.000000000Z,32,1,80420,38824.000000000,38824.000000000,38824.000000000,38824.000000000,2,YM
2024-06-10T17:24:24.000000000Z,32,1,80420,38823.000000000,38823.000000000,38823.000000000,38823.000000000,1,YM
2024-06-10T17:24:25.000000000Z,32,1,80420,38824.000000000,38824.000000000,38824.000000000,38824.000000000,3,YM
2024-06-10T17:24:29.000000000Z,32,1,80420,38824.000000000,38824.000000000,38824.000000000,38824.000000000,1,YM
2024-06-10T17:24:31.000000000Z,32,1,80420,38823.000000000,38823.000000000,38823.000000000,38823.000000000,2,YM
2024-06-10T17:24:33.000000000Z,32,1,80420,38823.000000000,38823.000000000,38823.000000000,38823.000000000,2,YM
2024-06-10T17:24:40.000000000Z,32,1,80420,38824.000000000,38824.000000000,38824.000000000,38824.000000000,1,YM
2024-06-10T17:24:43.000000000Z,32,1,80420,38822.000000000,38822.000000000,38822.000000000,38822.000000000,2,YM
2024-06-10T17:24:44.000000000Z,32,1,80420,38821.000000000,38821.000000000,38821.000000000,38821.000000000,17,YM
2024-06-10T17:24:46.000000000Z,32,1,80420,38822.000000000,38822.000000000,38822.000000000,38822.000000000,1,YM
2024-06-10T17:24:48.000000000Z,32,1,80420,38822.000000000,38823.000000000,38822.000000000,38823.000000000,9,YM
2024-06-10T17:24:50.000000000Z,32,1,80420,38822.000000000,38822.000000000,38822.000000000,38822.000000000,3,YM
2024-06-10T17:24:53.000000000Z,32,1,80420,38824.000000000,38824.000000000,38824.000000000,38824.000000000,1,YM
2024-06-10T17:24:55.000000000Z,32,1,80420,38823.000000000,38823.000000000,38823.000000000,38823.000000000,1,YM
2024-06-10T17:24:57.000000000Z,32,1,80420,38822.000000000,38822.000000000,38822.000000000,38822.000000000,1,YM
2024-06-10T17:25:00.000000000Z,32,1,80420,38823.000000000,38828.000000000,38823.000000000,38828.000000000,44,YM
2024-06-10T17:25:01.000000000Z,32,1,80420,38827.000000000,38827.000000000,38827.000000000,38827.000000000,1,YM
2024-06-10T17:25:02.000000000Z,32,1,80420,38827.000000000,38827.000000000,38827.000000000,38827.000000000,1,YM
2024-06-10T17:25:03.000000000Z,32,1,80420,38827.000000000,38827.000000000,38827.000000000,38827.000000000,2,YM
2024-06-10T17:25:07.000000000Z,32,1,80420,38827.000000000,38827.000000000,38827.000000000,38827.000000000,1,YM
2024-06-10T17:25:08.000000000Z,32,1,80420,38828.000000000,38828.000000000,38828.000000000,38828.000000000,2,YM
2024-06-10T17:25:12.000000000Z,32,1,80420,38829.000000000,38829.000000000,38828.000000000,38828.000000000,6,YM
2024-06-10T17:25:13.000000000Z,32,1,80420,38828.000000000,38828.000000000,38828.000000000,38828.000000000,1,YM
2024-06-10T17:25:14.000000000Z,32,1,80420,38828.000000000,38828.000000000,38828.000000000,38828.000000000,2,YM
2024-06-10T17:25:15.000000000Z,32,1,80420,38828.000000000,38828.000000000,38828.000000000,38828.000000000,1,YM
2024-06-10T17:25:18.000000000Z,32,1,80420,38827.000000000,38827.000000000,38827.000000000,38827.000000000,1,YM
2024-06-10T17:25:19.000000000Z,32,1,80420,38826.000000000,38826.000000000,38826.000000000,38826.000000000,4,YM
2024-06-10T17:25:20.000000000Z,32,1,80420,38827.000000000,38827.000000000,38827.000000000,38827.000000000,1,YM
2024-06-10T17:25:21.000000000Z,32,1,80420,38828.000000000,38829.000000000,38828.000000000,38829.000000000,3,YM
2024-06-10T17:25:24.000000000Z,32,1,80420,38827.000000000,38827.000000000,38827.000000000,38827.000000000,1,YM
2024-06-10T17:25:26.000000000Z,32,1,80420,38830.000000000,38830.000000000,38830.000000000,38830.000000000,3,YM
2024-06-10T17:25:27.000000000Z,32,1,80420,38831.000000000,38831.000000000,38831.000000000,38831.000000000,1,YM
2024-06-10T17:25:28.000000000Z,32,1,80420,38831.000000000,38832.000000000,38831.000000000,38832.000000000,4,YM
2024-06-10T17:25:30.000000000Z,32,1,80420,38832.000000000,38833.000000000,38831.000000000,38831.000000000,8,YM
2024-06-10T17:25:31.000000000Z,32,1,80420,38832.000000000,38832.000000000,38832.000000000,38832.000000000,2,YM
2024-06-10T17:25:32.000000000Z,32,1,80420,38832.000000000,38832.000000000,38832.000000000,38832.000000000,1,YM
2024-06-10T17:25:33.000000000Z,32,1,80420,38833.000000000,38833.000000000,38833.000000000,38833.000000000,1,YM
2024-06-10T17:25:40.000000000Z,32,1,80420,38832.000000000,38832.000000000,38831.000000000,38832.000000000,4,YM
2024-06-10T17:25:42.000000000Z,32,1,80420,38832.000000000,38832.000000000,38832.000000000,38832.000000000,2,YM
2024-06-10T17:25:46.000000000Z,32,1,80420,38833.000000000,38833.000000000,38833.000000000,38833.000000000,1,YM
2024-06-10T17:25:47.000000000Z,32,1,80420,38834.000000000,38834.000000000,38834.000000000,38834.000000000,2,YM
2024-06-10T17:25:49.000000000Z,32,1,80420,38834.000000000,38834.000000000,38834.000000000,38834.000000000,1,YM
2024-06-10T17:25:52.000000000Z,32,1,80420,38834.000000000,38834.000000000,38833.000000000,38833.000000000,2,YM
2024-06-10T17:25:53.000000000Z,32,1,80420,38832.000000000,38832.000000000,38832.000000000,38832.000000000,1,YM
2024-06-10T17:25:54.000000000Z,32,1,80420,38832.000000000,38832.000000000,38832.000000000,38832.000000000,1,YM
2024-06-10T17:25:57.000000000Z,32,1,80420,38832.000000000,38833.000000000,38832.000000000,38833.000000000,2,YM
2024-06-10T17:25:59.000000000Z,32,1,80420,38834.000000000,38834.000000000,38832.000000000,38832.000000000,17,YM
2024-06-10T17:26:00.000000000Z,32,1,80420,38832.000000000,38832.000000000,38832.000000000,38832.000000000,1,YM
2024-06-10T17:26:02.000000000Z,32,1,80420,38833.000000000,38833.000000000,38833.000000000,38833.000000000,1,YM
2024-06-10T17:26:03.000000000Z,32,1,80420,38832.000000000,38832.000000000,38832.000000000,38832.000000000,1,YM
2024-06-10T17:26:08.000000000Z,32,1,80420,38830.000000000,38830.000000000,38830.000000000,38830.000000000,1,YM
2024-06-10T17:26:09.000000000Z,32,1,80420,38830.000000000,38830.000000000,38830.000000000,38830.000000000,2,YM
2024-06-10T17:26:10.000000000Z,32,1,80420,38830.000000000,38830.000000000,38830.000000000,38830.000000000,1,YM
2024-06-10T17:26:11.000000000Z,32,1,80420,38830.000000000,38830.000000000,38830.000000000,38830.000000000,4,YM
2024-06-10T17:26:19.000000000Z,32,1,80420,38829.000000000,38829.000000000,38829.000000000,38829.000000000,1,YM
2024-06-10T17:26:21.000000000Z,32,1,80420,38827.000000000,38827.000000000,38827.000000000,38827.000000000,1,YM
2024-06-10T17:26:23.000000000Z,32,1,80420,38827.000000000,38828.000000000,38827.000000000,38828.000000000,6,YM
2024-06-10T17:26:26.000000000Z,32,1,80420,38829.000000000,38829.000000000,38829.000000000,38829.000000000,1,YM
2024-06-10T17:26:28.000000000Z,32,1,80420,38828.000000000,38829.000000000,38828.000000000,38829.000000000,7,YM
2024-06-10T17:26:29.000000000Z,32,1,80420,38829.000000000,38829.000000000,38829.000000000,38829.000000000,3,YM
2024-06-10T17:26:30.000000000Z,32,1,80420,38828.000000000,38828.000000000,38828.000000000,38828.000000000,8,YM
2024-06-10T17:26:31.000000000Z,32,1,80420,38828.000000000,38828.000000000,38826.000000000,38826.000000000,15,YM
2024-06-10T17:26:32.000000000Z,32,1,80420,38826.000000000,38826.000000000,38824.000000000,38824.000000000,9,YM
2024-06-10T17:26:33.000000000Z,32,1,80420,38825.000000000,38825.000000000,38824.000000000,38824.000000000,12,YM
2024-06-10T17:26:34.000000000Z,32,1,80420,38823.000000000,38823.000000000,38823.000000000,38823.000000000,3,YM
2024-06-10T17:26:35.000000000Z,32,1,80420,38823.000000000,38824.000000000,38823.000000000,38824.000000000,11,YM
2024-06-10T17:26:38.000000000Z,32,1,80420,38825.000000000,38826.000000000,38825.000000000,38826.000000000,8,YM
2024-06-10T17:26:40.000000000Z,32,1,80420,38826.000000000,38827.000000000,38826.000000000,38827.000000000,2,YM
2024-06-10T17:26:41.000000000Z,32,1,80420,38826.000000000,38826.000000000,38826.000000000,38826.000000000,4,YM
2024-06-10T17:26:42.000000000Z,32,1,80420,38828.000000000,38828.000000000,38828.000000000,38828.000000000,2,YM
2024-06-10T17:26:44.000000000Z,32,1,80420,38829.000000000,38829.000000000,38829.000000000,38829.000000000,1,YM
2024-06-10T17:26:45.000000000Z,32,1,80420,38828.000000000,38828.000000000,38828.000000000,38828.000000000,1,YM
2024-06-10T17:26:46.000000000Z,32,1,80420,38829.000000000,38829.000000000,38829.000000000,38829.000000000,1,YM
2024-06-10T17:26:47.000000000Z,32,1,80420,38829.000000000,38829.000000000,38829.000000000,38829.000000000,4,YM
2024-06-10T17:26:48.000000000Z,32,1,80420,38830.000000000,38830.000000000,38830.000000000,38830.000000000,3,YM
2024-06-10T17:26:49.000000000Z,32,1,80420,38829.000000000,38830.000000000,38829.000000000,38830.000000000,5,YM
2024-06-10T17:26:50.000000000Z,32,1,80420,38829.000000000,38829.000000000,38829.000000000,38829.000000000,1,YM
2024-06-10T17:26:52.000000000Z,32,1,80420,38829.000000000,38829.000000000,38826.000000000,38826.000000000,10,YM
2024-06-10T17:26:54.000000000Z,32,1,80420,38829.000000000,38829.000000000,38829.000000000,38829.000000000,4,YM
2024-06-10T17:26:55.000000000Z,32,1,80420,38830.000000000,38830.000000000,38830.000000000,38830.000000000,3,YM
2024-06-10T17:26:56.000000000Z,32,1,80420,38830.000000000,38830.000000000,38830.000000000,38830.000000000,1,YM
2024-06-10T17:26:58.000000000Z,32,1,80420,38831.000000000,38831.000000000,38831.000000000,38831.000000000,2,YM
2024-06-10T17:26:59.000000000Z,32,1,80420,38832.000000000,38832.000000000,38832.000000000,38832.000000000,1,YM
2024-06-10T17:27:03.000000000Z,32,1,80420,38832.000000000,38832.000000000,38832.000000000,38832.000000000,3,YM
2024-06-10T17:27:04.000000000Z,32,1,80420,38831.000000000,38831.000000000,38830.000000000,38830.000000000,3,YM
2024-06-10T17:27:07.000000000Z,32,1,80420,38829.000000000,38829.000000000,38829.000000000,38829.000000000,1,YM
2024-06-10T17:27:11.000000000Z,32,1,80420,38829.000000000,38829.000000000,38829.000000000,38829.000000000,1,YM
2024-06-10T17:27:12.000000000Z,32,1,80420,38828.000000000,38828.000000000,38827.000000000,38827.000000000,4,YM
2024-06-10T17:27:13.000000000Z,32,1,80420,38827.000000000,38827.000000000,38827.000000000,38827.000000000,1,YM
2024-06-10T17:27:14.000000000Z,32,1,80420,38826.000000000,38826.000000000,38826.000000000,38826.000000000,3,YM
2024-06-10T17:27:15.000000000Z,32,1,80420,38826.000000000,38826.000000000,38825.000000000,38826.000000000,8,YM
2024-06-10T17:27:16.000000000Z,32,1,80420,38825.000000000,38825.000000000,38825.000000000,38825.000000000,1,YM
2024-06-10T17:27:17.000000000Z,32,1,80420,38823.000000000,38823.000000000,38823.000000000,38823.000000000,1,YM
2024-06-10T17:27:19.000000000Z,32,1,80420,38824.000000000,38824.000000000,38824.000000000,38824.000000000,1,YM
2024-06-10T17:27:20.000000000Z,32,1,80420,38825.000000000,38827.000000000,38825.000000000,38827.000000000,8,YM
2024-06-10T17:27:21.000000000Z,32,1,80420,38826.000000000,38826.000000000,38826.000000000,38826.000000000,4,YM
2024-06-10T17:27:24.000000000Z,32,1,80420,38828.000000000,38828.000000000,38828.000000000,38828.000000000,2,YM
2024-06-10T17:27:25.000000000Z,32,1,80420,38827.000000000,38827.000000000,38827.000000000,38827.000000000,1,YM
2024-06-10T17:27:27.000000000Z,32,1,80420,38828.000000000,38828.000000000,38828.000000000,38828.000000000,8,YM
2024-06-10T17:27:28.000000000Z,32,1,80420,38828.000000000,38828.000000000,38828.000000000,38828.000000000,1,YM
2024-06-10T17:27:30.000000000Z,32,1,80420,38829.000000000,38829.000000000,38829.000000000,38829.000000000,1,YM
2024-06-10T17:27:31.000000000Z,32,1,80420,38829.000000000,38829.000000000,38829.000000000,38829.000000000,1,YM
2024-06-10T17:27:36.000000000Z,32,1,80420,38830.000000000,38830.000000000,38827.000000000,38827.000000000,9,YM
2024-06-10T17:27:44.000000000Z,32,1,80420,38826.000000000,38826.000000000,38824.000000000,38824.000000000,26,YM
2024-06-10T17:27:45.000000000Z,32,1,80420,38826.000000000,38826.000000000,38826.000000000,38826.000000000,1,YM
2024-06-10T17:27:46.000000000Z,32,1,80420,38825.000000000,38825.000000000,38825.000000000,38825.000000000,3,YM
2024-06-10T17:27:47.000000000Z,32,1,80420,38826.000000000,38826.000000000,38826.000000000,38826.000000000,2,YM
2024-06-10T17:27:49.000000000Z,32,1,80420,38825.000000000,38825.000000000,38825.000000000,38825.000000000,2,YM
2024-06-10T17:27:53.000000000Z,32,1,80420,38826.000000000,38826.000000000,38826.000000000,38826.000000000,1,YM
2024-06-10T17:27:55.000000000Z,32,1,80420,38827.000000000,38827.000000000,38827.000000000,38827.000000000,7,YM
2024-06-10T17:27:56.000000000Z,32,1,80420,38828.000000000,38828.000000000,38828.000000000,38828.000000000,2,YM
2024-06-10T17:27:59.000000000Z,32,1,80420,38829.000000000,38829.000000000,38829.000000000,38829.000000000,4,YM
2024-06-10T17:28:03.000000000Z,32,1,80420,38830.000000000,38830.000000000,38830.000000000,38830.000000000,2,YM
2024-06-10T17:28:04.000000000Z,32,1,80420,38830.000000000,38830.000000000,38829.000000000,38829.000000000,11,YM
2024-06-10T17:28:06.000000000Z,32,1,80420,38829.000000000,38829.000000000,38829.000000000,38829.000000000,1,YM
2024-06-10T17:28:07.000000000Z,32,1,80420,38828.000000000,38828.000000000,38827.000000000,38827.000000000,6,YM
2024-06-10T17:28:12.000000000Z,32,1,80420,38828.000000000,38828.000000000,38828.000000000,38828.000000000,2,YM
2024-06-10T17:28:16.000000000Z,32,1,80420,38827.000000000,38827.000000000,38827.000000000,38827.000000000,3,YM
2024-06-10T17:28:18.000000000Z,32,1,80420,38825.000000000,38826.000000000,38825.000000000,38826.000000000,3,YM
2024-06-10T17:28:19.000000000Z,32,1,80420,38827.000000000,38827.000000000,38827.000000000,38827.000000000,2,YM
2024-06-10T17:28:21.000000000Z,32,1,80420,38828.000000000,38828.000000000,38828.000000000,38828.000000000,1,YM
2024-06-10T17:28:22.000000000Z,32,1,80420,38827.000000000,38827.000000000,38827.000000000,38827.000000000,1,YM
2024-06-10T17:28:23.000000000Z,32,1,80420,38828.000000000,38828.000000000,38828.000000000,38828.000000000,1,YM
2024-06-10T17:28:25.000000000Z,32,1,80420,38829.000000000,38829.000000000,38829.000000000,38829.000000000,1,YM
2024-06-10T17:28:27.000000000Z,32,1,80420,38828.000000000,38828.000000000,38828.000000000,38828.000000000,1,YM
2024-06-10T17:28:28.000000000Z,32,1,80420,38829.000000000,38829.000000000,38829.000000000,38829.000000000,1,YM
2024-06-10T17:28:31.000000000Z,32,1,80420,38828.000000000,38828.000000000,38828.000000000,38828.000000000,2,YM
2024-06-10T17:28:33.000000000Z,32,1,80420,38827.000000000,38827.000000000,38825.000000000,38825.000000000,3,YM
2024-06-10T17:28:36.000000000Z,32,1,80420,38826.000000000,38826.000000000,38826.000000000,38826.000000000,3,YM
2024-06-10T17:28:37.000000000Z,32,1,80420,38826.000000000,38826.000000000,38826.000000000,38826.000000000,2,YM
2024-06-10T17:28:38.000000000Z,32,1,80420,38827.000000000,38827.000000000,38827.000000000,38827.000000000,1,YM
2024-06-10T17:28:40.000000000Z,32,1,80420,38826.000000000,38826.000000000,38826.000000000,38826.000000000,2,YM
2024-06-10T17:28:45.000000000Z,32,1,80420,38826.000000000,38826.000000000,38825.000000000,38825.000000000,3,YM
2024-06-10T17:28:48.000000000Z,32,1,80420,38824.000000000,38824.000000000,38824.000000000,38824.000000000,2,YM
2024-06-10T17:28:49.000000000Z,32,1,80420,38824.000000000,38824.000000000,38823.000000000,38823.000000000,3,YM
2024-06-10T17:28:53.000000000Z,32,1,80420,38823.000000000,38823.000000000,38823.000000000,38823.000000000,3,YM
2024-06-10T17:28:56.000000000Z,32,1,80420,38824.000000000,38824.000000000,38824.000000000,38824.000000000,1,YM
2024-06-10T17:28:57.000000000Z,32,1,80420,38824.000000000,38824.000000000,38824.000000000,38824.000000000,1,YM
2024-06-10T17:29:01.000000000Z,32,1,80420,38826.000000000,38826.000000000,38825.000000000,38825.000000000,6,YM
2024-06-10T17:29:03.000000000Z,32,1,80420,38826.000000000,38826.000000000,38826.000000000,38826.000000000,14,YM
2024-06-10T17:29:04.000000000Z,32,1,80420,38827.000000000,38828.000000000,38827.000000000,38828.000000000,4,YM
2024-06-10T17:29:05.000000000Z,32,1,80420,38827.000000000,38827.000000000,38827.000000000,38827.000000000,1,YM
2024-06-10T17:29:12.000000000Z,32,1,80420,38828.000000000,38828.000000000,38828.000000000,38828.000000000,1,YM
2024-06-10T17:29:16.000000000Z,32,1,80420,38828.000000000,38828.000000000,38828.000000000,38828.000000000,2,YM
2024-06-10T17:29:17.000000000Z,32,1,80420,38827.000000000,38828.000000000,38827.000000000,38828.000000000,5,YM
2024-06-10T17:29:20.000000000Z,32,1,80420,38830.000000000,38830.000000000,38830.000000000,38830.000000000,4,YM
2024-06-10T17:29:21.000000000Z,32,1,80420,38831.000000000,38831.000000000,38831.000000000,38831.000000000,2,YM
2024-06-10T17:29:28.000000000Z,32,1,80420,38828.000000000,38828.000000000,38827.000000000,38827.000000000,12,YM
2024-06-10T17:29:29.000000000Z,32,1,80420,38827.000000000,38827.000000000,38827.000000000,38827.000000000,2,YM
2024-06-10T17:29:30.000000000Z,32,1,80420,38826.000000000,38826.000000000,38826.000000000,38826.000000000,2,YM
2024-06-10T17:29:32.000000000Z,32,1,80420,38826.000000000,38826.000000000,38826.000000000,38826.000000000,1,YM
2024-06-10T17:29:35.000000000Z,32,1,80420,38827.000000000,38827.000000000,38827.000000000,38827.000000000,1,YM
2024-06-10T17:29:38.000000000Z,32,1,80420,38827.000000000,38827.000000000,38827.000000000,38827.000000000,1,YM
2024-06-10T17:29:40.000000000Z,32,1,80420,38830.000000000,38830.000000000,38830.000000000,38830.000000000,1,YM
2024-06-10T17:29:41.000000000Z,32,1,80420,38831.000000000,38831.000000000,38831.000000000,38831.000000000,2,YM
2024-06-10T17:29:42.000000000Z,32,1,80420,38832.000000000,38832.000000000,38832.000000000,38832.000000000,3,YM
2024-06-10T17:29:44.000000000Z,32,1,80420,38833.000000000,38834.000000000,38833.000000000,38834.000000000,6,YM
2024-06-10T17:29:45.000000000Z,32,1,80420,38834.000000000,38834.000000000,38834.000000000,38834.000000000,1,YM
2024-06-10T17:29:48.000000000Z,32,1,80420,38835.000000000,38835.000000000,38835.000000000,38835.000000000,1,YM
2024-06-10T17:29:49.000000000Z,32,1,80420,38833.000000000,38833.000000000,38833.000000000,38833.000000000,2,YM
2024-06-10T17:29:52.000000000Z,32,1,80420,38833.000000000,38833.000000000,38832.000000000,38832.000000000,2,YM
2024-06-10T17:29:54.000000000Z,32,1,80420,38832.000000000,38832.000000000,38832.000000000,38832.000000000,1,YM
2024-06-10T17:29:55.000000000Z,32,1,80420,38832.000000000,38832.000000000,38832.000000000,38832.000000000,1,YM
2024-06-10T17:29:57.000000000Z,32,1,80420,38832.000000000,38832.000000000,38832.000000000,38832.000000000,2,YM
2024-06-10T17:29:58.000000000Z,32,1,80420,38832.000000000,38832.000000000,38832.000000000,38832.000000000,1,YM
2024-06-10T17:29:59.000000000Z,32,1,80420,38832.000000000,38832.000000000,38832.000000000,38832.000000000,1,YM
2024-06-10T17:30:00.000000000Z,32,1,80420,38832.000000000,38834.000000000,38832.000000000,38832.000000000,20,YM
2024-06-10T17:30:01.000000000Z,32,1,80420,38833.000000000,38833.000000000,38833.000000000,38833.000000000,2,YM
2024-06-10T17:30:02.000000000Z,32,1,80420,38834.000000000,38834.000000000,38834.000000000,38834.000000000,3,YM
2024-06-10T17:30:03.000000000Z,32,1,80420,38833.000000000,38833.000000000,38833.000000000,38833.000000000,1,YM
2024-06-10T17:30:05.000000000Z,32,1,80420,38833.000000000,38833.000000000,38833.000000000,38833.000000000,3,YM
2024-06-10T17:30:07.000000000Z,32,1,80420,38833.000000000,38833.000000000,38832.000000000,38832.000000000,3,YM
2024-06-10T17:30:09.000000000Z,32,1,80420,38831.000000000,38832.000000000,38831.000000000,38832.000000000,4,YM
2024-06-10T17:30:11.000000000Z,32,1,80420,38834.000000000,38834.000000000,38834.000000000,38834.000000000,5,YM
2024-06-10T17:30:16.000000000Z,32,1,80420,38833.000000000,38833.000000000,38833.000000000,38833.000000000,1,YM
2024-06-10T17:30:19.000000000Z,32,1,80420,38834.000000000,38834.000000000,38834.000000000,38834.000000000,4,YM
2024-06-10T17:30:20.000000000Z,32,1,80420,38833.000000000,38833.000000000,38833.000000000,38833.000000000,2,YM
2024-06-10T17:30:22.000000000Z,32,1,80420,38835.000000000,38836.000000000,38835.000000000,38836.000000000,2,YM
2024-06-10T17:30:23.000000000Z,32,1,80420,38834.000000000,38834.000000000,38834.000000000,38834.000000000,1,YM
2024-06-10T17:30:24.000000000Z,32,1,80420,38834.000000000,38834.000000000,38834.000000000,38834.000000000,3,YM
2024-06-10T17:30:27.000000000Z,32,1,80420,38833.000000000,38833.000000000,38832.000000000,38832.000000000,4,YM
2024-06-10T17:30:30.000000000Z,32,1,80420,38830.000000000,38830.000000000,38830.000000000,38830.000000000,2,YM
2024-06-10T17:30:31.000000000Z,32,1,80420,38830.000000000,38830.000000000,38830.000000000,38830.000000000,2,YM
2024-06-10T17:30:32.000000000Z,32,1,80420,38830.000000000,38830.000000000,38830.000000000,38830.000000000,2,YM
2024-06-10T17:30:34.000000000Z,32,1,80420,38832.000000000,38832.000000000,38828.000000000,38829.000000000,13,YM
2024-06-10T17:30:35.000000000Z,32,1,80420,38828.000000000,38828.000000000,38828.000000000,38828.000000000,2,YM
2024-06-10T17:30:36.000000000Z,32,1,80420,38829.000000000,38829.000000000,38829.000000000,38829.000000000,7,YM
2024-06-10T17:30:37.000000000Z,32,1,80420,38829.000000000,38829.000000000,38829.000000000,38829.000000000,5,YM
2024-06-10T17:30:39.000000000Z,32,1,80420,38831.000000000,38831.000000000,38831.000000000,38831.000000000,1,YM
2024-06-10T17:30:42.000000000Z,32,1,80420,38833.000000000,38834.000000000,38833.000000000,38833.000000000,7,YM
2024-06-10T17:30:43.000000000Z,32,1,80420,38834.000000000,38834.000000000,38834.000000000,38834.000000000,2,YM
2024-06-10T17:30:44.000000000Z,32,1,80420,38833.000000000,38833.000000000,38833.000000000,38833.000000000,1,YM
2024-06-10T17:30:45.000000000Z,32,1,80420,38833.000000000,38833.000000000,38833.000000000,38833.000000000,1,YM
2024-06-10T17:30:48.000000000Z,32,1,80420,38832.000000000,38832.000000000,38832.000000000,38832.000000000,1,YM
2024-06-10T17:30:52.000000000Z,32,1,80420,38830.000000000,38832.000000000,38830.000000000,38832.000000000,12,YM
2024-06-10T17:30:53.000000000Z,32,1,80420,38832.000000000,38832.000000000,38832.000000000,38832.000000000,1,YM
2024-06-10T17:30:55.000000000Z,32,1,80420,38832.000000000,38833.000000000,38832.000000000,38833.000000000,4,YM
2024-06-10T17:30:56.000000000Z,32,1,80420,38834.000000000,38834.000000000,38833.000000000,38833.000000000,12,YM
2024-06-10T17:30:57.000000000Z,32,1,80420,38833.000000000,38833.000000000,38833.000000000,38833.000000000,8,YM
2024-06-10T17:30:58.000000000Z,32,1,80420,38833.000000000,38833.000000000,38833.000000000,38833.000000000,1,YM
2024-06-10T17:30:59.000000000Z,32,1,80420,38832.000000000,38832.000000000,38832.000000000,38832.000000000,1,YM
2024-06-10T17:31:01.000000000Z,32,1,80420,38833.000000000,38834.000000000,38833.000000000,38834.000000000,9,YM
2024-06-10T17:31:02.000000000Z,32,1,80420,38834.000000000,38834.000000000,38834.000000000,38834.000000000,1,YM
2024-06-10T17:31:03.000000000Z,32,1,80420,38835.000000000,38836.000000000,38835.000000000,38836.000000000,7,YM
2024-06-10T17:31:04.000000000Z,32,1,80420,38835.000000000,38835.000000000,38835.000000000,38835.000000000,5,YM
2024-06-10T17:31:05.000000000Z,32,1,80420,38836.000000000,38836.000000000,38833.000000000,38833.000000000,17,YM
2024-06-10T17:31:06.000000000Z,32,1,80420,38834.000000000,38834.000000000,38834.000000000,38834.000000000,2,YM
2024-06-10T17:31:07.000000000Z,32,1,80420,38832.000000000,38833.000000000,38832.000000000,38833.000000000,3,YM
2024-06-10T17:31:09.000000000Z,32,1,80420,38834.000000000,38834.000000000,38834.000000000,38834.000000000,2,YM
2024-06-10T17:31:10.000000000Z,32,1,80420,38834.000000000,38834.000000000,38832.000000000,38833.000000000,13,YM
2024-06-10T17:31:11.000000000Z,32,1,80420,38831.000000000,38831.000000000,38831.000000000,38831.000000000,2,YM
2024-06-10T17:31:12.000000000Z,32,1,80420,38833.000000000,38834.000000000,38833.000000000,38833.000000000,3,YM
2024-06-10T17:31:13.000000000Z,32,1,80420,38833.000000000,38833.000000000,38833.000000000,38833.000000000,3,YM
2024-06-10T17:31:15.000000000Z,32,1,80420,38833.000000000,38833.000000000,38833.000000000,38833.000000000,1,YM
2024-06-10T17:31:18.000000000Z,32,1,80420,38834.000000000,38834.000000000,38834.000000000,38834.000000000,1,YM
2024-06-10T17:31:19.000000000Z,32,1,80420,38834.000000000,38834.000000000,38833.000000000,38833.000000000,5,YM
2024-06-10T17:31:20.000000000Z,32,1,80420,38832.000000000,38832.000000000,38832.000000000,38832.000000000,1,YM
2024-06-10T17:31:23.000000000Z,32,1,80420,38833.000000000,38833.000000000,38833.000000000,38833.000000000,1,YM
2024-06-10T17:31:25.000000000Z,32,1,80420,38834.000000000,38834.000000000,38834.000000000,38834.000000000,3,YM
2024-06-10T17:31:26.000000000Z,32,1,80420,38834.000000000,38834.000000000,38834.000000000,38834.000000000,1,YM
2024-06-10T17:31:27.000000000Z,32,1,80420,38835.000000000,38835.000000000,38835.000000000,38835.000000000,2,YM
2024-06-10T17:31:28.000000000Z,32,1,80420,38834.000000000,38834.000000000,38834.000000000,38834.000000000,1,YM
2024-06-10T17:31:29.000000000Z,32,1,80420,38834.000000000,38834.000000000,38833.000000000,38833.000000000,3,YM
2024-06-10T17:31:31.000000000Z,32,1,80420,38832.000000000,38832.000000000,38832.000000000,38832.000000000,3,YM
2024-06-10T17:31:33.000000000Z,32,1,80420,38833.000000000,38833.000000000,38833.000000000,38833.000000000,1,YM
2024-06-10T17:31:35.000000000Z,32,1,80420,38832.000000000,38832.000000000,38832.000000000,38832.000000000,1,YM
2024-06-10T17:31:43.000000000Z,32,1,80420,38833.000000000,38833.000000000,38833.000000000,38833.000000000,2,YM
2024-06-10T17:31:44.000000000Z,32,1,80420,38833.000000000,38833.000000000,38833.000000000,38833.000000000,1,YM
2024-06-10T17:31:48.000000000Z,32,1,80420,38832.000000000,38832.000000000,38832.000000000,38832.000000000,2,YM
2024-06-10T17:31:49.000000000Z,32,1,80420,38833.000000000,38833.000000000,38832.000000000,38832.000000000,4,YM
2024-06-10T17:31:51.000000000Z,32,1,80420,38830.000000000,38830.000000000,38828.000000000,38828.000000000,4,YM
2024-06-10T17:31:59.000000000Z,32,1,80420,38828.000000000,38828.000000000,38828.000000000,38828.000000000,2,YM
2024-06-10T17:32:00.000000000Z,32,1,80420,38829.000000000,38829.000000000,38829.000000000,38829.000000000,12,YM
2024-06-10T17:32:01.000000000Z,32,1,80420,38828.000000000,38828.000000000,38828.000000000,38828.000000000,1,YM
2024-06-10T17:32:02.000000000Z,32,1,80420,38827.000000000,38827.000000000,38826.000000000,38826.000000000,7,YM
2024-06-10T17:32:04.000000000Z,32,1,80420,38826.000000000,38826.000000000,38826.000000000,38826.000000000,2,YM
2024-06-10T17:32:05.000000000Z,32,1,80420,38826.000000000,38827.000000000,38826.000000000,38827.000000000,4,YM
2024-06-10T17:32:06.000000000Z,32,1,80420,38826.000000000,38826.000000000,38825.000000000,38825.000000000,11,YM
2024-06-10T17:32:07.000000000Z,32,1,80420,38825.000000000,38825.000000000,38825.000000000,38825.000000000,1,YM
2024-06-10T17:32:08.000000000Z,32,1,80420,38827.000000000,38827.000000000,38827.000000000,38827.000000000,1,YM
2024-06-10T17:32:09.000000000Z,32,1,80420,38827.000000000,38827.000000000,38826.000000000,38826.000000000,2,YM
2024-06-10T17:32:10.000000000Z,32,1,80420,38826.000000000,38826.000000000,38826.000000000,38826.000000000,3,YM
2024-06-10T17:32:11.000000000Z,32,1,80420,38827.000000000,38827.000000000,38826.000000000,38826.000000000,2,YM
2024-06-10T17:32:15.000000000Z,32,1,80420,38826.000000000,38827.000000000,38826.000000000,38827.000000000,10,YM
2024-06-10T17:32:16.000000000Z,32,1,80420,38827.000000000,38827.000000000,38827.000000000,38827.000000000,4,YM
2024-06-10T17:32:18.000000000Z,32,1,80420,38828.000000000,38828.000000000,38826.000000000,38826.000000000,12,YM
2024-06-10T17:32:21.000000000Z,32,1,80420,38827.000000000,38827.000000000,38827.000000000,38827.000000000,1,YM
2024-06-10T17:32:27.000000000Z,32,1,80420,38828.000000000,38828.000000000,38826.000000000,38826.000000000,3,YM
2024-06-10T17:32:32.000000000Z,32,1,80420,38828.000000000,38828.000000000,38828.000000000,38828.000000000,3,YM
2024-06-10T17:32:33.000000000Z,32,1,80420,38828.000000000,38828.000000000,38828.000000000,38828.000000000,1,YM
2024-06-10T17:32:34.000000000Z,32,1,80420,38828.000000000,38829.000000000,38828.000000000,38829.000000000,2,YM
2024-06-10T17:32:36.000000000Z,32,1,80420,38830.000000000,38831.000000000,38830.000000000,38831.000000000,2,YM
2024-06-10T17:32:39.000000000Z,32,1,80420,38830.000000000,38830.000000000,38830.000000000,38830.000000000,2,YM
2024-06-10T17:32:40.000000000Z,32,1,80420,38830.000000000,38830.000000000,38830.000000000,38830.000000000,2,YM
2024-06-10T17:32:42.000000000Z,32,1,80420,38829.000000000,38829.000000000,38829.000000000,38829.000000000,1,YM
2024-06-10T17:32:48.000000000Z,32,1,80420,38832.000000000,38832.000000000,38832.000000000,38832.000000000,2,YM
2024-06-10T17:32:49.000000000Z,32,1,80420,38832.000000000,38832.000000000,38832.000000000,38832.000000000,1,YM
2024-06-10T17:32:50.000000000Z,32,1,80420,38831.000000000,38831.000000000,38831.000000000,38831.000000000,1,YM
2024-06-10T17:32:52.000000000Z,32,1,80420,38833.000000000,38833.000000000,38832.000000000,38832.000000000,5,YM
2024-06-10T17:32:53.000000000Z,32,1,80420,38832.000000000,38832.000000000,38832.000000000,38832.000000000,2,YM
2024-06-10T17:32:54.000000000Z,32,1,80420,38832.000000000,38832.000000000,38832.000000000,38832.000000000,1,YM
2024-06-10T17:32:55.000000000Z,32,1,80420,38832.000000000,38833.000000000,38832.000000000,38833.000000000,3,YM
2024-06-10T17:32:56.000000000Z,32,1,80420,38833.000000000,38833.000000000,38833.000000000,38833.000000000,1,YM
2024-06-10T17:32:58.000000000Z,32,1,80420,38834.000000000,38834.000000000,38834.000000000,38834.000000000,5,YM
2024-06-10T17:32:59.000000000Z,32,1,80420,38834.000000000,38834.000000000,38834.000000000,38834.000000000,2,YM
2024-06-10T17:33:02.000000000Z,32,1,80420,38835.000000000,38836.000000000,38835.000000000,38836.000000000,10,YM
2024-06-10T17:33:05.000000000Z,32,1,80420,38834.000000000,38834.000000000,38834.000000000,38834.000000000,2,YM
2024-06-10T17:33:06.000000000Z,32,1,80420,38834.000000000,38834.000000000,38834.000000000,38834.000000000,1,YM
2024-06-10T17:33:11.000000000Z,32,1,80420,38835.000000000,38835.000000000,38835.000000000,38835.000000000,1,YM
2024-06-10T17:33:14.000000000Z,32,1,80420,38835.000000000,38835.000000000,38835.000000000,38835.000000000,2,YM
2024-06-10T17:33:15.000000000Z,32,1,80420,38835.000000000,38835.000000000,38835.000000000,38835.000000000,2,YM
2024-06-10T17:33:16.000000000Z,32,1,80420,38836.000000000,38836.000000000,38836.000000000,38836.000000000,5,YM
2024-06-10T17:33:18.000000000Z,32,1,80420,38836.000000000,38836.000000000,38836.000000000,38836.000000000,3,YM
2024-06-10T17:33:19.000000000Z,32,1,80420,38837.000000000,38838.000000000,38837.000000000,38838.000000000,9,YM
2024-06-10T17:33:20.000000000Z,32,1,80420,38838.000000000,38838.000000000,38838.000000000,38838.000000000,1,YM
2024-06-10T17:33:21.000000000Z,32,1,80420,38837.000000000,38837.000000000,38837.000000000,38837.000000000,2,YM
2024-06-10T17:33:22.000000000Z,32,1,80420,38838.000000000,38838.000000000,38838.000000000,38838.000000000,1,YM
2024-06-10T17:33:24.000000000Z,32,1,80420,38837.000000000,38837.000000000,38837.000000000,38837.000000000,2,YM
2024-06-10T17:33:25.000000000Z,32,1,80420,38836.000000000,38836.000000000,38836.000000000,38836.000000000,2,YM
2024-06-10T17:33:26.000000000Z,32,1,80420,38836.000000000,38836.000000000,38836.000000000,38836.000000000,1,YM
2024-06-10T17:33:27.000000000Z,32,1,80420,38835.000000000,38836.000000000,38835.000000000,38836.000000000,3,YM
2024-06-10T17:33:28.000000000Z,32,1,80420,38835.000000000,38835.000000000,38835.000000000,38835.000000000,1,YM
2024-06-10T17:33:29.000000000Z,32,1,80420,38835.000000000,38835.000000000,38835.000000000,38835.000000000,2,YM
2024-06-10T17:33:30.000000000Z,32,1,80420,38835.000000000,38835.000000000,38835.000000000,38835.000000000,3,YM
2024-06-10T17:33:32.000000000Z,32,1,80420,38835.000000000,38835.000000000,38835.000000000,38835.000000000,3,YM
2024-06-10T17:33:34.000000000Z,32,1,80420,38836.000000000,38836.000000000,38836.000000000,38836.000000000,1,YM
2024-06-10T17:33:35.000000000Z,32,1,80420,38835.000000000,38835.000000000,38835.000000000,38835.000000000,1,YM
2024-06-10T17:33:37.000000000Z,32,1,80420,38834.000000000,38834.000000000,38834.000000000,38834.000000000,1,YM
2024-06-10T17:33:40.000000000Z,32,1,80420,38833.000000000,38834.000000000,38833.000000000,38834.000000000,2,YM
2024-06-10T17:33:41.000000000Z,32,1,80420,38834.000000000,38834.000000000,38834.000000000,38834.000000000,1,YM
2024-06-10T17:33:43.000000000Z,32,1,80420,38833.000000000,38833.000000000,38833.000000000,38833.000000000,1,YM
2024-06-10T17:33:46.000000000Z,32,1,80420,38833.000000000,38833.000000000,38833.000000000,38833.000000000,1,YM
2024-06-10T17:33:48.000000000Z,32,1,80420,38833.000000000,38833.000000000,38833.000000000,38833.000000000,1,YM
2024-06-10T17:33:50.000000000Z,32,1,80420,38833.000000000,38833.000000000,38833.000000000,38833.000000000,1,YM
2024-06-10T17:33:51.000000000Z,32,1,80420,38832.000000000,38832.000000000,38832.000000000,38832.000000000,3,YM
2024-06-10T17:33:52.000000000Z,32,1,80420,38834.000000000,38834.000000000,38834.000000000,38834.000000000,1,YM
2024-06-10T17:33:55.000000000Z,32,1,80420,38834.000000000,38835.000000000,38834.000000000,38835.000000000,2,YM
2024-06-10T17:34:00.000000000Z,32,1,80420,38835.000000000,38835.000000000,38835.000000000,38835.000000000,1,YM
2024-06-10T17:34:01.000000000Z,32,1,80420,38836.000000000,38836.000000000,38836.000000000,38836.000000000,3,YM
2024-06-10T17:34:02.000000000Z,32,1,80420,38838.000000000,38838.000000000,38838.000000000,38838.000000000,6,YM
2024-06-10T17:34:03.000000000Z,32,1,80420,38837.000000000,38837.000000000,38837.000000000,38837.000000000,1,YM
2024-06-10T17:34:04.000000000Z,32,1,80420,38838.000000000,38838.000000000,38838.000000000,38838.000000000,3,YM
2024-06-10T17:34:08.000000000Z,32,1,80420,38839.000000000,38839.000000000,38839.000000000,38839.000000000,7,YM
2024-06-10T17:34:10.000000000Z,32,1,80420,38839.000000000,38839.000000000,38839.000000000,38839.000000000,1,YM
2024-06-10T17:34:11.000000000Z,32,1,80420,38839.000000000,38839.000000000,38839.000000000,38839.000000000,1,YM
2024-06-10T17:34:12.000000000Z,32,1,80420,38840.000000000,38841.000000000,38839.000000000,38839.000000000,24,YM
2024-06-10T17:34:13.000000000Z,32,1,80420,38839.000000000,38840.000000000,38839.000000000,38840.000000000,6,YM
2024-06-10T17:34:14.000000000Z,32,1,80420,38839.000000000,38839.000000000,38839.000000000,38839.000000000,3,YM
2024-06-10T17:34:18.000000000Z,32,1,80420,38838.000000000,38838.000000000,38838.000000000,38838.000000000,4,YM
2024-06-10T17:34:19.000000000Z,32,1,80420,38837.000000000,38837.000000000,38836.000000000,38836.000000000,7,YM
2024-06-10T17:34:20.000000000Z,32,1,80420,38836.000000000,38836.000000000,38836.000000000,38836.000000000,3,YM
2024-06-10T17:34:23.000000000Z,32,1,80420,38837.000000000,38837.000000000,38837.000000000,38837.000000000,1,YM
2024-06-10T17:34:25.000000000Z,32,1,80420,38836.000000000,38836.000000000,38836.000000000,38836.000000000,1,YM
2024-06-10T17:34:26.000000000Z,32,1,80420,38836.000000000,38836.000000000,38836.000000000,38836.000000000,1,YM
2024-06-10T17:34:27.000000000Z,32,1,80420,38835.000000000,38835.000000000,38835.000000000,38835.000000000,5,YM
2024-06-10T17:34:29.000000000Z,32,1,80420,38834.000000000,38834.000000000,38834.000000000,38834.000000000,1,YM
2024-06-10T17:34:30.000000000Z,32,1,80420,38834.000000000,38834.000000000,38834.000000000,38834.000000000,1,YM
2024-06-10T17:34:32.000000000Z,32,1,80420,38835.000000000,38835.000000000,38835.000000000,38835.000000000,4,YM
2024-06-10T17:34:33.000000000Z,32,1,80420,38837.000000000,38837.000000000,38837.000000000,38837.000000000,1,YM
2024-06-10T17:34:34.000000000Z,32,1,80420,38836.000000000,38837.000000000,38836.000000000,38837.000000000,9,YM
2024-06-10T17:34:37.000000000Z,32,1,80420,38837.000000000,38837.000000000,38837.000000000,38837.000000000,1,YM
2024-06-10T17:34:38.000000000Z,32,1,80420,38836.000000000,38836.000000000,38836.000000000,38836.000000000,1,YM
2024-06-10T17:34:40.000000000Z,32,1,80420,38836.000000000,38836.000000000,38836.000000000,38836.000000000,1,YM
2024-06-10T17:34:44.000000000Z,32,1,80420,38835.000000000,38835.000000000,38835.000000000,38835.000000000,1,YM
2024-06-10T17:34:49.000000000Z,32,1,80420,38836.000000000,38836.000000000,38836.000000000,38836.000000000,2,YM
2024-06-10T17:34:50.000000000Z,32,1,80420,38838.000000000,38838.000000000,38838.000000000,38838.000000000,1,YM
2024-06-10T17:34:53.000000000Z,32,1,80420,38837.000000000,38837.000000000,38837.000000000,38837.000000000,1,YM
2024-06-10T17:34:54.000000000Z,32,1,80420,38837.000000000,38837.000000000,38837.000000000,38837.000000000,2,YM
2024-06-10T17:34:59.000000000Z,32,1,80420,38838.000000000,38838.000000000,38838.000000000,38838.000000000,2,YM
2024-06-10T17:35:00.000000000Z,32,1,80420,38837.000000000,38837.000000000,38837.000000000,38837.000000000,6,YM
2024-06-10T17:35:02.000000000Z,32,1,80420,38838.000000000,38838.000000000,38838.000000000,38838.000000000,1,YM
2024-06-10T17:35:03.000000000Z,32,1,80420,38839.000000000,38840.000000000,38839.000000000,38840.000000000,2,YM
2024-06-10T17:35:04.000000000Z,32,1,80420,38841.000000000,38841.000000000,38841.000000000,38841.000000000,1,YM
2024-06-10T17:35:05.000000000Z,32,1,80420,38841.000000000,38841.000000000,38839.000000000,38840.000000000,3,YM
2024-06-10T17:35:07.000000000Z,32,1,80420,38839.000000000,38839.000000000,38839.000000000,38839.000000000,3,YM
2024-06-10T17:35:08.000000000Z,32,1,80420,38840.000000000,38840.000000000,38839.000000000,38840.000000000,5,YM
2024-06-10T17:35:09.000000000Z,32,1,80420,38840.000000000,38841.000000000,38840.000000000,38841.000000000,3,YM
2024-06-10T17:35:10.000000000Z,32,1,80420,38843.000000000,38843.000000000,38843.000000000,38843.000000000,6,YM
2024-06-10T17:35:11.000000000Z,32,1,80420,38843.000000000,38846.000000000,38843.000000000,38846.000000000,11,YM
2024-06-10T17:35:13.000000000Z,32,1,80420,38845.000000000,38845.000000000,38845.000000000,38845.000000000,4,YM
2024-06-10T17:35:16.000000000Z,32,1,80420,38845.000000000,38845.000000000,38845.000000000,38845.000000000,2,YM
2024-06-10T17:35:17.000000000Z,32,1,80420,38844.000000000,38844.000000000,38844.000000000,38844.000000000,2,YM
2024-06-10T17:35:20.000000000Z,32,1,80420,38843.000000000,38843.000000000,38843.000000000,38843.000000000,1,YM
2024-06-10T17:35:22.000000000Z,32,1,80420,38844.000000000,38844.000000000,38844.000000000,38844.000000000,1,YM
2024-06-10T17:35:24.000000000Z,32,1,80420,38841.000000000,38841.000000000,38841.000000000,38841.000000000,5,YM
2024-06-10T17:35:25.000000000Z,32,1,80420,38840.000000000,38840.000000000,38840.000000000,38840.000000000,1,YM
2024-06-10T17:35:26.000000000Z,32,1,80420,38840.000000000,38840.000000000,38840.000000000,38840.000000000,4,YM
2024-06-10T17:35:27.000000000Z,32,1,80420,38841.000000000,38841.000000000,38841.000000000,38841.000000000,1,YM
2024-06-10T17:35:28.000000000Z,32,1,80420,38843.000000000,38844.000000000,38843.000000000,38844.000000000,2,YM
2024-06-10T17:35:29.000000000Z,32,1,80420,38843.000000000,38843.000000000,38843.000000000,38843.000000000,1,YM
2024-06-10T17:35:30.000000000Z,32,1,80420,38842.000000000,38843.000000000,38842.000000000,38843.000000000,2,YM
2024-06-10T17:35:31.000000000Z,32,1,80420,38843.000000000,38843.000000000,38843.000000000,38843.000000000,2,YM
2024-06-10T17:35:33.000000000Z,32,1,80420,38844.000000000,38844.000000000,38844.000000000,38844.000000000,1,YM
2024-06-10T17:35:34.000000000Z,32,1,80420,38843.000000000,38843.000000000,38843.000000000,38843.000000000,1,YM
2024-06-10T17:35:38.000000000Z,32,1,80420,38842.000000000,38842.000000000,38842.000000000,38842.000000000,1,YM
2024-06-10T17:35:40.000000000Z,32,1,80420,38843.000000000,38843.000000000,38843.000000000,38843.000000000,1,YM
2024-06-10T17:35:41.000000000Z,32,1,80420,38843.000000000,38843.000000000,38843.000000000,38843.000000000,1,YM
2024-06-10T17:35:42.000000000Z,32,1,80420,38843.000000000,38843.000000000,38843.000000000,38843.000000000,8,YM
2024-06-10T17:35:45.000000000Z,32,1,80420,38842.000000000,38842.000000000,38842.000000000,38842.000000000,1,YM
2024-06-10T17:35:47.000000000Z,32,1,80420,38843.000000000,38843.000000000,38843.000000000,38843.000000000,1,YM
2024-06-10T17:35:48.000000000Z,32,1,80420,38842.000000000,38842.000000000,38842.000000000,38842.000000000,1,YM
2024-06-10T17:35:49.000000000Z,32,1,80420,38843.000000000,38843.000000000,38843.000000000,38843.000000000,1,YM
2024-06-10T17:35:50.000000000Z,32,1,80420,38842.000000000,38842.000000000,38842.000000000,38842.000000000,1,YM
2024-06-10T17:35:54.000000000Z,32,1,80420,38842.000000000,38842.000000000,38842.000000000,38842.000000000,1,YM
2024-06-10T17:35:56.000000000Z,32,1,80420,38843.000000000,38843.000000000,38843.000000000,38843.000000000,1,YM
2024-06-10T17:35:58.000000000Z,32,1,80420,38842.000000000,38842.000000000,38842.000000000,38842.000000000,5,YM
2024-06-10T17:36:00.000000000Z,32,1,80420,38842.000000000,38842.000000000,38842.000000000,38842.000000000,2,YM
2024-06-10T17:36:01.000000000Z,32,1,80420,38842.000000000,38842.000000000,38842.000000000,38842.000000000,2,YM
2024-06-10T17:36:03.000000000Z,32,1,80420,38843.000000000,38844.000000000,38843.000000000,38844.000000000,3,YM
2024-06-10T17:36:05.000000000Z,32,1,80420,38846.000000000,38846.000000000,38846.000000000,38846.000000000,7,YM
2024-06-10T17:36:06.000000000Z,32,1,80420,38847.000000000,38848.000000000,38847.000000000,38848.000000000,2,YM
2024-06-10T17:36:07.000000000Z,32,1,80420,38846.000000000,38846.000000000,38846.000000000,38846.000000000,6,YM
2024-06-10T17:36:08.000000000Z,32,1,80420,38847.000000000,38847.000000000,38847.000000000,38847.000000000,2,YM
2024-06-10T17:36:09.000000000Z,32,1,80420,38848.000000000,38849.000000000,38848.000000000,38849.000000000,9,YM
2024-06-10T17:36:11.000000000Z,32,1,80420,38850.000000000,38850.000000000,38850.000000000,38850.000000000,13,YM
2024-06-10T17:36:12.000000000Z,32,1,80420,38851.000000000,38851.000000000,38851.000000000,38851.000000000,2,YM
2024-06-10T17:36:13.000000000Z,32,1,80420,38852.000000000,38854.000000000,38852.000000000,38852.000000000,19,YM
2024-06-10T17:36:14.000000000Z,32,1,80420,38852.000000000,38853.000000000,38852.000000000,38853.000000000,5,YM
2024-06-10T17:36:15.000000000Z,32,1,80420,38851.000000000,38851.000000000,38850.000000000,38850.000000000,3,YM
2024-06-10T17:36:16.000000000Z,32,1,80420,38849.000000000,38849.000000000,38849.000000000,38849.000000000,2,YM
2024-06-10T17:36:17.000000000Z,32,1,80420,38849.000000000,38849.000000000,38849.000000000,38849.000000000,2,YM
2024-06-10T17:36:18.000000000Z,32,1,80420,38849.000000000,38849.000000000,38849.000000000,38849.000000000,3,YM
2024-06-10T17:36:20.000000000Z,32,1,80420,38848.000000000,38848.000000000,38848.000000000,38848.000000000,3,YM
2024-06-10T17:36:23.000000000Z,32,1,80420,38846.000000000,38846.000000000,38845.000000000,38845.000000000,3,YM
2024-06-10T17:36:27.000000000Z,32,1,80420,38846.000000000,38846.000000000,38846.000000000,38846.000000000,2,YM
2024-06-10T17:36:28.000000000Z,32,1,80420,38847.000000000,38847.000000000,38847.000000000,38847.000000000,3,YM
2024-06-10T17:36:29.000000000Z,32,1,80420,38846.000000000,38846.000000000,38846.000000000,38846.000000000,3,YM
2024-06-10T17:36:30.000000000Z,32,1,80420,38846.000000000,38846.000000000,38846.000000000,38846.000000000,1,YM
2024-06-10T17:36:31.000000000Z,32,1,80420,38846.000000000,38846.000000000,38846.000000000,38846.000000000,1,YM
2024-06-10T17:36:32.000000000Z,32,1,80420,38847.000000000,38847.000000000,38847.000000000,38847.000000000,1,YM
2024-06-10T17:36:34.000000000Z,32,1,80420,38847.000000000,38847.000000000,38847.000000000,38847.000000000,7,YM
2024-06-10T17:36:35.000000000Z,32,1,80420,38847.000000000,38847.000000000,38847.000000000,38847.000000000,1,YM
2024-06-10T17:36:38.000000000Z,32,1,80420,38846.000000000,38846.000000000,38846.000000000,38846.000000000,2,YM
2024-06-10T17:36:40.000000000Z,32,1,80420,38846.000000000,38847.000000000,38846.000000000,38847.000000000,5,YM
2024-06-10T17:36:41.000000000Z,32,1,80420,38847.000000000,38847.000000000,38847.000000000,38847.000000000,1,YM
2024-06-10T17:36:42.000000000Z,32,1,80420,38847.000000000,38847.000000000,38847.000000000,38847.000000000,1,YM
2024-06-10T17:36:43.000000000Z,32,1,80420,38844.000000000,38845.000000000,38844.000000000,38845.000000000,5,YM
2024-06-10T17:36:44.000000000Z,32,1,80420,38844.000000000,38845.000000000,38844.000000000,38844.000000000,4,YM
2024-06-10T17:36:45.000000000Z,32,1,80420,38844.000000000,38844.000000000,38844.000000000,38844.000000000,5,YM
2024-06-10T17:36:48.000000000Z,32,1,80420,38844.000000000,38844.000000000,38844.000000000,38844.000000000,1,YM
2024-06-10T17:36:51.000000000Z,32,1,80420,38845.000000000,38845.000000000,38844.000000000,38844.000000000,6,YM
2024-06-10T17:36:52.000000000Z,32,1,80420,38846.000000000,38846.000000000,38846.000000000,38846.000000000,2,YM
2024-06-10T17:36:53.000000000Z,32,1,80420,38846.000000000,38846.000000000,38846.000000000,38846.000000000,4,YM
2024-06-10T17:36:56.000000000Z,32,1,80420,38846.000000000,38846.000000000,38846.000000000,38846.000000000,1,YM
2024-06-10T17:36:58.000000000Z,32,1,80420,38846.000000000,38846.000000000,38846.000000000,38846.000000000,2,YM
2024-06-10T17:36:59.000000000Z,32,1,80420,38846.000000000,38846.000000000,38846.000000000,38846.000000000,2,YM
2024-06-10T17:37:00.000000000Z,32,1,80420,38847.000000000,38847.000000000,38846.000000000,38846.000000000,5,YM
2024-06-10T17:37:01.000000000Z,32,1,80420,38846.000000000,38846.000000000,38846.000000000,38846.000000000,6,YM
2024-06-10T17:37:02.000000000Z,32,1,80420,38845.000000000,38845.000000000,38845.000000000,38845.000000000,1,YM
2024-06-10T17:37:05.000000000Z,32,1,80420,38846.000000000,38846.000000000,38846.000000000,38846.000000000,3,YM
2024-06-10T17:37:06.000000000Z,32,1,80420,38845.000000000,38845.000000000,38845.000000000,38845.000000000,2,YM
2024-06-10T17:37:07.000000000Z,32,1,80420,38844.000000000,38844.000000000,38844.000000000,38844.000000000,6,YM
2024-06-10T17:37:08.000000000Z,32,1,80420,38843.000000000,38843.000000000,38843.000000000,38843.000000000,5,YM
2024-06-10T17:37:09.000000000Z,32,1,80420,38844.000000000,38844.000000000,38844.000000000,38844.000000000,1,YM
2024-06-10T17:37:15.000000000Z,32,1,80420,38843.000000000,38843.000000000,38843.000000000,38843.000000000,1,YM
2024-06-10T17:37:16.000000000Z,32,1,80420,38843.000000000,38843.000000000,38843.000000000,38843.000000000,2,YM
2024-06-10T17:37:18.000000000Z,32,1,80420,38844.000000000,38844.000000000,38844.000000000,38844.000000000,6,YM
2024-06-10T17:37:19.000000000Z,32,1,80420,38844.000000000,38844.000000000,38844.000000000,38844.000000000,1,YM
2024-06-10T17:37:20.000000000Z,32,1,80420,38843.000000000,38843.000000000,38843.000000000,38843.000000000,1,YM
2024-06-10T17:37:21.000000000Z,32,1,80420,38844.000000000,38844.000000000,38844.000000000,38844.000000000,3,YM
2024-06-10T17:37:24.000000000Z,32,1,80420,38843.000000000,38843.000000000,38843.000000000,38843.000000000,2,YM
2024-06-10T17:37:25.000000000Z,32,1,80420,38843.000000000,38843.000000000,38843.000000000,38843.000000000,2,YM
2024-06-10T17:37:27.000000000Z,32,1,80420,38843.000000000,38844.000000000,38843.000000000,38844.000000000,2,YM
2024-06-10T17:37:28.000000000Z,32,1,80420,38844.000000000,38844.000000000,38844.000000000,38844.000000000,1,YM
2024-06-10T17:37:29.000000000Z,32,1,80420,38844.000000000,38844.000000000,38844.000000000,38844.000000000,2,YM
2024-06-10T17:37:30.000000000Z,32,1,80420,38844.000000000,38844.000000000,38844.000000000,38844.000000000,1,YM
2024-06-10T17:37:33.000000000Z,32,1,80420,38844.000000000,38846.000000000,38844.000000000,38846.000000000,7,YM
2024-06-10T17:37:41.000000000Z,32,1,80420,38846.000000000,38846.000000000,38846.000000000,38846.000000000,1,YM
2024-06-10T17:37:43.000000000Z,32,1,80420,38846.000000000,38846.000000000,38845.000000000,38845.000000000,11,YM
2024-06-10T17:37:44.000000000Z,32,1,80420,38846.000000000,38846.000000000,38846.000000000,38846.000000000,2,YM
2024-06-10T17:37:46.000000000Z,32,1,80420,38846.000000000,38846.000000000,38846.000000000,38846.000000000,1,YM
2024-06-10T17:37:47.000000000Z,32,1,80420,38846.000000000,38846.000000000,38846.000000000,38846.000000000,1,YM
2024-06-10T17:37:49.000000000Z,32,1,80420,38845.000000000,38845.000000000,38845.000000000,38845.000000000,2,YM
2024-06-10T17:38:00.000000000Z,32,1,80420,38845.000000000,38845.000000000,38845.000000000,38845.000000000,2,YM
2024-06-10T17:38:01.000000000Z,32,1,80420,38845.000000000,38845.000000000,38844.000000000,38845.000000000,11,YM
2024-06-10T17:38:04.000000000Z,32,1,80420,38847.000000000,38848.000000000,38847.000000000,38847.000000000,15,YM
2024-06-10T17:38:06.000000000Z,32,1,80420,38847.000000000,38847.000000000,38847.000000000,38847.000000000,2,YM
2024-06-10T17:38:11.000000000Z,32,1,80420,38847.000000000,38848.000000000,38847.000000000,38848.000000000,2,YM
2024-06-10T17:38:12.000000000Z,32,1,80420,38849.000000000,38849.000000000,38849.000000000,38849.000000000,1,YM
2024-06-10T17:38:14.000000000Z,32,1,80420,38848.000000000,38848.000000000,38848.000000000,38848.000000000,2,YM
2024-06-10T17:38:15.000000000Z,32,1,80420,38849.000000000,38850.000000000,38849.000000000,38850.000000000,10,YM
2024-06-10T17:38:16.000000000Z,32,1,80420,38850.000000000,38852.000000000,38850.000000000,38852.000000000,7,YM
2024-06-10T17:38:17.000000000Z,32,1,80420,38851.000000000,38853.000000000,38851.000000000,38853.000000000,2,YM
2024-06-10T17:38:18.000000000Z,32,1,80420,38852.000000000,38854.000000000,38852.000000000,38854.000000000,16,YM
2024-06-10T17:38:19.000000000Z,32,1,80420,38854.000000000,38854.000000000,38854.000000000,38854.000000000,7,YM
2024-06-10T17:38:20.000000000Z,32,1,80420,38855.000000000,38857.000000000,38855.000000000,38856.000000000,20,YM
2024-06-10T17:38:21.000000000Z,32,1,80420,38856.000000000,38856.000000000,38855.000000000,38856.000000000,3,YM
2024-06-10T17:38:23.000000000Z,32,1,80420,38855.000000000,38855.000000000,38855.000000000,38855.000000000,1,YM
2024-06-10T17:38:28.000000000Z,32,1,80420,38855.000000000,38855.000000000,38855.000000000,38855.000000000,1,YM
2024-06-10T17:38:29.000000000Z,32,1,80420,38854.000000000,38854.000000000,38854.000000000,38854.000000000,1,YM
2024-06-10T17:38:30.000000000Z,32,1,80420,38853.000000000,38853.000000000,38853.000000000,38853.000000000,1,YM
2024-06-10T17:38:32.000000000Z,32,1,80420,38853.000000000,38853.000000000,38852.000000000,38852.000000000,3,YM
2024-06-10T17:38:34.000000000Z,32,1,80420,38851.000000000,38851.000000000,38851.000000000,38851.000000000,1,YM
2024-06-10T17:38:35.000000000Z,32,1,80420,38852.000000000,38852.000000000,38852.000000000,38852.000000000,1,YM
2024-06-10T17:38:36.000000000Z,32,1,80420,38851.000000000,38851.000000000,38851.000000000,38851.000000000,2,YM
2024-06-10T17:38:38.000000000Z,32,1,80420,38852.000000000,38852.000000000,38852.000000000,38852.000000000,4,YM
2024-06-10T17:38:39.000000000Z,32,1,80420,38853.000000000,38853.000000000,38852.000000000,38852.000000000,2,YM
2024-06-10T17:38:41.000000000Z,32,1,80420,38852.000000000,38852.000000000,38852.000000000,38852.000000000,1,YM
2024-06-10T17:38:44.000000000Z,32,1,80420,38851.000000000,38852.000000000,38851.000000000,38852.000000000,3,YM
2024-06-10T17:38:46.000000000Z,32,1,80420,38851.000000000,38851.000000000,38851.000000000,38851.000000000,2,YM
2024-06-10T17:38:47.000000000Z,32,1,80420,38853.000000000,38853.000000000,38853.000000000,38853.000000000,1,YM
2024-06-10T17:38:50.000000000Z,32,1,80420,38855.000000000,38856.000000000,38855.000000000,38855.000000000,8,YM
2024-06-10T17:38:55.000000000Z,32,1,80420,38854.000000000,38854.000000000,38854.000000000,38854.000000000,3,YM
2024-06-10T17:38:56.000000000Z,32,1,80420,38853.000000000,38853.000000000,38853.000000000,38853.000000000,2,YM
2024-06-10T17:38:57.000000000Z,32,1,80420,38853.000000000,38853.000000000,38853.000000000,38853.000000000,1,YM
2024-06-10T17:38:58.000000000Z,32,1,80420,38853.000000000,38853.000000000,38853.000000000,38853.000000000,1,YM
2024-06-10T17:38:59.000000000Z,32,1,80420,38852.000000000,38852.000000000,38852.000000000,38852.000000000,5,YM
2024-06-10T17:39:05.000000000Z,32,1,80420,38853.000000000,38853.000000000,38853.000000000,38853.000000000,5,YM
2024-06-10T17:39:06.000000000Z,32,1,80420,38854.000000000,38854.000000000,38854.000000000,38854.000000000,1,YM
2024-06-10T17:39:07.000000000Z,32,1,80420,38853.000000000,38853.000000000,38851.000000000,38851.000000000,7,YM
2024-06-10T17:39:08.000000000Z,32,1,80420,38850.000000000,38851.000000000,38850.000000000,38850.000000000,5,YM
2024-06-10T17:39:12.000000000Z,32,1,80420,38850.000000000,38850.000000000,38850.000000000,38850.000000000,3,YM
2024-06-10T17:39:14.000000000Z,32,1,80420,38850.000000000,38850.000000000,38850.000000000,38850.000000000,2,YM
2024-06-10T17:39:22.000000000Z,32,1,80420,38850.000000000,38850.000000000,38850.000000000,38850.000000000,1,YM
2024-06-10T17:39:27.000000000Z,32,1,80420,38851.000000000,38852.000000000,38851.000000000,38852.000000000,6,YM
2024-06-10T17:39:31.000000000Z,32,1,80420,38851.000000000,38853.000000000,38851.000000000,38853.000000000,7,YM
2024-06-10T17:39:33.000000000Z,32,1,80420,38852.000000000,38852.000000000,38852.000000000,38852.000000000,1,YM
2024-06-10T17:39:35.000000000Z,32,1,80420,38853.000000000,38854.000000000,38853.000000000,38853.000000000,14,YM
2024-06-10T17:39:36.000000000Z,32,1,80420,38853.000000000,38853.000000000,38853.000000000,38853.000000000,4,YM
2024-06-10T17:39:38.000000000Z,32,1,80420,38854.000000000,38854.000000000,38853.000000000,38853.000000000,2,YM
2024-06-10T17:39:39.000000000Z,32,1,80420,38853.000000000,38853.000000000,38853.000000000,38853.000000000,2,YM
2024-06-10T17:39:41.000000000Z,32,1,80420,38852.000000000,38852.000000000,38852.000000000,38852.000000000,1,YM
2024-06-10T17:39:43.000000000Z,32,1,80420,38853.000000000,38853.000000000,38853.000000000,38853.000000000,1,YM
2024-06-10T17:39:46.000000000Z,32,1,80420,38853.000000000,38853.000000000,38852.000000000,38852.000000000,4,YM
2024-06-10T17:39:48.000000000Z,32,1,80420,38852.000000000,38852.000000000,38852.000000000,38852.000000000,6,YM
2024-06-10T17:39:50.000000000Z,32,1,80420,38852.000000000,38852.000000000,38852.000000000,38852.000000000,2,YM
2024-06-10T17:39:51.000000000Z,32,1,80420,38850.000000000,38850.000000000,38850.000000000,38850.000000000,2,YM
2024-06-10T17:39:55.000000000Z,32,1,80420,38850.000000000,38850.000000000,38850.000000000,38850.000000000,1,YM
2024-06-10T17:39:56.000000000Z,32,1,80420,38850.000000000,38850.000000000,38850.000000000,38850.000000000,1,YM
2024-06-10T17:39:57.000000000Z,32,1,80420,38850.000000000,38850.000000000,38850.000000000,38850.000000000,1,YM
2024-06-10T17:40:00.000000000Z,32,1,80420,38850.000000000,38850.000000000,38848.000000000,38849.000000000,10,YM
2024-06-10T17:40:02.000000000Z,32,1,80420,38851.000000000,38851.000000000,38851.000000000,38851.000000000,2,YM
2024-06-10T17:40:03.000000000Z,32,1,80420,38852.000000000,38852.000000000,38852.000000000,38852.000000000,3,YM
2024-06-10T17:40:04.000000000Z,32,1,80420,38853.000000000,38853.000000000,38852.000000000,38852.000000000,6,YM
2024-06-10T17:40:05.000000000Z,32,1,80420,38851.000000000,38851.000000000,38851.000000000,38851.000000000,1,YM
2024-06-10T17:40:08.000000000Z,32,1,80420,38850.000000000,38851.000000000,38850.000000000,38851.000000000,7,YM
2024-06-10T17:40:11.000000000Z,32,1,80420,38851.000000000,38851.000000000,38851.000000000,38851.000000000,1,YM
2024-06-10T17:40:12.000000000Z,32,1,80420,38852.000000000,38852.000000000,38852.000000000,38852.000000000,6,YM
2024-06-10T17:40:13.000000000Z,32,1,80420,38852.000000000,38852.000000000,38852.000000000,38852.000000000,1,YM
2024-06-10T17:40:15.000000000Z,32,1,80420,38852.000000000,38852.000000000,38852.000000000,38852.000000000,2,YM
2024-06-10T17:40:16.000000000Z,32,1,80420,38853.000000000,38853.000000000,38853.000000000,38853.000000000,2,YM
2024-06-10T17:40:17.000000000Z,32,1,80420,38853.000000000,38853.000000000,38853.000000000,38853.000000000,2,YM
2024-06-10T17:40:19.000000000Z,32,1,80420,38852.000000000,38852.000000000,38852.000000000,38852.000000000,1,YM
2024-06-10T17:40:21.000000000Z,32,1,80420,38851.000000000,38851.000000000,38851.000000000,38851.000000000,2,YM
2024-06-10T17:40:22.000000000Z,32,1,80420,38851.000000000,38851.000000000,38851.000000000,38851.000000000,2,YM
2024-06-10T17:40:23.000000000Z,32,1,80420,38851.000000000,38851.000000000,38851.000000000,38851.000000000,1,YM
2024-06-10T17:40:25.000000000Z,32,1,80420,38852.000000000,38852.000000000,38852.000000000,38852.000000000,2,YM
2024-06-10T17:40:36.000000000Z,32,1,80420,38854.000000000,38854.000000000,38854.000000000,38854.000000000,5,YM
2024-06-10T17:40:37.000000000Z,32,1,80420,38853.000000000,38853.000000000,38853.000000000,38853.000000000,3,YM
2024-06-10T17:40:40.000000000Z,32,1,80420,38852.000000000,38852.000000000,38852.000000000,38852.000000000,1,YM
2024-06-10T17:40:45.000000000Z,32,1,80420,38852.000000000,38852.000000000,38852.000000000,38852.000000000,2,YM
2024-06-10T17:40:46.000000000Z,32,1,80420,38853.000000000,38853.000000000,38852.000000000,38852.000000000,3,YM
2024-06-10T17:40:47.000000000Z,32,1,80420,38853.000000000,38853.000000000,38853.000000000,38853.000000000,2,YM
2024-06-10T17:40:50.000000000Z,32,1,80420,38852.000000000,38853.000000000,38852.000000000,38853.000000000,2,YM
2024-06-10T17:40:54.000000000Z,32,1,80420,38854.000000000,38854.000000000,38854.000000000,38854.000000000,3,YM
2024-06-10T17:40:56.000000000Z,32,1,80420,38853.000000000,38853.000000000,38853.000000000,38853.000000000,2,YM
2024-06-10T17:40:57.000000000Z,32,1,80420,38854.000000000,38854.000000000,38854.000000000,38854.000000000,1,YM
2024-06-10T17:40:58.000000000Z,32,1,80420,38853.000000000,38853.000000000,38853.000000000,38853.000000000,1,YM
2024-06-10T17:41:00.000000000Z,32,1,80420,38852.000000000,38852.000000000,38852.000000000,38852.000000000,2,YM
2024-06-10T17:41:01.000000000Z,32,1,80420,38852.000000000,38852.000000000,38852.000000000,38852.000000000,1,YM
2024-06-10T17:41:02.000000000Z,32,1,80420,38852.000000000,38852.000000000,38852.000000000,38852.000000000,2,YM
2024-06-10T17:41:03.000000000Z,32,1,80420,38852.000000000,38852.000000000,38852.000000000,38852.000000000,1,YM
2024-06-10T17:41:04.000000000Z,32,1,80420,38852.000000000,38852.000000000,38852.000000000,38852.000000000,2,YM
2024-06-10T17:41:05.000000000Z,32,1,80420,38852.000000000,38852.000000000,38852.000000000,38852.000000000,2,YM
2024-06-10T17:41:06.000000000Z,32,1,80420,38851.000000000,38851.000000000,38851.000000000,38851.000000000,1,YM
2024-06-10T17:41:07.000000000Z,32,1,80420,38851.000000000,38851.000000000,38851.000000000,38851.000000000,2,YM
2024-06-10T17:41:08.000000000Z,32,1,80420,38852.000000000,38852.000000000,38852.000000000,38852.000000000,5,YM
2024-06-10T17:41:10.000000000Z,32,1,80420,38852.000000000,38852.000000000,38852.000000000,38852.000000000,5,YM
2024-06-10T17:41:11.000000000Z,32,1,80420,38852.000000000,38852.000000000,38852.000000000,38852.000000000,2,YM
2024-06-10T17:41:12.000000000Z,32,1,80420,38851.000000000,38851.000000000,38851.000000000,38851.000000000,1,YM
2024-06-10T17:41:14.000000000Z,32,1,80420,38851.000000000,38851.000000000,38851.000000000,38851.000000000,2,YM
2024-06-10T17:41:17.000000000Z,32,1,80420,38850.000000000,38850.000000000,38850.000000000,38850.000000000,1,YM
2024-06-10T17:41:18.000000000Z,32,1,80420,38850.000000000,38850.000000000,38850.000000000,38850.000000000,1,YM
2024-06-10T17:41:20.000000000Z,32,1,80420,38851.000000000,38851.000000000,38851.000000000,38851.000000000,2,YM
2024-06-10T17:41:21.000000000Z,32,1,80420,38850.000000000,38850.000000000,38850.000000000,38850.000000000,1,YM
2024-06-10T17:41:22.000000000Z,32,1,80420,38852.000000000,38852.000000000,38851.000000000,38851.000000000,9,YM
2024-06-10T17:41:23.000000000Z,32,1,80420,38851.000000000,38851.000000000,38851.000000000,38851.000000000,2,YM
2024-06-10T17:41:25.000000000Z,32,1,80420,38851.000000000,38851.000000000,38851.000000000,38851.000000000,1,YM
2024-06-10T17:41:27.000000000Z,32,1,80420,38850.000000000,38850.000000000,38849.000000000,38849.000000000,12,YM
2024-06-10T17:41:29.000000000Z,32,1,80420,38849.000000000,38850.000000000,38849.000000000,38850.000000000,7,YM
2024-06-10T17:41:31.000000000Z,32,1,80420,38849.000000000,38850.000000000,38849.000000000,38850.000000000,2,YM
2024-06-10T17:41:32.000000000Z,32,1,80420,38851.000000000,38851.000000000,38851.000000000,38851.000000000,1,YM
2024-06-10T17:41:33.000000000Z,32,1,80420,38851.000000000,38851.000000000,38851.000000000,38851.000000000,1,YM
2024-06-10T17:41:36.000000000Z,32,1,80420,38851.000000000,38851.000000000,38851.000000000,38851.000000000,1,YM
2024-06-10T17:41:39.000000000Z,32,1,80420,38850.000000000,38850.000000000,38850.000000000,38850.000000000,1,YM
2024-06-10T17:41:41.000000000Z,32,1,80420,38850.000000000,38850.000000000,38850.000000000,38850.000000000,2,YM
2024-06-10T17:41:47.000000000Z,32,1,80420,38849.000000000,38849.000000000,38849.000000000,38849.000000000,1,YM
2024-06-10T17:41:48.000000000Z,32,1,80420,38848.000000000,38848.000000000,38848.000000000,38848.000000000,3,YM
2024-06-10T17:41:49.000000000Z,32,1,80420,38847.000000000,38847.000000000,38846.000000000,38846.000000000,3,YM
2024-06-10T17:41:50.000000000Z,32,1,80420,38847.000000000,38847.000000000,38847.000000000,38847.000000000,3,YM
2024-06-10T17:41:52.000000000Z,32,1,80420,38846.000000000,38846.000000000,38846.000000000,38846.000000000,2,YM
2024-06-10T17:41:53.000000000Z,32,1,80420,38845.000000000,38845.000000000,38844.000000000,38844.000000000,17,YM
2024-06-10T17:41:55.000000000Z,32,1,80420,38844.000000000,38844.000000000,38843.000000000,38843.000000000,2,YM
2024-06-10T17:41:58.000000000Z,32,1,80420,38843.000000000,38843.000000000,38843.000000000,38843.000000000,1,YM
2024-06-10T17:41:59.000000000Z,32,1,80420,38843.000000000,38843.000000000,38843.000000000,38843.000000000,14,YM
2024-06-10T17:42:01.000000000Z,32,1,80420,38843.000000000,38844.000000000,38843.000000000,38844.000000000,4,YM
2024-06-10T17:42:02.000000000Z,32,1,80420,38844.000000000,38846.000000000,38844.000000000,38846.000000000,9,YM
2024-06-10T17:42:03.000000000Z,32,1,80420,38846.000000000,38847.000000000,38846.000000000,38846.000000000,13,YM
2024-06-10T17:42:04.000000000Z,32,1,80420,38848.000000000,38848.000000000,38848.000000000,38848.000000000,2,YM
2024-06-10T17:42:05.000000000Z,32,1,80420,38848.000000000,38848.000000000,38848.000000000,38848.000000000,1,YM
2024-06-10T17:42:08.000000000Z,32,1,80420,38849.000000000,38849.000000000,38849.000000000,38849.000000000,1,YM
2024-06-10T17:42:09.000000000Z,32,1,80420,38850.000000000,38850.000000000,38850.000000000,38850.000000000,3,YM
2024-06-10T17:42:10.000000000Z,32,1,80420,38850.000000000,38850.000000000,38850.000000000,38850.000000000,1,YM
2024-06-10T17:42:11.000000000Z,32,1,80420,38850.000000000,38850.000000000,38850.000000000,38850.000000000,2,YM
2024-06-10T17:42:13.000000000Z,32,1,80420,38851.000000000,38851.000000000,38851.000000000,38851.000000000,1,YM
2024-06-10T17:42:15.000000000Z,32,1,80420,38851.000000000,38852.000000000,38851.000000000,38852.000000000,2,YM
2024-06-10T17:42:16.000000000Z,32,1,80420,38852.000000000,38852.000000000,38852.000000000,38852.000000000,1,YM
2024-06-10T17:42:17.000000000Z,32,1,80420,38852.000000000,38852.000000000,38852.000000000,38852.000000000,2,YM
2024-06-10T17:42:18.000000000Z,32,1,80420,38853.000000000,38855.000000000,38853.000000000,38855.000000000,11,YM
2024-06-10T17:42:19.000000000Z,32,1,80420,38855.000000000,38855.000000000,38854.000000000,38854.000000000,6,YM
2024-06-10T17:42:20.000000000Z,32,1,80420,38854.000000000,38854.000000000,38854.000000000,38854.000000000,2,YM
2024-06-10T17:42:21.000000000Z,32,1,80420,38854.000000000,38854.000000000,38854.000000000,38854.000000000,2,YM
2024-06-10T17:42:25.000000000Z,32,1,80420,38856.000000000,38856.000000000,38855.000000000,38855.000000000,5,YM
2024-06-10T17:42:26.000000000Z,32,1,80420,38856.000000000,38856.000000000,38856.000000000,38856.000000000,1,YM
2024-06-10T17:42:28.000000000Z,32,1,80420,38855.000000000,38855.000000000,38855.000000000,38855.000000000,2,YM
2024-06-10T17:42:30.000000000Z,32,1,80420,38855.000000000,38855.000000000,38855.000000000,38855.000000000,1,YM
2024-06-10T17:42:32.000000000Z,32,1,80420,38856.000000000,38856.000000000,38856.000000000,38856.000000000,1,YM
2024-06-10T17:42:33.000000000Z,32,1,80420,38855.000000000,38855.000000000,38854.000000000,38855.000000000,6,YM
2024-06-10T17:42:34.000000000Z,32,1,80420,38854.000000000,38855.000000000,38854.000000000,38855.000000000,2,YM
2024-06-10T17:42:35.000000000Z,32,1,80420,38854.000000000,38854.000000000,38854.000000000,38854.000000000,1,YM
2024-06-10T17:42:36.000000000Z,32,1,80420,38855.000000000,38855.000000000,38855.000000000,38855.000000000,3,YM
2024-06-10T17:42:37.000000000Z,32,1,80420,38856.000000000,38856.000000000,38856.000000000,38856.000000000,2,YM
2024-06-10T17:42:40.000000000Z,32,1,80420,38855.000000000,38856.000000000,38855.000000000,38856.000000000,2,YM
2024-06-10T17:42:43.000000000Z,32,1,80420,38857.000000000,38857.000000000,38857.000000000,38857.000000000,2,YM
2024-06-10T17:42:44.000000000Z,32,1,80420,38857.000000000,38859.000000000,38857.000000000,38858.000000000,9,YM
2024-06-10T17:42:46.000000000Z,32,1,80420,38859.000000000,38859.000000000,38859.000000000,38859.000000000,4,YM
2024-06-10T17:42:47.000000000Z,32,1,80420,38860.000000000,38860.000000000,38860.000000000,38860.000000000,2,YM
2024-06-10T17:42:48.000000000Z,32,1,80420,38859.000000000,38859.000000000,38859.000000000,38859.000000000,3,YM
2024-06-10T17:42:49.000000000Z,32,1,80420,38859.000000000,38859.000000000,38859.000000000,38859.000000000,3,YM
2024-06-10T17:42:51.000000000Z,32,1,80420,38859.000000000,38860.000000000,38859.000000000,38860.000000000,2,YM
2024-06-10T17:42:52.000000000Z,32,1,80420,38859.000000000,38859.000000000,38859.000000000,38859.000000000,1,YM
2024-06-10T17:42:53.000000000Z,32,1,80420,38860.000000000,38860.000000000,38860.000000000,38860.000000000,1,YM
2024-06-10T17:42:54.000000000Z,32,1,80420,38859.000000000,38859.000000000,38858.000000000,38858.000000000,5,YM
2024-06-10T17:42:55.000000000Z,32,1,80420,38858.000000000,38859.000000000,38858.000000000,38859.000000000,4,YM
2024-06-10T17:42:56.000000000Z,32,1,80420,38860.000000000,38860.000000000,38860.000000000,38860.000000000,2,YM
2024-06-10T17:42:58.000000000Z,32,1,80420,38859.000000000,38860.000000000,38859.000000000,38860.000000000,2,YM
2024-06-10T17:42:59.000000000Z,32,1,80420,38861.000000000,38861.000000000,38861.000000000,38861.000000000,6,YM
2024-06-10T17:43:00.000000000Z,32,1,80420,38862.000000000,38863.000000000,38862.000000000,38863.000000000,8,YM
2024-06-10T17:43:01.000000000Z,32,1,80420,38863.000000000,38863.000000000,38863.000000000,38863.000000000,1,YM
2024-06-10T17:43:02.000000000Z,32,1,80420,38862.000000000,38862.000000000,38862.000000000,38862.000000000,1,YM
2024-06-10T17:43:03.000000000Z,32,1,80420,38862.000000000,38865.000000000,38862.000000000,38865.000000000,10,YM
2024-06-10T17:43:04.000000000Z,32,1,80420,38864.000000000,38865.000000000,38864.000000000,38865.000000000,2,YM
2024-06-10T17:43:05.000000000Z,32,1,80420,38865.000000000,38866.000000000,38865.000000000,38865.000000000,9,YM
2024-06-10T17:43:06.000000000Z,32,1,80420,38865.000000000,38865.000000000,38865.000000000,38865.000000000,1,YM
2024-06-10T17:43:08.000000000Z,32,1,80420,38864.000000000,38864.000000000,38863.000000000,38863.000000000,8,YM
2024-06-10T17:43:09.000000000Z,32,1,80420,38864.000000000,38864.000000000,38864.000000000,38864.000000000,2,YM
2024-06-10T17:43:10.000000000Z,32,1,80420,38865.000000000,38865.000000000,38865.000000000,38865.000000000,2,YM
2024-06-10T17:43:11.000000000Z,32,1,80420,38864.000000000,38865.000000000,38864.000000000,38865.000000000,2,YM
2024-06-10T17:43:13.000000000Z,32,1,80420,38864.000000000,38864.000000000,38863.000000000,38863.000000000,3,YM
2024-06-10T17:43:15.000000000Z,32,1,80420,38862.000000000,38862.000000000,38862.000000000,38862.000000000,2,YM
2024-06-10T17:43:16.000000000Z,32,1,80420,38861.000000000,38861.000000000,38860.000000000,38861.000000000,3,YM
2024-06-10T17:43:17.000000000Z,32,1,80420,38862.000000000,38862.000000000,38862.000000000,38862.000000000,2,YM
2024-06-10T17:43:18.000000000Z,32,1,80420,38861.000000000,38861.000000000,38861.000000000,38861.000000000,1,YM
2024-06-10T17:43:19.000000000Z,32,1,80420,38861.000000000,38862.000000000,38861.000000000,38862.000000000,4,YM
2024-06-10T17:43:20.000000000Z,32,1,80420,38862.000000000,38864.000000000,38862.000000000,38864.000000000,7,YM
2024-06-10T17:43:21.000000000Z,32,1,80420,38862.000000000,38862.000000000,38862.000000000,38862.000000000,3,YM
2024-06-10T17:43:22.000000000Z,32,1,80420,38861.000000000,38861.000000000,38861.000000000,38861.000000000,9,YM
2024-06-10T17:43:24.000000000Z,32,1,80420,38861.000000000,38861.000000000,38861.000000000,38861.000000000,1,YM
2024-06-10T17:43:25.000000000Z,32,1,80420,38861.000000000,38861.000000000,38858.000000000,38858.000000000,30,YM
2024-06-10T17:43:28.000000000Z,32,1,80420,38859.000000000,38861.000000000,38859.000000000,38861.000000000,12,YM
2024-06-10T17:43:29.000000000Z,32,1,80420,38860.000000000,38860.000000000,38860.000000000,38860.000000000,1,YM
2024-06-10T17:43:31.000000000Z,32,1,80420,38861.000000000,38863.000000000,38861.000000000,38863.000000000,8,YM
2024-06-10T17:43:32.000000000Z,32,1,80420,38864.000000000,38864.000000000,38864.000000000,38864.000000000,1,YM
2024-06-10T17:43:33.000000000Z,32,1,80420,38865.000000000,38865.000000000,38864.000000000,38864.000000000,3,YM
2024-06-10T17:43:34.000000000Z,32,1,80420,38865.000000000,38865.000000000,38865.000000000,38865.000000000,1,YM
2024-06-10T17:43:35.000000000Z,32,1,80420,38864.000000000,38864.000000000,38864.000000000,38864.000000000,1,YM
2024-06-10T17:43:36.000000000Z,32,1,80420,38865.000000000,38865.000000000,38865.000000000,38865.000000000,1,YM
2024-06-10T17:43:37.000000000Z,32,1,80420,38865.000000000,38865.000000000,38865.000000000,38865.000000000,1,YM
2024-06-10T17:43:39.000000000Z,32,1,80420,38864.000000000,38864.000000000,38864.000000000,38864.000000000,2,YM
2024-06-10T17:43:40.000000000Z,32,1,80420,38863.000000000,38863.000000000,38863.000000000,38863.000000000,1,YM
2024-06-10T17:43:41.000000000Z,32,1,80420,38863.000000000,38863.000000000,38863.000000000,38863.000000000,1,YM
2024-06-10T17:43:45.000000000Z,32,1,80420,38862.000000000,38862.000000000,38862.000000000,38862.000000000,2,YM
2024-06-10T17:43:46.000000000Z,32,1,80420,38863.000000000,38864.000000000,38863.000000000,38863.000000000,22,YM
2024-06-10T17:43:47.000000000Z,32,1,80420,38864.000000000,38864.000000000,38864.000000000,38864.000000000,2,YM
2024-06-10T17:43:48.000000000Z,32,1,80420,38864.000000000,38866.000000000,38864.000000000,38866.000000000,8,YM
2024-06-10T17:43:49.000000000Z,32,1,80420,38866.000000000,38866.000000000,38866.000000000,38866.000000000,2,YM
2024-06-10T17:43:50.000000000Z,32,1,80420,38865.000000000,38867.000000000,38865.000000000,38867.000000000,9,YM
2024-06-10T17:43:51.000000000Z,32,1,80420,38867.000000000,38868.000000000,38867.000000000,38868.000000000,11,YM
2024-06-10T17:43:52.000000000Z,32,1,80420,38868.000000000,38869.000000000,38868.000000000,38869.000000000,3,YM
2024-06-10T17:43:53.000000000Z,32,1,80420,38868.000000000,38871.000000000,38868.000000000,38871.000000000,45,YM
2024-06-10T17:43:54.000000000Z,32,1,80420,38871.000000000,38872.000000000,38871.000000000,38872.000000000,19,YM
2024-06-10T17:43:55.000000000Z,32,1,80420,38871.000000000,38871.000000000,38869.000000000,38869.000000000,4,YM
2024-06-10T17:43:59.000000000Z,32,1,80420,38869.000000000,38869.000000000,38868.000000000,38868.000000000,6,YM
2024-06-10T17:44:00.000000000Z,32,1,80420,38868.000000000,38868.000000000,38868.000000000,38868.000000000,3,YM
2024-06-10T17:44:01.000000000Z,32,1,80420,38868.000000000,38869.000000000,38868.000000000,38868.000000000,6,YM
2024-06-10T17:44:02.000000000Z,32,1,80420,38868.000000000,38868.000000000,38868.000000000,38868.000000000,1,YM
2024-06-10T17:44:04.000000000Z,32,1,80420,38867.000000000,38867.000000000,38867.000000000,38867.000000000,2,YM
2024-06-10T17:44:05.000000000Z,32,1,80420,38868.000000000,38868.000000000,38868.000000000,38868.000000000,1,YM
2024-06-10T17:44:06.000000000Z,32,1,80420,38868.000000000,38868.000000000,38867.000000000,38867.000000000,4,YM
2024-06-10T17:44:07.000000000Z,32,1,80420,38867.000000000,38867.000000000,38867.000000000,38867.000000000,1,YM
2024-06-10T17:44:08.000000000Z,32,1,80420,38868.000000000,38868.000000000,38868.000000000,38868.000000000,2,YM
2024-06-10T17:44:09.000000000Z,32,1,80420,38868.000000000,38868.000000000,38868.000000000,38868.000000000,1,YM
2024-06-10T17:44:10.000000000Z,32,1,80420,38868.000000000,38869.000000000,38868.000000000,38869.000000000,2,YM
2024-06-10T17:44:12.000000000Z,32,1,80420,38867.000000000,38867.000000000,38867.000000000,38867.000000000,3,YM
2024-06-10T17:44:13.000000000Z,32,1,80420,38868.000000000,38868.000000000,38868.000000000,38868.000000000,3,YM
2024-06-10T17:44:15.000000000Z,32,1,80420,38868.000000000,38868.000000000,38868.000000000,38868.000000000,3,YM
2024-06-10T17:44:16.000000000Z,32,1,80420,38868.000000000,38868.000000000,38867.000000000,38867.000000000,3,YM
2024-06-10T17:44:17.000000000Z,32,1,80420,38867.000000000,38867.000000000,38865.000000000,38866.000000000,5,YM
2024-06-10T17:44:19.000000000Z,32,1,80420,38865.000000000,38865.000000000,38865.000000000,38865.000000000,1,YM
2024-06-10T17:44:20.000000000Z,32,1,80420,38865.000000000,38868.000000000,38865.000000000,38868.000000000,14,YM
2024-06-10T17:44:21.000000000Z,32,1,80420,38866.000000000,38866.000000000,38866.000000000,38866.000000000,1,YM
2024-06-10T17:44:23.000000000Z,32,1,80420,38867.000000000,38867.000000000,38867.000000000,38867.000000000,1,YM
2024-06-10T17:44:24.000000000Z,32,1,80420,38866.000000000,38866.000000000,38865.000000000,38865.000000000,2,YM
2024-06-10T17:44:25.000000000Z,32,1,80420,38866.000000000,38866.000000000,38866.000000000,38866.000000000,1,YM
2024-06-10T17:44:27.000000000Z,32,1,80420,38865.000000000,38865.000000000,38865.000000000,38865.000000000,2,YM
2024-06-10T17:44:29.000000000Z,32,1,80420,38866.000000000,38866.000000000,38866.000000000,38866.000000000,4,YM
2024-06-10T17:44:32.000000000Z,32,1,80420,38865.000000000,38865.000000000,38865.000000000,38865.000000000,2,YM
2024-06-10T17:44:35.000000000Z,32,1,80420,38864.000000000,38864.000000000,38864.000000000,38864.000000000,3,YM
2024-06-10T17:44:36.000000000Z,32,1,80420,38864.000000000,38864.000000000,38864.000000000,38864.000000000,1,YM
2024-06-10T17:44:37.000000000Z,32,1,80420,38864.000000000,38864.000000000,38862.000000000,38862.000000000,3,YM
2024-06-10T17:44:38.000000000Z,32,1,80420,38863.000000000,38863.000000000,38863.000000000,38863.000000000,6,YM
2024-06-10T17:44:39.000000000Z,32,1,80420,38865.000000000,38865.000000000,38865.000000000,38865.000000000,4,YM
2024-06-10T17:44:40.000000000Z,32,1,80420,38865.000000000,38865.000000000,38865.000000000,38865.000000000,2,YM
2024-06-10T17:44:42.000000000Z,32,1,80420,38866.000000000,38866.000000000,38866.000000000,38866.000000000,1,YM
2024-06-10T17:44:44.000000000Z,32,1,80420,38867.000000000,38867.000000000,38866.000000000,38866.000000000,11,YM
2024-06-10T17:44:45.000000000Z,32,1,80420,38866.000000000,38867.000000000,38866.000000000,38867.000000000,2,YM
2024-06-10T17:44:46.000000000Z,32,1,80420,38867.000000000,38867.000000000,38865.000000000,38865.000000000,6,YM
2024-06-10T17:44:47.000000000Z,32,1,80420,38866.000000000,38867.000000000,38866.000000000,38867.000000000,3,YM
2024-06-10T17:44:48.000000000Z,32,1,80420,38868.000000000,38868.000000000,38868.000000000,38868.000000000,6,YM
2024-06-10T17:44:49.000000000Z,32,1,80420,38868.000000000,38869.000000000,38868.000000000,38869.000000000,6,YM
2024-06-10T17:44:51.000000000Z,32,1,80420,38868.000000000,38868.000000000,38868.000000000,38868.000000000,2,YM
2024-06-10T17:44:53.000000000Z,32,1,80420,38867.000000000,38867.000000000,38867.000000000,38867.000000000,1,YM
2024-06-10T17:44:54.000000000Z,32,1,80420,38867.000000000,38868.000000000,38867.000000000,38868.000000000,8,YM
2024-06-10T17:44:55.000000000Z,32,1,80420,38868.000000000,38868.000000000,38868.000000000,38868.000000000,1,YM
2024-06-10T17:44:56.000000000Z,32,1,80420,38867.000000000,38867.000000000,38866.000000000,38866.000000000,11,YM
2024-06-10T17:44:57.000000000Z,32,1,80420,38866.000000000,38866.000000000,38866.000000000,38866.000000000,2,YM
2024-06-10T17:44:58.000000000Z,32,1,80420,38865.000000000,38865.000000000,38865.000000000,38865.000000000,6,YM
2024-06-10T17:45:00.000000000Z,32,1,80420,38865.000000000,38866.000000000,38865.000000000,38865.000000000,4,YM
2024-06-10T17:45:01.000000000Z,32,1,80420,38866.000000000,38867.000000000,38866.000000000,38867.000000000,3,YM
2024-06-10T17:45:02.000000000Z,32,1,80420,38867.000000000,38867.000000000,38866.000000000,38866.000000000,9,YM
2024-06-10T17:45:03.000000000Z,32,1,80420,38865.000000000,38865.000000000,38865.000000000,38865.000000000,1,YM
2024-06-10T17:45:04.000000000Z,32,1,80420,38867.000000000,38867.000000000,38867.000000000,38867.000000000,3,YM
2024-06-10T17:45:05.000000000Z,32,1,80420,38867.000000000,38867.000000000,38867.000000000,38867.000000000,1,YM
2024-06-10T17:45:07.000000000Z,32,1,80420,38866.000000000,38866.000000000,38866.000000000,38866.000000000,3,YM
2024-06-10T17:45:08.000000000Z,32,1,80420,38866.000000000,38867.000000000,38866.000000000,38866.000000000,10,YM
2024-06-10T17:45:09.000000000Z,32,1,80420,38867.000000000,38867.000000000,38867.000000000,38867.000000000,1,YM
2024-06-10T17:45:11.000000000Z,32,1,80420,38867.000000000,38868.000000000,38867.000000000,38868.000000000,6,YM
2024-06-10T17:45:12.000000000Z,32,1,80420,38868.000000000,38868.000000000,38868.000000000,38868.000000000,1,YM
2024-06-10T17:45:13.000000000Z,32,1,80420,38867.000000000,38869.000000000,38867.000000000,38869.000000000,3,YM
2024-06-10T17:45:15.000000000Z,32,1,80420,38869.000000000,38869.000000000,38869.000000000,38869.000000000,1,YM
2024-06-10T17:45:18.000000000Z,32,1,80420,38868.000000000,38868.000000000,38868.000000000,38868.000000000,1,YM
2024-06-10T17:45:19.000000000Z,32,1,80420,38866.000000000,38866.000000000,38866.000000000,38866.000000000,1,YM
2024-06-10T17:45:20.000000000Z,32,1,80420,38867.000000000,38867.000000000,38867.000000000,38867.000000000,1,YM
2024-06-10T17:45:22.000000000Z,32,1,80420,38868.000000000,38868.000000000,38867.000000000,38867.000000000,6,YM
2024-06-10T17:45:23.000000000Z,32,1,80420,38868.000000000,38868.000000000,38867.000000000,38868.000000000,14,YM
2024-06-10T17:45:24.000000000Z,32,1,80420,38867.000000000,38867.000000000,38867.000000000,38867.000000000,1,YM
2024-06-10T17:45:25.000000000Z,32,1,80420,38866.000000000,38867.000000000,38866.000000000,38867.000000000,2,YM
2024-06-10T17:45:27.000000000Z,32,1,80420,38869.000000000,38870.000000000,38869.000000000,38870.000000000,8,YM
2024-06-10T17:45:28.000000000Z,32,1,80420,38870.000000000,38870.000000000,38869.000000000,38869.000000000,2,YM
2024-06-10T17:45:29.000000000Z,32,1,80420,38870.000000000,38870.000000000,38870.000000000,38870.000000000,4,YM
2024-06-10T17:45:30.000000000Z,32,1,80420,38870.000000000,38870.000000000,38870.000000000,38870.000000000,5,YM
2024-06-10T17:45:32.000000000Z,32,1,80420,38868.000000000,38868.000000000,38868.000000000,38868.000000000,2,YM
2024-06-10T17:45:33.000000000Z,32,1,80420,38868.000000000,38868.000000000,38868.000000000,38868.000000000,2,YM
2024-06-10T17:45:34.000000000Z,32,1,80420,38868.000000000,38868.000000000,38867.000000000,38867.000000000,3,YM
2024-06-10T17:45:35.000000000Z,32,1,80420,38868.000000000,38868.000000000,38868.000000000,38868.000000000,8,YM
2024-06-10T17:45:36.000000000Z,32,1,80420,38868.000000000,38868.000000000,38868.000000000,38868.000000000,1,YM
2024-06-10T17:45:38.000000000Z,32,1,80420,38868.000000000,38868.000000000,38868.000000000,38868.000000000,2,YM
2024-06-10T17:45:39.000000000Z,32,1,80420,38868.000000000,38869.000000000,38868.000000000,38869.000000000,2,YM
2024-06-10T17:45:40.000000000Z,32,1,80420,38870.000000000,38870.000000000,38870.000000000,38870.000000000,6,YM
2024-06-10T17:45:41.000000000Z,32,1,80420,38870.000000000,38870.000000000,38870.000000000,38870.000000000,1,YM
2024-06-10T17:45:42.000000000Z,32,1,80420,38869.000000000,38869.000000000,38869.000000000,38869.000000000,1,YM
2024-06-10T17:45:43.000000000Z,32,1,80420,38870.000000000,38870.000000000,38869.000000000,38869.000000000,2,YM
2024-06-10T17:45:45.000000000Z,32,1,80420,38868.000000000,38868.000000000,38868.000000000,38868.000000000,1,YM
2024-06-10T17:45:46.000000000Z,32,1,80420,38868.000000000,38868.000000000,38868.000000000,38868.000000000,1,YM
2024-06-10T17:45:50.000000000Z,32,1,80420,38868.000000000,38868.000000000,38868.000000000,38868.000000000,2,YM
2024-06-10T17:45:51.000000000Z,32,1,80420,38869.000000000,38869.000000000,38869.000000000,38869.000000000,1,YM
2024-06-10T17:45:52.000000000Z,32,1,80420,38868.000000000,38869.000000000,38868.000000000,38868.000000000,5,YM
2024-06-10T17:45:54.000000000Z,32,1,80420,38869.000000000,38869.000000000,38868.000000000,38868.000000000,3,YM
2024-06-10T17:45:55.000000000Z,32,1,80420,38868.000000000,38868.000000000,38868.000000000,38868.000000000,6,YM
2024-06-10T17:45:56.000000000Z,32,1,80420,38868.000000000,38868.000000000,38868.000000000,38868.000000000,2,YM
2024-06-10T17:45:57.000000000Z,32,1,80420,38868.000000000,38868.000000000,38868.000000000,38868.000000000,1,YM
2024-06-10T17:46:00.000000000Z,32,1,80420,38870.000000000,38871.000000000,38870.000000000,38871.000000000,2,YM
2024-06-10T17:46:01.000000000Z,32,1,80420,38871.000000000,38871.000000000,38870.000000000,38870.000000000,4,YM
2024-06-10T17:46:02.000000000Z,32,1,80420,38870.000000000,38870.000000000,38870.000000000,38870.000000000,1,YM
2024-06-10T17:46:03.000000000Z,32,1,80420,38869.000000000,38870.000000000,38869.000000000,38870.000000000,4,YM
2024-06-10T17:46:07.000000000Z,32,1,80420,38872.000000000,38874.000000000,38872.000000000,38874.000000000,3,YM
2024-06-10T17:46:08.000000000Z,32,1,80420,38874.000000000,38874.000000000,38874.000000000,38874.000000000,5,YM
2024-06-10T17:46:09.000000000Z,32,1,80420,38874.000000000,38876.000000000,38874.000000000,38876.000000000,7,YM
2024-06-10T17:46:10.000000000Z,32,1,80420,38876.000000000,38880.000000000,38876.000000000,38879.000000000,24,YM
2024-06-10T17:46:11.000000000Z,32,1,80420,38880.000000000,38887.000000000,38880.000000000,38886.000000000,103,YM
2024-06-10T17:46:12.000000000Z,32,1,80420,38885.000000000,38886.000000000,38885.000000000,38885.000000000,12,YM
2024-06-10T17:46:13.000000000Z,32,1,80420,38885.000000000,38886.000000000,38884.000000000,38886.000000000,8,YM
2024-06-10T17:46:14.000000000Z,32,1,80420,38885.000000000,38885.000000000,38885.000000000,38885.000000000,1,YM
2024-06-10T17:46:15.000000000Z,32,1,80420,38884.000000000,38884.000000000,38883.000000000,38883.000000000,6,YM
2024-06-10T17:46:16.000000000Z,32,1,80420,38883.000000000,38883.000000000,38883.000000000,38883.000000000,2,YM
2024-06-10T17:46:17.000000000Z,32,1,80420,38882.000000000,38882.000000000,38882.000000000,38882.000000000,3,YM
2024-06-10T17:46:18.000000000Z,32,1,80420,38881.000000000,38881.000000000,38880.000000000,38880.000000000,3,YM
2024-06-10T17:46:19.000000000Z,32,1,80420,38881.000000000,38881.000000000,38881.000000000,38881.000000000,5,YM
2024-06-10T17:46:20.000000000Z,32,1,80420,38881.000000000,38881.000000000,38881.000000000,38881.000000000,1,YM
2024-06-10T17:46:21.000000000Z,32,1,80420,38880.000000000,38880.000000000,38880.000000000,38880.000000000,1,YM
2024-06-10T17:46:22.000000000Z,32,1,80420,38880.000000000,38880.000000000,38880.000000000,38880.000000000,1,YM
2024-06-10T17:46:23.000000000Z,32,1,80420,38881.000000000,38881.000000000,38880.000000000,38880.000000000,5,YM
2024-06-10T17:46:24.000000000Z,32,1,80420,38879.000000000,38879.000000000,38876.000000000,38876.000000000,5,YM
2024-06-10T17:46:25.000000000Z,32,1,80420,38875.000000000,38878.000000000,38875.000000000,38877.000000000,6,YM
2024-06-10T17:46:26.000000000Z,32,1,80420,38878.000000000,38878.000000000,38878.000000000,38878.000000000,1,YM
2024-06-10T17:46:27.000000000Z,32,1,80420,38878.000000000,38878.000000000,38876.000000000,38876.000000000,3,YM
2024-06-10T17:46:29.000000000Z,32,1,80420,38877.000000000,38878.000000000,38877.000000000,38878.000000000,5,YM
2024-06-10T17:46:30.000000000Z,32,1,80420,38879.000000000,38884.000000000,38879.000000000,38884.000000000,22,YM
2024-06-10T17:46:31.000000000Z,32,1,80420,38885.000000000,38885.000000000,38885.000000000,38885.000000000,2,YM
2024-06-10T17:46:33.000000000Z,32,1,80420,38885.000000000,38885.000000000,38885.000000000,38885.000000000,3,YM
2024-06-10T17:46:34.000000000Z,32,1,80420,38883.000000000,38883.000000000,38883.000000000,38883.000000000,1,YM
2024-06-10T17:46:37.000000000Z,32,1,80420,38883.000000000,38883.000000000,38883.000000000,38883.000000000,2,YM
2024-06-10T17:46:38.000000000Z,32,1,80420,38884.000000000,38884.000000000,38884.000000000,38884.000000000,1,YM
2024-06-10T17:46:39.000000000Z,32,1,80420,38882.000000000,38882.000000000,38881.000000000,38881.000000000,14,YM
2024-06-10T17:46:41.000000000Z,32,1,80420,38882.000000000,38882.000000000,38882.000000000,38882.000000000,1,YM
2024-06-10T17:46:42.000000000Z,32,1,80420,38881.000000000,38881.000000000,38881.000000000,38881.000000000,1,YM
2024-06-10T17:46:43.000000000Z,32,1,80420,38881.000000000,38881.000000000,38881.000000000,38881.000000000,2,YM
2024-06-10T17:46:44.000000000Z,32,1,80420,38882.000000000,38882.000000000,38882.000000000,38882.000000000,1,YM
2024-06-10T17:46:45.000000000Z,32,1,80420,38883.000000000,38883.000000000,38883.000000000,38883.000000000,2,YM
2024-06-10T17:46:47.000000000Z,32,1,80420,38883.000000000,38883.000000000,38883.000000000,38883.000000000,1,YM
2024-06-10T17:46:49.000000000Z,32,1,80420,38881.000000000,38882.000000000,38881.000000000,38882.000000000,3,YM
2024-06-10T17:46:52.000000000Z,32,1,80420,38881.000000000,38881.000000000,38881.000000000,38881.000000000,2,YM
2024-06-10T17:46:54.000000000Z,32,1,80420,38882.000000000,38882.000000000,38882.000000000,38882.000000000,5,YM
2024-06-10T17:46:55.000000000Z,32,1,80420,38881.000000000,38882.000000000,38881.000000000,38882.000000000,3,YM
2024-06-10T17:46:56.000000000Z,32,1,80420,38883.000000000,38883.000000000,38883.000000000,38883.000000000,2,YM
2024-06-10T17:46:57.000000000Z,32,1,80420,38882.000000000,38882.000000000,38882.000000000,38882.000000000,2,YM
2024-06-10T17:46:58.000000000Z,32,1,80420,38881.000000000,38881.000000000,38880.000000000,38880.000000000,9,YM
2024-06-10T17:47:00.000000000Z,32,1,80420,38880.000000000,38882.000000000,38880.000000000,38882.000000000,7,YM
2024-06-10T17:47:02.000000000Z,32,1,80420,38880.000000000,38880.000000000,38880.000000000,38880.000000000,1,YM
2024-06-10T17:47:03.000000000Z,32,1,80420,38881.000000000,38881.000000000,38881.000000000,38881.000000000,2,YM
2024-06-10T17:47:04.000000000Z,32,1,80420,38881.000000000,38883.000000000,38881.000000000,38883.000000000,12,YM
2024-06-10T17:47:05.000000000Z,32,1,80420,38882.000000000,38882.000000000,38882.000000000,38882.000000000,7,YM
2024-06-10T17:47:07.000000000Z,32,1,80420,38882.000000000,38882.000000000,38882.000000000,38882.000000000,8,YM
2024-06-10T17:47:08.000000000Z,32,1,80420,38882.000000000,38882.000000000,38881.000000000,38881.000000000,2,YM
2024-06-10T17:47:10.000000000Z,32,1,80420,38881.000000000,38881.000000000,38881.000000000,38881.000000000,11,YM
2024-06-10T17:47:11.000000000Z,32,1,80420,38881.000000000,38881.000000000,38881.000000000,38881.000000000,1,YM
2024-06-10T17:47:13.000000000Z,32,1,80420,38882.000000000,38882.000000000,38882.000000000,38882.000000000,4,YM
2024-06-10T17:47:14.000000000Z,32,1,80420,38881.000000000,38881.000000000,38881.000000000,38881.000000000,2,YM
2024-06-10T17:47:15.000000000Z,32,1,80420,38881.000000000,38881.000000000,38880.000000000,38880.000000000,8,YM
2024-06-10T17:47:16.000000000Z,32,1,80420,38879.000000000,38879.000000000,38878.000000000,38879.000000000,3,YM
2024-06-10T17:47:17.000000000Z,32,1,80420,38880.000000000,38880.000000000,38880.000000000,38880.000000000,3,YM
2024-06-10T17:47:18.000000000Z,32,1,80420,38881.000000000,38882.000000000,38881.000000000,38882.000000000,7,YM
2024-06-10T17:47:19.000000000Z,32,1,80420,38882.000000000,38884.000000000,38882.000000000,38884.000000000,13,YM
2024-06-10T17:47:20.000000000Z,32,1,80420,38882.000000000,38882.000000000,38882.000000000,38882.000000000,2,YM
2024-06-10T17:47:21.000000000Z,32,1,80420,38882.000000000,38882.000000000,38882.000000000,38882.000000000,1,YM
2024-06-10T17:47:22.000000000Z,32,1,80420,38883.000000000,38885.000000000,38883.000000000,38885.000000000,8,YM
2024-06-10T17:47:24.000000000Z,32,1,80420,38885.000000000,38885.000000000,38885.000000000,38885.000000000,1,YM
2024-06-10T17:47:25.000000000Z,32,1,80420,38885.000000000,38885.000000000,38884.000000000,38884.000000000,10,YM
2024-06-10T17:47:27.000000000Z,32,1,80420,38886.000000000,38886.000000000,38886.000000000,38886.000000000,1,YM
2024-06-10T17:47:28.000000000Z,32,1,80420,38886.000000000,38886.000000000,38886.000000000,38886.000000000,1,YM
2024-06-10T17:47:29.000000000Z,32,1,80420,38885.000000000,38885.000000000,38885.000000000,38885.000000000,1,YM
2024-06-10T17:47:30.000000000Z,32,1,80420,38884.000000000,38884.000000000,38884.000000000,38884.000000000,2,YM
2024-06-10T17:47:31.000000000Z,32,1,80420,38884.000000000,38884.000000000,38884.000000000,38884.000000000,1,YM
2024-06-10T17:47:32.000000000Z,32,1,80420,38885.000000000,38885.000000000,38884.000000000,38884.000000000,8,YM
2024-06-10T17:47:34.000000000Z,32,1,80420,38884.000000000,38884.000000000,38883.000000000,38883.000000000,4,YM
2024-06-10T17:47:35.000000000Z,32,1,80420,38883.000000000,38883.000000000,38882.000000000,38883.000000000,4,YM
2024-06-10T17:47:36.000000000Z,32,1,80420,38882.000000000,38885.000000000,38882.000000000,38885.000000000,10,YM
2024-06-10T17:47:37.000000000Z,32,1,80420,38884.000000000,38884.000000000,38883.000000000,38883.000000000,12,YM
2024-06-10T17:47:39.000000000Z,32,1,80420,38883.000000000,38883.000000000,38882.000000000,38882.000000000,6,YM
2024-06-10T17:47:40.000000000Z,32,1,80420,38883.000000000,38883.000000000,38883.000000000,38883.000000000,5,YM
2024-06-10T17:47:43.000000000Z,32,1,80420,38884.000000000,38884.000000000,38883.000000000,38883.000000000,16,YM
2024-06-10T17:47:44.000000000Z,32,1,80420,38884.000000000,38884.000000000,38884.000000000,38884.000000000,1,YM
2024-06-10T17:47:45.000000000Z,32,1,80420,38884.000000000,38884.000000000,38883.000000000,38884.000000000,3,YM
2024-06-10T17:47:46.000000000Z,32,1,80420,38884.000000000,38884.000000000,38883.000000000,38884.000000000,14,YM
2024-06-10T17:47:47.000000000Z,32,1,80420,38883.000000000,38883.000000000,38881.000000000,38881.000000000,13,YM
2024-06-10T17:47:48.000000000Z,32,1,80420,38881.000000000,38882.000000000,38881.000000000,38882.000000000,5,YM
2024-06-10T17:47:49.000000000Z,32,1,80420,38881.000000000,38881.000000000,38881.000000000,38881.000000000,1,YM
2024-06-10T17:47:50.000000000Z,32,1,80420,38880.000000000,38880.000000000,38880.000000000,38880.000000000,4,YM
2024-06-10T17:47:51.000000000Z,32,1,80420,38880.000000000,38880.000000000,38880.000000000,38880.000000000,9,YM
2024-06-10T17:47:52.000000000Z,32,1,80420,38880.000000000,38880.000000000,38879.000000000,38879.000000000,9,YM
2024-06-10T17:47:53.000000000Z,32,1,80420,38878.000000000,38878.000000000,38878.000000000,38878.000000000,4,YM
2024-06-10T17:47:55.000000000Z,32,1,80420,38878.000000000,38878.000000000,38878.000000000,38878.000000000,3,YM
2024-06-10T17:47:56.000000000Z,32,1,80420,38879.000000000,38879.000000000,38877.000000000,38878.000000000,10,YM
2024-06-10T17:47:59.000000000Z,32,1,80420,38879.000000000,38880.000000000,38877.000000000,38877.000000000,13,YM
2024-06-10T17:48:00.000000000Z,32,1,80420,38878.000000000,38878.000000000,38878.000000000,38878.000000000,2,YM
2024-06-10T17:48:01.000000000Z,32,1,80420,38879.000000000,38879.000000000,38878.000000000,38879.000000000,12,YM
2024-06-10T17:48:02.000000000Z,32,1,80420,38878.000000000,38878.000000000,38878.000000000,38878.000000000,2,YM
2024-06-10T17:48:03.000000000Z,32,1,80420,38879.000000000,38879.000000000,38879.000000000,38879.000000000,2,YM
2024-06-10T17:48:04.000000000Z,32,1,80420,38879.000000000,38880.000000000,38879.000000000,38880.000000000,6,YM
2024-06-10T17:48:05.000000000Z,32,1,80420,38879.000000000,38880.000000000,38879.000000000,38880.000000000,5,YM
2024-06-10T17:48:06.000000000Z,32,1,80420,38880.000000000,38881.000000000,38879.000000000,38879.000000000,20,YM
2024-06-10T17:48:07.000000000Z,32,1,80420,38878.000000000,38880.000000000,38878.000000000,38880.000000000,2,YM
2024-06-10T17:48:08.000000000Z,32,1,80420,38881.000000000,38882.000000000,38881.000000000,38882.000000000,2,YM
2024-06-10T17:48:09.000000000Z,32,1,80420,38883.000000000,38884.000000000,38883.000000000,38884.000000000,14,YM
2024-06-10T17:48:10.000000000Z,32,1,80420,38883.000000000,38884.000000000,38883.000000000,38884.000000000,5,YM
2024-06-10T17:48:11.000000000Z,32,1,80420,38884.000000000,38884.000000000,38884.000000000,38884.000000000,1,YM
2024-06-10T17:48:12.000000000Z,32,1,80420,38884.000000000,38884.000000000,38884.000000000,38884.000000000,1,YM
2024-06-10T17:48:13.000000000Z,32,1,80420,38884.000000000,38884.000000000,38884.000000000,38884.000000000,9,YM
2024-06-10T17:48:14.000000000Z,32,1,80420,38883.000000000,38883.000000000,38883.000000000,38883.000000000,1,YM
2024-06-10T17:48:15.000000000Z,32,1,80420,38884.000000000,38884.000000000,38884.000000000,38884.000000000,1,YM
2024-06-10T17:48:16.000000000Z,32,1,80420,38885.000000000,38885.000000000,38885.000000000,38885.000000000,3,YM
2024-06-10T17:48:18.000000000Z,32,1,80420,38886.000000000,38889.000000000,38886.000000000,38888.000000000,27,YM
2024-06-10T17:48:19.000000000Z,32,1,80420,38888.000000000,38888.000000000,38888.000000000,38888.000000000,1,YM
2024-06-10T17:48:20.000000000Z,32,1,80420,38888.000000000,38888.000000000,38888.000000000,38888.000000000,3,YM
2024-06-10T17:48:21.000000000Z,32,1,80420,38887.000000000,38887.000000000,38887.000000000,38887.000000000,2,YM
2024-06-10T17:48:22.000000000Z,32,1,80420,38888.000000000,38888.000000000,38888.000000000,38888.000000000,2,YM
2024-06-10T17:48:23.000000000Z,32,1,80420,38889.000000000,38889.000000000,38888.000000000,38888.000000000,5,YM
2024-06-10T17:48:24.000000000Z,32,1,80420,38889.000000000,38894.000000000,38889.000000000,38893.000000000,43,YM
2024-06-10T17:48:25.000000000Z,32,1,80420,38893.000000000,38898.000000000,38893.000000000,38897.000000000,37,YM
2024-06-10T17:48:26.000000000Z,32,1,80420,38897.000000000,38903.000000000,38897.000000000,38903.000000000,69,YM
2024-06-10T17:48:27.000000000Z,32,1,80420,38902.000000000,38903.000000000,38901.000000000,38903.000000000,23,YM
2024-06-10T17:48:28.000000000Z,32,1,80420,38903.000000000,38909.000000000,38903.000000000,38907.000000000,60,YM
2024-06-10T17:48:29.000000000Z,32,1,80420,38907.000000000,38908.000000000,38906.000000000,38908.000000000,15,YM
2024-06-10T17:48:30.000000000Z,32,1,80420,38908.000000000,38912.000000000,38908.000000000,38912.000000000,17,YM
2024-06-10T17:48:31.000000000Z,32,1,80420,38912.000000000,38913.000000000,38911.000000000,38912.000000000,25,YM
2024-06-10T17:48:32.000000000Z,32,1,80420,38912.000000000,38913.000000000,38911.000000000,38911.000000000,12,YM
2024-06-10T17:48:33.000000000Z,32,1,80420,38913.000000000,38914.000000000,38911.000000000,38911.000000000,12,YM
2024-06-10T17:48:34.000000000Z,32,1,80420,38910.000000000,38910.000000000,38908.000000000,38908.000000000,24,YM
2024-06-10T17:48:35.000000000Z,32,1,80420,38908.000000000,38908.000000000,38907.000000000,38907.000000000,5,YM
2024-06-10T17:48:36.000000000Z,32,1,80420,38909.000000000,38909.000000000,38908.000000000,38908.000000000,6,YM
2024-06-10T17:48:37.000000000Z,32,1,80420,38907.000000000,38907.000000000,38906.000000000,38906.000000000,2,YM
2024-06-10T17:48:38.000000000Z,32,1,80420,38908.000000000,38908.000000000,38906.000000000,38907.000000000,5,YM
2024-06-10T17:48:39.000000000Z,32,1,80420,38906.000000000,38906.000000000,38905.000000000,38905.000000000,11,YM
2024-06-10T17:48:40.000000000Z,32,1,80420,38904.000000000,38907.000000000,38904.000000000,38907.000000000,8,YM
2024-06-10T17:48:41.000000000Z,32,1,80420,38906.000000000,38906.000000000,38906.000000000,38906.000000000,1,YM
2024-06-10T17:48:42.000000000Z,32,1,80420,38906.000000000,38906.000000000,38906.000000000,38906.000000000,2,YM
2024-06-10T17:48:43.000000000Z,32,1,80420,38904.000000000,38904.000000000,38904.000000000,38904.000000000,2,YM
2024-06-10T17:48:44.000000000Z,32,1,80420,38904.000000000,38906.000000000,38904.000000000,38906.000000000,7,YM
2024-06-10T17:48:45.000000000Z,32,1,80420,38906.000000000,38906.000000000,38906.000000000,38906.000000000,1,YM
2024-06-10T17:48:46.000000000Z,32,1,80420,38907.000000000,38907.000000000,38907.000000000,38907.000000000,1,YM
2024-06-10T17:48:47.000000000Z,32,1,80420,38909.000000000,38913.000000000,38909.000000000,38913.000000000,7,YM
2024-06-10T17:48:48.000000000Z,32,1,80420,38913.000000000,38913.000000000,38913.000000000,38913.000000000,2,YM
2024-06-10T17:48:49.000000000Z,32,1,80420,38911.000000000,38911.000000000,38911.000000000,38911.000000000,2,YM
2024-06-10T17:48:50.000000000Z,32,1,80420,38912.000000000,38912.000000000,38912.000000000,38912.000000000,2,YM
2024-06-10T17:48:51.000000000Z,32,1,80420,38914.000000000,38914.000000000,38914.000000000,38914.000000000,7,YM
2024-06-10T17:48:52.000000000Z,32,1,80420,38913.000000000,38914.000000000,38912.000000000,38912.000000000,14,YM
2024-06-10T17:48:53.000000000Z,32,1,80420,38912.000000000,38913.000000000,38912.000000000,38913.000000000,2,YM
2024-06-10T17:48:54.000000000Z,32,1,80420,38912.000000000,38912.000000000,38912.000000000,38912.000000000,5,YM
2024-06-10T17:48:55.000000000Z,32,1,80420,38913.000000000,38913.000000000,38913.000000000,38913.000000000,2,YM
2024-06-10T17:48:56.000000000Z,32,1,80420,38913.000000000,38913.000000000,38913.000000000,38913.000000000,4,YM
2024-06-10T17:48:57.000000000Z,32,1,80420,38912.000000000,38912.000000000,38912.000000000,38912.000000000,1,YM
2024-06-10T17:48:58.000000000Z,32,1,80420,38911.000000000,38911.000000000,38909.000000000,38909.000000000,28,YM
2024-06-10T17:48:59.000000000Z,32,1,80420,38910.000000000,38911.000000000,38909.000000000,38910.000000000,16,YM
2024-06-10T17:49:00.000000000Z,32,1,80420,38912.000000000,38913.000000000,38912.000000000,38913.000000000,15,YM
2024-06-10T17:49:01.000000000Z,32,1,80420,38913.000000000,38913.000000000,38913.000000000,38913.000000000,4,YM
2024-06-10T17:49:02.000000000Z,32,1,80420,38913.000000000,38913.000000000,38913.000000000,38913.000000000,3,YM
2024-06-10T17:49:03.000000000Z,32,1,80420,38913.000000000,38913.000000000,38913.000000000,38913.000000000,8,YM
2024-06-10T17:49:04.000000000Z,32,1,80420,38913.000000000,38913.000000000,38913.000000000,38913.000000000,3,YM
2024-06-10T17:49:05.000000000Z,32,1,80420,38914.000000000,38923.000000000,38914.000000000,38922.000000000,77,YM
2024-06-10T17:49:06.000000000Z,32,1,80420,38921.000000000,38921.000000000,38916.000000000,38918.000000000,25,YM
2024-06-10T17:49:07.000000000Z,32,1,80420,38918.000000000,38919.000000000,38918.000000000,38919.000000000,8,YM
2024-06-10T17:49:08.000000000Z,32,1,80420,38918.000000000,38918.000000000,38918.000000000,38918.000000000,1,YM
2024-06-10T17:49:09.000000000Z,32,1,80420,38920.000000000,38924.000000000,38920.000000000,38923.000000000,24,YM
2024-06-10T17:49:10.000000000Z,32,1,80420,38924.000000000,38924.000000000,38922.000000000,38922.000000000,7,YM
2024-06-10T17:49:11.000000000Z,32,1,80420,38923.000000000,38926.000000000,38923.000000000,38925.000000000,21,YM
2024-06-10T17:49:12.000000000Z,32,1,80420,38925.000000000,38925.000000000,38924.000000000,38925.000000000,6,YM
2024-06-10T17:49:13.000000000Z,32,1,80420,38926.000000000,38931.000000000,38926.000000000,38931.000000000,47,YM
2024-06-10T17:49:14.000000000Z,32,1,80420,38931.000000000,38931.000000000,38925.000000000,38925.000000000,17,YM
2024-06-10T17:49:15.000000000Z,32,1,80420,38927.000000000,38928.000000000,38925.000000000,38925.000000000,19,YM
2024-06-10T17:49:16.000000000Z,32,1,80420,38925.000000000,38925.000000000,38924.000000000,38925.000000000,3,YM
2024-06-10T17:49:17.000000000Z,32,1,80420,38923.000000000,38923.000000000,38922.000000000,38922.000000000,3,YM
2024-06-10T17:49:18.000000000Z,32,1,80420,38923.000000000,38923.000000000,38923.000000000,38923.000000000,3,YM
2024-06-10T17:49:19.000000000Z,32,1,80420,38922.000000000,38923.000000000,38922.000000000,38923.000000000,6,YM
2024-06-10T17:49:20.000000000Z,32,1,80420,38923.000000000,38923.000000000,38918.000000000,38918.000000000,13,YM
2024-06-10T17:49:21.000000000Z,32,1,80420,38919.000000000,38919.000000000,38918.000000000,38919.000000000,5,YM
2024-06-10T17:49:22.000000000Z,32,1,80420,38918.000000000,38919.000000000,38918.000000000,38919.000000000,9,YM
2024-06-10T17:49:23.000000000Z,32,1,80420,38919.000000000,38919.000000000,38918.000000000,38918.000000000,2,YM
2024-06-10T17:49:24.000000000Z,32,1,80420,38920.000000000,38921.000000000,38918.000000000,38918.000000000,38,YM
2024-06-10T17:49:25.000000000Z,32,1,80420,38919.000000000,38919.000000000,38919.000000000,38919.000000000,1,YM
2024-06-10T17:49:26.000000000Z,32,1,80420,38919.000000000,38919.000000000,38917.000000000,38917.000000000,9,YM
2024-06-10T17:49:27.000000000Z,32,1,80420,38917.000000000,38917.000000000,38916.000000000,38917.000000000,6,YM
2024-06-10T17:49:28.000000000Z,32,1,80420,38917.000000000,38918.000000000,38917.000000000,38917.000000000,7,YM
2024-06-10T17:49:29.000000000Z,32,1,80420,38918.000000000,38920.000000000,38918.000000000,38919.000000000,8,YM
2024-06-10T17:49:30.000000000Z,32,1,80420,38919.000000000,38919.000000000,38916.000000000,38916.000000000,7,YM
2024-06-10T17:49:31.000000000Z,32,1,80420,38917.000000000,38917.000000000,38916.000000000,38917.000000000,13,YM
2024-06-10T17:49:32.000000000Z,32,1,80420,38918.000000000,38918.000000000,38918.000000000,38918.000000000,4,YM
2024-06-10T17:49:34.000000000Z,32,1,80420,38920.000000000,38921.000000000,38920.000000000,38921.000000000,6,YM
2024-06-10T17:49:35.000000000Z,32,1,80420,38921.000000000,38921.000000000,38920.000000000,38920.000000000,7,YM
2024-06-10T17:49:37.000000000Z,32,1,80420,38921.000000000,38926.000000000,38921.000000000,38926.000000000,29,YM
2024-06-10T17:49:39.000000000Z,32,1,80420,38927.000000000,38928.000000000,38923.000000000,38923.000000000,25,YM
2024-06-10T17:49:40.000000000Z,32,1,80420,38923.000000000,38927.000000000,38923.000000000,38927.000000000,4,YM
2024-06-10T17:49:41.000000000Z,32,1,80420,38925.000000000,38925.000000000,38925.000000000,38925.000000000,1,YM
2024-06-10T17:49:42.000000000Z,32,1,80420,38924.000000000,38924.000000000,38924.000000000,38924.000000000,4,YM
2024-06-10T17:49:43.000000000Z,32,1,80420,38923.000000000,38923.000000000,38921.000000000,38921.000000000,2,YM
2024-06-10T17:49:44.000000000Z,32,1,80420,38920.000000000,38920.000000000,38920.000000000,38920.000000000,2,YM
2024-06-10T17:49:45.000000000Z,32,1,80420,38920.000000000,38920.000000000,38920.000000000,38920.000000000,3,YM
2024-06-10T17:49:47.000000000Z,32,1,80420,38916.000000000,38917.000000000,38916.000000000,38916.000000000,33,YM
2024-06-10T17:49:50.000000000Z,32,1,80420,38915.000000000,38917.000000000,38915.000000000,38916.000000000,16,YM
2024-06-10T17:49:51.000000000Z,32,1,80420,38915.000000000,38916.000000000,38915.000000000,38916.000000000,6,YM
2024-06-10T17:49:52.000000000Z,32,1,80420,38916.000000000,38916.000000000,38916.000000000,38916.000000000,1,YM
2024-06-10T17:49:53.000000000Z,32,1,80420,38915.000000000,38916.000000000,38915.000000000,38916.000000000,12,YM
2024-06-10T17:49:54.000000000Z,32,1,80420,38917.000000000,38917.000000000,38917.000000000,38917.000000000,2,YM
2024-06-10T17:49:55.000000000Z,32,1,80420,38916.000000000,38917.000000000,38915.000000000,38917.000000000,31,YM
2024-06-10T17:49:56.000000000Z,32,1,80420,38916.000000000,38916.000000000,38916.000000000,38916.000000000,1,YM
2024-06-10T17:49:57.000000000Z,32,1,80420,38917.000000000,38917.000000000,38917.000000000,38917.000000000,7,YM
2024-06-10T17:49:59.000000000Z,32,1,80420,38917.000000000,38917.000000000,38917.000000000,38917.000000000,1,YM
2024-06-10T17:50:00.000000000Z,32,1,80420,38917.000000000,38921.000000000,38917.000000000,38921.000000000,9,YM
2024-06-10T17:50:01.000000000Z,32,1,80420,38923.000000000,38924.000000000,38923.000000000,38924.000000000,8,YM
2024-06-10T17:50:02.000000000Z,32,1,80420,38923.000000000,38923.000000000,38923.000000000,38923.000000000,3,YM
2024-06-10T17:50:03.000000000Z,32,1,80420,38924.000000000,38926.000000000,38924.000000000,38926.000000000,4,YM
2024-06-10T17:50:04.000000000Z,32,1,80420,38925.000000000,38925.000000000,38925.000000000,38925.000000000,2,YM
2024-06-10T17:50:05.000000000Z,32,1,80420,38926.000000000,38926.000000000,38926.000000000,38926.000000000,1,YM
2024-06-10T17:50:06.000000000Z,32,1,80420,38926.000000000,38926.000000000,38925.000000000,38925.000000000,9,YM
2024-06-10T17:50:07.000000000Z,32,1,80420,38924.000000000,38925.000000000,38923.000000000,38925.000000000,13,YM
2024-06-10T17:50:08.000000000Z,32,1,80420,38924.000000000,38925.000000000,38924.000000000,38924.000000000,6,YM
2024-06-10T17:50:10.000000000Z,32,1,80420,38924.000000000,38925.000000000,38924.000000000,38924.000000000,3,YM
2024-06-10T17:50:11.000000000Z,32,1,80420,38922.000000000,38922.000000000,38920.000000000,38920.000000000,8,YM
2024-06-10T17:50:12.000000000Z,32,1,80420,38919.000000000,38919.000000000,38918.000000000,38918.000000000,3,YM
2024-06-10T17:50:13.000000000Z,32,1,80420,38919.000000000,38919.000000000,38918.000000000,38918.000000000,3,YM
2024-06-10T17:50:14.000000000Z,32,1,80420,38917.000000000,38917.000000000,38916.000000000,38917.000000000,11,YM
2024-06-10T17:50:15.000000000Z,32,1,80420,38918.000000000,38918.000000000,38918.000000000,38918.000000000,4,YM
2024-06-10T17:50:16.000000000Z,32,1,80420,38919.000000000,38920.000000000,38919.000000000,38919.000000000,12,YM
2024-06-10T17:50:17.000000000Z,32,1,80420,38918.000000000,38919.000000000,38918.000000000,38918.000000000,3,YM
2024-06-10T17:50:18.000000000Z,32,1,80420,38917.000000000,38917.000000000,38917.000000000,38917.000000000,4,YM
2024-06-10T17:50:19.000000000Z,32,1,80420,38917.000000000,38918.000000000,38917.000000000,38918.000000000,2,YM
2024-06-10T17:50:20.000000000Z,32,1,80420,38918.000000000,38918.000000000,38918.000000000,38918.000000000,4,YM
2024-06-10T17:50:21.000000000Z,32,1,80420,38917.000000000,38919.000000000,38917.000000000,38919.000000000,5,YM
2024-06-10T17:50:22.000000000Z,32,1,80420,38917.000000000,38918.000000000,38916.000000000,38916.000000000,7,YM
2024-06-10T17:50:23.000000000Z,32,1,80420,38916.000000000,38917.000000000,38916.000000000,38917.000000000,2,YM
2024-06-10T17:50:24.000000000Z,32,1,80420,38918.000000000,38918.000000000,38918.000000000,38918.000000000,4,YM
2024-06-10T17:50:25.000000000Z,32,1,80420,38920.000000000,38920.000000000,38920.000000000,38920.000000000,3,YM
2024-06-10T17:50:27.000000000Z,32,1,80420,38919.000000000,38919.000000000,38919.000000000,38919.000000000,2,YM
2024-06-10T17:50:28.000000000Z,32,1,80420,38918.000000000,38918.000000000,38918.000000000,38918.000000000,5,YM
2024-06-10T17:50:29.000000000Z,32,1,80420,38917.000000000,38917.000000000,38917.000000000,38917.000000000,1,YM
2024-06-10T17:50:30.000000000Z,32,1,80420,38917.000000000,38917.000000000,38917.000000000,38917.000000000,6,YM
2024-06-10T17:50:31.000000000Z,32,1,80420,38918.000000000,38918.000000000,38918.000000000,38918.000000000,1,YM
2024-06-10T17:50:32.000000000Z,32,1,80420,38918.000000000,38919.000000000,38918.000000000,38919.000000000,6,YM
2024-06-10T17:50:33.000000000Z,32,1,80420,38919.000000000,38919.000000000,38919.000000000,38919.000000000,1,YM
2024-06-10T17:50:35.000000000Z,32,1,80420,38918.000000000,38920.000000000,38918.000000000,38919.000000000,15,YM
2024-06-10T17:50:36.000000000Z,32,1,80420,38918.000000000,38918.000000000,38918.000000000,38918.000000000,4,YM
2024-06-10T17:50:37.000000000Z,32,1,80420,38917.000000000,38917.000000000,38917.000000000,38917.000000000,3,YM
2024-06-10T17:50:38.000000000Z,32,1,80420,38917.000000000,38917.000000000,38915.000000000,38915.000000000,7,YM
2024-06-10T17:50:39.000000000Z,32,1,80420,38915.000000000,38915.000000000,38915.000000000,38915.000000000,5,YM
2024-06-10T17:50:41.000000000Z,32,1,80420,38914.000000000,38914.000000000,38913.000000000,38914.000000000,7,YM
2024-06-10T17:50:42.000000000Z,32,1,80420,38914.000000000,38916.000000000,38914.000000000,38915.000000000,6,YM
2024-06-10T17:50:44.000000000Z,32,1,80420,38915.000000000,38917.000000000,38914.000000000,38914.000000000,22,YM
2024-06-10T17:50:46.000000000Z,32,1,80420,38914.000000000,38914.000000000,38913.000000000,38913.000000000,22,YM
2024-06-10T17:50:48.000000000Z,32,1,80420,38914.000000000,38915.000000000,38914.000000000,38915.000000000,7,YM
2024-06-10T17:50:49.000000000Z,32,1,80420,38915.000000000,38915.000000000,38914.000000000,38914.000000000,2,YM
2024-06-10T17:50:50.000000000Z,32,1,80420,38915.000000000,38915.000000000,38914.000000000,38914.000000000,2,YM
2024-06-10T17:50:51.000000000Z,32,1,80420,38913.000000000,38913.000000000,38913.000000000,38913.000000000,3,YM
2024-06-10T17:50:52.000000000Z,32,1,80420,38913.000000000,38913.000000000,38912.000000000,38912.000000000,11,YM
2024-06-10T17:50:53.000000000Z,32,1,80420,38910.000000000,38910.000000000,38908.000000000,38908.000000000,21,YM
2024-06-10T17:50:54.000000000Z,32,1,80420,38908.000000000,38908.000000000,38905.000000000,38908.000000000,16,YM
2024-06-10T17:50:55.000000000Z,32,1,80420,38908.000000000,38909.000000000,38908.000000000,38908.000000000,5,YM
2024-06-10T17:50:56.000000000Z,32,1,80420,38907.000000000,38908.000000000,38907.000000000,38907.000000000,5,YM
2024-06-10T17:50:57.000000000Z,32,1,80420,38907.000000000,38907.000000000,38907.000000000,38907.000000000,8,YM
2024-06-10T17:50:59.000000000Z,32,1,80420,38906.000000000,38906.000000000,38906.000000000,38906.000000000,3,YM
2024-06-10T17:51:00.000000000Z,32,1,80420,38906.000000000,38906.000000000,38904.000000000,38904.000000000,18,YM
2024-06-10T17:51:01.000000000Z,32,1,80420,38904.000000000,38906.000000000,38904.000000000,38906.000000000,10,YM
2024-06-10T17:51:02.000000000Z,32,1,80420,38906.000000000,38906.000000000,38905.000000000,38906.000000000,4,YM
2024-06-10T17:51:03.000000000Z,32,1,80420,38906.000000000,38906.000000000,38906.000000000,38906.000000000,2,YM
2024-06-10T17:51:04.000000000Z,32,1,80420,38907.000000000,38909.000000000,38907.000000000,38908.000000000,19,YM
2024-06-10T17:51:05.000000000Z,32,1,80420,38906.000000000,38906.000000000,38906.000000000,38906.000000000,2,YM
2024-06-10T17:51:06.000000000Z,32,1,80420,38904.000000000,38904.000000000,38904.000000000,38904.000000000,3,YM
2024-06-10T17:51:07.000000000Z,32,1,80420,38905.000000000,38905.000000000,38905.000000000,38905.000000000,2,YM
2024-06-10T17:51:08.000000000Z,32,1,80420,38904.000000000,38904.000000000,38903.000000000,38904.000000000,4,YM
2024-06-10T17:51:09.000000000Z,32,1,80420,38903.000000000,38903.000000000,38900.000000000,38901.000000000,23,YM
2024-06-10T17:51:10.000000000Z,32,1,80420,38902.000000000,38902.000000000,38902.000000000,38902.000000000,2,YM
2024-06-10T17:51:11.000000000Z,32,1,80420,38901.000000000,38901.000000000,38901.000000000,38901.000000000,1,YM
2024-06-10T17:51:12.000000000Z,32,1,80420,38901.000000000,38901.000000000,38901.000000000,38901.000000000,2,YM
2024-06-10T17:51:13.000000000Z,32,1,80420,38900.000000000,38900.000000000,38897.000000000,38898.000000000,18,YM
2024-06-10T17:51:14.000000000Z,32,1,80420,38899.000000000,38899.000000000,38898.000000000,38898.000000000,15,YM
2024-06-10T17:51:15.000000000Z,32,1,80420,38898.000000000,38898.000000000,38898.000000000,38898.000000000,2,YM
2024-06-10T17:51:16.000000000Z,32,1,80420,38898.000000000,38898.000000000,38897.000000000,38897.000000000,5,YM
2024-06-10T17:51:17.000000000Z,32,1,80420,38897.000000000,38898.000000000,38897.000000000,38897.000000000,5,YM
2024-06-10T17:51:19.000000000Z,32,1,80420,38898.000000000,38898.000000000,38898.000000000,38898.000000000,8,YM
2024-06-10T17:51:20.000000000Z,32,1,80420,38898.000000000,38898.000000000,38898.000000000,38898.000000000,1,YM
2024-06-10T17:51:21.000000000Z,32,1,80420,38899.000000000,38901.000000000,38899.000000000,38901.000000000,20,YM
2024-06-10T17:51:22.000000000Z,32,1,80420,38900.000000000,38901.000000000,38897.000000000,38901.000000000,35,YM
2024-06-10T17:51:23.000000000Z,32,1,80420,38900.000000000,38900.000000000,38900.000000000,38900.000000000,1,YM
2024-06-10T17:51:24.000000000Z,32,1,80420,38901.000000000,38901.000000000,38899.000000000,38899.000000000,2,YM
2024-06-10T17:51:27.000000000Z,32,1,80420,38898.000000000,38898.000000000,38898.000000000,38898.000000000,1,YM
2024-06-10T17:51:28.000000000Z,32,1,80420,38898.000000000,38898.000000000,38898.000000000,38898.000000000,1,YM
2024-06-10T17:51:29.000000000Z,32,1,80420,38899.000000000,38899.000000000,38898.000000000,38898.000000000,8,YM
2024-06-10T17:51:33.000000000Z,32,1,80420,38898.000000000,38899.000000000,38898.000000000,38899.000000000,5,YM
2024-06-10T17:51:35.000000000Z,32,1,80420,38899.000000000,38899.000000000,38899.000000000,38899.000000000,2,YM
2024-06-10T17:51:36.000000000Z,32,1,80420,38899.000000000,38899.000000000,38899.000000000,38899.000000000,5,YM
2024-06-10T17:51:38.000000000Z,32,1,80420,38897.000000000,38897.000000000,38897.000000000,38897.000000000,4,YM
2024-06-10T17:51:39.000000000Z,32,1,80420,38899.000000000,38899.000000000,38899.000000000,38899.000000000,1,YM
2024-06-10T17:51:40.000000000Z,32,1,80420,38900.000000000,38900.000000000,38898.000000000,38899.000000000,16,YM
2024-06-10T17:51:42.000000000Z,32,1,80420,38899.000000000,38899.000000000,38899.000000000,38899.000000000,19,YM
2024-06-10T17:51:43.000000000Z,32,1,80420,38901.000000000,38903.000000000,38901.000000000,38901.000000000,26,YM
2024-06-10T17:51:44.000000000Z,32,1,80420,38900.000000000,38901.000000000,38900.000000000,38901.000000000,3,YM
2024-06-10T17:51:48.000000000Z,32,1,80420,38898.000000000,38898.000000000,38898.000000000,38898.000000000,2,YM
2024-06-10T17:51:49.000000000Z,32,1,80420,38900.000000000,38900.000000000,38900.000000000,38900.000000000,1,YM
2024-06-10T17:51:50.000000000Z,32,1,80420,38900.000000000,38900.000000000,38900.000000000,38900.000000000,3,YM
2024-06-10T17:51:51.000000000Z,32,1,80420,38899.000000000,38899.000000000,38898.000000000,38898.000000000,3,YM
2024-06-10T17:51:52.000000000Z,32,1,80420,38897.000000000,38897.000000000,38897.000000000,38897.000000000,1,YM
2024-06-10T17:51:53.000000000Z,32,1,80420,38898.000000000,38898.000000000,38898.000000000,38898.000000000,2,YM
2024-06-10T17:51:57.000000000Z,32,1,80420,38900.000000000,38900.000000000,38900.000000000,38900.000000000,2,YM
2024-06-10T17:52:00.000000000Z,32,1,80420,38901.000000000,38902.000000000,38901.000000000,38902.000000000,14,YM
2024-06-10T17:52:01.000000000Z,32,1,80420,38902.000000000,38902.000000000,38902.000000000,38902.000000000,4,YM
2024-06-10T17:52:03.000000000Z,32,1,80420,38902.000000000,38902.000000000,38902.000000000,38902.000000000,1,YM
2024-06-10T17:52:05.000000000Z,32,1,80420,38901.000000000,38902.000000000,38901.000000000,38901.000000000,8,YM
2024-06-10T17:52:06.000000000Z,32,1,80420,38901.000000000,38901.000000000,38900.000000000,38900.000000000,2,YM
2024-06-10T17:52:07.000000000Z,32,1,80420,38900.000000000,38900.000000000,38899.000000000,38899.000000000,5,YM
2024-06-10T17:52:08.000000000Z,32,1,80420,38899.000000000,38899.000000000,38899.000000000,38899.000000000,3,YM
2024-06-10T17:52:09.000000000Z,32,1,80420,38899.000000000,38899.000000000,38899.000000000,38899.000000000,1,YM
2024-06-10T17:52:10.000000000Z,32,1,80420,38898.000000000,38898.000000000,38898.000000000,38898.000000000,1,YM
2024-06-10T17:52:11.000000000Z,32,1,80420,38898.000000000,38898.000000000,38898.000000000,38898.000000000,1,YM
2024-06-10T17:52:13.000000000Z,32,1,80420,38898.000000000,38898.000000000,38897.000000000,38897.000000000,7,YM
2024-06-10T17:52:14.000000000Z,32,1,80420,38897.000000000,38898.000000000,38897.000000000,38898.000000000,15,YM
2024-06-10T17:52:15.000000000Z,32,1,80420,38897.000000000,38898.000000000,38897.000000000,38898.000000000,3,YM
2024-06-10T17:52:16.000000000Z,32,1,80420,38897.000000000,38897.000000000,38897.000000000,38897.000000000,1,YM
2024-06-10T17:52:17.000000000Z,32,1,80420,38897.000000000,38897.000000000,38895.000000000,38895.000000000,6,YM
2024-06-10T17:52:18.000000000Z,32,1,80420,38896.000000000,38899.000000000,38896.000000000,38899.000000000,8,YM
2024-06-10T17:52:19.000000000Z,32,1,80420,38900.000000000,38900.000000000,38900.000000000,38900.000000000,9,YM
2024-06-10T17:52:20.000000000Z,32,1,80420,38900.000000000,38900.000000000,38900.000000000,38900.000000000,2,YM
2024-06-10T17:52:21.000000000Z,32,1,80420,38899.000000000,38900.000000000,38898.000000000,38898.000000000,4,YM
2024-06-10T17:52:23.000000000Z,32,1,80420,38899.000000000,38899.000000000,38899.000000000,38899.000000000,1,YM
2024-06-10T17:52:25.000000000Z,32,1,80420,38898.000000000,38899.000000000,38898.000000000,38899.000000000,2,YM
2024-06-10T17:52:26.000000000Z,32,1,80420,38900.000000000,38900.000000000,38899.000000000,38899.000000000,10,YM
2024-06-10T17:52:27.000000000Z,32,1,80420,38900.000000000,38900.000000000,38898.000000000,38898.000000000,13,YM
2024-06-10T17:52:29.000000000Z,32,1,80420,38898.000000000,38898.000000000,38898.000000000,38898.000000000,6,YM
2024-06-10T17:52:31.000000000Z,32,1,80420,38898.000000000,38899.000000000,38898.000000000,38899.000000000,2,YM
2024-06-10T17:52:33.000000000Z,32,1,80420,38900.000000000,38900.000000000,38900.000000000,38900.000000000,1,YM
2024-06-10T17:52:35.000000000Z,32,1,80420,38899.000000000,38899.000000000,38899.000000000,38899.000000000,5,YM
2024-06-10T17:52:37.000000000Z,32,1,80420,38899.000000000,38899.000000000,38899.000000000,38899.000000000,1,YM
2024-06-10T17:52:38.000000000Z,32,1,80420,38900.000000000,38901.000000000,38900.000000000,38901.000000000,6,YM
2024-06-10T17:52:39.000000000Z,32,1,80420,38900.000000000,38900.000000000,38899.000000000,38899.000000000,5,YM
2024-06-10T17:52:41.000000000Z,32,1,80420,38900.000000000,38900.000000000,38900.000000000,38900.000000000,3,YM
2024-06-10T17:52:42.000000000Z,32,1,80420,38900.000000000,38901.000000000,38900.000000000,38901.000000000,14,YM
2024-06-10T17:52:43.000000000Z,32,1,80420,38902.000000000,38902.000000000,38902.000000000,38902.000000000,7,YM
2024-06-10T17:52:44.000000000Z,32,1,80420,38901.000000000,38902.000000000,38901.000000000,38902.000000000,7,YM
2024-06-10T17:52:46.000000000Z,32,1,80420,38902.000000000,38902.000000000,38902.000000000,38902.000000000,1,YM
2024-06-10T17:52:47.000000000Z,32,1,80420,38902.000000000,38902.000000000,38902.000000000,38902.000000000,2,YM
2024-06-10T17:52:49.000000000Z,32,1,80420,38901.000000000,38901.000000000,38901.000000000,38901.000000000,2,YM
2024-06-10T17:52:50.000000000Z,32,1,80420,38900.000000000,38900.000000000,38900.000000000,38900.000000000,1,YM
2024-06-10T17:52:51.000000000Z,32,1,80420,38901.000000000,38901.000000000,38901.000000000,38901.000000000,1,YM
2024-06-10T17:52:52.000000000Z,32,1,80420,38900.000000000,38900.000000000,38900.000000000,38900.000000000,2,YM
2024-06-10T17:52:54.000000000Z,32,1,80420,38901.000000000,38901.000000000,38901.000000000,38901.000000000,2,YM
2024-06-10T17:52:55.000000000Z,32,1,80420,38902.000000000,38902.000000000,38902.000000000,38902.000000000,1,YM
2024-06-10T17:52:56.000000000Z,32,1,80420,38902.000000000,38902.000000000,38901.000000000,38901.000000000,4,YM
2024-06-10T17:52:57.000000000Z,32,1,80420,38901.000000000,38901.000000000,38901.000000000,38901.000000000,1,YM
2024-06-10T17:52:58.000000000Z,32,1,80420,38901.000000000,38901.000000000,38901.000000000,38901.000000000,1,YM
2024-06-10T17:52:59.000000000Z,32,1,80420,38903.000000000,38903.000000000,38903.000000000,38903.000000000,4,YM
2024-06-10T17:53:01.000000000Z,32,1,80420,38904.000000000,38904.000000000,38904.000000000,38904.000000000,2,YM
2024-06-10T17:53:02.000000000Z,32,1,80420,38903.000000000,38903.000000000,38903.000000000,38903.000000000,1,YM
2024-06-10T17:53:03.000000000Z,32,1,80420,38904.000000000,38904.000000000,38904.000000000,38904.000000000,4,YM
2024-06-10T17:53:04.000000000Z,32,1,80420,38905.000000000,38905.000000000,38904.000000000,38904.000000000,8,YM
2024-06-10T17:53:06.000000000Z,32,1,80420,38905.000000000,38905.000000000,38904.000000000,38904.000000000,3,YM
2024-06-10T17:53:07.000000000Z,32,1,80420,38903.000000000,38904.000000000,38902.000000000,38904.000000000,11,YM
2024-06-10T17:53:09.000000000Z,32,1,80420,38904.000000000,38904.000000000,38904.000000000,38904.000000000,1,YM
2024-06-10T17:53:12.000000000Z,32,1,80420,38903.000000000,38903.000000000,38903.000000000,38903.000000000,2,YM
2024-06-10T17:53:13.000000000Z,32,1,80420,38902.000000000,38903.000000000,38902.000000000,38903.000000000,2,YM
2024-06-10T17:53:14.000000000Z,32,1,80420,38903.000000000,38904.000000000,38903.000000000,38904.000000000,2,YM
2024-06-10T17:53:17.000000000Z,32,1,80420,38906.000000000,38907.000000000,38906.000000000,38907.000000000,5,YM
2024-06-10T17:53:18.000000000Z,32,1,80420,38906.000000000,38906.000000000,38906.000000000,38906.000000000,2,YM
2024-06-10T17:53:19.000000000Z,32,1,80420,38905.000000000,38905.000000000,38905.000000000,38905.000000000,3,YM
2024-06-10T17:53:21.000000000Z,32,1,80420,38907.000000000,38907.000000000,38906.000000000,38907.000000000,12,YM
2024-06-10T17:53:22.000000000Z,32,1,80420,38906.000000000,38906.000000000,38906.000000000,38906.000000000,2,YM
2024-06-10T17:53:23.000000000Z,32,1,80420,38907.000000000,38907.000000000,38906.000000000,38906.000000000,15,YM
2024-06-10T17:53:24.000000000Z,32,1,80420,38905.000000000,38907.000000000,38905.000000000,38907.000000000,13,YM
2024-06-10T17:53:25.000000000Z,32,1,80420,38907.000000000,38907.000000000,38907.000000000,38907.000000000,3,YM
2024-06-10T17:53:26.000000000Z,32,1,80420,38907.000000000,38907.000000000,38907.000000000,38907.000000000,1,YM
2024-06-10T17:53:27.000000000Z,32,1,80420,38908.000000000,38908.000000000,38908.000000000,38908.000000000,1,YM
2024-06-10T17:53:28.000000000Z,32,1,80420,38908.000000000,38908.000000000,38908.000000000,38908.000000000,2,YM
2024-06-10T17:53:29.000000000Z,32,1,80420,38909.000000000,38909.000000000,38907.000000000,38907.000000000,5,YM
2024-06-10T17:53:30.000000000Z,32,1,80420,38908.000000000,38908.000000000,38908.000000000,38908.000000000,3,YM
2024-06-10T17:53:31.000000000Z,32,1,80420,38908.000000000,38909.000000000,38908.000000000,38909.000000000,2,YM
2024-06-10T17:53:32.000000000Z,32,1,80420,38908.000000000,38908.000000000,38908.000000000,38908.000000000,3,YM
2024-06-10T17:53:33.000000000Z,32,1,80420,38908.000000000,38908.000000000,38908.000000000,38908.000000000,3,YM
2024-06-10T17:53:34.000000000Z,32,1,80420,38907.000000000,38908.000000000,38907.000000000,38908.000000000,5,YM
2024-06-10T17:53:35.000000000Z,32,1,80420,38908.000000000,38908.000000000,38908.000000000,38908.000000000,3,YM
2024-06-10T17:53:38.000000000Z,32,1,80420,38906.000000000,38906.000000000,38905.000000000,38905.000000000,13,YM
2024-06-10T17:53:40.000000000Z,32,1,80420,38907.000000000,38908.000000000,38907.000000000,38908.000000000,2,YM
2024-06-10T17:53:41.000000000Z,32,1,80420,38909.000000000,38910.000000000,38909.000000000,38910.000000000,7,YM
2024-06-10T17:53:50.000000000Z,32,1,80420,38908.000000000,38908.000000000,38908.000000000,38908.000000000,1,YM
2024-06-10T17:53:52.000000000Z,32,1,80420,38908.000000000,38908.000000000,38908.000000000,38908.000000000,2,YM
2024-06-10T17:53:54.000000000Z,32,1,80420,38908.000000000,38908.000000000,38908.000000000,38908.000000000,1,YM
2024-06-10T17:53:55.000000000Z,32,1,80420,38909.000000000,38910.000000000,38909.000000000,38910.000000000,2,YM
2024-06-10T17:53:56.000000000Z,32,1,80420,38911.000000000,38911.000000000,38911.000000000,38911.000000000,1,YM
2024-06-10T17:53:57.000000000Z,32,1,80420,38911.000000000,38911.000000000,38911.000000000,38911.000000000,1,YM
2024-06-10T17:54:01.000000000Z,32,1,80420,38910.000000000,38911.000000000,38910.000000000,38911.000000000,2,YM
2024-06-10T17:54:02.000000000Z,32,1,80420,38911.000000000,38911.000000000,38911.000000000,38911.000000000,1,YM
2024-06-10T17:54:04.000000000Z,32,1,80420,38911.000000000,38911.000000000,38911.000000000,38911.000000000,1,YM
2024-06-10T17:54:05.000000000Z,32,1,80420,38912.000000000,38912.000000000,38911.000000000,38911.000000000,11,YM
2024-06-10T17:54:07.000000000Z,32,1,80420,38910.000000000,38910.000000000,38908.000000000,38908.000000000,12,YM
2024-06-10T17:54:08.000000000Z,32,1,80420,38910.000000000,38910.000000000,38910.000000000,38910.000000000,2,YM
2024-06-10T17:54:12.000000000Z,32,1,80420,38910.000000000,38910.000000000,38910.000000000,38910.000000000,1,YM
2024-06-10T17:54:14.000000000Z,32,1,80420,38909.000000000,38909.000000000,38909.000000000,38909.000000000,1,YM
2024-06-10T17:54:20.000000000Z,32,1,80420,38909.000000000,38911.000000000,38909.000000000,38911.000000000,6,YM
2024-06-10T17:54:22.000000000Z,32,1,80420,38910.000000000,38910.000000000,38910.000000000,38910.000000000,1,YM
2024-06-10T17:54:25.000000000Z,32,1,80420,38911.000000000,38912.000000000,38911.000000000,38912.000000000,7,YM
2024-06-10T17:54:26.000000000Z,32,1,80420,38913.000000000,38913.000000000,38912.000000000,38912.000000000,7,YM
2024-06-10T17:54:27.000000000Z,32,1,80420,38912.000000000,38912.000000000,38912.000000000,38912.000000000,2,YM
2024-06-10T17:54:28.000000000Z,32,1,80420,38910.000000000,38910.000000000,38910.000000000,38910.000000000,1,YM
2024-06-10T17:54:31.000000000Z,32,1,80420,38911.000000000,38911.000000000,38911.000000000,38911.000000000,1,YM
2024-06-10T17:54:33.000000000Z,32,1,80420,38910.000000000,38910.000000000,38909.000000000,38909.000000000,4,YM
2024-06-10T17:54:34.000000000Z,32,1,80420,38911.000000000,38912.000000000,38911.000000000,38911.000000000,18,YM
2024-06-10T17:54:35.000000000Z,32,1,80420,38911.000000000,38911.000000000,38910.000000000,38910.000000000,4,YM
2024-06-10T17:54:37.000000000Z,32,1,80420,38911.000000000,38911.000000000,38911.000000000,38911.000000000,1,YM
2024-06-10T17:54:38.000000000Z,32,1,80420,38911.000000000,38911.000000000,38911.000000000,38911.000000000,1,YM
2024-06-10T17:54:40.000000000Z,32,1,80420,38912.000000000,38912.000000000,38912.000000000,38912.000000000,1,YM
2024-06-10T17:54:43.000000000Z,32,1,80420,38911.000000000,38911.000000000,38911.000000000,38911.000000000,4,YM
2024-06-10T17:54:44.000000000Z,32,1,80420,38910.000000000,38910.000000000,38910.000000000,38910.000000000,2,YM
2024-06-10T17:54:45.000000000Z,32,1,80420,38909.000000000,38910.000000000,38909.000000000,38910.000000000,10,YM
2024-06-10T17:54:46.000000000Z,32,1,80420,38909.000000000,38909.000000000,38908.000000000,38908.000000000,3,YM
2024-06-10T17:54:47.000000000Z,32,1,80420,38908.000000000,38908.000000000,38908.000000000,38908.000000000,7,YM
2024-06-10T17:54:49.000000000Z,32,1,80420,38909.000000000,38909.000000000,38908.000000000,38908.000000000,7,YM
2024-06-10T17:54:53.000000000Z,32,1,80420,38908.000000000,38908.000000000,38908.000000000,38908.000000000,1,YM
2024-06-10T17:54:55.000000000Z,32,1,80420,38909.000000000,38909.000000000,38909.000000000,38909.000000000,1,YM
2024-06-10T17:54:56.000000000Z,32,1,80420,38909.000000000,38909.000000000,38909.000000000,38909.000000000,1,YM
2024-06-10T17:54:57.000000000Z,32,1,80420,38908.000000000,38908.000000000,38908.000000000,38908.000000000,5,YM
2024-06-10T17:55:00.000000000Z,32,1,80420,38909.000000000,38909.000000000,38908.000000000,38909.000000000,12,YM
2024-06-10T17:55:01.000000000Z,32,1,80420,38909.000000000,38909.000000000,38909.000000000,38909.000000000,1,YM
2024-06-10T17:55:02.000000000Z,32,1,80420,38910.000000000,38910.000000000,38910.000000000,38910.000000000,4,YM
2024-06-10T17:55:05.000000000Z,32,1,80420,38910.000000000,38910.000000000,38910.000000000,38910.000000000,8,YM
2024-06-10T17:55:06.000000000Z,32,1,80420,38909.000000000,38909.000000000,38909.000000000,38909.000000000,2,YM
2024-06-10T17:55:07.000000000Z,32,1,80420,38910.000000000,38910.000000000,38910.000000000,38910.000000000,1,YM
2024-06-10T17:55:08.000000000Z,32,1,80420,38909.000000000,38909.000000000,38906.000000000,38906.000000000,7,YM
2024-06-10T17:55:09.000000000Z,32,1,80420,38907.000000000,38908.000000000,38907.000000000,38908.000000000,12,YM
2024-06-10T17:55:10.000000000Z,32,1,80420,38908.000000000,38909.000000000,38908.000000000,38909.000000000,3,YM
2024-06-10T17:55:12.000000000Z,32,1,80420,38909.000000000,38909.000000000,38907.000000000,38907.000000000,9,YM
2024-06-10T17:55:13.000000000Z,32,1,80420,38908.000000000,38908.000000000,38908.000000000,38908.000000000,5,YM
2024-06-10T17:55:14.000000000Z,32,1,80420,38909.000000000,38909.000000000,38908.000000000,38908.000000000,8,YM
2024-06-10T17:55:15.000000000Z,32,1,80420,38908.000000000,38908.000000000,38907.000000000,38907.000000000,6,YM
2024-06-10T17:55:16.000000000Z,32,1,80420,38906.000000000,38906.000000000,38906.000000000,38906.000000000,7,YM
2024-06-10T17:55:17.000000000Z,32,1,80420,38907.000000000,38907.000000000,38907.000000000,38907.000000000,2,YM
2024-06-10T17:55:18.000000000Z,32,1,80420,38908.000000000,38908.000000000,38907.000000000,38907.000000000,3,YM
2024-06-10T17:55:19.000000000Z,32,1,80420,38908.000000000,38908.000000000,38908.000000000,38908.000000000,3,YM
2024-06-10T17:55:20.000000000Z,32,1,80420,38908.000000000,38910.000000000,38908.000000000,38910.000000000,4,YM
2024-06-10T17:55:21.000000000Z,32,1,80420,38910.000000000,38910.000000000,38910.000000000,38910.000000000,1,YM
2024-06-10T17:55:25.000000000Z,32,1,80420,38909.000000000,38910.000000000,38909.000000000,38910.000000000,22,YM
2024-06-10T17:55:26.000000000Z,32,1,80420,38910.000000000,38910.000000000,38909.000000000,38909.000000000,7,YM
2024-06-10T17:55:28.000000000Z,32,1,80420,38910.000000000,38910.000000000,38910.000000000,38910.000000000,2,YM
2024-06-10T17:55:29.000000000Z,32,1,80420,38910.000000000,38910.000000000,38910.000000000,38910.000000000,1,YM
2024-06-10T17:55:30.000000000Z,32,1,80420,38911.000000000,38911.000000000,38911.000000000,38911.000000000,5,YM
2024-06-10T17:55:32.000000000Z,32,1,80420,38911.000000000,38911.000000000,38911.000000000,38911.000000000,1,YM
2024-06-10T17:55:33.000000000Z,32,1,80420,38911.000000000,38911.000000000,38911.000000000,38911.000000000,1,YM
2024-06-10T17:55:35.000000000Z,32,1,80420,38911.000000000,38911.000000000,38910.000000000,38910.000000000,5,YM
2024-06-10T17:55:42.000000000Z,32,1,80420,38910.000000000,38910.000000000,38910.000000000,38910.000000000,1,YM
2024-06-10T17:55:44.000000000Z,32,1,80420,38910.000000000,38910.000000000,38910.000000000,38910.000000000,1,YM
2024-06-10T17:55:46.000000000Z,32,1,80420,38910.000000000,38910.000000000,38910.000000000,38910.000000000,1,YM
2024-06-10T17:55:47.000000000Z,32,1,80420,38911.000000000,38911.000000000,38911.000000000,38911.000000000,2,YM
2024-06-10T17:55:48.000000000Z,32,1,80420,38914.000000000,38914.000000000,38912.000000000,38912.000000000,14,YM
2024-06-10T17:55:49.000000000Z,32,1,80420,38912.000000000,38912.000000000,38911.000000000,38911.000000000,4,YM
2024-06-10T17:55:50.000000000Z,32,1,80420,38910.000000000,38910.000000000,38910.000000000,38910.000000000,2,YM
2024-06-10T17:55:53.000000000Z,32,1,80420,38909.000000000,38910.000000000,38909.000000000,38909.000000000,10,YM
2024-06-10T17:55:54.000000000Z,32,1,80420,38910.000000000,38910.000000000,38910.000000000,38910.000000000,5,YM
2024-06-10T17:55:55.000000000Z,32,1,80420,38910.000000000,38910.000000000,38910.000000000,38910.000000000,2,YM
2024-06-10T17:55:56.000000000Z,32,1,80420,38910.000000000,38910.000000000,38910.000000000,38910.000000000,1,YM
2024-06-10T17:55:57.000000000Z,32,1,80420,38910.000000000,38910.000000000,38910.000000000,38910.000000000,5,YM
2024-06-10T17:55:59.000000000Z,32,1,80420,38911.000000000,38912.000000000,38911.000000000,38912.000000000,2,YM
2024-06-10T17:56:00.000000000Z,32,1,80420,38911.000000000,38911.000000000,38911.000000000,38911.000000000,1,YM
2024-06-10T17:56:03.000000000Z,32,1,80420,38912.000000000,38912.000000000,38912.000000000,38912.000000000,2,YM
2024-06-10T17:56:04.000000000Z,32,1,80420,38910.000000000,38910.000000000,38910.000000000,38910.000000000,11,YM
2024-06-10T17:56:07.000000000Z,32,1,80420,38910.000000000,38910.000000000,38910.000000000,38910.000000000,2,YM
2024-06-10T17:56:10.000000000Z,32,1,80420,38910.000000000,38910.000000000,38910.000000000,38910.000000000,3,YM
2024-06-10T17:56:11.000000000Z,32,1,80420,38911.000000000,38911.000000000,38911.000000000,38911.000000000,7,YM
2024-06-10T17:56:12.000000000Z,32,1,80420,38910.000000000,38910.000000000,38910.000000000,38910.000000000,1,YM
2024-06-10T17:56:14.000000000Z,32,1,80420,38908.000000000,38909.000000000,38908.000000000,38909.000000000,5,YM
2024-06-10T17:56:15.000000000Z,32,1,80420,38907.000000000,38907.000000000,38907.000000000,38907.000000000,1,YM
2024-06-10T17:56:16.000000000Z,32,1,80420,38908.000000000,38908.000000000,38908.000000000,38908.000000000,1,YM
2024-06-10T17:56:18.000000000Z,32,1,80420,38908.000000000,38908.000000000,38908.000000000,38908.000000000,1,YM
2024-06-10T17:56:20.000000000Z,32,1,80420,38907.000000000,38907.000000000,38906.000000000,38906.000000000,8,YM
2024-06-10T17:56:22.000000000Z,32,1,80420,38907.000000000,38908.000000000,38907.000000000,38908.000000000,4,YM
2024-06-10T17:56:23.000000000Z,32,1,80420,38907.000000000,38907.000000000,38906.000000000,38906.000000000,3,YM
2024-06-10T17:56:24.000000000Z,32,1,80420,38907.000000000,38907.000000000,38907.000000000,38907.000000000,2,YM
2024-06-10T17:56:25.000000000Z,32,1,80420,38906.000000000,38906.000000000,38904.000000000,38904.000000000,6,YM
2024-06-10T17:56:26.000000000Z,32,1,80420,38903.000000000,38903.000000000,38902.000000000,38902.000000000,19,YM
2024-06-10T17:56:27.000000000Z,32,1,80420,38903.000000000,38903.000000000,38903.000000000,38903.000000000,1,YM
2024-06-10T17:56:28.000000000Z,32,1,80420,38903.000000000,38903.000000000,38903.000000000,38903.000000000,2,YM
2024-06-10T17:56:29.000000000Z,32,1,80420,38904.000000000,38904.000000000,38904.000000000,38904.000000000,4,YM
2024-06-10T17:56:33.000000000Z,32,1,80420,38904.000000000,38904.000000000,38904.000000000,38904.000000000,2,YM
2024-06-10T17:56:34.000000000Z,32,1,80420,38904.000000000,38904.000000000,38904.000000000,38904.000000000,4,YM
2024-06-10T17:56:37.000000000Z,32,1,80420,38903.000000000,38903.000000000,38902.000000000,38903.000000000,5,YM
2024-06-10T17:56:39.000000000Z,32,1,80420,38903.000000000,38903.000000000,38903.000000000,38903.000000000,1,YM
2024-06-10T17:56:43.000000000Z,32,1,80420,38903.000000000,38903.000000000,38903.000000000,38903.000000000,2,YM
2024-06-10T17:56:45.000000000Z,32,1,80420,38904.000000000,38904.000000000,38904.000000000,38904.000000000,1,YM
2024-06-10T17:56:47.000000000Z,32,1,80420,38904.000000000,38904.000000000,38904.000000000,38904.000000000,1,YM
2024-06-10T17:56:49.000000000Z,32,1,80420,38904.000000000,38904.000000000,38904.000000000,38904.000000000,1,YM
2024-06-10T17:56:50.000000000Z,32,1,80420,38903.000000000,38906.000000000,38903.000000000,38906.000000000,7,YM
2024-06-10T17:56:53.000000000Z,32,1,80420,38906.000000000,38906.000000000,38906.000000000,38906.000000000,1,YM
2024-06-10T17:56:54.000000000Z,32,1,80420,38907.000000000,38910.000000000,38907.000000000,38910.000000000,16,YM
2024-06-10T17:56:55.000000000Z,32,1,80420,38908.000000000,38908.000000000,38908.000000000,38908.000000000,1,YM
2024-06-10T17:56:58.000000000Z,32,1,80420,38908.000000000,38908.000000000,38908.000000000,38908.000000000,2,YM
2024-06-10T17:56:59.000000000Z,32,1,80420,38908.000000000,38908.000000000,38908.000000000,38908.000000000,1,YM
2024-06-10T17:57:00.000000000Z,32,1,80420,38907.000000000,38907.000000000,38907.000000000,38907.000000000,4,YM
2024-06-10T17:57:02.000000000Z,32,1,80420,38905.000000000,38905.000000000,38905.000000000,38905.000000000,2,YM
2024-06-10T17:57:07.000000000Z,32,1,80420,38904.000000000,38904.000000000,38904.000000000,38904.000000000,1,YM
2024-06-10T17:57:08.000000000Z,32,1,80420,38903.000000000,38903.000000000,38903.000000000,38903.000000000,2,YM
2024-06-10T17:57:09.000000000Z,32,1,80420,38902.000000000,38902.000000000,38900.000000000,38901.000000000,30,YM
2024-06-10T17:57:10.000000000Z,32,1,80420,38902.000000000,38902.000000000,38901.000000000,38902.000000000,5,YM
2024-06-10T17:57:11.000000000Z,32,1,80420,38901.000000000,38901.000000000,38901.000000000,38901.000000000,3,YM
2024-06-10T17:57:12.000000000Z,32,1,80420,38900.000000000,38900.000000000,38900.000000000,38900.000000000,2,YM
2024-06-10T17:57:13.000000000Z,32,1,80420,38900.000000000,38900.000000000,38900.000000000,38900.000000000,3,YM
2024-06-10T17:57:14.000000000Z,32,1,80420,38899.000000000,38899.000000000,38899.000000000,38899.000000000,2,YM
2024-06-10T17:57:15.000000000Z,32,1,80420,38899.000000000,38901.000000000,38899.000000000,38901.000000000,13,YM
2024-06-10T17:57:16.000000000Z,32,1,80420,38901.000000000,38901.000000000,38900.000000000,38901.000000000,3,YM
2024-06-10T17:57:17.000000000Z,32,1,80420,38901.000000000,38901.000000000,38901.000000000,38901.000000000,1,YM
2024-06-10T17:57:18.000000000Z,32,1,80420,38901.000000000,38901.000000000,38901.000000000,38901.000000000,1,YM
2024-06-10T17:57:19.000000000Z,32,1,80420,38901.000000000,38901.000000000,38901.000000000,38901.000000000,1,YM
2024-06-10T17:57:21.000000000Z,32,1,80420,38901.000000000,38901.000000000,38901.000000000,38901.000000000,3,YM
2024-06-10T17:57:23.000000000Z,32,1,80420,38900.000000000,38900.000000000,38899.000000000,38899.000000000,5,YM
2024-06-10T17:57:25.000000000Z,32,1,80420,38899.000000000,38899.000000000,38899.000000000,38899.000000000,1,YM
2024-06-10T17:57:26.000000000Z,32,1,80420,38900.000000000,38900.000000000,38899.000000000,38899.000000000,5,YM
2024-06-10T17:57:27.000000000Z,32,1,80420,38901.000000000,38901.000000000,38901.000000000,38901.000000000,1,YM
2024-06-10T17:57:28.000000000Z,32,1,80420,38900.000000000,38900.000000000,38900.000000000,38900.000000000,1,YM
2024-06-10T17:57:29.000000000Z,32,1,80420,38900.000000000,38900.000000000,38900.000000000,38900.000000000,1,YM
2024-06-10T17:57:30.000000000Z,32,1,80420,38900.000000000,38900.000000000,38900.000000000,38900.000000000,2,YM
2024-06-10T17:57:32.000000000Z,32,1,80420,38900.000000000,38900.000000000,38900.000000000,38900.000000000,1,YM
2024-06-10T17:57:34.000000000Z,32,1,80420,38901.000000000,38901.000000000,38901.000000000,38901.000000000,1,YM
2024-06-10T17:57:35.000000000Z,32,1,80420,38901.000000000,38901.000000000,38901.000000000,38901.000000000,1,YM
2024-06-10T17:57:36.000000000Z,32,1,80420,38901.000000000,38901.000000000,38901.000000000,38901.000000000,1,YM
2024-06-10T17:57:38.000000000Z,32,1,80420,38902.000000000,38902.000000000,38902.000000000,38902.000000000,6,YM
2024-06-10T17:57:41.000000000Z,32,1,80420,38902.000000000,38902.000000000,38902.000000000,38902.000000000,7,YM
2024-06-10T17:57:42.000000000Z,32,1,80420,38901.000000000,38901.000000000,38901.000000000,38901.000000000,1,YM
2024-06-10T17:57:44.000000000Z,32,1,80420,38901.000000000,38901.000000000,38901.000000000,38901.000000000,2,YM
2024-06-10T17:57:45.000000000Z,32,1,80420,38900.000000000,38900.000000000,38899.000000000,38899.000000000,3,YM
2024-06-10T17:57:48.000000000Z,32,1,80420,38899.000000000,38899.000000000,38898.000000000,38898.000000000,4,YM
2024-06-10T17:57:49.000000000Z,32,1,80420,38898.000000000,38898.000000000,38898.000000000,38898.000000000,1,YM
2024-06-10T17:57:53.000000000Z,32,1,80420,38897.000000000,38897.000000000,38897.000000000,38897.000000000,2,YM
2024-06-10T17:57:54.000000000Z,32,1,80420,38898.000000000,38898.000000000,38898.000000000,38898.000000000,1,YM
2024-06-10T17:57:56.000000000Z,32,1,80420,38899.000000000,38900.000000000,38899.000000000,38900.000000000,2,YM
2024-06-10T17:57:57.000000000Z,32,1,80420,38898.000000000,38898.000000000,38898.000000000,38898.000000000,3,YM
2024-06-10T17:57:59.000000000Z,32,1,80420,38898.000000000,38899.000000000,38898.000000000,38899.000000000,3,YM
2024-06-10T17:58:00.000000000Z,32,1,80420,38899.000000000,38899.000000000,38899.000000000,38899.000000000,1,YM
2024-06-10T17:58:01.000000000Z,32,1,80420,38897.000000000,38897.000000000,38895.000000000,38896.000000000,18,YM
2024-06-10T17:58:03.000000000Z,32,1,80420,38897.000000000,38897.000000000,38897.000000000,38897.000000000,1,YM
2024-06-10T17:58:06.000000000Z,32,1,80420,38898.000000000,38898.000000000,38898.000000000,38898.000000000,1,YM
2024-06-10T17:58:09.000000000Z,32,1,80420,38900.000000000,38901.000000000,38900.000000000,38901.000000000,2,YM
2024-06-10T17:58:10.000000000Z,32,1,80420,38902.000000000,38902.000000000,38902.000000000,38902.000000000,4,YM
2024-06-10T17:58:11.000000000Z,32,1,80420,38902.000000000,38902.000000000,38901.000000000,38901.000000000,4,YM
2024-06-10T17:58:14.000000000Z,32,1,80420,38900.000000000,38900.000000000,38900.000000000,38900.000000000,1,YM
2024-06-10T17:58:15.000000000Z,32,1,80420,38900.000000000,38900.000000000,38900.000000000,38900.000000000,5,YM
2024-06-10T17:58:18.000000000Z,32,1,80420,38901.000000000,38901.000000000,38901.000000000,38901.000000000,1,YM
2024-06-10T17:58:20.000000000Z,32,1,80420,38901.000000000,38901.000000000,38901.000000000,38901.000000000,2,YM
2024-06-10T17:58:24.000000000Z,32,1,80420,38899.000000000,38899.000000000,38899.000000000,38899.000000000,1,YM
2024-06-10T17:58:25.000000000Z,32,1,80420,38899.000000000,38899.000000000,38898.000000000,38898.000000000,2,YM
2024-06-10T17:58:26.000000000Z,32,1,80420,38899.000000000,38899.000000000,38899.000000000,38899.000000000,1,YM
2024-06-10T17:58:27.000000000Z,32,1,80420,38898.000000000,38898.000000000,38898.000000000,38898.000000000,2,YM
2024-06-10T17:58:30.000000000Z,32,1,80420,38898.000000000,38898.000000000,38898.000000000,38898.000000000,1,YM
2024-06-10T17:58:37.000000000Z,32,1,80420,38898.000000000,38898.000000000,38898.000000000,38898.000000000,1,YM
2024-06-10T17:58:39.000000000Z,32,1,80420,38898.000000000,38898.000000000,38898.000000000,38898.000000000,1,YM
2024-06-10T17:58:43.000000000Z,32,1,80420,38898.000000000,38898.000000000,38898.000000000,38898.000000000,4,YM
2024-06-10T17:58:46.000000000Z,32,1,80420,38898.000000000,38898.000000000,38898.000000000,38898.000000000,7,YM
2024-06-10T17:58:47.000000000Z,32,1,80420,38899.000000000,38899.000000000,38899.000000000,38899.000000000,2,YM
2024-06-10T17:58:48.000000000Z,32,1,80420,38899.000000000,38899.000000000,38898.000000000,38898.000000000,3,YM
2024-06-10T17:58:49.000000000Z,32,1,80420,38897.000000000,38897.000000000,38897.000000000,38897.000000000,3,YM
2024-06-10T17:58:51.000000000Z,32,1,80420,38898.000000000,38898.000000000,38896.000000000,38896.000000000,10,YM
2024-06-10T17:58:54.000000000Z,32,1,80420,38897.000000000,38897.000000000,38897.000000000,38897.000000000,1,YM
2024-06-10T17:58:56.000000000Z,32,1,80420,38898.000000000,38898.000000000,38898.000000000,38898.000000000,1,YM
2024-06-10T17:58:57.000000000Z,32,1,80420,38899.000000000,38899.000000000,38898.000000000,38898.000000000,3,YM
2024-06-10T17:58:58.000000000Z,32,1,80420,38898.000000000,38898.000000000,38898.000000000,38898.000000000,1,YM
2024-06-10T17:59:00.000000000Z,32,1,80420,38897.000000000,38897.000000000,38896.000000000,38896.000000000,2,YM
2024-06-10T17:59:01.000000000Z,32,1,80420,38896.000000000,38896.000000000,38896.000000000,38896.000000000,1,YM
2024-06-10T17:59:03.000000000Z,32,1,80420,38895.000000000,38895.000000000,38895.000000000,38895.000000000,1,YM
2024-06-10T17:59:04.000000000Z,32,1,80420,38896.000000000,38896.000000000,38896.000000000,38896.000000000,3,YM
2024-06-10T17:59:05.000000000Z,32,1,80420,38896.000000000,38896.000000000,38896.000000000,38896.000000000,1,YM
2024-06-10T17:59:06.000000000Z,32,1,80420,38897.000000000,38897.000000000,38897.000000000,38897.000000000,1,YM
2024-06-10T17:59:08.000000000Z,32,1,80420,38896.000000000,38896.000000000,38896.000000000,38896.000000000,1,YM
2024-06-10T17:59:10.000000000Z,32,1,80420,38893.000000000,38893.000000000,38892.000000000,38893.000000000,8,YM
2024-06-10T17:59:11.000000000Z,32,1,80420,38892.000000000,38894.000000000,38892.000000000,38893.000000000,8,YM
2024-06-10T17:59:12.000000000Z,32,1,80420,38893.000000000,38893.000000000,38893.000000000,38893.000000000,1,YM
2024-06-10T17:59:13.000000000Z,32,1,80420,38894.000000000,38894.000000000,38894.000000000,38894.000000000,1,YM
2024-06-10T17:59:14.000000000Z,32,1,80420,38892.000000000,38892.000000000,38892.000000000,38892.000000000,4,YM
2024-06-10T17:59:17.000000000Z,32,1,80420,38891.000000000,38891.000000000,38891.000000000,38891.000000000,1,YM
2024-06-10T17:59:20.000000000Z,32,1,80420,38891.000000000,38891.000000000,38891.000000000,38891.000000000,3,YM
2024-06-10T17:59:22.000000000Z,32,1,80420,38890.000000000,38890.000000000,38890.000000000,38890.000000000,2,YM
2024-06-10T17:59:24.000000000Z,32,1,80420,38890.000000000,38890.000000000,38890.000000000,38890.000000000,3,YM
2024-06-10T17:59:25.000000000Z,32,1,80420,38890.000000000,38890.000000000,38889.000000000,38890.000000000,20,YM
2024-06-10T17:59:26.000000000Z,32,1,80420,38890.000000000,38890.000000000,38890.000000000,38890.000000000,1,YM
2024-06-10T17:59:27.000000000Z,32,1,80420,38890.000000000,38890.000000000,38890.000000000,38890.000000000,1,YM
2024-06-10T17:59:28.000000000Z,32,1,80420,38890.000000000,38890.000000000,38890.000000000,38890.000000000,2,YM
2024-06-10T17:59:29.000000000Z,32,1,80420,38890.000000000,38890.000000000,38890.000000000,38890.000000000,1,YM
2024-06-10T17:59:30.000000000Z,32,1,80420,38891.000000000,38891.000000000,38891.000000000,38891.000000000,1,YM
2024-06-10T17:59:31.000000000Z,32,1,80420,38891.000000000,38891.000000000,38891.000000000,38891.000000000,1,YM
2024-06-10T17:59:32.000000000Z,32,1,80420,38892.000000000,38892.000000000,38892.000000000,38892.000000000,2,YM
2024-06-10T17:59:33.000000000Z,32,1,80420,38893.000000000,38893.000000000,38892.000000000,38892.000000000,7,YM
2024-06-10T17:59:34.000000000Z,32,1,80420,38892.000000000,38892.000000000,38892.000000000,38892.000000000,1,YM
2024-06-10T17:59:38.000000000Z,32,1,80420,38895.000000000,38895.000000000,38895.000000000,38895.000000000,1,YM
2024-06-10T17:59:40.000000000Z,32,1,80420,38894.000000000,38894.000000000,38894.000000000,38894.000000000,1,YM
2024-06-10T17:59:41.000000000Z,32,1,80420,38894.000000000,38894.000000000,38894.000000000,38894.000000000,2,YM
2024-06-10T17:59:48.000000000Z,32,1,80420,38894.000000000,38894.000000000,38894.000000000,38894.000000000,3,YM
2024-06-10T17:59:50.000000000Z,32,1,80420,38897.000000000,38897.000000000,38896.000000000,38896.000000000,6,YM
2024-06-10T17:59:53.000000000Z,32,1,80420,38898.000000000,38898.000000000,38898.000000000,38898.000000000,1,YM
2024-06-10T17:59:55.000000000Z,32,1,80420,38897.000000000,38897.000000000,38897.000000000,38897.000000000,1,YM
2024-06-10T18:00:00.000000000Z,32,1,80420,38896.000000000,38897.000000000,38896.000000000,38897.000000000,7,YM
2024-06-10T18:00:01.000000000Z,32,1,80420,38895.000000000,38895.000000000,38893.000000000,38893.000000000,6,YM
2024-06-10T18:00:02.000000000Z,32,1,80420,38893.000000000,38893.000000000,38893.000000000,38893.000000000,4,YM
2024-06-10T18:00:03.000000000Z,32,1,80420,38892.000000000,38893.000000000,38892.000000000,38893.000000000,8,YM
2024-06-10T18:00:06.000000000Z,32,1,80420,38893.000000000,38894.000000000,38893.000000000,38894.000000000,6,YM
2024-06-10T18:00:08.000000000Z,32,1,80420,38893.000000000,38893.000000000,38893.000000000,38893.000000000,1,YM
2024-06-10T18:00:10.000000000Z,32,1,80420,38890.000000000,38890.000000000,38890.000000000,38890.000000000,6,YM
2024-06-10T18:00:11.000000000Z,32,1,80420,38890.000000000,38890.000000000,38890.000000000,38890.000000000,2,YM
2024-06-10T18:00:12.000000000Z,32,1,80420,38891.000000000,38891.000000000,38890.000000000,38890.000000000,4,YM
2024-06-10T18:00:14.000000000Z,32,1,80420,38889.000000000,38889.000000000,38889.000000000,38889.000000000,1,YM
2024-06-10T18:00:15.000000000Z,32,1,80420,38889.000000000,38889.000000000,38888.000000000,38888.000000000,9,YM
2024-06-10T18:00:16.000000000Z,32,1,80420,38888.000000000,38892.000000000,38888.000000000,38892.000000000,7,YM
2024-06-10T18:00:19.000000000Z,32,1,80420,38892.000000000,38892.000000000,38892.000000000,38892.000000000,10,YM
2024-06-10T18:00:20.000000000Z,32,1,80420,38892.000000000,38892.000000000,38892.000000000,38892.000000000,1,YM
2024-06-10T18:00:21.000000000Z,32,1,80420,38891.000000000,38892.000000000,38891.000000000,38892.000000000,2,YM
2024-06-10T18:00:23.000000000Z,32,1,80420,38892.000000000,38892.000000000,38892.000000000,38892.000000000,1,YM
2024-06-10T18:00:25.000000000Z,32,1,80420,38892.000000000,38892.000000000,38892.000000000,38892.000000000,1,YM
2024-06-10T18:00:26.000000000Z,32,1,80420,38893.000000000,38894.000000000,38893.000000000,38894.000000000,3,YM
2024-06-10T18:00:30.000000000Z,32,1,80420,38894.000000000,38895.000000000,38894.000000000,38895.000000000,3,YM
2024-06-10T18:00:31.000000000Z,32,1,80420,38894.000000000,38894.000000000,38894.000000000,38894.000000000,1,YM
2024-06-10T18:00:32.000000000Z,32,1,80420,38894.000000000,38894.000000000,38892.000000000,38892.000000000,6,YM
2024-06-10T18:00:33.000000000Z,32,1,80420,38890.000000000,38890.000000000,38890.000000000,38890.000000000,3,YM
2024-06-10T18:00:35.000000000Z,32,1,80420,38889.000000000,38889.000000000,38889.000000000,38889.000000000,1,YM
2024-06-10T18:00:36.000000000Z,32,1,80420,38889.000000000,38890.000000000,38889.000000000,38890.000000000,2,YM
2024-06-10T18:00:37.000000000Z,32,1,80420,38889.000000000,38889.000000000,38888.000000000,38888.000000000,4,YM
2024-06-10T18:00:39.000000000Z,32,1,80420,38889.000000000,38889.000000000,38889.000000000,38889.000000000,4,YM
2024-06-10T18:00:41.000000000Z,32,1,80420,38890.000000000,38890.000000000,38890.000000000,38890.000000000,1,YM
2024-06-10T18:00:43.000000000Z,32,1,80420,38891.000000000,38891.000000000,38890.000000000,38890.000000000,2,YM
2024-06-10T18:00:44.000000000Z,32,1,80420,38891.000000000,38892.000000000,38891.000000000,38892.000000000,2,YM
2024-06-10T18:00:47.000000000Z,32,1,80420,38891.000000000,38891.000000000,38891.000000000,38891.000000000,1,YM
2024-06-10T18:00:48.000000000Z,32,1,80420,38890.000000000,38890.000000000,38890.000000000,38890.000000000,1,YM
2024-06-10T18:00:51.000000000Z,32,1,80420,38890.000000000,38890.000000000,38890.000000000,38890.000000000,1,YM
2024-06-10T18:00:53.000000000Z,32,1,80420,38889.000000000,38889.000000000,38889.000000000,38889.000000000,2,YM
2024-06-10T18:00:55.000000000Z,32,1,80420,38888.000000000,38888.000000000,38888.000000000,38888.000000000,2,YM
2024-06-10T18:00:58.000000000Z,32,1,80420,38889.000000000,38889.000000000,38889.000000000,38889.000000000,1,YM
2024-06-10T18:00:59.000000000Z,32,1,80420,38890.000000000,38890.000000000,38890.000000000,38890.000000000,2,YM
2024-06-10T18:01:00.000000000Z,32,1,80420,38889.000000000,38889.000000000,38889.000000000,38889.000000000,1,YM
2024-06-10T18:01:01.000000000Z,32,1,80420,38889.000000000,38889.000000000,38889.000000000,38889.000000000,1,YM
2024-06-10T18:01:02.000000000Z,32,1,80420,38888.000000000,38888.000000000,38888.000000000,38888.000000000,1,YM
2024-06-10T18:01:03.000000000Z,32,1,80420,38887.000000000,38887.000000000,38887.000000000,38887.000000000,11,YM
2024-06-10T18:01:04.000000000Z,32,1,80420,38888.000000000,38888.000000000,38888.000000000,38888.000000000,2,YM
2024-06-10T18:01:05.000000000Z,32,1,80420,38888.000000000,38888.000000000,38887.000000000,38887.000000000,10,YM
2024-06-10T18:01:06.000000000Z,32,1,80420,38887.000000000,38887.000000000,38887.000000000,38887.000000000,1,YM
2024-06-10T18:01:07.000000000Z,32,1,80420,38886.000000000,38886.000000000,38886.000000000,38886.000000000,2,YM
2024-06-10T18:01:10.000000000Z,32,1,80420,38887.000000000,38887.000000000,38887.000000000,38887.000000000,3,YM
2024-06-10T18:01:11.000000000Z,32,1,80420,38886.000000000,38886.000000000,38886.000000000,38886.000000000,1,YM
2024-06-10T18:01:13.000000000Z,32,1,80420,38886.000000000,38886.000000000,38886.000000000,38886.000000000,1,YM
2024-06-10T18:01:14.000000000Z,32,1,80420,38886.000000000,38886.000000000,38885.000000000,38885.000000000,4,YM
2024-06-10T18:01:15.000000000Z,32,1,80420,38885.000000000,38886.000000000,38885.000000000,38886.000000000,2,YM
2024-06-10T18:01:16.000000000Z,32,1,80420,38887.000000000,38887.000000000,38887.000000000,38887.000000000,2,YM
2024-06-10T18:01:17.000000000Z,32,1,80420,38886.000000000,38886.000000000,38886.000000000,38886.000000000,1,YM
2024-06-10T18:01:18.000000000Z,32,1,80420,38887.000000000,38887.000000000,38887.000000000,38887.000000000,3,YM
2024-06-10T18:01:20.000000000Z,32,1,80420,38886.000000000,38886.000000000,38886.000000000,38886.000000000,3,YM
2024-06-10T18:01:22.000000000Z,32,1,80420,38884.000000000,38884.000000000,38884.000000000,38884.000000000,2,YM
2024-06-10T18:01:23.000000000Z,32,1,80420,38884.000000000,38884.000000000,38884.000000000,38884.000000000,2,YM
2024-06-10T18:01:24.000000000Z,32,1,80420,38884.000000000,38884.000000000,38884.000000000,38884.000000000,4,YM
2024-06-10T18:01:26.000000000Z,32,1,80420,38884.000000000,38884.000000000,38884.000000000,38884.000000000,1,YM
2024-06-10T18:01:28.000000000Z,32,1,80420,38885.000000000,38885.000000000,38885.000000000,38885.000000000,1,YM
2024-06-10T18:01:29.000000000Z,32,1,80420,38883.000000000,38884.000000000,38882.000000000,38882.000000000,12,YM
2024-06-10T18:01:30.000000000Z,32,1,80420,38884.000000000,38885.000000000,38884.000000000,38885.000000000,8,YM
2024-06-10T18:01:31.000000000Z,32,1,80420,38886.000000000,38886.000000000,38886.000000000,38886.000000000,2,YM
2024-06-10T18:01:33.000000000Z,32,1,80420,38886.000000000,38886.000000000,38885.000000000,38885.000000000,2,YM
2024-06-10T18:01:37.000000000Z,32,1,80420,38884.000000000,38884.000000000,38884.000000000,38884.000000000,2,YM
2024-06-10T18:01:38.000000000Z,32,1,80420,38885.000000000,38885.000000000,38885.000000000,38885.000000000,1,YM
2024-06-10T18:01:40.000000000Z,32,1,80420,38884.000000000,38884.000000000,38884.000000000,38884.000000000,1,YM
2024-06-10T18:01:41.000000000Z,32,1,80420,38884.000000000,38884.000000000,38884.000000000,38884.000000000,4,YM
2024-06-10T18:01:42.000000000Z,32,1,80420,38883.000000000,38883.000000000,38883.000000000,38883.000000000,4,YM
2024-06-10T18:01:43.000000000Z,32,1,80420,38881.000000000,38881.000000000,38881.000000000,38881.000000000,3,YM
2024-06-10T18:01:44.000000000Z,32,1,80420,38880.000000000,38881.000000000,38879.000000000,38880.000000000,11,YM
2024-06-10T18:01:45.000000000Z,32,1,80420,38881.000000000,38882.000000000,38881.000000000,38882.000000000,5,YM
2024-06-10T18:01:46.000000000Z,32,1,80420,38882.000000000,38883.000000000,38882.000000000,38883.000000000,3,YM
2024-06-10T18:01:50.000000000Z,32,1,80420,38883.000000000,38883.000000000,38881.000000000,38881.000000000,8,YM
2024-06-10T18:01:54.000000000Z,32,1,80420,38883.000000000,38883.000000000,38883.000000000,38883.000000000,1,YM
2024-06-10T18:01:55.000000000Z,32,1,80420,38883.000000000,38883.000000000,38882.000000000,38882.000000000,7,YM
2024-06-10T18:01:57.000000000Z,32,1,80420,38881.000000000,38881.000000000,38881.000000000,38881.000000000,1,YM
2024-06-10T18:01:58.000000000Z,32,1,80420,38883.000000000,38883.000000000,38883.000000000,38883.000000000,5,YM
2024-06-10T18:02:00.000000000Z,32,1,80420,38882.000000000,38882.000000000,38881.000000000,38881.000000000,5,YM
2024-06-10T18:02:02.000000000Z,32,1,80420,38881.000000000,38881.000000000,38880.000000000,38880.000000000,4,YM
2024-06-10T18:02:03.000000000Z,32,1,80420,38880.000000000,38880.000000000,38878.000000000,38878.000000000,9,YM
2024-06-10T18:02:04.000000000Z,32,1,80420,38878.000000000,38878.000000000,38877.000000000,38878.000000000,9,YM
2024-06-10T18:02:07.000000000Z,32,1,80420,38879.000000000,38880.000000000,38879.000000000,38880.000000000,10,YM
2024-06-10T18:02:08.000000000Z,32,1,80420,38882.000000000,38882.000000000,38882.000000000,38882.000000000,2,YM
2024-06-10T18:02:09.000000000Z,32,1,80420,38880.000000000,38881.000000000,38880.000000000,38881.000000000,3,YM
2024-06-10T18:02:10.000000000Z,32,1,80420,38881.000000000,38881.000000000,38881.000000000,38881.000000000,1,YM
2024-06-10T18:02:13.000000000Z,32,1,80420,38881.000000000,38881.000000000,38881.000000000,38881.000000000,5,YM
2024-06-10T18:02:14.000000000Z,32,1,80420,38883.000000000,38884.000000000,38883.000000000,38884.000000000,5,YM
2024-06-10T18:02:15.000000000Z,32,1,80420,38884.000000000,38884.000000000,38884.000000000,38884.000000000,2,YM
2024-06-10T18:02:16.000000000Z,32,1,80420,38883.000000000,38883.000000000,38883.000000000,38883.000000000,1,YM
2024-06-10T18:02:17.000000000Z,32,1,80420,38884.000000000,38884.000000000,38883.000000000,38883.000000000,3,YM
2024-06-10T18:02:18.000000000Z,32,1,80420,38883.000000000,38883.000000000,38881.000000000,38881.000000000,3,YM
2024-06-10T18:02:19.000000000Z,32,1,80420,38880.000000000,38881.000000000,38879.000000000,38881.000000000,20,YM
2024-06-10T18:02:20.000000000Z,32,1,80420,38882.000000000,38882.000000000,38882.000000000,38882.000000000,1,YM
2024-06-10T18:02:22.000000000Z,32,1,80420,38882.000000000,38882.000000000,38882.000000000,38882.000000000,2,YM
2024-06-10T18:02:25.000000000Z,32,1,80420,38882.000000000,38882.000000000,38882.000000000,38882.000000000,1,YM
2024-06-10T18:02:26.000000000Z,32,1,80420,38881.000000000,38881.000000000,38881.000000000,38881.000000000,1,YM
2024-06-10T18:02:27.000000000Z,32,1,80420,38880.000000000,38880.000000000,38880.000000000,38880.000000000,1,YM
2024-06-10T18:02:31.000000000Z,32,1,80420,38880.000000000,38880.000000000,38880.000000000,38880.000000000,1,YM
2024-06-10T18:02:32.000000000Z,32,1,80420,38880.000000000,38880.000000000,38879.000000000,38879.000000000,10,YM
2024-06-10T18:02:35.000000000Z,32,1,80420,38881.000000000,38882.000000000,38881.000000000,38882.000000000,2,YM
2024-06-10T18:02:37.000000000Z,32,1,80420,38882.000000000,38883.000000000,38882.000000000,38882.000000000,9,YM
2024-06-10T18:02:38.000000000Z,32,1,80420,38881.000000000,38882.000000000,38880.000000000,38882.000000000,26,YM
2024-06-10T18:02:40.000000000Z,32,1,80420,38881.000000000,38881.000000000,38881.000000000,38881.000000000,2,YM
2024-06-10T18:02:42.000000000Z,32,1,80420,38881.000000000,38881.000000000,38881.000000000,38881.000000000,2,YM
2024-06-10T18:02:44.000000000Z,32,1,80420,38881.000000000,38881.000000000,38881.000000000,38881.000000000,2,YM
2024-06-10T18:02:45.000000000Z,32,1,80420,38883.000000000,38883.000000000,38882.000000000,38882.000000000,3,YM
2024-06-10T18:02:46.000000000Z,32,1,80420,38883.000000000,38884.000000000,38883.000000000,38883.000000000,6,YM
2024-06-10T18:02:47.000000000Z,32,1,80420,38882.000000000,38882.000000000,38882.000000000,38882.000000000,3,YM
2024-06-10T18:02:48.000000000Z,32,1,80420,38882.000000000,38882.000000000,38882.000000000,38882.000000000,1,YM
2024-06-10T18:02:49.000000000Z,32,1,80420,38883.000000000,38883.000000000,38883.000000000,38883.000000000,2,YM
2024-06-10T18:02:51.000000000Z,32,1,80420,38883.000000000,38883.000000000,38883.000000000,38883.000000000,8,YM
2024-06-10T18:02:58.000000000Z,32,1,80420,38883.000000000,38883.000000000,38883.000000000,38883.000000000,2,YM
2024-06-10T18:03:00.000000000Z,32,1,80420,38883.000000000,38883.000000000,38883.000000000,38883.000000000,2,YM
2024-06-10T18:03:01.000000000Z,32,1,80420,38883.000000000,38883.000000000,38883.000000000,38883.000000000,1,YM
2024-06-10T18:03:02.000000000Z,32,1,80420,38883.000000000,38883.000000000,38883.000000000,38883.000000000,2,YM
2024-06-10T18:03:03.000000000Z,32,1,80420,38883.000000000,38883.000000000,38883.000000000,38883.000000000,1,YM
2024-06-10T18:03:05.000000000Z,32,1,80420,38883.000000000,38884.000000000,38883.000000000,38884.000000000,4,YM
2024-06-10T18:03:07.000000000Z,32,1,80420,38885.000000000,38886.000000000,38885.000000000,38886.000000000,3,YM
2024-06-10T18:03:09.000000000Z,32,1,80420,38887.000000000,38888.000000000,38887.000000000,38888.000000000,6,YM
2024-06-10T18:03:11.000000000Z,32,1,80420,38888.000000000,38888.000000000,38885.000000000,38885.000000000,4,YM
2024-06-10T18:03:13.000000000Z,32,1,80420,38885.000000000,38885.000000000,38883.000000000,38883.000000000,4,YM
2024-06-10T18:03:14.000000000Z,32,1,80420,38882.000000000,38883.000000000,38882.000000000,38883.000000000,5,YM
2024-06-10T18:03:16.000000000Z,32,1,80420,38884.000000000,38884.000000000,38884.000000000,38884.000000000,2,YM
2024-06-10T18:03:20.000000000Z,32,1,80420,38884.000000000,38884.000000000,38883.000000000,38883.000000000,4,YM
2024-06-10T18:03:21.000000000Z,32,1,80420,38884.000000000,38885.000000000,38884.000000000,38884.000000000,3,YM
2024-06-10T18:03:23.000000000Z,32,1,80420,38885.000000000,38885.000000000,38885.000000000,38885.000000000,1,YM
2024-06-10T18:03:24.000000000Z,32,1,80420,38885.000000000,38886.000000000,38885.000000000,38886.000000000,2,YM
2024-06-10T18:03:26.000000000Z,32,1,80420,38886.000000000,38886.000000000,38886.000000000,38886.000000000,1,YM
2024-06-10T18:03:27.000000000Z,32,1,80420,38886.000000000,38886.000000000,38885.000000000,38886.000000000,4,YM
2024-06-10T18:03:31.000000000Z,32,1,80420,38887.000000000,38887.000000000,38887.000000000,38887.000000000,5,YM
2024-06-10T18:03:33.000000000Z,32,1,80420,38888.000000000,38891.000000000,38888.000000000,38891.000000000,4,YM
2024-06-10T18:03:35.000000000Z,32,1,80420,38890.000000000,38891.000000000,38890.000000000,38891.000000000,6,YM
2024-06-10T18:03:45.000000000Z,32,1,80420,38891.000000000,38893.000000000,38891.000000000,38891.000000000,15,YM
2024-06-10T18:03:46.000000000Z,32,1,80420,38891.000000000,38892.000000000,38891.000000000,38891.000000000,6,YM
2024-06-10T18:03:47.000000000Z,32,1,80420,38890.000000000,38890.000000000,38890.000000000,38890.000000000,2,YM
2024-06-10T18:03:51.000000000Z,32,1,80420,38890.000000000,38890.000000000,38890.000000000,38890.000000000,7,YM
2024-06-10T18:03:53.000000000Z,32,1,80420,38889.000000000,38889.000000000,38889.000000000,38889.000000000,2,YM
2024-06-10T18:03:56.000000000Z,32,1,80420,38891.000000000,38891.000000000,38891.000000000,38891.000000000,1,YM
2024-06-10T18:03:58.000000000Z,32,1,80420,38892.000000000,38892.000000000,38892.000000000,38892.000000000,3,YM
2024-06-10T18:04:01.000000000Z,32,1,80420,38893.000000000,38893.000000000,38893.000000000,38893.000000000,3,YM
2024-06-10T18:04:02.000000000Z,32,1,80420,38894.000000000,38894.000000000,38894.000000000,38894.000000000,1,YM
2024-06-10T18:04:03.000000000Z,32,1,80420,38893.000000000,38893.000000000,38893.000000000,38893.000000000,1,YM
2024-06-10T18:04:04.000000000Z,32,1,80420,38894.000000000,38894.000000000,38894.000000000,38894.000000000,2,YM
2024-06-10T18:04:05.000000000Z,32,1,80420,38895.000000000,38895.000000000,38895.000000000,38895.000000000,3,YM
2024-06-10T18:04:08.000000000Z,32,1,80420,38895.000000000,38895.000000000,38894.000000000,38894.000000000,13,YM
2024-06-10T18:04:09.000000000Z,32,1,80420,38895.000000000,38895.000000000,38895.000000000,38895.000000000,2,YM
2024-06-10T18:04:10.000000000Z,32,1,80420,38895.000000000,38895.000000000,38894.000000000,38894.000000000,4,YM
2024-06-10T18:04:11.000000000Z,32,1,80420,38896.000000000,38896.000000000,38896.000000000,38896.000000000,1,YM
2024-06-10T18:04:12.000000000Z,32,1,80420,38897.000000000,38897.000000000,38896.000000000,38896.000000000,2,YM
2024-06-10T18:04:14.000000000Z,32,1,80420,38896.000000000,38896.000000000,38896.000000000,38896.000000000,1,YM
2024-06-10T18:04:15.000000000Z,32,1,80420,38896.000000000,38896.000000000,38896.000000000,38896.000000000,4,YM
2024-06-10T18:04:19.000000000Z,32,1,80420,38897.000000000,38897.000000000,38897.000000000,38897.000000000,1,YM
2024-06-10T18:04:20.000000000Z,32,1,80420,38895.000000000,38895.000000000,38895.000000000,38895.000000000,1,YM
2024-06-10T18:04:21.000000000Z,32,1,80420,38895.000000000,38895.000000000,38895.000000000,38895.000000000,6,YM
2024-06-10T18:04:22.000000000Z,32,1,80420,38894.000000000,38894.000000000,38894.000000000,38894.000000000,3,YM
2024-06-10T18:04:23.000000000Z,32,1,80420,38893.000000000,38893.000000000,38893.000000000,38893.000000000,2,YM
2024-06-10T18:04:24.000000000Z,32,1,80420,38892.000000000,38893.000000000,38892.000000000,38893.000000000,4,YM
2024-06-10T18:04:28.000000000Z,32,1,80420,38892.000000000,38892.000000000,38892.000000000,38892.000000000,2,YM
2024-06-10T18:04:32.000000000Z,32,1,80420,38893.000000000,38893.000000000,38893.000000000,38893.000000000,11,YM
2024-06-10T18:04:33.000000000Z,32,1,80420,38892.000000000,38892.000000000,38892.000000000,38892.000000000,1,YM
2024-06-10T18:04:34.000000000Z,32,1,80420,38891.000000000,38892.000000000,38891.000000000,38892.000000000,2,YM
2024-06-10T18:04:36.000000000Z,32,1,80420,38893.000000000,38893.000000000,38893.000000000,38893.000000000,1,YM
2024-06-10T18:04:37.000000000Z,32,1,80420,38893.000000000,38893.000000000,38893.000000000,38893.000000000,1,YM
2024-06-10T18:04:39.000000000Z,32,1,80420,38894.000000000,38894.000000000,38894.000000000,38894.000000000,4,YM
2024-06-10T18:04:43.000000000Z,32,1,80420,38895.000000000,38895.000000000,38894.000000000,38894.000000000,12,YM
2024-06-10T18:04:45.000000000Z,32,1,80420,38893.000000000,38893.000000000,38893.000000000,38893.000000000,1,YM
2024-06-10T18:04:48.000000000Z,32,1,80420,38892.000000000,38892.000000000,38892.000000000,38892.000000000,1,YM
2024-06-10T18:04:52.000000000Z,32,1,80420,38892.000000000,38892.000000000,38892.000000000,38892.000000000,1,YM
2024-06-10T18:04:56.000000000Z,32,1,80420,38893.000000000,38893.000000000,38893.000000000,38893.000000000,2,YM
2024-06-10T18:04:57.000000000Z,32,1,80420,38894.000000000,38894.000000000,38894.000000000,38894.000000000,2,YM
2024-06-10T18:05:01.000000000Z,32,1,80420,38895.000000000,38896.000000000,38895.000000000,38896.000000000,2,YM
2024-06-10T18:05:03.000000000Z,32,1,80420,38897.000000000,38897.000000000,38897.000000000,38897.000000000,1,YM
2024-06-10T18:05:04.000000000Z,32,1,80420,38897.000000000,38898.000000000,38897.000000000,38898.000000000,6,YM
2024-06-10T18:05:05.000000000Z,32,1,80420,38897.000000000,38897.000000000,38895.000000000,38895.000000000,2,YM
2024-06-10T18:05:06.000000000Z,32,1,80420,38895.000000000,38895.000000000,38895.000000000,38895.000000000,1,YM
2024-06-10T18:05:07.000000000Z,32,1,80420,38895.000000000,38895.000000000,38895.000000000,38895.000000000,2,YM
2024-06-10T18:05:09.000000000Z,32,1,80420,38894.000000000,38894.000000000,38893.000000000,38893.000000000,4,YM
2024-06-10T18:05:11.000000000Z,32,1,80420,38892.000000000,38892.000000000,38892.000000000,38892.000000000,2,YM
2024-06-10T18:05:12.000000000Z,32,1,80420,38892.000000000,38892.000000000,38892.000000000,38892.000000000,4,YM
2024-06-10T18:05:13.000000000Z,32,1,80420,38890.000000000,38890.000000000,38890.000000000,38890.000000000,1,YM
2024-06-10T18:05:15.000000000Z,32,1,80420,38891.000000000,38891.000000000,38891.000000000,38891.000000000,5,YM
2024-06-10T18:05:16.000000000Z,32,1,80420,38892.000000000,38893.000000000,38891.000000000,38893.000000000,5,YM
2024-06-10T18:05:17.000000000Z,32,1,80420,38895.000000000,38895.000000000,38895.000000000,38895.000000000,2,YM
2024-06-10T18:05:19.000000000Z,32,1,80420,38896.000000000,38896.000000000,38896.000000000,38896.000000000,3,YM
2024-06-10T18:05:20.000000000Z,32,1,80420,38894.000000000,38894.000000000,38894.000000000,38894.000000000,1,YM
2024-06-10T18:05:21.000000000Z,32,1,80420,38896.000000000,38896.000000000,38896.000000000,38896.000000000,1,YM
2024-06-10T18:05:22.000000000Z,32,1,80420,38896.000000000,38897.000000000,38896.000000000,38897.000000000,2,YM
2024-06-10T18:05:23.000000000Z,32,1,80420,38898.000000000,38898.000000000,38898.000000000,38898.000000000,1,YM
2024-06-10T18:05:26.000000000Z,32,1,80420,38900.000000000,38903.000000000,38900.000000000,38903.000000000,13,YM
2024-06-10T18:05:27.000000000Z,32,1,80420,38903.000000000,38904.000000000,38903.000000000,38903.000000000,10,YM
2024-06-10T18:05:28.000000000Z,32,1,80420,38902.000000000,38903.000000000,38902.000000000,38903.000000000,3,YM
2024-06-10T18:05:29.000000000Z,32,1,80420,38904.000000000,38904.000000000,38904.000000000,38904.000000000,2,YM
2024-06-10T18:05:30.000000000Z,32,1,80420,38903.000000000,38904.000000000,38902.000000000,38904.000000000,7,YM
2024-06-10T18:05:31.000000000Z,32,1,80420,38904.000000000,38904.000000000,38904.000000000,38904.000000000,5,YM
2024-06-10T18:05:32.000000000Z,32,1,80420,38904.000000000,38904.000000000,38904.000000000,38904.000000000,3,YM
2024-06-10T18:05:33.000000000Z,32,1,80420,38905.000000000,38905.000000000,38904.000000000,38904.000000000,2,YM
2024-06-10T18:05:34.000000000Z,32,1,80420,38903.000000000,38903.000000000,38903.000000000,38903.000000000,2,YM
2024-06-10T18:05:35.000000000Z,32,1,80420,38903.000000000,38904.000000000,38903.000000000,38904.000000000,10,YM
2024-06-10T18:05:36.000000000Z,32,1,80420,38903.000000000,38903.000000000,38903.000000000,38903.000000000,1,YM
2024-06-10T18:05:37.000000000Z,32,1,80420,38903.000000000,38903.000000000,38903.000000000,38903.000000000,1,YM
2024-06-10T18:05:38.000000000Z,32,1,80420,38903.000000000,38903.000000000,38903.000000000,38903.000000000,2,YM
2024-06-10T18:05:39.000000000Z,32,1,80420,38902.000000000,38902.000000000,38902.000000000,38902.000000000,7,YM
2024-06-10T18:05:40.000000000Z,32,1,80420,38902.000000000,38903.000000000,38902.000000000,38902.000000000,5,YM
2024-06-10T18:05:41.000000000Z,32,1,80420,38902.000000000,38904.000000000,38902.000000000,38904.000000000,5,YM
2024-06-10T18:05:42.000000000Z,32,1,80420,38903.000000000,38903.000000000,38903.000000000,38903.000000000,1,YM
2024-06-10T18:05:43.000000000Z,32,1,80420,38903.000000000,38903.000000000,38902.000000000,38902.000000000,8,YM
2024-06-10T18:05:44.000000000Z,32,1,80420,38902.000000000,38902.000000000,38902.000000000,38902.000000000,3,YM
2024-06-10T18:05:45.000000000Z,32,1,80420,38903.000000000,38903.000000000,38903.000000000,38903.000000000,5,YM
2024-06-10T18:05:46.000000000Z,32,1,80420,38903.000000000,38904.000000000,38902.000000000,38904.000000000,10,YM
2024-06-10T18:05:47.000000000Z,32,1,80420,38903.000000000,38903.000000000,38903.000000000,38903.000000000,3,YM
2024-06-10T18:05:48.000000000Z,32,1,80420,38903.000000000,38903.000000000,38903.000000000,38903.000000000,1,YM
2024-06-10T18:05:50.000000000Z,32,1,80420,38903.000000000,38903.000000000,38903.000000000,38903.000000000,2,YM
2024-06-10T18:05:51.000000000Z,32,1,80420,38903.000000000,38903.000000000,38903.000000000,38903.000000000,1,YM
2024-06-10T18:05:52.000000000Z,32,1,80420,38903.000000000,38903.000000000,38903.000000000,38903.000000000,2,YM
2024-06-10T18:05:53.000000000Z,32,1,80420,38902.000000000,38902.000000000,38902.000000000,38902.000000000,8,YM
2024-06-10T18:05:54.000000000Z,32,1,80420,38902.000000000,38902.000000000,38901.000000000,38901.000000000,7,YM
2024-06-10T18:05:55.000000000Z,32,1,80420,38902.000000000,38902.000000000,38902.000000000,38902.000000000,2,YM
2024-06-10T18:05:56.000000000Z,32,1,80420,38902.000000000,38902.000000000,38902.000000000,38902.000000000,5,YM
2024-06-10T18:05:57.000000000Z,32,1,80420,38902.000000000,38902.000000000,38902.000000000,38902.000000000,1,YM
2024-06-10T18:05:58.000000000Z,32,1,80420,38903.000000000,38903.000000000,38903.000000000,38903.000000000,1,YM
2024-06-10T18:05:59.000000000Z,32,1,80420,38902.000000000,38902.000000000,38902.000000000,38902.000000000,2,YM
2024-06-10T18:06:00.000000000Z,32,1,80420,38903.000000000,38904.000000000,38903.000000000,38904.000000000,5,YM
2024-06-10T18:06:01.000000000Z,32,1,80420,38903.000000000,38904.000000000,38903.000000000,38904.000000000,4,YM
2024-06-10T18:06:03.000000000Z,32,1,80420,38904.000000000,38904.000000000,38904.000000000,38904.000000000,2,YM
2024-06-10T18:06:04.000000000Z,32,1,80420,38904.000000000,38904.000000000,38904.000000000,38904.000000000,1,YM
2024-06-10T18:06:09.000000000Z,32,1,80420,38905.000000000,38906.000000000,38905.000000000,38906.000000000,4,YM
2024-06-10T18:06:10.000000000Z,32,1,80420,38906.000000000,38907.000000000,38906.000000000,38907.000000000,3,YM
2024-06-10T18:06:11.000000000Z,32,1,80420,38906.000000000,38907.000000000,38906.000000000,38906.000000000,5,YM
2024-06-10T18:06:13.000000000Z,32,1,80420,38906.000000000,38906.000000000,38906.000000000,38906.000000000,1,YM
2024-06-10T18:06:14.000000000Z,32,1,80420,38907.000000000,38907.000000000,38907.000000000,38907.000000000,3,YM
2024-06-10T18:06:15.000000000Z,32,1,80420,38907.000000000,38907.000000000,38907.000000000,38907.000000000,1,YM
2024-06-10T18:06:16.000000000Z,32,1,80420,38908.000000000,38908.000000000,38908.000000000,38908.000000000,1,YM
2024-06-10T18:06:17.000000000Z,32,1,80420,38909.000000000,38910.000000000,38909.000000000,38909.000000000,3,YM
2024-06-10T18:06:18.000000000Z,32,1,80420,38909.000000000,38909.000000000,38909.000000000,38909.000000000,2,YM
2024-06-10T18:06:19.000000000Z,32,1,80420,38908.000000000,38908.000000000,38908.000000000,38908.000000000,1,YM
2024-06-10T18:06:20.000000000Z,32,1,80420,38907.000000000,38907.000000000,38907.000000000,38907.000000000,1,YM
2024-06-10T18:06:21.000000000Z,32,1,80420,38907.000000000,38907.000000000,38906.000000000,38906.000000000,2,YM
2024-06-10T18:06:22.000000000Z,32,1,80420,38907.000000000,38907.000000000,38907.000000000,38907.000000000,2,YM
2024-06-10T18:06:24.000000000Z,32,1,80420,38907.000000000,38907.000000000,38907.000000000,38907.000000000,3,YM
2024-06-10T18:06:25.000000000Z,32,1,80420,38907.000000000,38907.000000000,38907.000000000,38907.000000000,3,YM
2024-06-10T18:06:26.000000000Z,32,1,80420,38908.000000000,38909.000000000,38908.000000000,38909.000000000,5,YM
2024-06-10T18:06:29.000000000Z,32,1,80420,38907.000000000,38908.000000000,38907.000000000,38908.000000000,5,YM
2024-06-10T18:06:31.000000000Z,32,1,80420,38908.000000000,38908.000000000,38908.000000000,38908.000000000,2,YM
2024-06-10T18:06:33.000000000Z,32,1,80420,38908.000000000,38908.000000000,38908.000000000,38908.000000000,2,YM
2024-06-10T18:06:34.000000000Z,32,1,80420,38909.000000000,38909.000000000,38909.000000000,38909.000000000,1,YM
2024-06-10T18:06:35.000000000Z,32,1,80420,38909.000000000,38909.000000000,38909.000000000,38909.000000000,1,YM
2024-06-10T18:06:36.000000000Z,32,1,80420,38909.000000000,38909.000000000,38908.000000000,38908.000000000,5,YM
2024-06-10T18:06:37.000000000Z,32,1,80420,38907.000000000,38907.000000000,38907.000000000,38907.000000000,1,YM
2024-06-10T18:06:38.000000000Z,32,1,80420,38908.000000000,38909.000000000,38908.000000000,38909.000000000,8,YM
2024-06-10T18:06:39.000000000Z,32,1,80420,38908.000000000,38908.000000000,38908.000000000,38908.000000000,3,YM
2024-06-10T18:06:40.000000000Z,32,1,80420,38908.000000000,38908.000000000,38907.000000000,38907.000000000,4,YM
2024-06-10T18:06:42.000000000Z,32,1,80420,38907.000000000,38907.000000000,38907.000000000,38907.000000000,1,YM
2024-06-10T18:06:43.000000000Z,32,1,80420,38906.000000000,38906.000000000,38906.000000000,38906.000000000,2,YM
2024-06-10T18:06:44.000000000Z,32,1,80420,38906.000000000,38906.000000000,38906.000000000,38906.000000000,1,YM
2024-06-10T18:06:46.000000000Z,32,1,80420,38907.000000000,38907.000000000,38907.000000000,38907.000000000,1,YM
2024-06-10T18:06:47.000000000Z,32,1,80420,38907.000000000,38907.000000000,38907.000000000,38907.000000000,4,YM
2024-06-10T18:06:48.000000000Z,32,1,80420,38906.000000000,38906.000000000,38906.000000000,38906.000000000,2,YM
2024-06-10T18:06:49.000000000Z,32,1,80420,38907.000000000,38907.000000000,38906.000000000,38906.000000000,7,YM
2024-06-10T18:06:50.000000000Z,32,1,80420,38905.000000000,38905.000000000,38905.000000000,38905.000000000,1,YM
2024-06-10T18:06:51.000000000Z,32,1,80420,38906.000000000,38906.000000000,38906.000000000,38906.000000000,3,YM
2024-06-10T18:06:53.000000000Z,32,1,80420,38907.000000000,38907.000000000,38907.000000000,38907.000000000,2,YM
2024-06-10T18:06:54.000000000Z,32,1,80420,38908.000000000,38908.000000000,38907.000000000,38907.000000000,6,YM
2024-06-10T18:06:56.000000000Z,32,1,80420,38907.000000000,38907.000000000,38907.000000000,38907.000000000,2,YM
2024-06-10T18:06:58.000000000Z,32,1,80420,38907.000000000,38907.000000000,38907.000000000,38907.000000000,1,YM
2024-06-10T18:06:59.000000000Z,32,1,80420,38906.000000000,38907.000000000,38906.000000000,38907.000000000,2,YM
2024-06-10T18:07:00.000000000Z,32,1,80420,38908.000000000,38908.000000000,38908.000000000,38908.000000000,5,YM
2024-06-10T18:07:02.000000000Z,32,1,80420,38909.000000000,38909.000000000,38909.000000000,38909.000000000,2,YM
2024-06-10T18:07:05.000000000Z,32,1,80420,38908.000000000,38909.000000000,38908.000000000,38908.000000000,3,YM
2024-06-10T18:07:06.000000000Z,32,1,80420,38909.000000000,38909.000000000,38909.000000000,38909.000000000,2,YM
2024-06-10T18:07:07.000000000Z,32,1,80420,38909.000000000,38909.000000000,38909.000000000,38909.000000000,4,YM
2024-06-10T18:07:08.000000000Z,32,1,80420,38910.000000000,38911.000000000,38910.000000000,38911.000000000,6,YM
2024-06-10T18:07:10.000000000Z,32,1,80420,38912.000000000,38912.000000000,38911.000000000,38912.000000000,3,YM
2024-06-10T18:07:11.000000000Z,32,1,80420,38912.000000000,38912.000000000,38912.000000000,38912.000000000,8,YM
2024-06-10T18:07:13.000000000Z,32,1,80420,38913.000000000,38914.000000000,38913.000000000,38914.000000000,12,YM
2024-06-10T18:07:15.000000000Z,32,1,80420,38913.000000000,38914.000000000,38913.000000000,38914.000000000,5,YM
2024-06-10T18:07:16.000000000Z,32,1,80420,38914.000000000,38915.000000000,38913.000000000,38913.000000000,7,YM
2024-06-10T18:07:17.000000000Z,32,1,80420,38914.000000000,38914.000000000,38914.000000000,38914.000000000,5,YM
2024-06-10T18:07:19.000000000Z,32,1,80420,38914.000000000,38914.000000000,38914.000000000,38914.000000000,8,YM
2024-06-10T18:07:20.000000000Z,32,1,80420,38914.000000000,38914.000000000,38913.000000000,38913.000000000,7,YM
2024-06-10T18:07:21.000000000Z,32,1,80420,38913.000000000,38913.000000000,38913.000000000,38913.000000000,2,YM
2024-06-10T18:07:23.000000000Z,32,1,80420,38913.000000000,38913.000000000,38912.000000000,38913.000000000,13,YM
2024-06-10T18:07:24.000000000Z,32,1,80420,38913.000000000,38914.000000000,38913.000000000,38914.000000000,7,YM
2024-06-10T18:07:25.000000000Z,32,1,80420,38914.000000000,38914.000000000,38914.000000000,38914.000000000,3,YM
2024-06-10T18:07:26.000000000Z,32,1,80420,38913.000000000,38913.000000000,38912.000000000,38912.000000000,8,YM
2024-06-10T18:07:27.000000000Z,32,1,80420,38912.000000000,38912.000000000,38912.000000000,38912.000000000,2,YM
2024-06-10T18:07:28.000000000Z,32,1,80420,38912.000000000,38912.000000000,38912.000000000,38912.000000000,1,YM
2024-06-10T18:07:29.000000000Z,32,1,80420,38912.000000000,38912.000000000,38912.000000000,38912.000000000,2,YM
2024-06-10T18:07:30.000000000Z,32,1,80420,38911.000000000,38911.000000000,38911.000000000,38911.000000000,2,YM
2024-06-10T18:07:31.000000000Z,32,1,80420,38911.000000000,38911.000000000,38911.000000000,38911.000000000,1,YM
2024-06-10T18:07:32.000000000Z,32,1,80420,38911.000000000,38912.000000000,38911.000000000,38911.000000000,9,YM
2024-06-10T18:07:33.000000000Z,32,1,80420,38911.000000000,38911.000000000,38911.000000000,38911.000000000,1,YM
2024-06-10T18:07:40.000000000Z,32,1,80420,38912.000000000,38912.000000000,38912.000000000,38912.000000000,1,YM
2024-06-10T18:07:43.000000000Z,32,1,80420,38913.000000000,38913.000000000,38913.000000000,38913.000000000,1,YM
2024-06-10T18:07:44.000000000Z,32,1,80420,38914.000000000,38914.000000000,38913.000000000,38913.000000000,7,YM
2024-06-10T18:07:46.000000000Z,32,1,80420,38913.000000000,38913.000000000,38913.000000000,38913.000000000,1,YM
2024-06-10T18:07:48.000000000Z,32,1,80420,38912.000000000,38913.000000000,38912.000000000,38913.000000000,2,YM
2024-06-10T18:07:49.000000000Z,32,1,80420,38914.000000000,38914.000000000,38914.000000000,38914.000000000,2,YM
2024-06-10T18:07:50.000000000Z,32,1,80420,38913.000000000,38913.000000000,38912.000000000,38912.000000000,6,YM
2024-06-10T18:07:52.000000000Z,32,1,80420,38912.000000000,38912.000000000,38912.000000000,38912.000000000,1,YM
2024-06-10T18:07:55.000000000Z,32,1,80420,38913.000000000,38913.000000000,38913.000000000,38913.000000000,1,YM
2024-06-10T18:07:57.000000000Z,32,1,80420,38913.000000000,38913.000000000,38913.000000000,38913.000000000,1,YM
2024-06-10T18:07:58.000000000Z,32,1,80420,38913.000000000,38913.000000000,38913.000000000,38913.000000000,1,YM
2024-06-10T18:07:59.000000000Z,32,1,80420,38913.000000000,38913.000000000,38913.000000000,38913.000000000,1,YM
2024-06-10T18:08:00.000000000Z,32,1,80420,38913.000000000,38913.000000000,38913.000000000,38913.000000000,6,YM
2024-06-10T18:08:03.000000000Z,32,1,80420,38912.000000000,38912.000000000,38912.000000000,38912.000000000,1,YM
2024-06-10T18:08:04.000000000Z,32,1,80420,38913.000000000,38913.000000000,38913.000000000,38913.000000000,1,YM
2024-06-10T18:08:05.000000000Z,32,1,80420,38914.000000000,38914.000000000,38913.000000000,38913.000000000,10,YM
2024-06-10T18:08:06.000000000Z,32,1,80420,38914.000000000,38917.000000000,38914.000000000,38916.000000000,12,YM
2024-06-10T18:08:07.000000000Z,32,1,80420,38916.000000000,38917.000000000,38916.000000000,38917.000000000,9,YM
2024-06-10T18:08:08.000000000Z,32,1,80420,38916.000000000,38916.000000000,38916.000000000,38916.000000000,1,YM
2024-06-10T18:08:09.000000000Z,32,1,80420,38916.000000000,38916.000000000,38916.000000000,38916.000000000,2,YM
2024-06-10T18:08:10.000000000Z,32,1,80420,38917.000000000,38917.000000000,38917.000000000,38917.000000000,9,YM
2024-06-10T18:08:11.000000000Z,32,1,80420,38918.000000000,38919.000000000,38918.000000000,38919.000000000,14,YM
2024-06-10T18:08:12.000000000Z,32,1,80420,38918.000000000,38918.000000000,38918.000000000,38918.000000000,4,YM
2024-06-10T18:08:13.000000000Z,32,1,80420,38917.000000000,38917.000000000,38917.000000000,38917.000000000,4,YM
2024-06-10T18:08:16.000000000Z,32,1,80420,38916.000000000,38916.000000000,38914.000000000,38916.000000000,6,YM
2024-06-10T18:08:17.000000000Z,32,1,80420,38916.000000000,38916.000000000,38916.000000000,38916.000000000,1,YM
2024-06-10T18:08:18.000000000Z,32,1,80420,38917.000000000,38917.000000000,38917.000000000,38917.000000000,5,YM
2024-06-10T18:08:20.000000000Z,32,1,80420,38916.000000000,38917.000000000,38916.000000000,38917.000000000,4,YM
2024-06-10T18:08:22.000000000Z,32,1,80420,38917.000000000,38917.000000000,38917.000000000,38917.000000000,1,YM
2024-06-10T18:08:23.000000000Z,32,1,80420,38917.000000000,38917.000000000,38917.000000000,38917.000000000,3,YM
2024-06-10T18:08:24.000000000Z,32,1,80420,38916.000000000,38916.000000000,38916.000000000,38916.000000000,1,YM
2024-06-10T18:08:26.000000000Z,32,1,80420,38916.000000000,38916.000000000,38915.000000000,38915.000000000,4,YM
2024-06-10T18:08:27.000000000Z,32,1,80420,38916.000000000,38916.000000000,38915.000000000,38915.000000000,3,YM
2024-06-10T18:08:28.000000000Z,32,1,80420,38916.000000000,38917.000000000,38915.000000000,38915.000000000,8,YM
2024-06-10T18:08:29.000000000Z,32,1,80420,38916.000000000,38916.000000000,38916.000000000,38916.000000000,1,YM
2024-06-10T18:08:30.000000000Z,32,1,80420,38916.000000000,38917.000000000,38916.000000000,38917.000000000,5,YM
2024-06-10T18:08:32.000000000Z,32,1,80420,38917.000000000,38917.000000000,38917.000000000,38917.000000000,6,YM
2024-06-10T18:08:33.000000000Z,32,1,80420,38916.000000000,38916.000000000,38916.000000000,38916.000000000,3,YM
2024-06-10T18:08:34.000000000Z,32,1,80420,38916.000000000,38916.000000000,38913.000000000,38913.000000000,6,YM
2024-06-10T18:08:40.000000000Z,32,1,80420,38914.000000000,38915.000000000,38914.000000000,38915.000000000,4,YM
2024-06-10T18:08:41.000000000Z,32,1,80420,38915.000000000,38915.000000000,38915.000000000,38915.000000000,1,YM
2024-06-10T18:08:44.000000000Z,32,1,80420,38917.000000000,38921.000000000,38917.000000000,38919.000000000,27,YM
2024-06-10T18:08:45.000000000Z,32,1,80420,38920.000000000,38922.000000000,38920.000000000,38922.000000000,8,YM
2024-06-10T18:08:47.000000000Z,32,1,80420,38923.000000000,38923.000000000,38923.000000000,38923.000000000,3,YM
2024-06-10T18:08:48.000000000Z,32,1,80420,38922.000000000,38922.000000000,38920.000000000,38920.000000000,2,YM
2024-06-10T18:08:52.000000000Z,32,1,80420,38921.000000000,38921.000000000,38921.000000000,38921.000000000,4,YM
2024-06-10T18:08:53.000000000Z,32,1,80420,38921.000000000,38921.000000000,38921.000000000,38921.000000000,1,YM
2024-06-10T18:08:54.000000000Z,32,1,80420,38920.000000000,38920.000000000,38920.000000000,38920.000000000,2,YM
2024-06-10T18:08:55.000000000Z,32,1,80420,38920.000000000,38922.000000000,38920.000000000,38922.000000000,9,YM
2024-06-10T18:08:56.000000000Z,32,1,80420,38922.000000000,38923.000000000,38922.000000000,38923.000000000,7,YM
2024-06-10T18:08:57.000000000Z,32,1,80420,38922.000000000,38922.000000000,38922.000000000,38922.000000000,1,YM
2024-06-10T18:08:58.000000000Z,32,1,80420,38922.000000000,38922.000000000,38922.000000000,38922.000000000,4,YM
2024-06-10T18:09:00.000000000Z,32,1,80420,38921.000000000,38922.000000000,38920.000000000,38920.000000000,7,YM
2024-06-10T18:09:01.000000000Z,32,1,80420,38919.000000000,38919.000000000,38916.000000000,38916.000000000,8,YM
2024-06-10T18:09:02.000000000Z,32,1,80420,38916.000000000,38916.000000000,38910.000000000,38911.000000000,31,YM
2024-06-10T18:09:03.000000000Z,32,1,80420,38910.000000000,38911.000000000,38906.000000000,38910.000000000,51,YM
2024-06-10T18:09:04.000000000Z,32,1,80420,38911.000000000,38912.000000000,38911.000000000,38911.000000000,8,YM
2024-06-10T18:09:05.000000000Z,32,1,80420,38912.000000000,38913.000000000,38912.000000000,38912.000000000,9,YM
2024-06-10T18:09:07.000000000Z,32,1,80420,38911.000000000,38911.000000000,38908.000000000,38908.000000000,4,YM
2024-06-10T18:09:08.000000000Z,32,1,80420,38906.000000000,38907.000000000,38906.000000000,38907.000000000,5,YM
2024-06-10T18:09:09.000000000Z,32,1,80420,38907.000000000,38908.000000000,38907.000000000,38908.000000000,6,YM
2024-06-10T18:09:10.000000000Z,32,1,80420,38909.000000000,38910.000000000,38909.000000000,38909.000000000,6,YM
2024-06-10T18:09:11.000000000Z,32,1,80420,38908.000000000,38909.000000000,38906.000000000,38909.000000000,17,YM
2024-06-10T18:09:12.000000000Z,32,1,80420,38909.000000000,38909.000000000,38909.000000000,38909.000000000,3,YM
2024-06-10T18:09:13.000000000Z,32,1,80420,38910.000000000,38910.000000000,38910.000000000,38910.000000000,3,YM
2024-06-10T18:09:15.000000000Z,32,1,80420,38908.000000000,38908.000000000,38908.000000000,38908.000000000,1,YM
2024-06-10T18:09:17.000000000Z,32,1,80420,38907.000000000,38907.000000000,38907.000000000,38907.000000000,1,YM
2024-06-10T18:09:18.000000000Z,32,1,80420,38906.000000000,38906.000000000,38906.000000000,38906.000000000,3,YM
2024-06-10T18:09:19.000000000Z,32,1,80420,38906.000000000,38906.000000000,38904.000000000,38904.000000000,7,YM
2024-06-10T18:09:20.000000000Z,32,1,80420,38905.000000000,38906.000000000,38904.000000000,38906.000000000,9,YM
2024-06-10T18:09:21.000000000Z,32,1,80420,38909.000000000,38910.000000000,38909.000000000,38910.000000000,7,YM
2024-06-10T18:09:22.000000000Z,32,1,80420,38910.000000000,38911.000000000,38910.000000000,38911.000000000,3,YM
2024-06-10T18:09:24.000000000Z,32,1,80420,38912.000000000,38912.000000000,38912.000000000,38912.000000000,1,YM
2024-06-10T18:09:26.000000000Z,32,1,80420,38912.000000000,38912.000000000,38910.000000000,38910.000000000,11,YM
2024-06-10T18:09:27.000000000Z,32,1,80420,38910.000000000,38911.000000000,38910.000000000,38911.000000000,2,YM
2024-06-10T18:09:29.000000000Z,32,1,80420,38912.000000000,38912.000000000,38912.000000000,38912.000000000,2,YM
2024-06-10T18:09:31.000000000Z,32,1,80420,38910.000000000,38910.000000000,38909.000000000,38909.000000000,4,YM
2024-06-10T18:09:32.000000000Z,32,1,80420,38908.000000000,38908.000000000,38908.000000000,38908.000000000,1,YM
2024-06-10T18:09:34.000000000Z,32,1,80420,38909.000000000,38910.000000000,38909.000000000,38910.000000000,3,YM
2024-06-10T18:09:35.000000000Z,32,1,80420,38911.000000000,38911.000000000,38911.000000000,38911.000000000,4,YM
2024-06-10T18:09:37.000000000Z,32,1,80420,38907.000000000,38908.000000000,38907.000000000,38908.000000000,10,YM
2024-06-10T18:09:38.000000000Z,32,1,80420,38908.000000000,38908.000000000,38908.000000000,38908.000000000,3,YM
2024-06-10T18:09:39.000000000Z,32,1,80420,38908.000000000,38908.000000000,38907.000000000,38907.000000000,2,YM
2024-06-10T18:09:40.000000000Z,32,1,80420,38906.000000000,38906.000000000,38906.000000000,38906.000000000,1,YM
2024-06-10T18:09:41.000000000Z,32,1,80420,38907.000000000,38907.000000000,38907.000000000,38907.000000000,2,YM
2024-06-10T18:09:42.000000000Z,32,1,80420,38907.000000000,38907.000000000,38907.000000000,38907.000000000,5,YM
2024-06-10T18:09:43.000000000Z,32,1,80420,38907.000000000,38907.000000000,38907.000000000,38907.000000000,2,YM
2024-06-10T18:09:44.000000000Z,32,1,80420,38906.000000000,38906.000000000,38906.000000000,38906.000000000,1,YM
2024-06-10T18:09:45.000000000Z,32,1,80420,38907.000000000,38907.000000000,38907.000000000,38907.000000000,1,YM
2024-06-10T18:09:46.000000000Z,32,1,80420,38907.000000000,38907.000000000,38907.000000000,38907.000000000,3,YM
2024-06-10T18:09:49.000000000Z,32,1,80420,38907.000000000,38908.000000000,38907.000000000,38908.000000000,7,YM
2024-06-10T18:09:50.000000000Z,32,1,80420,38906.000000000,38906.000000000,38906.000000000,38906.000000000,1,YM
2024-06-10T18:09:51.000000000Z,32,1,80420,38909.000000000,38909.000000000,38909.000000000,38909.000000000,5,YM
2024-06-10T18:09:52.000000000Z,32,1,80420,38909.000000000,38910.000000000,38909.000000000,38910.000000000,7,YM
2024-06-10T18:09:53.000000000Z,32,1,80420,38909.000000000,38909.000000000,38909.000000000,38909.000000000,3,YM
2024-06-10T18:09:54.000000000Z,32,1,80420,38910.000000000,38910.000000000,38910.000000000,38910.000000000,2,YM
2024-06-10T18:09:55.000000000Z,32,1,80420,38910.000000000,38910.000000000,38908.000000000,38908.000000000,2,YM
2024-06-10T18:09:56.000000000Z,32,1,80420,38908.000000000,38908.000000000,38908.000000000,38908.000000000,1,YM
2024-06-10T18:09:57.000000000Z,32,1,80420,38909.000000000,38910.000000000,38909.000000000,38910.000000000,4,YM
2024-06-10T18:09:59.000000000Z,32,1,80420,38907.000000000,38907.000000000,38907.000000000,38907.000000000,1,YM
2024-06-10T18:10:00.000000000Z,32,1,80420,38907.000000000,38908.000000000,38906.000000000,38906.000000000,7,YM
2024-06-10T18:10:01.000000000Z,32,1,80420,38908.000000000,38908.000000000,38907.000000000,38907.000000000,6,YM
2024-06-10T18:10:03.000000000Z,32,1,80420,38906.000000000,38907.000000000,38906.000000000,38907.000000000,2,YM
2024-06-10T18:10:04.000000000Z,32,1,80420,38906.000000000,38906.000000000,38905.000000000,38905.000000000,13,YM
2024-06-10T18:10:05.000000000Z,32,1,80420,38905.000000000,38906.000000000,38905.000000000,38906.000000000,5,YM
2024-06-10T18:10:06.000000000Z,32,1,80420,38905.000000000,38905.000000000,38902.000000000,38902.000000000,8,YM
2024-06-10T18:10:07.000000000Z,32,1,80420,38904.000000000,38906.000000000,38904.000000000,38905.000000000,15,YM
2024-06-10T18:10:08.000000000Z,32,1,80420,38905.000000000,38905.000000000,38905.000000000,38905.000000000,2,YM
2024-06-10T18:10:10.000000000Z,32,1,80420,38907.000000000,38908.000000000,38907.000000000,38908.000000000,5,YM
2024-06-10T18:10:11.000000000Z,32,1,80420,38909.000000000,38909.000000000,38908.000000000,38909.000000000,4,YM
2024-06-10T18:10:12.000000000Z,32,1,80420,38908.000000000,38908.000000000,38908.000000000,38908.000000000,4,YM
2024-06-10T18:10:14.000000000Z,32,1,80420,38910.000000000,38910.000000000,38910.000000000,38910.000000000,1,YM
2024-06-10T18:10:15.000000000Z,32,1,80420,38910.000000000,38911.000000000,38910.000000000,38911.000000000,4,YM
2024-06-10T18:10:16.000000000Z,32,1,80420,38909.000000000,38909.000000000,38909.000000000,38909.000000000,4,YM
2024-06-10T18:10:18.000000000Z,32,1,80420,38909.000000000,38910.000000000,38909.000000000,38910.000000000,2,YM
2024-06-10T18:10:19.000000000Z,32,1,80420,38910.000000000,38910.000000000,38910.000000000,38910.000000000,2,YM
2024-06-10T18:10:20.000000000Z,32,1,80420,38910.000000000,38910.000000000,38910.000000000,38910.000000000,1,YM
2024-06-10T18:10:22.000000000Z,32,1,80420,38909.000000000,38909.000000000,38907.000000000,38907.000000000,6,YM
2024-06-10T18:10:25.000000000Z,32,1,80420,38906.000000000,38906.000000000,38906.000000000,38906.000000000,1,YM
2024-06-10T18:10:26.000000000Z,32,1,80420,38906.000000000,38906.000000000,38906.000000000,38906.000000000,6,YM
2024-06-10T18:10:30.000000000Z,32,1,80420,38905.000000000,38905.000000000,38904.000000000,38904.000000000,6,YM
2024-06-10T18:10:31.000000000Z,32,1,80420,38903.000000000,38903.000000000,38902.000000000,38902.000000000,9,YM
2024-06-10T18:10:32.000000000Z,32,1,80420,38902.000000000,38902.000000000,38902.000000000,38902.000000000,1,YM
2024-06-10T18:10:33.000000000Z,32,1,80420,38902.000000000,38902.000000000,38902.000000000,38902.000000000,1,YM
2024-06-10T18:10:34.000000000Z,32,1,80420,38902.000000000,38903.000000000,38902.000000000,38903.000000000,4,YM
2024-06-10T18:10:35.000000000Z,32,1,80420,38902.000000000,38904.000000000,38902.000000000,38904.000000000,5,YM
2024-06-10T18:10:36.000000000Z,32,1,80420,38905.000000000,38905.000000000,38905.000000000,38905.000000000,2,YM
2024-06-10T18:10:37.000000000Z,32,1,80420,38905.000000000,38905.000000000,38905.000000000,38905.000000000,6,YM
2024-06-10T18:10:39.000000000Z,32,1,80420,38904.000000000,38904.000000000,38904.000000000,38904.000000000,7,YM
2024-06-10T18:10:40.000000000Z,32,1,80420,38905.000000000,38905.000000000,38905.000000000,38905.000000000,5,YM
2024-06-10T18:10:43.000000000Z,32,1,80420,38906.000000000,38906.000000000,38906.000000000,38906.000000000,1,YM
2024-06-10T18:10:44.000000000Z,32,1,80420,38907.000000000,38907.000000000,38907.000000000,38907.000000000,2,YM
2024-06-10T18:10:45.000000000Z,32,1,80420,38907.000000000,38907.000000000,38907.000000000,38907.000000000,3,YM
2024-06-10T18:10:47.000000000Z,32,1,80420,38906.000000000,38906.000000000,38906.000000000,38906.000000000,2,YM
2024-06-10T18:10:49.000000000Z,32,1,80420,38906.000000000,38906.000000000,38906.000000000,38906.000000000,3,YM
2024-06-10T18:10:50.000000000Z,32,1,80420,38906.000000000,38906.000000000,38906.000000000,38906.000000000,2,YM
2024-06-10T18:10:51.000000000Z,32,1,80420,38905.000000000,38905.000000000,38905.000000000,38905.000000000,1,YM
2024-06-10T18:10:54.000000000Z,32,1,80420,38905.000000000,38905.000000000,38905.000000000,38905.000000000,1,YM
2024-06-10T18:10:55.000000000Z,32,1,80420,38905.000000000,38905.000000000,38903.000000000,38903.000000000,4,YM
2024-06-10T18:10:56.000000000Z,32,1,80420,38905.000000000,38908.000000000,38905.000000000,38908.000000000,12,YM
2024-06-10T18:10:57.000000000Z,32,1,80420,38907.000000000,38907.000000000,38907.000000000,38907.000000000,1,YM
2024-06-10T18:10:58.000000000Z,32,1,80420,38905.000000000,38906.000000000,38905.000000000,38906.000000000,2,YM
2024-06-10T18:10:59.000000000Z,32,1,80420,38905.000000000,38905.000000000,38905.000000000,38905.000000000,2,YM
2024-06-10T18:11:00.000000000Z,32,1,80420,38905.000000000,38905.000000000,38905.000000000,38905.000000000,6,YM
2024-06-10T18:11:01.000000000Z,32,1,80420,38904.000000000,38904.000000000,38903.000000000,38903.000000000,8,YM
2024-06-10T18:11:02.000000000Z,32,1,80420,38903.000000000,38903.000000000,38903.000000000,38903.000000000,2,YM
2024-06-10T18:11:03.000000000Z,32,1,80420,38901.000000000,38901.000000000,38901.000000000,38901.000000000,3,YM
2024-06-10T18:11:04.000000000Z,32,1,80420,38900.000000000,38901.000000000,38900.000000000,38901.000000000,2,YM
2024-06-10T18:11:05.000000000Z,32,1,80420,38900.000000000,38900.000000000,38900.000000000,38900.000000000,11,YM
2024-06-10T18:11:06.000000000Z,32,1,80420,38900.000000000,38901.000000000,38900.000000000,38901.000000000,2,YM
2024-06-10T18:11:07.000000000Z,32,1,80420,38902.000000000,38902.000000000,38902.000000000,38902.000000000,2,YM
2024-06-10T18:11:08.000000000Z,32,1,80420,38903.000000000,38905.000000000,38903.000000000,38905.000000000,4,YM
2024-06-10T18:11:09.000000000Z,32,1,80420,38905.000000000,38906.000000000,38905.000000000,38906.000000000,2,YM
2024-06-10T18:11:13.000000000Z,32,1,80420,38905.000000000,38905.000000000,38905.000000000,38905.000000000,1,YM
2024-06-10T18:11:17.000000000Z,32,1,80420,38906.000000000,38906.000000000,38906.000000000,38906.000000000,2,YM
2024-06-10T18:11:18.000000000Z,32,1,80420,38906.000000000,38906.000000000,38906.000000000,38906.000000000,1,YM
2024-06-10T18:11:19.000000000Z,32,1,80420,38904.000000000,38904.000000000,38904.000000000,38904.000000000,5,YM
2024-06-10T18:11:20.000000000Z,32,1,80420,38903.000000000,38904.000000000,38903.000000000,38904.000000000,3,YM
2024-06-10T18:11:21.000000000Z,32,1,80420,38903.000000000,38903.000000000,38903.000000000,38903.000000000,1,YM
2024-06-10T18:11:26.000000000Z,32,1,80420,38903.000000000,38903.000000000,38903.000000000,38903.000000000,1,YM
2024-06-10T18:11:27.000000000Z,32,1,80420,38901.000000000,38901.000000000,38901.000000000,38901.000000000,2,YM
2024-06-10T18:11:29.000000000Z,32,1,80420,38901.000000000,38901.000000000,38901.000000000,38901.000000000,1,YM
2024-06-10T18:11:30.000000000Z,32,1,80420,38902.000000000,38902.000000000,38902.000000000,38902.000000000,2,YM
2024-06-10T18:11:31.000000000Z,32,1,80420,38900.000000000,38900.000000000,38900.000000000,38900.000000000,1,YM
2024-06-10T18:11:32.000000000Z,32,1,80420,38901.000000000,38901.000000000,38901.000000000,38901.000000000,2,YM
2024-06-10T18:11:33.000000000Z,32,1,80420,38901.000000000,38901.000000000,38900.000000000,38900.000000000,3,YM
2024-06-10T18:11:39.000000000Z,32,1,80420,38900.000000000,38900.000000000,38900.000000000,38900.000000000,3,YM
2024-06-10T18:11:40.000000000Z,32,1,80420,38900.000000000,38900.000000000,38900.000000000,38900.000000000,1,YM
2024-06-10T18:11:41.000000000Z,32,1,80420,38900.000000000,38900.000000000,38900.000000000,38900.000000000,1,YM
2024-06-10T18:11:42.000000000Z,32,1,80420,38900.000000000,38900.000000000,38898.000000000,38898.000000000,5,YM
2024-06-10T18:11:43.000000000Z,32,1,80420,38898.000000000,38898.000000000,38898.000000000,38898.000000000,5,YM
2024-06-10T18:11:44.000000000Z,32,1,80420,38898.000000000,38898.000000000,38898.000000000,38898.000000000,1,YM
2024-06-10T18:11:46.000000000Z,32,1,80420,38899.000000000,38899.000000000,38899.000000000,38899.000000000,6,YM
2024-06-10T18:11:47.000000000Z,32,1,80420,38899.000000000,38899.000000000,38899.000000000,38899.000000000,1,YM
2024-06-10T18:11:48.000000000Z,32,1,80420,38897.000000000,38897.000000000,38896.000000000,38896.000000000,8,YM
2024-06-10T18:11:49.000000000Z,32,1,80420,38896.000000000,38896.000000000,38893.000000000,38893.000000000,15,YM
2024-06-10T18:11:50.000000000Z,32,1,80420,38895.000000000,38895.000000000,38895.000000000,38895.000000000,1,YM
2024-06-10T18:11:51.000000000Z,32,1,80420,38893.000000000,38893.000000000,38893.000000000,38893.000000000,1,YM
2024-06-10T18:11:53.000000000Z,32,1,80420,38893.000000000,38893.000000000,38893.000000000,38893.000000000,5,YM
2024-06-10T18:11:54.000000000Z,32,1,80420,38894.000000000,38894.000000000,38894.000000000,38894.000000000,5,YM
2024-06-10T18:11:57.000000000Z,32,1,80420,38895.000000000,38895.000000000,38895.000000000,38895.000000000,1,YM
2024-06-10T18:12:00.000000000Z,32,1,80420,38897.000000000,38899.000000000,38897.000000000,38899.000000000,3,YM
2024-06-10T18:12:01.000000000Z,32,1,80420,38899.000000000,38899.000000000,38898.000000000,38898.000000000,4,YM
2024-06-10T18:12:02.000000000Z,32,1,80420,38900.000000000,38900.000000000,38900.000000000,38900.000000000,2,YM
2024-06-10T18:12:03.000000000Z,32,1,80420,38898.000000000,38898.000000000,38898.000000000,38898.000000000,1,YM
2024-06-10T18:12:04.000000000Z,32,1,80420,38897.000000000,38897.000000000,38897.000000000,38897.000000000,1,YM
2024-06-10T18:12:07.000000000Z,32,1,80420,38897.000000000,38897.000000000,38897.000000000,38897.000000000,2,YM
2024-06-10T18:12:08.000000000Z,32,1,80420,38899.000000000,38899.000000000,38899.000000000,38899.000000000,1,YM
2024-06-10T18:12:10.000000000Z,32,1,80420,38897.000000000,38897.000000000,38897.000000000,38897.000000000,1,YM
2024-06-10T18:12:12.000000000Z,32,1,80420,38897.000000000,38897.000000000,38897.000000000,38897.000000000,1,YM
2024-06-10T18:12:14.000000000Z,32,1,80420,38895.000000000,38895.000000000,38895.000000000,38895.000000000,1,YM
2024-06-10T18:12:16.000000000Z,32,1,80420,38894.000000000,38894.000000000,38894.000000000,38894.000000000,1,YM
2024-06-10T18:12:17.000000000Z,32,1,80420,38894.000000000,38895.000000000,38894.000000000,38895.000000000,2,YM
2024-06-10T18:12:18.000000000Z,32,1,80420,38894.000000000,38895.000000000,38894.000000000,38895.000000000,3,YM
2024-06-10T18:12:19.000000000Z,32,1,80420,38894.000000000,38894.000000000,38894.000000000,38894.000000000,3,YM
2024-06-10T18:12:20.000000000Z,32,1,80420,38894.000000000,38894.000000000,38894.000000000,38894.000000000,3,YM
2024-06-10T18:12:22.000000000Z,32,1,80420,38893.000000000,38895.000000000,38893.000000000,38895.000000000,6,YM
2024-06-10T18:12:23.000000000Z,32,1,80420,38895.000000000,38895.000000000,38894.000000000,38894.000000000,5,YM
2024-06-10T18:12:25.000000000Z,32,1,80420,38895.000000000,38895.000000000,38895.000000000,38895.000000000,2,YM
2024-06-10T18:12:27.000000000Z,32,1,80420,38893.000000000,38894.000000000,38893.000000000,38894.000000000,2,YM
2024-06-10T18:12:29.000000000Z,32,1,80420,38894.000000000,38894.000000000,38894.000000000,38894.000000000,1,YM
2024-06-10T18:12:30.000000000Z,32,1,80420,38895.000000000,38895.000000000,38895.000000000,38895.000000000,2,YM
2024-06-10T18:12:31.000000000Z,32,1,80420,38895.000000000,38895.000000000,38894.000000000,38894.000000000,6,YM
2024-06-10T18:12:36.000000000Z,32,1,80420,38895.000000000,38895.000000000,38895.000000000,38895.000000000,1,YM
2024-06-10T18:12:37.000000000Z,32,1,80420,38894.000000000,38894.000000000,38894.000000000,38894.000000000,1,YM
2024-06-10T18:12:38.000000000Z,32,1,80420,38892.000000000,38892.000000000,38891.000000000,38891.000000000,13,YM
2024-06-10T18:12:39.000000000Z,32,1,80420,38891.000000000,38891.000000000,38891.000000000,38891.000000000,3,YM
2024-06-10T18:12:40.000000000Z,32,1,80420,38891.000000000,38891.000000000,38891.000000000,38891.000000000,1,YM
2024-06-10T18:12:41.000000000Z,32,1,80420,38890.000000000,38890.000000000,38889.000000000,38889.000000000,6,YM
2024-06-10T18:12:42.000000000Z,32,1,80420,38889.000000000,38890.000000000,38888.000000000,38888.000000000,16,YM
2024-06-10T18:12:43.000000000Z,32,1,80420,38888.000000000,38888.000000000,38888.000000000,38888.000000000,4,YM
2024-06-10T18:12:44.000000000Z,32,1,80420,38889.000000000,38889.000000000,38889.000000000,38889.000000000,1,YM
2024-06-10T18:12:46.000000000Z,32,1,80420,38890.000000000,38890.000000000,38890.000000000,38890.000000000,2,YM
2024-06-10T18:12:47.000000000Z,32,1,80420,38893.000000000,38893.000000000,38893.000000000,38893.000000000,1,YM
2024-06-10T18:12:48.000000000Z,32,1,80420,38893.000000000,38893.000000000,38893.000000000,38893.000000000,1,YM
2024-06-10T18:12:49.000000000Z,32,1,80420,38893.000000000,38893.000000000,38893.000000000,38893.000000000,2,YM
2024-06-10T18:12:50.000000000Z,32,1,80420,38893.000000000,38893.000000000,38893.000000000,38893.000000000,7,YM
2024-06-10T18:12:51.000000000Z,32,1,80420,38893.000000000,38894.000000000,38893.000000000,38894.000000000,3,YM
2024-06-10T18:12:52.000000000Z,32,1,80420,38895.000000000,38895.000000000,38895.000000000,38895.000000000,1,YM
2024-06-10T18:12:53.000000000Z,32,1,80420,38895.000000000,38896.000000000,38895.000000000,38896.000000000,4,YM
2024-06-10T18:12:54.000000000Z,32,1,80420,38897.000000000,38897.000000000,38897.000000000,38897.000000000,1,YM
2024-06-10T18:12:55.000000000Z,32,1,80420,38895.000000000,38895.000000000,38894.000000000,38895.000000000,12,YM
2024-06-10T18:12:56.000000000Z,32,1,80420,38896.000000000,38896.000000000,38896.000000000,38896.000000000,4,YM
2024-06-10T18:12:57.000000000Z,32,1,80420,38896.000000000,38897.000000000,38895.000000000,38896.000000000,8,YM
2024-06-10T18:12:58.000000000Z,32,1,80420,38897.000000000,38897.000000000,38896.000000000,38896.000000000,9,YM
2024-06-10T18:12:59.000000000Z,32,1,80420,38897.000000000,38897.000000000,38897.000000000,38897.000000000,1,YM
2024-06-10T18:13:00.000000000Z,32,1,80420,38898.000000000,38900.000000000,38898.000000000,38900.000000000,12,YM
2024-06-10T18:13:01.000000000Z,32,1,80420,38899.000000000,38900.000000000,38899.000000000,38900.000000000,4,YM
2024-06-10T18:13:02.000000000Z,32,1,80420,38899.000000000,38899.000000000,38899.000000000,38899.000000000,1,YM
2024-06-10T18:13:03.000000000Z,32,1,80420,38898.000000000,38898.000000000,38898.000000000,38898.000000000,1,YM
2024-06-10T18:13:04.000000000Z,32,1,80420,38899.000000000,38899.000000000,38899.000000000,38899.000000000,1,YM
2024-06-10T18:13:05.000000000Z,32,1,80420,38900.000000000,38900.000000000,38900.000000000,38900.000000000,2,YM
2024-06-10T18:13:06.000000000Z,32,1,80420,38900.000000000,38901.000000000,38900.000000000,38900.000000000,7,YM
2024-06-10T18:13:09.000000000Z,32,1,80420,38902.000000000,38902.000000000,38901.000000000,38902.000000000,8,YM
2024-06-10T18:13:10.000000000Z,32,1,80420,38901.000000000,38902.000000000,38901.000000000,38902.000000000,2,YM
2024-06-10T18:13:11.000000000Z,32,1,80420,38901.000000000,38901.000000000,38901.000000000,38901.000000000,3,YM
2024-06-10T18:13:14.000000000Z,32,1,80420,38901.000000000,38901.000000000,38901.000000000,38901.000000000,1,YM
2024-06-10T18:13:16.000000000Z,32,1,80420,38900.000000000,38900.000000000,38900.000000000,38900.000000000,4,YM
2024-06-10T18:13:18.000000000Z,32,1,80420,38901.000000000,38902.000000000,38901.000000000,38902.000000000,3,YM
2024-06-10T18:13:19.000000000Z,32,1,80420,38902.000000000,38902.000000000,38902.000000000,38902.000000000,1,YM
2024-06-10T18:13:20.000000000Z,32,1,80420,38902.000000000,38902.000000000,38901.000000000,38901.000000000,2,YM
2024-06-10T18:13:21.000000000Z,32,1,80420,38900.000000000,38901.000000000,38900.000000000,38901.000000000,5,YM
2024-06-10T18:13:22.000000000Z,32,1,80420,38900.000000000,38901.000000000,38900.000000000,38901.000000000,2,YM
2024-06-10T18:13:24.000000000Z,32,1,80420,38901.000000000,38901.000000000,38899.000000000,38899.000000000,6,YM
2024-06-10T18:13:27.000000000Z,32,1,80420,38901.000000000,38902.000000000,38901.000000000,38902.000000000,9,YM
2024-06-10T18:13:29.000000000Z,32,1,80420,38903.000000000,38904.000000000,38903.000000000,38903.000000000,8,YM
2024-06-10T18:13:30.000000000Z,32,1,80420,38903.000000000,38903.000000000,38903.000000000,38903.000000000,1,YM
2024-06-10T18:13:31.000000000Z,32,1,80420,38904.000000000,38905.000000000,38904.000000000,38905.000000000,3,YM
2024-06-10T18:13:32.000000000Z,32,1,80420,38904.000000000,38904.000000000,38904.000000000,38904.000000000,1,YM
2024-06-10T18:13:34.000000000Z,32,1,80420,38904.000000000,38905.000000000,38904.000000000,38905.000000000,3,YM
2024-06-10T18:13:35.000000000Z,32,1,80420,38904.000000000,38904.000000000,38904.000000000,38904.000000000,1,YM
2024-06-10T18:13:40.000000000Z,32,1,80420,38902.000000000,38902.000000000,38902.000000000,38902.000000000,1,YM
2024-06-10T18:13:41.000000000Z,32,1,80420,38901.000000000,38901.000000000,38901.000000000,38901.000000000,2,YM
2024-06-10T18:13:43.000000000Z,32,1,80420,38902.000000000,38902.000000000,38902.000000000,38902.000000000,1,YM
2024-06-10T18:13:45.000000000Z,32,1,80420,38901.000000000,38901.000000000,38901.000000000,38901.000000000,1,YM
2024-06-10T18:13:47.000000000Z,32,1,80420,38902.000000000,38903.000000000,38901.000000000,38902.000000000,8,YM
2024-06-10T18:13:48.000000000Z,32,1,80420,38902.000000000,38902.000000000,38901.000000000,38901.000000000,4,YM
2024-06-10T18:13:49.000000000Z,32,1,80420,38900.000000000,38900.000000000,38900.000000000,38900.000000000,2,YM
2024-06-10T18:13:50.000000000Z,32,1,80420,38899.000000000,38899.000000000,38899.000000000,38899.000000000,1,YM
2024-06-10T18:13:53.000000000Z,32,1,80420,38899.000000000,38899.000000000,38899.000000000,38899.000000000,1,YM
2024-06-10T18:13:55.000000000Z,32,1,80420,38900.000000000,38900.000000000,38900.000000000,38900.000000000,1,YM
2024-06-10T18:13:58.000000000Z,32,1,80420,38900.000000000,38900.000000000,38900.000000000,38900.000000000,4,YM
2024-06-10T18:13:59.000000000Z,32,1,80420,38900.000000000,38900.000000000,38900.000000000,38900.000000000,1,YM
2024-06-10T18:14:00.000000000Z,32,1,80420,38899.000000000,38899.000000000,38899.000000000,38899.000000000,1,YM
2024-06-10T18:14:01.000000000Z,32,1,80420,38900.000000000,38900.000000000,38900.000000000,38900.000000000,1,YM
2024-06-10T18:14:02.000000000Z,32,1,80420,38900.000000000,38901.000000000,38900.000000000,38900.000000000,5,YM
2024-06-10T18:14:03.000000000Z,32,1,80420,38901.000000000,38902.000000000,38900.000000000,38902.000000000,6,YM
2024-06-10T18:14:05.000000000Z,32,1,80420,38902.000000000,38902.000000000,38902.000000000,38902.000000000,2,YM
2024-06-10T18:14:08.000000000Z,32,1,80420,38903.000000000,38903.000000000,38903.000000000,38903.000000000,2,YM
2024-06-10T18:14:10.000000000Z,32,1,80420,38903.000000000,38903.000000000,38903.000000000,38903.000000000,2,YM
2024-06-10T18:14:13.000000000Z,32,1,80420,38904.000000000,38904.000000000,38904.000000000,38904.000000000,1,YM
2024-06-10T18:14:16.000000000Z,32,1,80420,38903.000000000,38903.000000000,38903.000000000,38903.000000000,1,YM
2024-06-10T18:14:19.000000000Z,32,1,80420,38900.000000000,38900.000000000,38899.000000000,38899.000000000,9,YM
2024-06-10T18:14:20.000000000Z,32,1,80420,38901.000000000,38901.000000000,38901.000000000,38901.000000000,3,YM
2024-06-10T18:14:21.000000000Z,32,1,80420,38902.000000000,38903.000000000,38902.000000000,38903.000000000,7,YM
2024-06-10T18:14:22.000000000Z,32,1,80420,38903.000000000,38905.000000000,38903.000000000,38905.000000000,3,YM
2024-06-10T18:14:23.000000000Z,32,1,80420,38905.000000000,38907.000000000,38905.000000000,38906.000000000,18,YM
2024-06-10T18:14:24.000000000Z,32,1,80420,38906.000000000,38906.000000000,38906.000000000,38906.000000000,1,YM
2024-06-10T18:14:25.000000000Z,32,1,80420,38906.000000000,38906.000000000,38905.000000000,38905.000000000,10,YM
2024-06-10T18:14:26.000000000Z,32,1,80420,38906.000000000,38906.000000000,38906.000000000,38906.000000000,2,YM
2024-06-10T18:14:27.000000000Z,32,1,80420,38906.000000000,38906.000000000,38906.000000000,38906.000000000,2,YM
2024-06-10T18:14:30.000000000Z,32,1,80420,38906.000000000,38906.000000000,38906.000000000,38906.000000000,2,YM
2024-06-10T18:14:32.000000000Z,32,1,80420,38907.000000000,38907.000000000,38906.000000000,38906.000000000,3,YM
2024-06-10T18:14:37.000000000Z,32,1,80420,38906.000000000,38906.000000000,38906.000000000,38906.000000000,1,YM
2024-06-10T18:14:39.000000000Z,32,1,80420,38906.000000000,38906.000000000,38905.000000000,38905.000000000,3,YM
2024-06-10T18:14:40.000000000Z,32,1,80420,38906.000000000,38906.000000000,38906.000000000,38906.000000000,1,YM
2024-06-10T18:14:47.000000000Z,32,1,80420,38906.000000000,38906.000000000,38905.000000000,38905.000000000,3,YM
2024-06-10T18:14:49.000000000Z,32,1,80420,38908.000000000,38910.000000000,38908.000000000,38910.000000000,4,YM
2024-06-10T18:14:50.000000000Z,32,1,80420,38909.000000000,38910.000000000,38909.000000000,38910.000000000,2,YM
2024-06-10T18:14:51.000000000Z,32,1,80420,38910.000000000,38910.000000000,38910.000000000,38910.000000000,1,YM
2024-06-10T18:14:52.000000000Z,32,1,80420,38911.000000000,38912.000000000,38910.000000000,38910.000000000,21,YM
2024-06-10T18:14:53.000000000Z,32,1,80420,38911.000000000,38911.000000000,38911.000000000,38911.000000000,3,YM
2024-06-10T18:14:54.000000000Z,32,1,80420,38911.000000000,38911.000000000,38911.000000000,38911.000000000,1,YM
2024-06-10T18:14:55.000000000Z,32,1,80420,38910.000000000,38910.000000000,38910.000000000,38910.000000000,3,YM
2024-06-10T18:14:56.000000000Z,32,1,80420,38909.000000000,38909.000000000,38909.000000000,38909.000000000,3,YM
2024-06-10T18:14:57.000000000Z,32,1,80420,38908.000000000,38908.000000000,38908.000000000,38908.000000000,1,YM
2024-06-10T18:14:58.000000000Z,32,1,80420,38909.000000000,38909.000000000,38909.000000000,38909.000000000,1,YM
2024-06-10T18:14:59.000000000Z,32,1,80420,38909.000000000,38909.000000000,38909.000000000,38909.000000000,3,YM
2024-06-10T18:15:00.000000000Z,32,1,80420,38909.000000000,38909.000000000,38909.000000000,38909.000000000,3,YM
2024-06-10T18:15:01.000000000Z,32,1,80420,38908.000000000,38908.000000000,38905.000000000,38905.000000000,6,YM
2024-06-10T18:15:02.000000000Z,32,1,80420,38907.000000000,38907.000000000,38907.000000000,38907.000000000,2,YM
2024-06-10T18:15:04.000000000Z,32,1,80420,38907.000000000,38907.000000000,38907.000000000,38907.000000000,1,YM
2024-06-10T18:15:05.000000000Z,32,1,80420,38907.000000000,38907.000000000,38906.000000000,38906.000000000,2,YM
2024-06-10T18:15:06.000000000Z,32,1,80420,38905.000000000,38905.000000000,38905.000000000,38905.000000000,2,YM
2024-06-10T18:15:08.000000000Z,32,1,80420,38905.000000000,38905.000000000,38905.000000000,38905.000000000,1,YM
2024-06-10T18:15:09.000000000Z,32,1,80420,38906.000000000,38908.000000000,38906.000000000,38908.000000000,2,YM
2024-06-10T18:15:10.000000000Z,32,1,80420,38909.000000000,38909.000000000,38908.000000000,38908.000000000,5,YM
2024-06-10T18:15:12.000000000Z,32,1,80420,38911.000000000,38912.000000000,38911.000000000,38912.000000000,4,YM
2024-06-10T18:15:13.000000000Z,32,1,80420,38912.000000000,38912.000000000,38912.000000000,38912.000000000,2,YM
2024-06-10T18:15:14.000000000Z,32,1,80420,38911.000000000,38911.000000000,38909.000000000,38909.000000000,4,YM
2024-06-10T18:15:15.000000000Z,32,1,80420,38909.000000000,38909.000000000,38908.000000000,38909.000000000,5,YM
2024-06-10T18:15:16.000000000Z,32,1,80420,38910.000000000,38910.000000000,38910.000000000,38910.000000000,1,YM
2024-06-10T18:15:18.000000000Z,32,1,80420,38908.000000000,38909.000000000,38908.000000000,38909.000000000,4,YM
2024-06-10T18:15:19.000000000Z,32,1,80420,38910.000000000,38910.000000000,38910.000000000,38910.000000000,1,YM
2024-06-10T18:15:20.000000000Z,32,1,80420,38909.000000000,38911.000000000,38909.000000000,38911.000000000,3,YM
2024-06-10T18:15:21.000000000Z,32,1,80420,38911.000000000,38911.000000000,38911.000000000,38911.000000000,2,YM
2024-06-10T18:15:25.000000000Z,32,1,80420,38913.000000000,38913.000000000,38911.000000000,38911.000000000,2,YM
2024-06-10T18:15:29.000000000Z,32,1,80420,38910.000000000,38910.000000000,38909.000000000,38909.000000000,3,YM
2024-06-10T18:15:30.000000000Z,32,1,80420,38909.000000000,38909.000000000,38909.000000000,38909.000000000,3,YM
2024-06-10T18:15:34.000000000Z,32,1,80420,38907.000000000,38907.000000000,38907.000000000,38907.000000000,2,YM
2024-06-10T18:15:36.000000000Z,32,1,80420,38908.000000000,38908.000000000,38908.000000000,38908.000000000,1,YM
2024-06-10T18:15:38.000000000Z,32,1,80420,38906.000000000,38906.000000000,38906.000000000,38906.000000000,3,YM
2024-06-10T18:15:39.000000000Z,32,1,80420,38905.000000000,38905.000000000,38903.000000000,38903.000000000,4,YM
2024-06-10T18:15:40.000000000Z,32,1,80420,38904.000000000,38904.000000000,38904.000000000,38904.000000000,1,YM
2024-06-10T18:15:41.000000000Z,32,1,80420,38904.000000000,38904.000000000,38903.000000000,38903.000000000,2,YM
2024-06-10T18:15:43.000000000Z,32,1,80420,38902.000000000,38902.000000000,38902.000000000,38902.000000000,5,YM
2024-06-10T18:15:44.000000000Z,32,1,80420,38902.000000000,38903.000000000,38902.000000000,38903.000000000,10,YM
2024-06-10T18:15:49.000000000Z,32,1,80420,38904.000000000,38904.000000000,38904.000000000,38904.000000000,2,YM
2024-06-10T18:15:51.000000000Z,32,1,80420,38906.000000000,38908.000000000,38906.000000000,38908.000000000,3,YM
2024-06-10T18:15:52.000000000Z,32,1,80420,38907.000000000,38907.000000000,38907.000000000,38907.000000000,1,YM
2024-06-10T18:15:53.000000000Z,32,1,80420,38908.000000000,38909.000000000,38908.000000000,38909.000000000,2,YM
2024-06-10T18:16:00.000000000Z,32,1,80420,38911.000000000,38911.000000000,38911.000000000,38911.000000000,1,YM
2024-06-10T18:16:02.000000000Z,32,1,80420,38911.000000000,38911.000000000,38910.000000000,38910.000000000,3,YM
2024-06-10T18:16:03.000000000Z,32,1,80420,38910.000000000,38910.000000000,38910.000000000,38910.000000000,1,YM
2024-06-10T18:16:04.000000000Z,32,1,80420,38910.000000000,38910.000000000,38910.000000000,38910.000000000,2,YM
2024-06-10T18:16:06.000000000Z,32,1,80420,38911.000000000,38911.000000000,38911.000000000,38911.000000000,1,YM
2024-06-10T18:16:07.000000000Z,32,1,80420,38911.000000000,38913.000000000,38911.000000000,38913.000000000,6,YM
2024-06-10T18:16:09.000000000Z,32,1,80420,38914.000000000,38914.000000000,38914.000000000,38914.000000000,3,YM
2024-06-10T18:16:16.000000000Z,32,1,80420,38913.000000000,38913.000000000,38913.000000000,38913.000000000,5,YM
2024-06-10T18:16:18.000000000Z,32,1,80420,38915.000000000,38915.000000000,38915.000000000,38915.000000000,2,YM
2024-06-10T18:16:19.000000000Z,32,1,80420,38916.000000000,38916.000000000,38916.000000000,38916.000000000,5,YM
2024-06-10T18:16:21.000000000Z,32,1,80420,38916.000000000,38921.000000000,38916.000000000,38920.000000000,12,YM
2024-06-10T18:16:22.000000000Z,32,1,80420,38920.000000000,38920.000000000,38920.000000000,38920.000000000,2,YM
2024-06-10T18:16:23.000000000Z,32,1,80420,38919.000000000,38919.000000000,38919.000000000,38919.000000000,6,YM
2024-06-10T18:16:24.000000000Z,32,1,80420,38920.000000000,38920.000000000,38919.000000000,38919.000000000,2,YM
2024-06-10T18:16:25.000000000Z,32,1,80420,38920.000000000,38920.000000000,38920.000000000,38920.000000000,3,YM
2024-06-10T18:16:26.000000000Z,32,1,80420,38919.000000000,38919.000000000,38919.000000000,38919.000000000,5,YM
2024-06-10T18:16:27.000000000Z,32,1,80420,38920.000000000,38920.000000000,38920.000000000,38920.000000000,1,YM
2024-06-10T18:16:28.000000000Z,32,1,80420,38920.000000000,38921.000000000,38920.000000000,38921.000000000,3,YM
2024-06-10T18:16:29.000000000Z,32,1,80420,38921.000000000,38923.000000000,38921.000000000,38921.000000000,16,YM
2024-06-10T18:16:30.000000000Z,32,1,80420,38923.000000000,38923.000000000,38923.000000000,38923.000000000,2,YM
2024-06-10T18:16:31.000000000Z,32,1,80420,38924.000000000,38924.000000000,38921.000000000,38921.000000000,3,YM
2024-06-10T18:16:35.000000000Z,32,1,80420,38920.000000000,38920.000000000,38919.000000000,38919.000000000,2,YM
2024-06-10T18:16:36.000000000Z,32,1,80420,38919.000000000,38919.000000000,38919.000000000,38919.000000000,1,YM
2024-06-10T18:16:39.000000000Z,32,1,80420,38918.000000000,38918.000000000,38918.000000000,38918.000000000,1,YM
2024-06-10T18:16:40.000000000Z,32,1,80420,38917.000000000,38917.000000000,38917.000000000,38917.000000000,1,YM
2024-06-10T18:16:42.000000000Z,32,1,80420,38917.000000000,38917.000000000,38917.000000000,38917.000000000,1,YM
2024-06-10T18:16:44.000000000Z,32,1,80420,38918.000000000,38918.000000000,38918.000000000,38918.000000000,4,YM
2024-06-10T18:16:46.000000000Z,32,1,80420,38916.000000000,38917.000000000,38914.000000000,38915.000000000,10,YM
2024-06-10T18:16:47.000000000Z,32,1,80420,38914.000000000,38914.000000000,38914.000000000,38914.000000000,2,YM
2024-06-10T18:16:48.000000000Z,32,1,80420,38915.000000000,38915.000000000,38915.000000000,38915.000000000,1,YM
2024-06-10T18:16:49.000000000Z,32,1,80420,38915.000000000,38915.000000000,38915.000000000,38915.000000000,3,YM
2024-06-10T18:16:53.000000000Z,32,1,80420,38915.000000000,38915.000000000,38915.000000000,38915.000000000,1,YM
2024-06-10T18:16:56.000000000Z,32,1,80420,38915.000000000,38915.000000000,38915.000000000,38915.000000000,1,YM
2024-06-10T18:17:00.000000000Z,32,1,80420,38917.000000000,38917.000000000,38917.000000000,38917.000000000,2,YM
2024-06-10T18:17:01.000000000Z,32,1,80420,38918.000000000,38918.000000000,38918.000000000,38918.000000000,1,YM
2024-06-10T18:17:02.000000000Z,32,1,80420,38918.000000000,38919.000000000,38918.000000000,38919.000000000,2,YM
2024-06-10T18:17:03.000000000Z,32,1,80420,38920.000000000,38920.000000000,38920.000000000,38920.000000000,3,YM
2024-06-10T18:17:04.000000000Z,32,1,80420,38921.000000000,38921.000000000,38921.000000000,38921.000000000,2,YM
2024-06-10T18:17:05.000000000Z,32,1,80420,38920.000000000,38920.000000000,38920.000000000,38920.000000000,1,YM
2024-06-10T18:17:06.000000000Z,32,1,80420,38920.000000000,38920.000000000,38920.000000000,38920.000000000,1,YM
2024-06-10T18:17:08.000000000Z,32,1,80420,38919.000000000,38919.000000000,38919.000000000,38919.000000000,1,YM
2024-06-10T18:17:09.000000000Z,32,1,80420,38919.000000000,38919.000000000,38919.000000000,38919.000000000,1,YM
2024-06-10T18:17:11.000000000Z,32,1,80420,38920.000000000,38920.000000000,38920.000000000,38920.000000000,1,YM
2024-06-10T18:17:13.000000000Z,32,1,80420,38921.000000000,38921.000000000,38921.000000000,38921.000000000,1,YM
2024-06-10T18:17:15.000000000Z,32,1,80420,38923.000000000,38923.000000000,38923.000000000,38923.000000000,1,YM
2024-06-10T18:17:16.000000000Z,32,1,80420,38922.000000000,38923.000000000,38922.000000000,38922.000000000,6,YM
2024-06-10T18:17:18.000000000Z,32,1,80420,38922.000000000,38922.000000000,38922.000000000,38922.000000000,1,YM
2024-06-10T18:17:19.000000000Z,32,1,80420,38923.000000000,38923.000000000,38923.000000000,38923.000000000,2,YM
2024-06-10T18:17:20.000000000Z,32,1,80420,38922.000000000,38924.000000000,38922.000000000,38924.000000000,3,YM
2024-06-10T18:17:24.000000000Z,32,1,80420,38922.000000000,38922.000000000,38922.000000000,38922.000000000,1,YM
2024-06-10T18:17:26.000000000Z,32,1,80420,38923.000000000,38923.000000000,38922.000000000,38922.000000000,4,YM
2024-06-10T18:17:27.000000000Z,32,1,80420,38922.000000000,38922.000000000,38922.000000000,38922.000000000,1,YM
2024-06-10T18:17:28.000000000Z,32,1,80420,38922.000000000,38922.000000000,38921.000000000,38921.000000000,6,YM
2024-06-10T18:17:29.000000000Z,32,1,80420,38921.000000000,38921.000000000,38921.000000000,38921.000000000,1,YM
2024-06-10T18:17:30.000000000Z,32,1,80420,38921.000000000,38921.000000000,38918.000000000,38918.000000000,7,YM
2024-06-10T18:17:33.000000000Z,32,1,80420,38918.000000000,38918.000000000,38917.000000000,38917.000000000,2,YM
2024-06-10T18:17:35.000000000Z,32,1,80420,38916.000000000,38916.000000000,38915.000000000,38915.000000000,3,YM
2024-06-10T18:17:37.000000000Z,32,1,80420,38915.000000000,38915.000000000,38915.000000000,38915.000000000,1,YM
2024-06-10T18:17:40.000000000Z,32,1,80420,38915.000000000,38915.000000000,38915.000000000,38915.000000000,1,YM
2024-06-10T18:17:41.000000000Z,32,1,80420,38915.000000000,38915.000000000,38915.000000000,38915.000000000,3,YM
2024-06-10T18:17:42.000000000Z,32,1,80420,38915.000000000,38915.000000000,38914.000000000,38914.000000000,5,YM
2024-06-10T18:17:43.000000000Z,32,1,80420,38915.000000000,38915.000000000,38915.000000000,38915.000000000,1,YM
2024-06-10T18:17:44.000000000Z,32,1,80420,38916.000000000,38916.000000000,38916.000000000,38916.000000000,2,YM
2024-06-10T18:17:45.000000000Z,32,1,80420,38916.000000000,38916.000000000,38916.000000000,38916.000000000,1,YM
2024-06-10T18:17:46.000000000Z,32,1,80420,38916.000000000,38916.000000000,38915.000000000,38915.000000000,2,YM
2024-06-10T18:17:48.000000000Z,32,1,80420,38916.000000000,38916.000000000,38916.000000000,38916.000000000,3,YM
2024-06-10T18:17:50.000000000Z,32,1,80420,38916.000000000,38916.000000000,38915.000000000,38915.000000000,5,YM
2024-06-10T18:17:54.000000000Z,32,1,80420,38916.000000000,38916.000000000,38916.000000000,38916.000000000,1,YM
2024-06-10T18:17:55.000000000Z,32,1,80420,38916.000000000,38916.000000000,38916.000000000,38916.000000000,1,YM
2024-06-10T18:17:56.000000000Z,32,1,80420,38917.000000000,38917.000000000,38917.000000000,38917.000000000,1,YM
2024-06-10T18:17:59.000000000Z,32,1,80420,38919.000000000,38919.000000000,38917.000000000,38917.000000000,7,YM
2024-06-10T18:18:01.000000000Z,32,1,80420,38916.000000000,38916.000000000,38916.000000000,38916.000000000,3,YM
2024-06-10T18:18:02.000000000Z,32,1,80420,38916.000000000,38916.000000000,38916.000000000,38916.000000000,2,YM
2024-06-10T18:18:03.000000000Z,32,1,80420,38916.000000000,38916.000000000,38916.000000000,38916.000000000,1,YM
2024-06-10T18:18:05.000000000Z,32,1,80420,38917.000000000,38918.000000000,38916.000000000,38917.000000000,11,YM
2024-06-10T18:18:06.000000000Z,32,1,80420,38919.000000000,38919.000000000,38919.000000000,38919.000000000,1,YM
2024-06-10T18:18:07.000000000Z,32,1,80420,38919.000000000,38920.000000000,38919.000000000,38920.000000000,3,YM
2024-06-10T18:18:08.000000000Z,32,1,80420,38920.000000000,38920.000000000,38919.000000000,38920.000000000,8,YM
2024-06-10T18:18:09.000000000Z,32,1,80420,38920.000000000,38920.000000000,38919.000000000,38919.000000000,5,YM
2024-06-10T18:18:14.000000000Z,32,1,80420,38921.000000000,38921.000000000,38920.000000000,38920.000000000,3,YM
2024-06-10T18:18:15.000000000Z,32,1,80420,38919.000000000,38919.000000000,38918.000000000,38919.000000000,3,YM
2024-06-10T18:18:17.000000000Z,32,1,80420,38918.000000000,38918.000000000,38918.000000000,38918.000000000,2,YM
2024-06-10T18:18:18.000000000Z,32,1,80420,38917.000000000,38917.000000000,38917.000000000,38917.000000000,2,YM
2024-06-10T18:18:19.000000000Z,32,1,80420,38916.000000000,38917.000000000,38916.000000000,38917.000000000,3,YM
2024-06-10T18:18:20.000000000Z,32,1,80420,38916.000000000,38916.000000000,38916.000000000,38916.000000000,1,YM
2024-06-10T18:18:21.000000000Z,32,1,80420,38916.000000000,38916.000000000,38916.000000000,38916.000000000,3,YM
2024-06-10T18:18:22.000000000Z,32,1,80420,38917.000000000,38917.000000000,38916.000000000,38916.000000000,3,YM
2024-06-10T18:18:24.000000000Z,32,1,80420,38916.000000000,38916.000000000,38915.000000000,38915.000000000,18,YM
2024-06-10T18:18:26.000000000Z,32,1,80420,38916.000000000,38916.000000000,38915.000000000,38915.000000000,6,YM
2024-06-10T18:18:27.000000000Z,32,1,80420,38914.000000000,38914.000000000,38914.000000000,38914.000000000,1,YM
2024-06-10T18:18:28.000000000Z,32,1,80420,38916.000000000,38916.000000000,38915.000000000,38915.000000000,3,YM
2024-06-10T18:18:29.000000000Z,32,1,80420,38916.000000000,38916.000000000,38916.000000000,38916.000000000,1,YM
2024-06-10T18:18:30.000000000Z,32,1,80420,38916.000000000,38916.000000000,38916.000000000,38916.000000000,2,YM
2024-06-10T18:18:31.000000000Z,32,1,80420,38916.000000000,38916.000000000,38916.000000000,38916.000000000,1,YM
2024-06-10T18:18:32.000000000Z,32,1,80420,38917.000000000,38917.000000000,38917.000000000,38917.000000000,2,YM
2024-06-10T18:18:33.000000000Z,32,1,80420,38917.000000000,38917.000000000,38917.000000000,38917.000000000,1,YM
2024-06-10T18:18:34.000000000Z,32,1,80420,38917.000000000,38918.000000000,38917.000000000,38917.000000000,10,YM
2024-06-10T18:18:36.000000000Z,32,1,80420,38917.000000000,38917.000000000,38917.000000000,38917.000000000,1,YM
2024-06-10T18:18:37.000000000Z,32,1,80420,38918.000000000,38918.000000000,38918.000000000,38918.000000000,1,YM
2024-06-10T18:18:38.000000000Z,32,1,80420,38919.000000000,38919.000000000,38919.000000000,38919.000000000,2,YM
2024-06-10T18:18:39.000000000Z,32,1,80420,38919.000000000,38919.000000000,38919.000000000,38919.000000000,1,YM
2024-06-10T18:18:40.000000000Z,32,1,80420,38920.000000000,38920.000000000,38920.000000000,38920.000000000,1,YM
2024-06-10T18:18:41.000000000Z,32,1,80420,38919.000000000,38919.000000000,38919.000000000,38919.000000000,2,YM
2024-06-10T18:18:44.000000000Z,32,1,80420,38919.000000000,38919.000000000,38919.000000000,38919.000000000,1,YM
2024-06-10T18:18:45.000000000Z,32,1,80420,38919.000000000,38919.000000000,38919.000000000,38919.000000000,1,YM
2024-06-10T18:18:46.000000000Z,32,1,80420,38920.000000000,38920.000000000,38920.000000000,38920.000000000,1,YM
2024-06-10T18:18:47.000000000Z,32,1,80420,38920.000000000,38920.000000000,38920.000000000,38920.000000000,1,YM
2024-06-10T18:18:48.000000000Z,32,1,80420,38921.000000000,38921.000000000,38921.000000000,38921.000000000,1,YM
2024-06-10T18:18:49.000000000Z,32,1,80420,38920.000000000,38921.000000000,38920.000000000,38920.000000000,5,YM
2024-06-10T18:18:50.000000000Z,32,1,80420,38921.000000000,38921.000000000,38920.000000000,38920.000000000,3,YM
2024-06-10T18:18:51.000000000Z,32,1,80420,38919.000000000,38919.000000000,38917.000000000,38919.000000000,23,YM
2024-06-10T18:18:52.000000000Z,32,1,80420,38919.000000000,38919.000000000,38919.000000000,38919.000000000,3,YM
2024-06-10T18:18:53.000000000Z,32,1,80420,38918.000000000,38918.000000000,38918.000000000,38918.000000000,2,YM
2024-06-10T18:18:54.000000000Z,32,1,80420,38918.000000000,38918.000000000,38918.000000000,38918.000000000,4,YM
2024-06-10T18:18:55.000000000Z,32,1,80420,38919.000000000,38920.000000000,38919.000000000,38920.000000000,5,YM
2024-06-10T18:18:56.000000000Z,32,1,80420,38920.000000000,38920.000000000,38920.000000000,38920.000000000,2,YM
2024-06-10T18:18:57.000000000Z,32,1,80420,38920.000000000,38920.000000000,38920.000000000,38920.000000000,2,YM
2024-06-10T18:18:58.000000000Z,32,1,80420,38921.000000000,38921.000000000,38921.000000000,38921.000000000,2,YM
2024-06-10T18:19:00.000000000Z,32,1,80420,38920.000000000,38920.000000000,38920.000000000,38920.000000000,2,YM
2024-06-10T18:19:01.000000000Z,32,1,80420,38920.000000000,38920.000000000,38917.000000000,38917.000000000,11,YM
2024-06-10T18:19:02.000000000Z,32,1,80420,38917.000000000,38917.000000000,38917.000000000,38917.000000000,2,YM
2024-06-10T18:19:03.000000000Z,32,1,80420,38919.000000000,38919.000000000,38919.000000000,38919.000000000,2,YM
2024-06-10T18:19:04.000000000Z,32,1,80420,38919.000000000,38919.000000000,38918.000000000,38918.000000000,2,YM
2024-06-10T18:19:05.000000000Z,32,1,80420,38918.000000000,38918.000000000,38917.000000000,38917.000000000,3,YM
2024-06-10T18:19:08.000000000Z,32,1,80420,38918.000000000,38918.000000000,38917.000000000,38917.000000000,2,YM
2024-06-10T18:19:09.000000000Z,32,1,80420,38917.000000000,38918.000000000,38917.000000000,38918.000000000,5,YM
2024-06-10T18:19:10.000000000Z,32,1,80420,38919.000000000,38919.000000000,38919.000000000,38919.000000000,2,YM
2024-06-10T18:19:11.000000000Z,32,1,80420,38919.000000000,38919.000000000,38918.000000000,38918.000000000,6,YM
2024-06-10T18:19:12.000000000Z,32,1,80420,38919.000000000,38919.000000000,38919.000000000,38919.000000000,1,YM
2024-06-10T18:19:13.000000000Z,32,1,80420,38918.000000000,38918.000000000,38918.000000000,38918.000000000,8,YM
2024-06-10T18:19:14.000000000Z,32,1,80420,38916.000000000,38918.000000000,38916.000000000,38918.000000000,2,YM
2024-06-10T18:19:16.000000000Z,32,1,80420,38917.000000000,38917.000000000,38917.000000000,38917.000000000,2,YM
2024-06-10T18:19:17.000000000Z,32,1,80420,38918.000000000,38919.000000000,38918.000000000,38919.000000000,3,YM
2024-06-10T18:19:18.000000000Z,32,1,80420,38920.000000000,38920.000000000,38920.000000000,38920.000000000,5,YM
2024-06-10T18:19:19.000000000Z,32,1,80420,38919.000000000,38919.000000000,38919.000000000,38919.000000000,3,YM
2024-06-10T18:19:20.000000000Z,32,1,80420,38920.000000000,38920.000000000,38920.000000000,38920.000000000,2,YM
2024-06-10T18:19:21.000000000Z,32,1,80420,38919.000000000,38919.000000000,38918.000000000,38918.000000000,3,YM
2024-06-10T18:19:22.000000000Z,32,1,80420,38918.000000000,38921.000000000,38918.000000000,38921.000000000,10,YM
2024-06-10T18:19:23.000000000Z,32,1,80420,38921.000000000,38922.000000000,38919.000000000,38919.000000000,13,YM
2024-06-10T18:19:24.000000000Z,32,1,80420,38918.000000000,38918.000000000,38915.000000000,38915.000000000,8,YM
2024-06-10T18:19:25.000000000Z,32,1,80420,38914.000000000,38915.000000000,38910.000000000,38912.000000000,23,YM
2024-06-10T18:19:26.000000000Z,32,1,80420,38914.000000000,38914.000000000,38912.000000000,38913.000000000,3,YM
2024-06-10T18:19:27.000000000Z,32,1,80420,38914.000000000,38914.000000000,38913.000000000,38913.000000000,3,YM
2024-06-10T18:19:28.000000000Z,32,1,80420,38915.000000000,38916.000000000,38914.000000000,38914.000000000,4,YM
2024-06-10T18:19:30.000000000Z,32,1,80420,38912.000000000,38912.000000000,38911.000000000,38911.000000000,3,YM
2024-06-10T18:19:31.000000000Z,32,1,80420,38911.000000000,38912.000000000,38911.000000000,38912.000000000,4,YM
2024-06-10T18:19:32.000000000Z,32,1,80420,38911.000000000,38911.000000000,38909.000000000,38909.000000000,5,YM
2024-06-10T18:19:33.000000000Z,32,1,80420,38910.000000000,38910.000000000,38910.000000000,38910.000000000,2,YM
2024-06-10T18:19:34.000000000Z,32,1,80420,38911.000000000,38912.000000000,38911.000000000,38912.000000000,2,YM
2024-06-10T18:19:35.000000000Z,32,1,80420,38911.000000000,38912.000000000,38910.000000000,38912.000000000,10,YM
2024-06-10T18:19:36.000000000Z,32,1,80420,38913.000000000,38913.000000000,38913.000000000,38913.000000000,2,YM
2024-06-10T18:19:37.000000000Z,32,1,80420,38913.000000000,38913.000000000,38912.000000000,38912.000000000,3,YM
2024-06-10T18:19:38.000000000Z,32,1,80420,38913.000000000,38913.000000000,38912.000000000,38912.000000000,2,YM
2024-06-10T18:19:40.000000000Z,32,1,80420,38913.000000000,38913.000000000,38913.000000000,38913.000000000,3,YM
2024-06-10T18:19:42.000000000Z,32,1,80420,38913.000000000,38913.000000000,38912.000000000,38912.000000000,2,YM
2024-06-10T18:19:43.000000000Z,32,1,80420,38912.000000000,38912.000000000,38912.000000000,38912.000000000,2,YM
2024-06-10T18:19:44.000000000Z,32,1,80420,38911.000000000,38911.000000000,38911.000000000,38911.000000000,2,YM
2024-06-10T18:19:46.000000000Z,32,1,80420,38912.000000000,38912.000000000,38911.000000000,38911.000000000,4,YM
2024-06-10T18:19:47.000000000Z,32,1,80420,38910.000000000,38911.000000000,38910.000000000,38911.000000000,3,YM
2024-06-10T18:19:49.000000000Z,32,1,80420,38912.000000000,38912.000000000,38912.000000000,38912.000000000,1,YM
2024-06-10T18:19:50.000000000Z,32,1,80420,38913.000000000,38913.000000000,38912.000000000,38912.000000000,11,YM
2024-06-10T18:19:51.000000000Z,32,1,80420,38911.000000000,38911.000000000,38910.000000000,38910.000000000,3,YM
2024-06-10T18:19:52.000000000Z,32,1,80420,38911.000000000,38911.000000000,38911.000000000,38911.000000000,1,YM
2024-06-10T18:19:53.000000000Z,32,1,80420,38912.000000000,38912.000000000,38911.000000000,38911.000000000,2,YM
2024-06-10T18:19:54.000000000Z,32,1,80420,38912.000000000,38912.000000000,38912.000000000,38912.000000000,1,YM
2024-06-10T18:19:55.000000000Z,32,1,80420,38912.000000000,38913.000000000,38912.000000000,38913.000000000,5,YM
2024-06-10T18:19:57.000000000Z,32,1,80420,38914.000000000,38914.000000000,38914.000000000,38914.000000000,5,YM
2024-06-10T18:19:58.000000000Z,32,1,80420,38914.000000000,38914.000000000,38914.000000000,38914.000000000,4,YM
2024-06-10T18:19:59.000000000Z,32,1,80420,38912.000000000,38913.000000000,38912.000000000,38913.000000000,6,YM
2024-06-10T18:20:00.000000000Z,32,1,80420,38912.000000000,38912.000000000,38909.000000000,38909.000000000,10,YM
2024-06-10T18:20:01.000000000Z,32,1,80420,38909.000000000,38911.000000000,38909.000000000,38911.000000000,4,YM
2024-06-10T18:20:02.000000000Z,32,1,80420,38910.000000000,38910.000000000,38910.000000000,38910.000000000,5,YM
2024-06-10T18:20:03.000000000Z,32,1,80420,38910.000000000,38910.000000000,38910.000000000,38910.000000000,2,YM
2024-06-10T18:20:04.000000000Z,32,1,80420,38909.000000000,38909.000000000,38906.000000000,38906.000000000,8,YM
2024-06-10T18:20:05.000000000Z,32,1,80420,38906.000000000,38906.000000000,38904.000000000,38904.000000000,13,YM
2024-06-10T18:20:06.000000000Z,32,1,80420,38906.000000000,38906.000000000,38904.000000000,38905.000000000,6,YM
2024-06-10T18:20:07.000000000Z,32,1,80420,38905.000000000,38905.000000000,38904.000000000,38904.000000000,3,YM
2024-06-10T18:20:08.000000000Z,32,1,80420,38904.000000000,38904.000000000,38900.000000000,38900.000000000,13,YM
2024-06-10T18:20:09.000000000Z,32,1,80420,38900.000000000,38902.000000000,38897.000000000,38902.000000000,29,YM
2024-06-10T18:20:10.000000000Z,32,1,80420,38902.000000000,38902.000000000,38901.000000000,38901.000000000,14,YM
2024-06-10T18:20:11.000000000Z,32,1,80420,38900.000000000,38903.000000000,38900.000000000,38902.000000000,3,YM
2024-06-10T18:20:12.000000000Z,32,1,80420,38902.000000000,38903.000000000,38902.000000000,38902.000000000,7,YM
2024-06-10T18:20:13.000000000Z,32,1,80420,38902.000000000,38903.000000000,38902.000000000,38903.000000000,7,YM
2024-06-10T18:20:14.000000000Z,32,1,80420,38904.000000000,38905.000000000,38904.000000000,38905.000000000,12,YM
2024-06-10T18:20:15.000000000Z,32,1,80420,38906.000000000,38906.000000000,38906.000000000,38906.000000000,1,YM
2024-06-10T18:20:16.000000000Z,32,1,80420,38905.000000000,38905.000000000,38905.000000000,38905.000000000,3,YM
2024-06-10T18:20:18.000000000Z,32,1,80420,38904.000000000,38904.000000000,38902.000000000,38902.000000000,6,YM
2024-06-10T18:20:19.000000000Z,32,1,80420,38902.000000000,38902.000000000,38902.000000000,38902.000000000,1,YM
2024-06-10T18:20:20.000000000Z,32,1,80420,38902.000000000,38903.000000000,38902.000000000,38903.000000000,6,YM
2024-06-10T18:20:21.000000000Z,32,1,80420,38904.000000000,38904.000000000,38904.000000000,38904.000000000,1,YM
2024-06-10T18:20:23.000000000Z,32,1,80420,38905.000000000,38905.000000000,38905.000000000,38905.000000000,2,YM
2024-06-10T18:20:24.000000000Z,32,1,80420,38906.000000000,38906.000000000,38905.000000000,38905.000000000,7,YM
2024-06-10T18:20:25.000000000Z,32,1,80420,38905.000000000,38905.000000000,38905.000000000,38905.000000000,2,YM
2024-06-10T18:20:26.000000000Z,32,1,80420,38906.000000000,38906.000000000,38905.000000000,38905.000000000,3,YM
2024-06-10T18:20:28.000000000Z,32,1,80420,38903.000000000,38904.000000000,38903.000000000,38903.000000000,8,YM
2024-06-10T18:20:29.000000000Z,32,1,80420,38902.000000000,38902.000000000,38902.000000000,38902.000000000,3,YM
2024-06-10T18:20:30.000000000Z,32,1,80420,38904.000000000,38904.000000000,38904.000000000,38904.000000000,2,YM
2024-06-10T18:20:31.000000000Z,32,1,80420,38903.000000000,38904.000000000,38903.000000000,38904.000000000,3,YM
2024-06-10T18:20:33.000000000Z,32,1,80420,38904.000000000,38904.000000000,38904.000000000,38904.000000000,1,YM
2024-06-10T18:20:34.000000000Z,32,1,80420,38905.000000000,38907.000000000,38905.000000000,38907.000000000,9,YM
2024-06-10T18:20:35.000000000Z,32,1,80420,38909.000000000,38910.000000000,38909.000000000,38910.000000000,3,YM
2024-06-10T18:20:36.000000000Z,32,1,80420,38911.000000000,38911.000000000,38911.000000000,38911.000000000,9,YM
2024-06-10T18:20:37.000000000Z,32,1,80420,38911.000000000,38911.000000000,38911.000000000,38911.000000000,1,YM
2024-06-10T18:20:38.000000000Z,32,1,80420,38912.000000000,38912.000000000,38912.000000000,38912.000000000,2,YM
2024-06-10T18:20:39.000000000Z,32,1,80420,38911.000000000,38912.000000000,38911.000000000,38912.000000000,2,YM
2024-06-10T18:20:40.000000000Z,32,1,80420,38911.000000000,38911.000000000,38911.000000000,38911.000000000,1,YM
2024-06-10T18:20:41.000000000Z,32,1,80420,38912.000000000,38912.000000000,38910.000000000,38910.000000000,3,YM
2024-06-10T18:20:42.000000000Z,32,1,80420,38913.000000000,38913.000000000,38912.000000000,38912.000000000,3,YM
2024-06-10T18:20:43.000000000Z,32,1,80420,38913.000000000,38913.000000000,38912.000000000,38912.000000000,8,YM
2024-06-10T18:20:45.000000000Z,32,1,80420,38912.000000000,38912.000000000,38912.000000000,38912.000000000,2,YM
2024-06-10T18:20:48.000000000Z,32,1,80420,38911.000000000,38911.000000000,38911.000000000,38911.000000000,2,YM
2024-06-10T18:20:49.000000000Z,32,1,80420,38910.000000000,38910.000000000,38910.000000000,38910.000000000,1,YM
2024-06-10T18:20:50.000000000Z,32,1,80420,38909.000000000,38910.000000000,38909.000000000,38910.000000000,7,YM
2024-06-10T18:20:51.000000000Z,32,1,80420,38910.000000000,38914.000000000,38910.000000000,38914.000000000,9,YM
2024-06-10T18:20:52.000000000Z,32,1,80420,38914.000000000,38914.000000000,38912.000000000,38913.000000000,16,YM
2024-06-10T18:20:53.000000000Z,32,1,80420,38913.000000000,38913.000000000,38913.000000000,38913.000000000,1,YM
2024-06-10T18:20:54.000000000Z,32,1,80420,38911.000000000,38911.000000000,38911.000000000,38911.000000000,1,YM
2024-06-10T18:20:56.000000000Z,32,1,80420,38912.000000000,38913.000000000,38912.000000000,38913.000000000,4,YM
2024-06-10T18:20:58.000000000Z,32,1,80420,38912.000000000,38912.000000000,38911.000000000,38911.000000000,2,YM
2024-06-10T18:20:59.000000000Z,32,1,80420,38911.000000000,38911.000000000,38910.000000000,38910.000000000,3,YM
2024-06-10T18:21:00.000000000Z,32,1,80420,38910.000000000,38910.000000000,38906.000000000,38908.000000000,9,YM
2024-06-10T18:21:01.000000000Z,32,1,80420,38907.000000000,38908.000000000,38907.000000000,38908.000000000,10,YM
2024-06-10T18:21:02.000000000Z,32,1,80420,38910.000000000,38910.000000000,38910.000000000,38910.000000000,3,YM
2024-06-10T18:21:03.000000000Z,32,1,80420,38910.000000000,38910.000000000,38910.000000000,38910.000000000,1,YM
2024-06-10T18:21:05.000000000Z,32,1,80420,38914.000000000,38915.000000000,38914.000000000,38914.000000000,7,YM
2024-06-10T18:21:06.000000000Z,32,1,80420,38913.000000000,38914.000000000,38913.000000000,38914.000000000,2,YM
2024-06-10T18:21:09.000000000Z,32,1,80420,38915.000000000,38915.000000000,38915.000000000,38915.000000000,3,YM
2024-06-10T18:21:10.000000000Z,32,1,80420,38913.000000000,38913.000000000,38913.000000000,38913.000000000,1,YM
2024-06-10T18:21:11.000000000Z,32,1,80420,38913.000000000,38913.000000000,38913.000000000,38913.000000000,2,YM
2024-06-10T18:21:12.000000000Z,32,1,80420,38913.000000000,38914.000000000,38913.000000000,38914.000000000,2,YM
2024-06-10T18:21:13.000000000Z,32,1,80420,38910.000000000,38910.000000000,38910.000000000,38910.000000000,3,YM
2024-06-10T18:21:14.000000000Z,32,1,80420,38910.000000000,38911.000000000,38910.000000000,38911.000000000,5,YM
2024-06-10T18:21:15.000000000Z,32,1,80420,38910.000000000,38911.000000000,38910.000000000,38911.000000000,6,YM
2024-06-10T18:21:16.000000000Z,32,1,80420,38911.000000000,38911.000000000,38911.000000000,38911.000000000,7,YM
2024-06-10T18:21:17.000000000Z,32,1,80420,38911.000000000,38911.000000000,38910.000000000,38911.000000000,4,YM
2024-06-10T18:21:19.000000000Z,32,1,80420,38910.000000000,38911.000000000,38910.000000000,38911.000000000,4,YM
2024-06-10T18:21:20.000000000Z,32,1,80420,38911.000000000,38912.000000000,38911.000000000,38912.000000000,5,YM
2024-06-10T18:21:22.000000000Z,32,1,80420,38911.000000000,38911.000000000,38911.000000000,38911.000000000,1,YM
2024-06-10T18:21:24.000000000Z,32,1,80420,38912.000000000,38913.000000000,38912.000000000,38912.000000000,7,YM
2024-06-10T18:21:25.000000000Z,32,1,80420,38911.000000000,38912.000000000,38911.000000000,38912.000000000,9,YM
2024-06-10T18:21:27.000000000Z,32,1,80420,38912.000000000,38913.000000000,38912.000000000,38913.000000000,3,YM
2024-06-10T18:21:28.000000000Z,32,1,80420,38914.000000000,38914.000000000,38914.000000000,38914.000000000,4,YM
2024-06-10T18:21:29.000000000Z,32,1,80420,38913.000000000,38914.000000000,38913.000000000,38914.000000000,2,YM
2024-06-10T18:21:32.000000000Z,32,1,80420,38914.000000000,38915.000000000,38913.000000000,38913.000000000,13,YM
2024-06-10T18:21:33.000000000Z,32,1,80420,38912.000000000,38912.000000000,38912.000000000,38912.000000000,1,YM
2024-06-10T18:21:34.000000000Z,32,1,80420,38913.000000000,38913.000000000,38913.000000000,38913.000000000,2,YM
2024-06-10T18:21:35.000000000Z,32,1,80420,38913.000000000,38914.000000000,38913.000000000,38914.000000000,9,YM
2024-06-10T18:21:36.000000000Z,32,1,80420,38914.000000000,38914.000000000,38914.000000000,38914.000000000,2,YM
2024-06-10T18:21:37.000000000Z,32,1,80420,38915.000000000,38915.000000000,38914.000000000,38915.000000000,5,YM
2024-06-10T18:21:38.000000000Z,32,1,80420,38914.000000000,38914.000000000,38913.000000000,38913.000000000,7,YM
2024-06-10T18:21:39.000000000Z,32,1,80420,38914.000000000,38915.000000000,38913.000000000,38915.000000000,15,YM
2024-06-10T18:21:40.000000000Z,32,1,80420,38914.000000000,38914.000000000,38914.000000000,38914.000000000,1,YM
2024-06-10T18:21:41.000000000Z,32,1,80420,38913.000000000,38913.000000000,38913.000000000,38913.000000000,2,YM
2024-06-10T18:21:42.000000000Z,32,1,80420,38912.000000000,38912.000000000,38912.000000000,38912.000000000,4,YM
2024-06-10T18:21:43.000000000Z,32,1,80420,38912.000000000,38912.000000000,38912.000000000,38912.000000000,1,YM
2024-06-10T18:21:44.000000000Z,32,1,80420,38912.000000000,38912.000000000,38912.000000000,38912.000000000,1,YM
2024-06-10T18:21:45.000000000Z,32,1,80420,38913.000000000,38913.000000000,38913.000000000,38913.000000000,1,YM
2024-06-10T18:21:46.000000000Z,32,1,80420,38913.000000000,38915.000000000,38913.000000000,38914.000000000,19,YM
2024-06-10T18:21:47.000000000Z,32,1,80420,38914.000000000,38914.000000000,38914.000000000,38914.000000000,2,YM
2024-06-10T18:21:48.000000000Z,32,1,80420,38915.000000000,38915.000000000,38915.000000000,38915.000000000,1,YM
2024-06-10T18:21:49.000000000Z,32,1,80420,38914.000000000,38916.000000000,38914.000000000,38916.000000000,6,YM
2024-06-10T18:21:50.000000000Z,32,1,80420,38916.000000000,38916.000000000,38914.000000000,38916.000000000,4,YM
2024-06-10T18:21:52.000000000Z,32,1,80420,38915.000000000,38915.000000000,38915.000000000,38915.000000000,3,YM
2024-06-10T18:21:54.000000000Z,32,1,80420,38915.000000000,38915.000000000,38914.000000000,38914.000000000,4,YM
2024-06-10T18:21:55.000000000Z,32,1,80420,38913.000000000,38913.000000000,38912.000000000,38912.000000000,3,YM
2024-06-10T18:21:56.000000000Z,32,1,80420,38912.000000000,38916.000000000,38912.000000000,38915.000000000,9,YM
2024-06-10T18:21:57.000000000Z,32,1,80420,38916.000000000,38917.000000000,38916.000000000,38917.000000000,5,YM
2024-06-10T18:21:58.000000000Z,32,1,80420,38916.000000000,38916.000000000,38916.000000000,38916.000000000,1,YM
2024-06-10T18:21:59.000000000Z,32,1,80420,38915.000000000,38915.000000000,38914.000000000,38914.000000000,5,YM
2024-06-10T18:22:00.000000000Z,32,1,80420,38914.000000000,38915.000000000,38914.000000000,38915.000000000,4,YM
2024-06-10T18:22:02.000000000Z,32,1,80420,38915.000000000,38915.000000000,38915.000000000,38915.000000000,3,YM
2024-06-10T18:22:03.000000000Z,32,1,80420,38915.000000000,38915.000000000,38915.000000000,38915.000000000,1,YM
2024-06-10T18:22:04.000000000Z,32,1,80420,38913.000000000,38913.000000000,38913.000000000,38913.000000000,1,YM
2024-06-10T18:22:06.000000000Z,32,1,80420,38912.000000000,38912.000000000,38912.000000000,38912.000000000,1,YM
2024-06-10T18:22:07.000000000Z,32,1,80420,38911.000000000,38911.000000000,38910.000000000,38910.000000000,4,YM
2024-06-10T18:22:08.000000000Z,32,1,80420,38909.000000000,38909.000000000,38908.000000000,38909.000000000,4,YM
2024-06-10T18:22:09.000000000Z,32,1,80420,38908.000000000,38909.000000000,38908.000000000,38909.000000000,11,YM
2024-06-10T18:22:10.000000000Z,32,1,80420,38908.000000000,38908.000000000,38907.000000000,38907.000000000,5,YM
2024-06-10T18:22:11.000000000Z,32,1,80420,38907.000000000,38907.000000000,38906.000000000,38906.000000000,2,YM
2024-06-10T18:22:12.000000000Z,32,1,80420,38907.000000000,38907.000000000,38907.000000000,38907.000000000,1,YM
2024-06-10T18:22:13.000000000Z,32,1,80420,38908.000000000,38910.000000000,38908.000000000,38910.000000000,3,YM
2024-06-10T18:22:15.000000000Z,32,1,80420,38907.000000000,38908.000000000,38907.000000000,38908.000000000,9,YM
2024-06-10T18:22:16.000000000Z,32,1,80420,38909.000000000,38909.000000000,38909.000000000,38909.000000000,3,YM
2024-06-10T18:22:17.000000000Z,32,1,80420,38910.000000000,38911.000000000,38910.000000000,38911.000000000,2,YM
2024-06-10T18:22:20.000000000Z,32,1,80420,38911.000000000,38911.000000000,38911.000000000,38911.000000000,4,YM
2024-06-10T18:22:21.000000000Z,32,1,80420,38910.000000000,38910.000000000,38909.000000000,38909.000000000,4,YM
2024-06-10T18:22:22.000000000Z,32,1,80420,38910.000000000,38911.000000000,38910.000000000,38911.000000000,2,YM
2024-06-10T18:22:24.000000000Z,32,1,80420,38912.000000000,38912.000000000,38912.000000000,38912.000000000,6,YM
2024-06-10T18:22:28.000000000Z,32,1,80420,38912.000000000,38913.000000000,38912.000000000,38913.000000000,3,YM
2024-06-10T18:22:29.000000000Z,32,1,80420,38913.000000000,38914.000000000,38913.000000000,38914.000000000,3,YM
2024-06-10T18:22:34.000000000Z,32,1,80420,38913.000000000,38913.000000000,38913.000000000,38913.000000000,1,YM
2024-06-10T18:22:36.000000000Z,32,1,80420,38914.000000000,38914.000000000,38914.000000000,38914.000000000,2,YM
2024-06-10T18:22:37.000000000Z,32,1,80420,38913.000000000,38913.000000000,38913.000000000,38913.000000000,2,YM
2024-06-10T18:22:42.000000000Z,32,1,80420,38912.000000000,38912.000000000,38912.000000000,38912.000000000,4,YM
2024-06-10T18:22:43.000000000Z,32,1,80420,38911.000000000,38911.000000000,38909.000000000,38909.000000000,8,YM
2024-06-10T18:22:46.000000000Z,32,1,80420,38906.000000000,38906.000000000,38906.000000000,38906.000000000,4,YM
2024-06-10T18:22:47.000000000Z,32,1,80420,38905.000000000,38905.000000000,38904.000000000,38904.000000000,5,YM
2024-06-10T18:22:48.000000000Z,32,1,80420,38903.000000000,38904.000000000,38903.000000000,38903.000000000,5,YM
2024-06-10T18:22:49.000000000Z,32,1,80420,38904.000000000,38904.000000000,38904.000000000,38904.000000000,1,YM
2024-06-10T18:22:51.000000000Z,32,1,80420,38905.000000000,38905.000000000,38905.000000000,38905.000000000,6,YM
2024-06-10T18:22:54.000000000Z,32,1,80420,38905.000000000,38905.000000000,38905.000000000,38905.000000000,1,YM
2024-06-10T18:22:56.000000000Z,32,1,80420,38906.000000000,38906.000000000,38906.000000000,38906.000000000,3,YM
2024-06-10T18:22:59.000000000Z,32,1,80420,38906.000000000,38906.000000000,38906.000000000,38906.000000000,1,YM
2024-06-10T18:23:00.000000000Z,32,1,80420,38905.000000000,38905.000000000,38905.000000000,38905.000000000,1,YM
2024-06-10T18:23:04.000000000Z,32,1,80420,38903.000000000,38903.000000000,38903.000000000,38903.000000000,1,YM
2024-06-10T18:23:06.000000000Z,32,1,80420,38902.000000000,38902.000000000,38902.000000000,38902.000000000,3,YM
2024-06-10T18:23:07.000000000Z,32,1,80420,38902.000000000,38902.000000000,38902.000000000,38902.000000000,1,YM
2024-06-10T18:23:08.000000000Z,32,1,80420,38902.000000000,38903.000000000,38902.000000000,38903.000000000,2,YM
2024-06-10T18:23:09.000000000Z,32,1,80420,38902.000000000,38902.000000000,38902.000000000,38902.000000000,1,YM
2024-06-10T18:23:11.000000000Z,32,1,80420,38901.000000000,38901.000000000,38900.000000000,38900.000000000,13,YM
2024-06-10T18:23:13.000000000Z,32,1,80420,38901.000000000,38901.000000000,38901.000000000,38901.000000000,1,YM
2024-06-10T18:23:15.000000000Z,32,1,80420,38900.000000000,38901.000000000,38900.000000000,38901.000000000,2,YM
2024-06-10T18:23:16.000000000Z,32,1,80420,38900.000000000,38900.000000000,38900.000000000,38900.000000000,3,YM
2024-06-10T18:23:17.000000000Z,32,1,80420,38899.000000000,38899.000000000,38899.000000000,38899.000000000,1,YM
2024-06-10T18:23:18.000000000Z,32,1,80420,38897.000000000,38897.000000000,38897.000000000,38897.000000000,4,YM
2024-06-10T18:23:19.000000000Z,32,1,80420,38896.000000000,38897.000000000,38896.000000000,38897.000000000,2,YM
2024-06-10T18:23:20.000000000Z,32,1,80420,38897.000000000,38897.000000000,38897.000000000,38897.000000000,2,YM
2024-06-10T18:23:22.000000000Z,32,1,80420,38897.000000000,38897.000000000,38897.000000000,38897.000000000,1,YM
2024-06-10T18:23:25.000000000Z,32,1,80420,38896.000000000,38896.000000000,38894.000000000,38894.000000000,8,YM
2024-06-10T18:23:26.000000000Z,32,1,80420,38893.000000000,38893.000000000,38893.000000000,38893.000000000,5,YM
2024-06-10T18:23:27.000000000Z,32,1,80420,38893.000000000,38893.000000000,38893.000000000,38893.000000000,1,YM
2024-06-10T18:23:30.000000000Z,32,1,80420,38894.000000000,38894.000000000,38894.000000000,38894.000000000,1,YM
2024-06-10T18:23:31.000000000Z,32,1,80420,38894.000000000,38894.000000000,38894.000000000,38894.000000000,3,YM
2024-06-10T18:23:34.000000000Z,32,1,80420,38895.000000000,38896.000000000,38895.000000000,38895.000000000,11,YM
2024-06-10T18:23:35.000000000Z,32,1,80420,38896.000000000,38896.000000000,38895.000000000,38895.000000000,2,YM
2024-06-10T18:23:36.000000000Z,32,1,80420,38896.000000000,38896.000000000,38896.000000000,38896.000000000,1,YM
2024-06-10T18:23:37.000000000Z,32,1,80420,38896.000000000,38896.000000000,38896.000000000,38896.000000000,1,YM
2024-06-10T18:23:38.000000000Z,32,1,80420,38896.000000000,38896.000000000,38896.000000000,38896.000000000,1,YM
2024-06-10T18:23:39.000000000Z,32,1,80420,38896.000000000,38896.000000000,38896.000000000,38896.000000000,1,YM
2024-06-10T18:23:40.000000000Z,32,1,80420,38895.000000000,38895.000000000,38895.000000000,38895.000000000,1,YM
2024-06-10T18:23:41.000000000Z,32,1,80420,38896.000000000,38896.000000000,38896.000000000,38896.000000000,1,YM
2024-06-10T18:23:42.000000000Z,32,1,80420,38895.000000000,38895.000000000,38895.000000000,38895.000000000,1,YM
2024-06-10T18:23:50.000000000Z,32,1,80420,38898.000000000,38898.000000000,38898.000000000,38898.000000000,1,YM
2024-06-10T18:23:52.000000000Z,32,1,80420,38899.000000000,38902.000000000,38899.000000000,38902.000000000,5,YM
2024-06-10T18:23:53.000000000Z,32,1,80420,38902.000000000,38902.000000000,38902.000000000,38902.000000000,4,YM
2024-06-10T18:23:54.000000000Z,32,1,80420,38902.000000000,38902.000000000,38902.000000000,38902.000000000,1,YM
2024-06-10T18:23:56.000000000Z,32,1,80420,38902.000000000,38902.000000000,38902.000000000,38902.000000000,1,YM
2024-06-10T18:23:57.000000000Z,32,1,80420,38902.000000000,38902.000000000,38902.000000000,38902.000000000,2,YM
2024-06-10T18:23:59.000000000Z,32,1,80420,38901.000000000,38901.000000000,38900.000000000,38900.000000000,4,YM
2024-06-10T18:24:00.000000000Z,32,1,80420,38901.000000000,38901.000000000,38901.000000000,38901.000000000,1,YM
2024-06-10T18:24:01.000000000Z,32,1,80420,38901.000000000,38901.000000000,38901.000000000,38901.000000000,2,YM
2024-06-10T18:24:04.000000000Z,32,1,80420,38902.000000000,38902.000000000,38902.000000000,38902.000000000,1,YM
2024-06-10T18:24:06.000000000Z,32,1,80420,38903.000000000,38903.000000000,38903.000000000,38903.000000000,1,YM
2024-06-10T18:24:07.000000000Z,32,1,80420,38902.000000000,38902.000000000,38902.000000000,38902.000000000,3,YM
2024-06-10T18:24:08.000000000Z,32,1,80420,38903.000000000,38903.000000000,38903.000000000,38903.000000000,1,YM
2024-06-10T18:24:09.000000000Z,32,1,80420,38903.000000000,38903.000000000,38903.000000000,38903.000000000,2,YM
2024-06-10T18:24:10.000000000Z,32,1,80420,38903.000000000,38903.000000000,38903.000000000,38903.000000000,1,YM
2024-06-10T18:24:11.000000000Z,32,1,80420,38903.000000000,38903.000000000,38903.000000000,38903.000000000,1,YM
2024-06-10T18:24:12.000000000Z,32,1,80420,38904.000000000,38904.000000000,38904.000000000,38904.000000000,2,YM
2024-06-10T18:24:13.000000000Z,32,1,80420,38906.000000000,38908.000000000,38906.000000000,38908.000000000,7,YM
2024-06-10T18:24:16.000000000Z,32,1,80420,38907.000000000,38907.000000000,38907.000000000,38907.000000000,1,YM
2024-06-10T18:24:17.000000000Z,32,1,80420,38906.000000000,38906.000000000,38906.000000000,38906.000000000,2,YM
2024-06-10T18:24:19.000000000Z,32,1,80420,38905.000000000,38905.000000000,38904.000000000,38904.000000000,6,YM
2024-06-10T18:24:20.000000000Z,32,1,80420,38904.000000000,38904.000000000,38902.000000000,38902.000000000,11,YM
2024-06-10T18:24:23.000000000Z,32,1,80420,38904.000000000,38904.000000000,38904.000000000,38904.000000000,1,YM
2024-06-10T18:24:24.000000000Z,32,1,80420,38903.000000000,38903.000000000,38902.000000000,38902.000000000,6,YM
2024-06-10T18:24:25.000000000Z,32,1,80420,38902.000000000,38902.000000000,38902.000000000,38902.000000000,1,YM
2024-06-10T18:24:26.000000000Z,32,1,80420,38901.000000000,38901.000000000,38901.000000000,38901.000000000,2,YM
2024-06-10T18:24:28.000000000Z,32,1,80420,38900.000000000,38900.000000000,38900.000000000,38900.000000000,2,YM
2024-06-10T18:24:29.000000000Z,32,1,80420,38900.000000000,38900.000000000,38900.000000000,38900.000000000,3,YM
2024-06-10T18:24:31.000000000Z,32,1,80420,38901.000000000,38901.000000000,38901.000000000,38901.000000000,3,YM
2024-06-10T18:24:32.000000000Z,32,1,80420,38901.000000000,38901.000000000,38901.000000000,38901.000000000,1,YM
2024-06-10T18:24:33.000000000Z,32,1,80420,38901.000000000,38901.000000000,38901.000000000,38901.000000000,1,YM
2024-06-10T18:24:36.000000000Z,32,1,80420,38902.000000000,38902.000000000,38900.000000000,38900.000000000,3,YM
2024-06-10T18:24:40.000000000Z,32,1,80420,38899.000000000,38899.000000000,38899.000000000,38899.000000000,3,YM
2024-06-10T18:24:41.000000000Z,32,1,80420,38898.000000000,38898.000000000,38898.000000000,38898.000000000,3,YM
2024-06-10T18:24:45.000000000Z,32,1,80420,38901.000000000,38901.000000000,38900.000000000,38900.000000000,2,YM
2024-06-10T18:24:47.000000000Z,32,1,80420,38899.000000000,38899.000000000,38899.000000000,38899.000000000,1,YM
2024-06-10T18:24:48.000000000Z,32,1,80420,38899.000000000,38899.000000000,38898.000000000,38898.000000000,10,YM
2024-06-10T18:24:49.000000000Z,32,1,80420,38900.000000000,38900.000000000,38900.000000000,38900.000000000,1,YM
2024-06-10T18:24:50.000000000Z,32,1,80420,38903.000000000,38904.000000000,38903.000000000,38904.000000000,2,YM
2024-06-10T18:24:51.000000000Z,32,1,80420,38904.000000000,38904.000000000,38904.000000000,38904.000000000,2,YM
2024-06-10T18:24:52.000000000Z,32,1,80420,38903.000000000,38903.000000000,38903.000000000,38903.000000000,2,YM
2024-06-10T18:24:53.000000000Z,32,1,80420,38903.000000000,38903.000000000,38903.000000000,38903.000000000,1,YM
2024-06-10T18:24:54.000000000Z,32,1,80420,38903.000000000,38903.000000000,38903.000000000,38903.000000000,1,YM
2024-06-10T18:24:56.000000000Z,32,1,80420,38903.000000000,38903.000000000,38903.000000000,38903.000000000,3,YM
2024-06-10T18:24:57.000000000Z,32,1,80420,38905.000000000,38905.000000000,38904.000000000,38904.000000000,4,YM
2024-06-10T18:25:00.000000000Z,32,1,80420,38903.000000000,38904.000000000,38903.000000000,38904.000000000,3,YM
2024-06-10T18:25:01.000000000Z,32,1,80420,38904.000000000,38904.000000000,38904.000000000,38904.000000000,2,YM
2024-06-10T18:25:02.000000000Z,32,1,80420,38903.000000000,38903.000000000,38903.000000000,38903.000000000,2,YM
2024-06-10T18:25:03.000000000Z,32,1,80420,38902.000000000,38904.000000000,38902.000000000,38904.000000000,6,YM
2024-06-10T18:25:04.000000000Z,32,1,80420,38904.000000000,38904.000000000,38904.000000000,38904.000000000,3,YM
2024-06-10T18:25:05.000000000Z,32,1,80420,38905.000000000,38906.000000000,38905.000000000,38906.000000000,9,YM
2024-06-10T18:25:06.000000000Z,32,1,80420,38907.000000000,38907.000000000,38907.000000000,38907.000000000,2,YM
2024-06-10T18:25:08.000000000Z,32,1,80420,38908.000000000,38908.000000000,38908.000000000,38908.000000000,2,YM
2024-06-10T18:25:10.000000000Z,32,1,80420,38907.000000000,38907.000000000,38906.000000000,38906.000000000,5,YM
2024-06-10T18:25:11.000000000Z,32,1,80420,38907.000000000,38907.000000000,38907.000000000,38907.000000000,2,YM
2024-06-10T18:25:12.000000000Z,32,1,80420,38910.000000000,38910.000000000,38910.000000000,38910.000000000,2,YM
2024-06-10T18:25:13.000000000Z,32,1,80420,38910.000000000,38910.000000000,38910.000000000,38910.000000000,1,YM
2024-06-10T18:25:14.000000000Z,32,1,80420,38908.000000000,38908.000000000,38907.000000000,38907.000000000,3,YM
2024-06-10T18:25:15.000000000Z,32,1,80420,38906.000000000,38906.000000000,38906.000000000,38906.000000000,1,YM
2024-06-10T18:25:18.000000000Z,32,1,80420,38909.000000000,38909.000000000,38909.000000000,38909.000000000,3,YM
2024-06-10T18:25:19.000000000Z,32,1,80420,38910.000000000,38910.000000000,38910.000000000,38910.000000000,2,YM
2024-06-10T18:25:20.000000000Z,32,1,80420,38910.000000000,38910.000000000,38909.000000000,38909.000000000,8,YM
2024-06-10T18:25:21.000000000Z,32,1,80420,38909.000000000,38909.000000000,38909.000000000,38909.000000000,3,YM
2024-06-10T18:25:22.000000000Z,32,1,80420,38909.000000000,38909.000000000,38909.000000000,38909.000000000,4,YM
2024-06-10T18:25:23.000000000Z,32,1,80420,38908.000000000,38908.000000000,38907.000000000,38907.000000000,10,YM
2024-06-10T18:25:24.000000000Z,32,1,80420,38908.000000000,38909.000000000,38908.000000000,38909.000000000,3,YM
2024-06-10T18:25:25.000000000Z,32,1,80420,38909.000000000,38909.000000000,38909.000000000,38909.000000000,3,YM
2024-06-10T18:25:26.000000000Z,32,1,80420,38910.000000000,38911.000000000,38910.000000000,38911.000000000,10,YM
2024-06-10T18:25:27.000000000Z,32,1,80420,38911.000000000,38912.000000000,38911.000000000,38912.000000000,4,YM
2024-06-10T18:25:30.000000000Z,32,1,80420,38913.000000000,38914.000000000,38913.000000000,38914.000000000,4,YM
2024-06-10T18:25:32.000000000Z,32,1,80420,38914.000000000,38914.000000000,38914.000000000,38914.000000000,1,YM
2024-06-10T18:25:33.000000000Z,32,1,80420,38914.000000000,38914.000000000,38914.000000000,38914.000000000,1,YM
2024-06-10T18:25:34.000000000Z,32,1,80420,38913.000000000,38913.000000000,38913.000000000,38913.000000000,2,YM
2024-06-10T18:25:35.000000000Z,32,1,80420,38912.000000000,38912.000000000,38911.000000000,38911.000000000,2,YM
2024-06-10T18:25:39.000000000Z,32,1,80420,38912.000000000,38912.000000000,38912.000000000,38912.000000000,1,YM
2024-06-10T18:25:40.000000000Z,32,1,80420,38913.000000000,38913.000000000,38913.000000000,38913.000000000,1,YM
2024-06-10T18:25:41.000000000Z,32,1,80420,38914.000000000,38915.000000000,38914.000000000,38915.000000000,4,YM
2024-06-10T18:25:42.000000000Z,32,1,80420,38913.000000000,38913.000000000,38913.000000000,38913.000000000,1,YM
2024-06-10T18:25:43.000000000Z,32,1,80420,38913.000000000,38913.000000000,38913.000000000,38913.000000000,1,YM
2024-06-10T18:25:44.000000000Z,32,1,80420,38913.000000000,38913.000000000,38913.000000000,38913.000000000,1,YM
2024-06-10T18:25:46.000000000Z,32,1,80420,38913.000000000,38913.000000000,38912.000000000,38912.000000000,4,YM
2024-06-10T18:25:47.000000000Z,32,1,80420,38913.000000000,38913.000000000,38913.000000000,38913.000000000,3,YM
2024-06-10T18:25:49.000000000Z,32,1,80420,38911.000000000,38911.000000000,38911.000000000,38911.000000000,1,YM
2024-06-10T18:25:51.000000000Z,32,1,80420,38911.000000000,38911.000000000,38911.000000000,38911.000000000,1,YM
2024-06-10T18:25:53.000000000Z,32,1,80420,38911.000000000,38911.000000000,38911.000000000,38911.000000000,2,YM
2024-06-10T18:25:57.000000000Z,32,1,80420,38909.000000000,38910.000000000,38909.000000000,38910.000000000,6,YM
2024-06-10T18:26:00.000000000Z,32,1,80420,38910.000000000,38910.000000000,38910.000000000,38910.000000000,2,YM
2024-06-10T18:26:01.000000000Z,32,1,80420,38909.000000000,38909.000000000,38909.000000000,38909.000000000,1,YM
2024-06-10T18:26:02.000000000Z,32,1,80420,38909.000000000,38909.000000000,38909.000000000,38909.000000000,3,YM
2024-06-10T18:26:04.000000000Z,32,1,80420,38908.000000000,38908.000000000,38908.000000000,38908.000000000,1,YM
2024-06-10T18:26:05.000000000Z,32,1,80420,38907.000000000,38907.000000000,38907.000000000,38907.000000000,3,YM
2024-06-10T18:26:06.000000000Z,32,1,80420,38907.000000000,38907.000000000,38907.000000000,38907.000000000,1,YM
2024-06-10T18:26:09.000000000Z,32,1,80420,38909.000000000,38909.000000000,38909.000000000,38909.000000000,1,YM
2024-06-10T18:26:11.000000000Z,32,1,80420,38909.000000000,38909.000000000,38909.000000000,38909.000000000,1,YM
2024-06-10T18:26:12.000000000Z,32,1,80420,38908.000000000,38908.000000000,38907.000000000,38907.000000000,11,YM
2024-06-10T18:26:13.000000000Z,32,1,80420,38905.000000000,38905.000000000,38905.000000000,38905.000000000,1,YM
2024-06-10T18:26:14.000000000Z,32,1,80420,38905.000000000,38905.000000000,38905.000000000,38905.000000000,2,YM
2024-06-10T18:26:15.000000000Z,32,1,80420,38907.000000000,38907.000000000,38907.000000000,38907.000000000,4,YM
2024-06-10T18:26:16.000000000Z,32,1,80420,38907.000000000,38907.000000000,38907.000000000,38907.000000000,3,YM
2024-06-10T18:26:17.000000000Z,32,1,80420,38907.000000000,38907.000000000,38907.000000000,38907.000000000,5,YM
2024-06-10T18:26:18.000000000Z,32,1,80420,38907.000000000,38907.000000000,38907.000000000,38907.000000000,2,YM
2024-06-10T18:26:19.000000000Z,32,1,80420,38907.000000000,38907.000000000,38907.000000000,38907.000000000,1,YM
2024-06-10T18:26:21.000000000Z,32,1,80420,38907.000000000,38907.000000000,38907.000000000,38907.000000000,1,YM
2024-06-10T18:26:26.000000000Z,32,1,80420,38907.000000000,38907.000000000,38907.000000000,38907.000000000,1,YM
2024-06-10T18:26:27.000000000Z,32,1,80420,38908.000000000,38908.000000000,38908.000000000,38908.000000000,6,YM
2024-06-10T18:26:28.000000000Z,32,1,80420,38909.000000000,38909.000000000,38909.000000000,38909.000000000,6,YM
2024-06-10T18:26:29.000000000Z,32,1,80420,38907.000000000,38907.000000000,38907.000000000,38907.000000000,3,YM
2024-06-10T18:26:30.000000000Z,32,1,80420,38906.000000000,38906.000000000,38906.000000000,38906.000000000,1,YM
2024-06-10T18:26:34.000000000Z,32,1,80420,38905.000000000,38905.000000000,38905.000000000,38905.000000000,1,YM
2024-06-10T18:26:37.000000000Z,32,1,80420,38904.000000000,38904.000000000,38904.000000000,38904.000000000,1,YM
2024-06-10T18:26:38.000000000Z,32,1,80420,38904.000000000,38904.000000000,38903.000000000,38903.000000000,3,YM
2024-06-10T18:26:39.000000000Z,32,1,80420,38903.000000000,38903.000000000,38902.000000000,38903.000000000,7,YM
2024-06-10T18:26:40.000000000Z,32,1,80420,38905.000000000,38906.000000000,38905.000000000,38906.000000000,5,YM
2024-06-10T18:26:41.000000000Z,32,1,80420,38905.000000000,38906.000000000,38905.000000000,38906.000000000,2,YM
2024-06-10T18:26:43.000000000Z,32,1,80420,38906.000000000,38906.000000000,38906.000000000,38906.000000000,1,YM
2024-06-10T18:26:44.000000000Z,32,1,80420,38905.000000000,38905.000000000,38905.000000000,38905.000000000,3,YM
2024-06-10T18:26:45.000000000Z,32,1,80420,38906.000000000,38906.000000000,38906.000000000,38906.000000000,1,YM
2024-06-10T18:26:46.000000000Z,32,1,80420,38906.000000000,38907.000000000,38905.000000000,38907.000000000,22,YM
2024-06-10T18:26:47.000000000Z,32,1,80420,38907.000000000,38907.000000000,38907.000000000,38907.000000000,4,YM
2024-06-10T18:26:51.000000000Z,32,1,80420,38906.000000000,38906.000000000,38906.000000000,38906.000000000,2,YM
2024-06-10T18:26:59.000000000Z,32,1,80420,38903.000000000,38903.000000000,38903.000000000,38903.000000000,1,YM
2024-06-10T18:27:00.000000000Z,32,1,80420,38902.000000000,38903.000000000,38902.000000000,38902.000000000,17,YM
2024-06-10T18:27:03.000000000Z,32,1,80420,38901.000000000,38901.000000000,38898.000000000,38898.000000000,15,YM
2024-06-10T18:27:04.000000000Z,32,1,80420,38898.000000000,38898.000000000,38898.000000000,38898.000000000,1,YM
2024-06-10T18:27:05.000000000Z,32,1,80420,38897.000000000,38897.000000000,38897.000000000,38897.000000000,5,YM
2024-06-10T18:27:06.000000000Z,32,1,80420,38896.000000000,38896.000000000,38896.000000000,38896.000000000,6,YM
2024-06-10T18:27:07.000000000Z,32,1,80420,38896.000000000,38896.000000000,38896.000000000,38896.000000000,2,YM
2024-06-10T18:27:08.000000000Z,32,1,80420,38897.000000000,38897.000000000,38897.000000000,38897.000000000,1,YM
2024-06-10T18:27:10.000000000Z,32,1,80420,38896.000000000,38896.000000000,38896.000000000,38896.000000000,2,YM
2024-06-10T18:27:11.000000000Z,32,1,80420,38895.000000000,38895.000000000,38895.000000000,38895.000000000,4,YM
2024-06-10T18:27:12.000000000Z,32,1,80420,38896.000000000,38896.000000000,38896.000000000,38896.000000000,2,YM
2024-06-10T18:27:14.000000000Z,32,1,80420,38895.000000000,38895.000000000,38895.000000000,38895.000000000,11,YM
2024-06-10T18:27:15.000000000Z,32,1,80420,38897.000000000,38897.000000000,38897.000000000,38897.000000000,3,YM
2024-06-10T18:27:16.000000000Z,32,1,80420,38898.000000000,38899.000000000,38898.000000000,38898.000000000,6,YM
2024-06-10T18:27:18.000000000Z,32,1,80420,38899.000000000,38899.000000000,38899.000000000,38899.000000000,1,YM
2024-06-10T18:27:19.000000000Z,32,1,80420,38897.000000000,38897.000000000,38897.000000000,38897.000000000,1,YM
2024-06-10T18:27:22.000000000Z,32,1,80420,38895.000000000,38896.000000000,38895.000000000,38896.000000000,13,YM
2024-06-10T18:27:24.000000000Z,32,1,80420,38896.000000000,38896.000000000,38896.000000000,38896.000000000,2,YM
2024-06-10T18:27:25.000000000Z,32,1,80420,38896.000000000,38896.000000000,38896.000000000,38896.000000000,1,YM
2024-06-10T18:27:27.000000000Z,32,1,80420,38895.000000000,38895.000000000,38894.000000000,38895.000000000,5,YM
2024-06-10T18:27:29.000000000Z,32,1,80420,38894.000000000,38894.000000000,38893.000000000,38893.000000000,5,YM
2024-06-10T18:27:30.000000000Z,32,1,80420,38895.000000000,38896.000000000,38895.000000000,38896.000000000,7,YM
2024-06-10T18:27:34.000000000Z,32,1,80420,38894.000000000,38894.000000000,38894.000000000,38894.000000000,1,YM
2024-06-10T18:27:35.000000000Z,32,1,80420,38894.000000000,38894.000000000,38894.000000000,38894.000000000,2,YM
2024-06-10T18:27:36.000000000Z,32,1,80420,38895.000000000,38895.000000000,38895.000000000,38895.000000000,1,YM
2024-06-10T18:27:41.000000000Z,32,1,80420,38893.000000000,38893.000000000,38893.000000000,38893.000000000,1,YM
2024-06-10T18:27:42.000000000Z,32,1,80420,38891.000000000,38891.000000000,38890.000000000,38890.000000000,13,YM
2024-06-10T18:27:43.000000000Z,32,1,80420,38890.000000000,38891.000000000,38890.000000000,38891.000000000,3,YM
2024-06-10T18:27:44.000000000Z,32,1,80420,38891.000000000,38891.000000000,38891.000000000,38891.000000000,6,YM
2024-06-10T18:27:48.000000000Z,32,1,80420,38891.000000000,38891.000000000,38891.000000000,38891.000000000,7,YM
2024-06-10T18:27:50.000000000Z,32,1,80420,38892.000000000,38892.000000000,38892.000000000,38892.000000000,1,YM
2024-06-10T18:27:51.000000000Z,32,1,80420,38893.000000000,38893.000000000,38893.000000000,38893.000000000,1,YM
2024-06-10T18:27:52.000000000Z,32,1,80420,38893.000000000,38893.000000000,38893.000000000,38893.000000000,1,YM
2024-06-10T18:27:56.000000000Z,32,1,80420,38895.000000000,38895.000000000,38895.000000000,38895.000000000,1,YM
2024-06-10T18:27:57.000000000Z,32,1,80420,38895.000000000,38895.000000000,38895.000000000,38895.000000000,1,YM
2024-06-10T18:28:01.000000000Z,32,1,80420,38896.000000000,38896.000000000,38895.000000000,38895.000000000,4,YM
2024-06-10T18:28:03.000000000Z,32,1,80420,38894.000000000,38894.000000000,38894.000000000,38894.000000000,1,YM
2024-06-10T18:28:04.000000000Z,32,1,80420,38893.000000000,38893.000000000,38892.000000000,38892.000000000,8,YM
2024-06-10T18:28:05.000000000Z,32,1,80420,38892.000000000,38892.000000000,38879.000000000,38879.000000000,161,YM
2024-06-10T18:28:06.000000000Z,32,1,80420,38881.000000000,38883.000000000,38880.000000000,38881.000000000,22,YM
2024-06-10T18:28:07.000000000Z,32,1,80420,38880.000000000,38880.000000000,38880.000000000,38880.000000000,3,YM
2024-06-10T18:28:08.000000000Z,32,1,80420,38881.000000000,38881.000000000,38881.000000000,38881.000000000,4,YM
2024-06-10T18:28:09.000000000Z,32,1,80420,38881.000000000,38882.000000000,38881.000000000,38882.000000000,3,YM
2024-06-10T18:28:11.000000000Z,32,1,80420,38883.000000000,38885.000000000,38883.000000000,38885.000000000,2,YM
2024-06-10T18:28:12.000000000Z,32,1,80420,38886.000000000,38887.000000000,38886.000000000,38887.000000000,7,YM
2024-06-10T18:28:13.000000000Z,32,1,80420,38887.000000000,38887.000000000,38887.000000000,38887.000000000,1,YM
2024-06-10T18:28:14.000000000Z,32,1,80420,38886.000000000,38886.000000000,38886.000000000,38886.000000000,3,YM
2024-06-10T18:28:15.000000000Z,32,1,80420,38887.000000000,38887.000000000,38887.000000000,38887.000000000,1,YM
2024-06-10T18:28:16.000000000Z,32,1,80420,38886.000000000,38886.000000000,38885.000000000,38886.000000000,9,YM
2024-06-10T18:28:17.000000000Z,32,1,80420,38885.000000000,38886.000000000,38885.000000000,38886.000000000,8,YM
2024-06-10T18:28:18.000000000Z,32,1,80420,38887.000000000,38887.000000000,38886.000000000,38886.000000000,5,YM
2024-06-10T18:28:20.000000000Z,32,1,80420,38887.000000000,38887.000000000,38887.000000000,38887.000000000,1,YM
2024-06-10T18:28:21.000000000Z,32,1,80420,38888.000000000,38888.000000000,38888.000000000,38888.000000000,9,YM
2024-06-10T18:28:22.000000000Z,32,1,80420,38889.000000000,38889.000000000,38887.000000000,38887.000000000,5,YM
2024-06-10T18:28:23.000000000Z,32,1,80420,38886.000000000,38886.000000000,38886.000000000,38886.000000000,1,YM
2024-06-10T18:28:24.000000000Z,32,1,80420,38887.000000000,38887.000000000,38887.000000000,38887.000000000,1,YM
2024-06-10T18:28:27.000000000Z,32,1,80420,38889.000000000,38889.000000000,38889.000000000,38889.000000000,2,YM
2024-06-10T18:28:29.000000000Z,32,1,80420,38890.000000000,38891.000000000,38890.000000000,38891.000000000,14,YM
2024-06-10T18:28:30.000000000Z,32,1,80420,38891.000000000,38891.000000000,38891.000000000,38891.000000000,3,YM
2024-06-10T18:28:32.000000000Z,32,1,80420,38891.000000000,38891.000000000,38891.000000000,38891.000000000,4,YM
2024-06-10T18:28:33.000000000Z,32,1,80420,38890.000000000,38890.000000000,38890.000000000,38890.000000000,1,YM
2024-06-10T18:28:34.000000000Z,32,1,80420,38890.000000000,38890.000000000,38890.000000000,38890.000000000,6,YM
2024-06-10T18:28:38.000000000Z,32,1,80420,38885.000000000,38888.000000000,38885.000000000,38888.000000000,8,YM
2024-06-10T18:28:39.000000000Z,32,1,80420,38888.000000000,38888.000000000,38885.000000000,38885.000000000,7,YM
2024-06-10T18:28:40.000000000Z,32,1,80420,38884.000000000,38884.000000000,38884.000000000,38884.000000000,3,YM
2024-06-10T18:28:41.000000000Z,32,1,80420,38883.000000000,38885.000000000,38883.000000000,38884.000000000,7,YM
2024-06-10T18:28:42.000000000Z,32,1,80420,38882.000000000,38882.000000000,38882.000000000,38882.000000000,2,YM
2024-06-10T18:28:45.000000000Z,32,1,80420,38886.000000000,38886.000000000,38884.000000000,38884.000000000,7,YM
2024-06-10T18:28:46.000000000Z,32,1,80420,38883.000000000,38883.000000000,38883.000000000,38883.000000000,2,YM
2024-06-10T18:28:48.000000000Z,32,1,80420,38884.000000000,38884.000000000,38883.000000000,38883.000000000,4,YM
2024-06-10T18:28:50.000000000Z,32,1,80420,38884.000000000,38884.000000000,38884.000000000,38884.000000000,6,YM
2024-06-10T18:28:51.000000000Z,32,1,80420,38885.000000000,38886.000000000,38885.000000000,38886.000000000,6,YM
2024-06-10T18:28:52.000000000Z,32,1,80420,38885.000000000,38885.000000000,38885.000000000,38885.000000000,1,YM
2024-06-10T18:28:54.000000000Z,32,1,80420,38886.000000000,38886.000000000,38885.000000000,38885.000000000,3,YM
2024-06-10T18:28:55.000000000Z,32,1,80420,38885.000000000,38885.000000000,38885.000000000,38885.000000000,5,YM
2024-06-10T18:28:56.000000000Z,32,1,80420,38885.000000000,38885.000000000,38885.000000000,38885.000000000,1,YM
2024-06-10T18:28:59.000000000Z,32,1,80420,38884.000000000,38884.000000000,38884.000000000,38884.000000000,3,YM
2024-06-10T18:29:01.000000000Z,32,1,80420,38883.000000000,38885.000000000,38883.000000000,38885.000000000,9,YM
2024-06-10T18:29:02.000000000Z,32,1,80420,38885.000000000,38885.000000000,38885.000000000,38885.000000000,1,YM
2024-06-10T18:29:04.000000000Z,32,1,80420,38884.000000000,38884.000000000,38884.000000000,38884.000000000,3,YM
2024-06-10T18:29:05.000000000Z,32,1,80420,38883.000000000,38883.000000000,38883.000000000,38883.000000000,1,YM
2024-06-10T18:29:06.000000000Z,32,1,80420,38883.000000000,38883.000000000,38883.000000000,38883.000000000,1,YM
2024-06-10T18:29:07.000000000Z,32,1,80420,38883.000000000,38883.000000000,38883.000000000,38883.000000000,1,YM
2024-06-10T18:29:09.000000000Z,32,1,80420,38882.000000000,38884.000000000,38882.000000000,38883.000000000,8,YM
2024-06-10T18:29:10.000000000Z,32,1,80420,38883.000000000,38883.000000000,38883.000000000,38883.000000000,3,YM
2024-06-10T18:29:13.000000000Z,32,1,80420,38884.000000000,38886.000000000,38884.000000000,38886.000000000,4,YM
2024-06-10T18:29:14.000000000Z,32,1,80420,38887.000000000,38887.000000000,38886.000000000,38886.000000000,9,YM
2024-06-10T18:29:17.000000000Z,32,1,80420,38885.000000000,38885.000000000,38885.000000000,38885.000000000,3,YM
2024-06-10T18:29:18.000000000Z,32,1,80420,38886.000000000,38887.000000000,38886.000000000,38887.000000000,5,YM
2024-06-10T18:29:20.000000000Z,32,1,80420,38888.000000000,38888.000000000,38888.000000000,38888.000000000,2,YM
2024-06-10T18:29:21.000000000Z,32,1,80420,38889.000000000,38889.000000000,38887.000000000,38889.000000000,5,YM
2024-06-10T18:29:22.000000000Z,32,1,80420,38889.000000000,38889.000000000,38889.000000000,38889.000000000,2,YM
2024-06-10T18:29:23.000000000Z,32,1,80420,38889.000000000,38889.000000000,38889.000000000,38889.000000000,4,YM
2024-06-10T18:29:25.000000000Z,32,1,80420,38889.000000000,38889.000000000,38889.000000000,38889.000000000,2,YM
2024-06-10T18:29:27.000000000Z,32,1,80420,38889.000000000,38889.000000000,38887.000000000,38887.000000000,8,YM
2024-06-10T18:29:28.000000000Z,32,1,80420,38887.000000000,38887.000000000,38887.000000000,38887.000000000,1,YM
2024-06-10T18:29:31.000000000Z,32,1,80420,38886.000000000,38886.000000000,38886.000000000,38886.000000000,1,YM
2024-06-10T18:29:32.000000000Z,32,1,80420,38887.000000000,38887.000000000,38887.000000000,38887.000000000,5,YM
2024-06-10T18:29:33.000000000Z,32,1,80420,38886.000000000,38886.000000000,38886.000000000,38886.000000000,2,YM
2024-06-10T18:29:35.000000000Z,32,1,80420,38887.000000000,38888.000000000,38887.000000000,38888.000000000,9,YM
2024-06-10T18:29:36.000000000Z,32,1,80420,38889.000000000,38890.000000000,38889.000000000,38890.000000000,6,YM
2024-06-10T18:29:37.000000000Z,32,1,80420,38890.000000000,38890.000000000,38890.000000000,38890.000000000,1,YM
2024-06-10T18:29:38.000000000Z,32,1,80420,38890.000000000,38890.000000000,38890.000000000,38890.000000000,3,YM
2024-06-10T18:29:39.000000000Z,32,1,80420,38890.000000000,38890.000000000,38889.000000000,38890.000000000,9,YM
2024-06-10T18:29:40.000000000Z,32,1,80420,38888.000000000,38888.000000000,38888.000000000,38888.000000000,1,YM
2024-06-10T18:29:41.000000000Z,32,1,80420,38889.000000000,38889.000000000,38889.000000000,38889.000000000,1,YM
2024-06-10T18:29:42.000000000Z,32,1,80420,38889.000000000,38889.000000000,38889.000000000,38889.000000000,1,YM
2024-06-10T18:29:43.000000000Z,32,1,80420,38890.000000000,38890.000000000,38890.000000000,38890.000000000,5,YM
2024-06-10T18:29:45.000000000Z,32,1,80420,38889.000000000,38889.000000000,38889.000000000,38889.000000000,1,YM
2024-06-10T18:29:46.000000000Z,32,1,80420,38891.000000000,38892.000000000,38891.000000000,38892.000000000,3,YM
2024-06-10T18:29:50.000000000Z,32,1,80420,38890.000000000,38890.000000000,38889.000000000,38890.000000000,9,YM
2024-06-10T18:29:51.000000000Z,32,1,80420,38889.000000000,38889.000000000,38889.000000000,38889.000000000,1,YM
2024-06-10T18:29:52.000000000Z,32,1,80420,38889.000000000,38889.000000000,38888.000000000,38888.000000000,3,YM
2024-06-10T18:29:53.000000000Z,32,1,80420,38887.000000000,38889.000000000,38887.000000000,38889.000000000,2,YM
2024-06-10T18:29:57.000000000Z,32,1,80420,38891.000000000,38892.000000000,38891.000000000,38892.000000000,12,YM
2024-06-10T18:29:58.000000000Z,32,1,80420,38892.000000000,38892.000000000,38892.000000000,38892.000000000,1,YM
2024-06-10T18:29:59.000000000Z,32,1,80420,38891.000000000,38891.000000000,38891.000000000,38891.000000000,2,YM
2024-06-10T18:30:00.000000000Z,32,1,80420,38891.000000000,38892.000000000,38890.000000000,38890.000000000,6,YM
2024-06-10T18:30:01.000000000Z,32,1,80420,38890.000000000,38893.000000000,38890.000000000,38891.000000000,22,YM
2024-06-10T18:30:02.000000000Z,32,1,80420,38891.000000000,38891.000000000,38891.000000000,38891.000000000,1,YM
2024-06-10T18:30:03.000000000Z,32,1,80420,38891.000000000,38891.000000000,38891.000000000,38891.000000000,1,YM
2024-06-10T18:30:06.000000000Z,32,1,80420,38890.000000000,38890.000000000,38890.000000000,38890.000000000,1,YM
2024-06-10T18:30:07.000000000Z,32,1,80420,38890.000000000,38890.000000000,38890.000000000,38890.000000000,1,YM
2024-06-10T18:30:08.000000000Z,32,1,80420,38890.000000000,38890.000000000,38889.000000000,38889.000000000,3,YM
2024-06-10T18:30:09.000000000Z,32,1,80420,38888.000000000,38888.000000000,38888.000000000,38888.000000000,1,YM
2024-06-10T18:30:11.000000000Z,32,1,80420,38887.000000000,38887.000000000,38886.000000000,38886.000000000,2,YM
2024-06-10T18:30:12.000000000Z,32,1,80420,38886.000000000,38886.000000000,38886.000000000,38886.000000000,5,YM
2024-06-10T18:30:13.000000000Z,32,1,80420,38887.000000000,38887.000000000,38887.000000000,38887.000000000,3,YM
2024-06-10T18:30:14.000000000Z,32,1,80420,38888.000000000,38888.000000000,38888.000000000,38888.000000000,2,YM
2024-06-10T18:30:15.000000000Z,32,1,80420,38889.000000000,38889.000000000,38887.000000000,38887.000000000,7,YM
2024-06-10T18:30:16.000000000Z,32,1,80420,38887.000000000,38887.000000000,38887.000000000,38887.000000000,3,YM
2024-06-10T18:30:18.000000000Z,32,1,80420,38886.000000000,38886.000000000,38886.000000000,38886.000000000,2,YM
2024-06-10T18:30:19.000000000Z,32,1,80420,38886.000000000,38886.000000000,38886.000000000,38886.000000000,2,YM
2024-06-10T18:30:20.000000000Z,32,1,80420,38885.000000000,38885.000000000,38885.000000000,38885.000000000,2,YM
2024-06-10T18:30:21.000000000Z,32,1,80420,38886.000000000,38886.000000000,38886.000000000,38886.000000000,1,YM
2024-06-10T18:30:22.000000000Z,32,1,80420,38885.000000000,38885.000000000,38882.000000000,38883.000000000,20,YM
2024-06-10T18:30:23.000000000Z,32,1,80420,38883.000000000,38884.000000000,38883.000000000,38884.000000000,3,YM
2024-06-10T18:30:24.000000000Z,32,1,80420,38884.000000000,38884.000000000,38884.000000000,38884.000000000,1,YM
2024-06-10T18:30:25.000000000Z,32,1,80420,38884.000000000,38885.000000000,38883.000000000,38885.000000000,6,YM
2024-06-10T18:30:26.000000000Z,32,1,80420,38887.000000000,38887.000000000,38887.000000000,38887.000000000,1,YM
2024-06-10T18:30:27.000000000Z,32,1,80420,38888.000000000,38888.000000000,38888.000000000,38888.000000000,5,YM
2024-06-10T18:30:30.000000000Z,32,1,80420,38887.000000000,38887.000000000,38887.000000000,38887.000000000,2,YM
2024-06-10T18:30:32.000000000Z,32,1,80420,38885.000000000,38886.000000000,38885.000000000,38886.000000000,3,YM
2024-06-10T18:30:34.000000000Z,32,1,80420,38887.000000000,38887.000000000,38886.000000000,38886.000000000,2,YM
2024-06-10T18:30:35.000000000Z,32,1,80420,38887.000000000,38887.000000000,38887.000000000,38887.000000000,2,YM
2024-06-10T18:30:37.000000000Z,32,1,80420,38888.000000000,38889.000000000,38888.000000000,38889.000000000,3,YM
2024-06-10T18:30:38.000000000Z,32,1,80420,38889.000000000,38889.000000000,38888.000000000,38889.000000000,6,YM
2024-06-10T18:30:39.000000000Z,32,1,80420,38889.000000000,38889.000000000,38889.000000000,38889.000000000,3,YM
2024-06-10T18:30:40.000000000Z,32,1,80420,38889.000000000,38889.000000000,38886.000000000,38886.000000000,6,YM
2024-06-10T18:30:41.000000000Z,32,1,80420,38886.000000000,38886.000000000,38886.000000000,38886.000000000,1,YM
2024-06-10T18:30:42.000000000Z,32,1,80420,38886.000000000,38886.000000000,38882.000000000,38884.000000000,28,YM
2024-06-10T18:30:43.000000000Z,32,1,80420,38886.000000000,38886.000000000,38885.000000000,38885.000000000,7,YM
2024-06-10T18:30:45.000000000Z,32,1,80420,38886.000000000,38888.000000000,38886.000000000,38887.000000000,8,YM
2024-06-10T18:30:49.000000000Z,32,1,80420,38887.000000000,38887.000000000,38887.000000000,38887.000000000,1,YM
2024-06-10T18:30:51.000000000Z,32,1,80420,38887.000000000,38887.000000000,38887.000000000,38887.000000000,5,YM
2024-06-10T18:30:53.000000000Z,32,1,80420,38889.000000000,38889.000000000,38889.000000000,38889.000000000,4,YM
2024-06-10T18:30:54.000000000Z,32,1,80420,38890.000000000,38891.000000000,38890.000000000,38890.000000000,13,YM
2024-06-10T18:30:55.000000000Z,32,1,80420,38890.000000000,38890.000000000,38890.000000000,38890.000000000,3,YM
2024-06-10T18:30:57.000000000Z,32,1,80420,38892.000000000,38892.000000000,38891.000000000,38891.000000000,2,YM
2024-06-10T18:30:58.000000000Z,32,1,80420,38891.000000000,38891.000000000,38888.000000000,38888.000000000,3,YM
2024-06-10T18:30:59.000000000Z,32,1,80420,38889.000000000,38890.000000000,38889.000000000,38889.000000000,18,YM
2024-06-10T18:31:00.000000000Z,32,1,80420,38889.000000000,38889.000000000,38889.000000000,38889.000000000,1,YM
2024-06-10T18:31:01.000000000Z,32,1,80420,38887.000000000,38889.000000000,38887.000000000,38887.000000000,7,YM
2024-06-10T18:31:02.000000000Z,32,1,80420,38887.000000000,38887.000000000,38887.000000000,38887.000000000,2,YM
2024-06-10T18:31:03.000000000Z,32,1,80420,38887.000000000,38887.000000000,38887.000000000,38887.000000000,3,YM
2024-06-10T18:31:05.000000000Z,32,1,80420,38888.000000000,38888.000000000,38888.000000000,38888.000000000,3,YM
2024-06-10T18:31:07.000000000Z,32,1,80420,38888.000000000,38888.000000000,38888.000000000,38888.000000000,5,YM
2024-06-10T18:31:09.000000000Z,32,1,80420,38887.000000000,38888.000000000,38887.000000000,38888.000000000,2,YM
2024-06-10T18:31:10.000000000Z,32,1,80420,38888.000000000,38890.000000000,38888.000000000,38889.000000000,4,YM
2024-06-10T18:31:12.000000000Z,32,1,80420,38892.000000000,38892.000000000,38892.000000000,38892.000000000,3,YM
2024-06-10T18:31:13.000000000Z,32,1,80420,38891.000000000,38892.000000000,38891.000000000,38892.000000000,7,YM
2024-06-10T18:31:14.000000000Z,32,1,80420,38892.000000000,38892.000000000,38892.000000000,38892.000000000,1,YM
2024-06-10T18:31:16.000000000Z,32,1,80420,38890.000000000,38890.000000000,38890.000000000,38890.000000000,6,YM
2024-06-10T18:31:17.000000000Z,32,1,80420,38890.000000000,38890.000000000,38890.000000000,38890.000000000,1,YM
2024-06-10T18:31:18.000000000Z,32,1,80420,38889.000000000,38889.000000000,38889.000000000,38889.000000000,7,YM
2024-06-10T18:31:19.000000000Z,32,1,80420,38890.000000000,38893.000000000,38890.000000000,38893.000000000,6,YM
2024-06-10T18:31:20.000000000Z,32,1,80420,38893.000000000,38893.000000000,38893.000000000,38893.000000000,2,YM
2024-06-10T18:31:21.000000000Z,32,1,80420,38894.000000000,38894.000000000,38894.000000000,38894.000000000,4,YM
2024-06-10T18:31:22.000000000Z,32,1,80420,38896.000000000,38896.000000000,38896.000000000,38896.000000000,1,YM
2024-06-10T18:31:23.000000000Z,32,1,80420,38896.000000000,38897.000000000,38896.000000000,38897.000000000,2,YM
2024-06-10T18:31:24.000000000Z,32,1,80420,38897.000000000,38898.000000000,38896.000000000,38898.000000000,12,YM
2024-06-10T18:31:25.000000000Z,32,1,80420,38899.000000000,38901.000000000,38899.000000000,38901.000000000,4,YM
2024-06-10T18:31:28.000000000Z,32,1,80420,38902.000000000,38903.000000000,38902.000000000,38902.000000000,15,YM
2024-06-10T18:31:29.000000000Z,32,1,80420,38901.000000000,38901.000000000,38901.000000000,38901.000000000,3,YM
2024-06-10T18:31:30.000000000Z,32,1,80420,38900.000000000,38900.000000000,38900.000000000,38900.000000000,3,YM
2024-06-10T18:31:31.000000000Z,32,1,80420,38899.000000000,38900.000000000,38899.000000000,38900.000000000,2,YM
2024-06-10T18:31:33.000000000Z,32,1,80420,38901.000000000,38901.000000000,38901.000000000,38901.000000000,2,YM
2024-06-10T18:31:35.000000000Z,32,1,80420,38899.000000000,38899.000000000,38899.000000000,38899.000000000,3,YM
2024-06-10T18:31:36.000000000Z,32,1,80420,38898.000000000,38898.000000000,38897.000000000,38898.000000000,3,YM
2024-06-10T18:31:37.000000000Z,32,1,80420,38899.000000000,38899.000000000,38899.000000000,38899.000000000,1,YM
2024-06-10T18:31:39.000000000Z,32,1,80420,38898.000000000,38899.000000000,38898.000000000,38899.000000000,9,YM
2024-06-10T18:31:41.000000000Z,32,1,80420,38899.000000000,38899.000000000,38899.000000000,38899.000000000,1,YM
2024-06-10T18:31:42.000000000Z,32,1,80420,38899.000000000,38899.000000000,38899.000000000,38899.000000000,5,YM
2024-06-10T18:31:44.000000000Z,32,1,80420,38900.000000000,38900.000000000,38900.000000000,38900.000000000,1,YM
2024-06-10T18:31:46.000000000Z,32,1,80420,38899.000000000,38899.000000000,38899.000000000,38899.000000000,2,YM
2024-06-10T18:31:47.000000000Z,32,1,80420,38899.000000000,38899.000000000,38899.000000000,38899.000000000,1,YM
2024-06-10T18:31:48.000000000Z,32,1,80420,38899.000000000,38899.000000000,38899.000000000,38899.000000000,5,YM
2024-06-10T18:31:49.000000000Z,32,1,80420,38900.000000000,38900.000000000,38900.000000000,38900.000000000,2,YM
2024-06-10T18:31:51.000000000Z,32,1,80420,38902.000000000,38902.000000000,38901.000000000,38901.000000000,2,YM
2024-06-10T18:31:52.000000000Z,32,1,80420,38901.000000000,38901.000000000,38899.000000000,38899.000000000,17,YM
2024-06-10T18:31:54.000000000Z,32,1,80420,38901.000000000,38901.000000000,38901.000000000,38901.000000000,4,YM
2024-06-10T18:31:55.000000000Z,32,1,80420,38902.000000000,38902.000000000,38902.000000000,38902.000000000,1,YM
2024-06-10T18:31:58.000000000Z,32,1,80420,38901.000000000,38901.000000000,38901.000000000,38901.000000000,6,YM
2024-06-10T18:31:59.000000000Z,32,1,80420,38900.000000000,38900.000000000,38900.000000000,38900.000000000,1,YM
2024-06-10T18:32:00.000000000Z,32,1,80420,38901.000000000,38901.000000000,38901.000000000,38901.000000000,2,YM
2024-06-10T18:32:01.000000000Z,32,1,80420,38901.000000000,38901.000000000,38901.000000000,38901.000000000,3,YM
2024-06-10T18:32:02.000000000Z,32,1,80420,38900.000000000,38900.000000000,38900.000000000,38900.000000000,4,YM
2024-06-10T18:32:04.000000000Z,32,1,80420,38902.000000000,38903.000000000,38902.000000000,38903.000000000,6,YM
2024-06-10T18:32:05.000000000Z,32,1,80420,38905.000000000,38908.000000000,38905.000000000,38908.000000000,14,YM
2024-06-10T18:32:06.000000000Z,32,1,80420,38906.000000000,38906.000000000,38904.000000000,38904.000000000,6,YM
2024-06-10T18:32:07.000000000Z,32,1,80420,38906.000000000,38906.000000000,38906.000000000,38906.000000000,4,YM
2024-06-10T18:32:08.000000000Z,32,1,80420,38906.000000000,38906.000000000,38906.000000000,38906.000000000,1,YM
2024-06-10T18:32:10.000000000Z,32,1,80420,38905.000000000,38905.000000000,38905.000000000,38905.000000000,6,YM
2024-06-10T18:32:13.000000000Z,32,1,80420,38907.000000000,38907.000000000,38907.000000000,38907.000000000,3,YM
2024-06-10T18:32:14.000000000Z,32,1,80420,38906.000000000,38907.000000000,38906.000000000,38907.000000000,2,YM
2024-06-10T18:32:15.000000000Z,32,1,80420,38907.000000000,38907.000000000,38907.000000000,38907.000000000,1,YM
2024-06-10T18:32:16.000000000Z,32,1,80420,38908.000000000,38910.000000000,38908.000000000,38910.000000000,8,YM
2024-06-10T18:32:17.000000000Z,32,1,80420,38909.000000000,38909.000000000,38908.000000000,38908.000000000,3,YM
2024-06-10T18:32:18.000000000Z,32,1,80420,38907.000000000,38907.000000000,38907.000000000,38907.000000000,2,YM
2024-06-10T18:32:19.000000000Z,32,1,80420,38907.000000000,38907.000000000,38907.000000000,38907.000000000,1,YM
2024-06-10T18:32:20.000000000Z,32,1,80420,38907.000000000,38907.000000000,38906.000000000,38906.000000000,2,YM
2024-06-10T18:32:21.000000000Z,32,1,80420,38906.000000000,38907.000000000,38906.000000000,38906.000000000,11,YM
2024-06-10T18:32:23.000000000Z,32,1,80420,38905.000000000,38905.000000000,38904.000000000,38905.000000000,16,YM
2024-06-10T18:32:24.000000000Z,32,1,80420,38904.000000000,38904.000000000,38903.000000000,38903.000000000,3,YM
2024-06-10T18:32:25.000000000Z,32,1,80420,38903.000000000,38903.000000000,38903.000000000,38903.000000000,1,YM
2024-06-10T18:32:26.000000000Z,32,1,80420,38903.000000000,38903.000000000,38903.000000000,38903.000000000,1,YM
2024-06-10T18:32:27.000000000Z,32,1,80420,38903.000000000,38903.000000000,38903.000000000,38903.000000000,1,YM
2024-06-10T18:32:28.000000000Z,32,1,80420,38903.000000000,38903.000000000,38903.000000000,38903.000000000,2,YM
2024-06-10T18:32:30.000000000Z,32,1,80420,38902.000000000,38902.000000000,38902.000000000,38902.000000000,1,YM
2024-06-10T18:32:31.000000000Z,32,1,80420,38904.000000000,38905.000000000,38904.000000000,38904.000000000,5,YM
2024-06-10T18:32:32.000000000Z,32,1,80420,38903.000000000,38904.000000000,38902.000000000,38904.000000000,7,YM
2024-06-10T18:32:33.000000000Z,32,1,80420,38904.000000000,38904.000000000,38904.000000000,38904.000000000,1,YM
2024-06-10T18:32:35.000000000Z,32,1,80420,38903.000000000,38903.000000000,38903.000000000,38903.000000000,2,YM
2024-06-10T18:32:37.000000000Z,32,1,80420,38903.000000000,38903.000000000,38903.000000000,38903.000000000,1,YM
2024-06-10T18:32:39.000000000Z,32,1,80420,38902.000000000,38904.000000000,38902.000000000,38904.000000000,11,YM
2024-06-10T18:32:40.000000000Z,32,1,80420,38902.000000000,38904.000000000,38902.000000000,38904.000000000,3,YM
2024-06-10T18:32:45.000000000Z,32,1,80420,38907.000000000,38907.000000000,38907.000000000,38907.000000000,2,YM
2024-06-10T18:32:46.000000000Z,32,1,80420,38907.000000000,38907.000000000,38907.000000000,38907.000000000,1,YM
2024-06-10T18:32:47.000000000Z,32,1,80420,38907.000000000,38908.000000000,38907.000000000,38908.000000000,2,YM
2024-06-10T18:32:48.000000000Z,32,1,80420,38907.000000000,38907.000000000,38907.000000000,38907.000000000,1,YM
2024-06-10T18:32:53.000000000Z,32,1,80420,38907.000000000,38907.000000000,38907.000000000,38907.000000000,1,YM
2024-06-10T18:32:54.000000000Z,32,1,80420,38906.000000000,38906.000000000,38906.000000000,38906.000000000,1,YM
2024-06-10T18:32:56.000000000Z,32,1,80420,38907.000000000,38907.000000000,38907.000000000,38907.000000000,1,YM
2024-06-10T18:33:00.000000000Z,32,1,80420,38908.000000000,38908.000000000,38907.000000000,38908.000000000,4,YM
2024-06-10T18:33:01.000000000Z,32,1,80420,38907.000000000,38907.000000000,38907.000000000,38907.000000000,2,YM
2024-06-10T18:33:02.000000000Z,32,1,80420,38906.000000000,38906.000000000,38906.000000000,38906.000000000,1,YM
2024-06-10T18:33:03.000000000Z,32,1,80420,38906.000000000,38907.000000000,38906.000000000,38907.000000000,4,YM
2024-06-10T18:33:04.000000000Z,32,1,80420,38906.000000000,38906.000000000,38906.000000000,38906.000000000,2,YM
2024-06-10T18:33:05.000000000Z,32,1,80420,38906.000000000,38906.000000000,38905.000000000,38905.000000000,3,YM
2024-06-10T18:33:06.000000000Z,32,1,80420,38905.000000000,38906.000000000,38905.000000000,38906.000000000,3,YM
2024-06-10T18:33:07.000000000Z,32,1,80420,38905.000000000,38905.000000000,38905.000000000,38905.000000000,2,YM
2024-06-10T18:33:08.000000000Z,32,1,80420,38905.000000000,38905.000000000,38904.000000000,38904.000000000,5,YM
2024-06-10T18:33:09.000000000Z,32,1,80420,38904.000000000,38904.000000000,38904.000000000,38904.000000000,2,YM
2024-06-10T18:33:10.000000000Z,32,1,80420,38904.000000000,38904.000000000,38904.000000000,38904.000000000,2,YM
2024-06-10T18:33:12.000000000Z,32,1,80420,38906.000000000,38906.000000000,38905.000000000,38906.000000000,4,YM
2024-06-10T18:33:15.000000000Z,32,1,80420,38907.000000000,38907.000000000,38907.000000000,38907.000000000,4,YM
2024-06-10T18:33:16.000000000Z,32,1,80420,38906.000000000,38906.000000000,38906.000000000,38906.000000000,2,YM
2024-06-10T18:33:18.000000000Z,32,1,80420,38906.000000000,38906.000000000,38906.000000000,38906.000000000,2,YM
2024-06-10T18:33:21.000000000Z,32,1,80420,38907.000000000,38908.000000000,38907.000000000,38908.000000000,3,YM
2024-06-10T18:33:22.000000000Z,32,1,80420,38909.000000000,38910.000000000,38909.000000000,38910.000000000,5,YM
2024-06-10T18:33:23.000000000Z,32,1,80420,38910.000000000,38910.000000000,38910.000000000,38910.000000000,1,YM
2024-06-10T18:33:24.000000000Z,32,1,80420,38909.000000000,38910.000000000,38908.000000000,38910.000000000,11,YM
2024-06-10T18:33:25.000000000Z,32,1,80420,38909.000000000,38909.000000000,38908.000000000,38908.000000000,11,YM
2024-06-10T18:33:27.000000000Z,32,1,80420,38910.000000000,38910.000000000,38910.000000000,38910.000000000,3,YM
2024-06-10T18:33:28.000000000Z,32,1,80420,38908.000000000,38908.000000000,38908.000000000,38908.000000000,1,YM
2024-06-10T18:33:29.000000000Z,32,1,80420,38908.000000000,38908.000000000,38908.000000000,38908.000000000,3,YM
2024-06-10T18:33:31.000000000Z,32,1,80420,38908.000000000,38908.000000000,38907.000000000,38907.000000000,6,YM
2024-06-10T18:33:32.000000000Z,32,1,80420,38907.000000000,38908.000000000,38907.000000000,38907.000000000,4,YM
2024-06-10T18:33:33.000000000Z,32,1,80420,38906.000000000,38906.000000000,38906.000000000,38906.000000000,1,YM
2024-06-10T18:33:36.000000000Z,32,1,80420,38907.000000000,38907.000000000,38907.000000000,38907.000000000,1,YM
2024-06-10T18:33:37.000000000Z,32,1,80420,38907.000000000,38908.000000000,38907.000000000,38907.000000000,15,YM
2024-06-10T18:33:38.000000000Z,32,1,80420,38908.000000000,38908.000000000,38908.000000000,38908.000000000,2,YM
2024-06-10T18:33:39.000000000Z,32,1,80420,38907.000000000,38907.000000000,38907.000000000,38907.000000000,1,YM
2024-06-10T18:33:40.000000000Z,32,1,80420,38908.000000000,38908.000000000,38907.000000000,38908.000000000,5,YM
2024-06-10T18:33:44.000000000Z,32,1,80420,38909.000000000,38909.000000000,38909.000000000,38909.000000000,4,YM
2024-06-10T18:33:45.000000000Z,32,1,80420,38910.000000000,38913.000000000,38910.000000000,38910.000000000,31,YM
2024-06-10T18:33:46.000000000Z,32,1,80420,38912.000000000,38912.000000000,38911.000000000,38911.000000000,3,YM
2024-06-10T18:33:47.000000000Z,32,1,80420,38912.000000000,38912.000000000,38911.000000000,38911.000000000,2,YM
2024-06-10T18:33:48.000000000Z,32,1,80420,38912.000000000,38912.000000000,38909.000000000,38909.000000000,4,YM
2024-06-10T18:33:49.000000000Z,32,1,80420,38911.000000000,38911.000000000,38911.000000000,38911.000000000,5,YM
2024-06-10T18:33:50.000000000Z,32,1,80420,38910.000000000,38910.000000000,38909.000000000,38909.000000000,4,YM
2024-06-10T18:33:53.000000000Z,32,1,80420,38910.000000000,38910.000000000,38910.000000000,38910.000000000,1,YM
2024-06-10T18:33:54.000000000Z,32,1,80420,38910.000000000,38911.000000000,38910.000000000,38911.000000000,2,YM
2024-06-10T18:33:58.000000000Z,32,1,80420,38910.000000000,38910.000000000,38910.000000000,38910.000000000,2,YM
2024-06-10T18:33:59.000000000Z,32,1,80420,38909.000000000,38910.000000000,38909.000000000,38909.000000000,6,YM
2024-06-10T18:34:00.000000000Z,32,1,80420,38909.000000000,38910.000000000,38909.000000000,38910.000000000,6,YM
2024-06-10T18:34:02.000000000Z,32,1,80420,38910.000000000,38910.000000000,38908.000000000,38909.000000000,9,YM
2024-06-10T18:34:03.000000000Z,32,1,80420,38909.000000000,38909.000000000,38909.000000000,38909.000000000,3,YM
2024-06-10T18:34:05.000000000Z,32,1,80420,38910.000000000,38910.000000000,38910.000000000,38910.000000000,1,YM
2024-06-10T18:34:11.000000000Z,32,1,80420,38911.000000000,38912.000000000,38911.000000000,38912.000000000,9,YM
2024-06-10T18:34:13.000000000Z,32,1,80420,38911.000000000,38911.000000000,38909.000000000,38909.000000000,8,YM
2024-06-10T18:34:16.000000000Z,32,1,80420,38909.000000000,38909.000000000,38909.000000000,38909.000000000,2,YM
2024-06-10T18:34:17.000000000Z,32,1,80420,38908.000000000,38910.000000000,38908.000000000,38910.000000000,5,YM
2024-06-10T18:34:18.000000000Z,32,1,80420,38911.000000000,38911.000000000,38911.000000000,38911.000000000,1,YM
2024-06-10T18:34:20.000000000Z,32,1,80420,38913.000000000,38914.000000000,38913.000000000,38914.000000000,3,YM
2024-06-10T18:34:22.000000000Z,32,1,80420,38913.000000000,38913.000000000,38912.000000000,38912.000000000,2,YM
2024-06-10T18:34:24.000000000Z,32,1,80420,38911.000000000,38911.000000000,38911.000000000,38911.000000000,1,YM
2024-06-10T18:34:26.000000000Z,32,1,80420,38909.000000000,38909.000000000,38909.000000000,38909.000000000,2,YM
2024-06-10T18:34:28.000000000Z,32,1,80420,38908.000000000,38909.000000000,38908.000000000,38908.000000000,10,YM
2024-06-10T18:34:29.000000000Z,32,1,80420,38909.000000000,38909.000000000,38909.000000000,38909.000000000,1,YM
2024-06-10T18:34:31.000000000Z,32,1,80420,38910.000000000,38910.000000000,38910.000000000,38910.000000000,1,YM
2024-06-10T18:34:34.000000000Z,32,1,80420,38909.000000000,38909.000000000,38909.000000000,38909.000000000,1,YM
2024-06-10T18:34:35.000000000Z,32,1,80420,38909.000000000,38909.000000000,38909.000000000,38909.000000000,3,YM
2024-06-10T18:34:36.000000000Z,32,1,80420,38909.000000000,38909.000000000,38908.000000000,38908.000000000,6,YM
2024-06-10T18:34:37.000000000Z,32,1,80420,38909.000000000,38909.000000000,38908.000000000,38908.000000000,4,YM
2024-06-10T18:34:38.000000000Z,32,1,80420,38908.000000000,38908.000000000,38908.000000000,38908.000000000,3,YM
2024-06-10T18:34:39.000000000Z,32,1,80420,38909.000000000,38909.000000000,38909.000000000,38909.000000000,4,YM
2024-06-10T18:34:40.000000000Z,32,1,80420,38908.000000000,38908.000000000,38908.000000000,38908.000000000,1,YM
2024-06-10T18:34:46.000000000Z,32,1,80420,38907.000000000,38907.000000000,38907.000000000,38907.000000000,1,YM
2024-06-10T18:34:47.000000000Z,32,1,80420,38908.000000000,38908.000000000,38908.000000000,38908.000000000,2,YM
2024-06-10T18:34:49.000000000Z,32,1,80420,38907.000000000,38907.000000000,38907.000000000,38907.000000000,4,YM
2024-06-10T18:34:50.000000000Z,32,1,80420,38908.000000000,38908.000000000,38908.000000000,38908.000000000,1,YM
2024-06-10T18:34:51.000000000Z,32,1,80420,38908.000000000,38908.000000000,38907.000000000,38907.000000000,2,YM
2024-06-10T18:34:54.000000000Z,32,1,80420,38907.000000000,38907.000000000,38907.000000000,38907.000000000,1,YM
2024-06-10T18:34:55.000000000Z,32,1,80420,38908.000000000,38908.000000000,38908.000000000,38908.000000000,8,YM
2024-06-10T18:34:56.000000000Z,32,1,80420,38908.000000000,38908.000000000,38908.000000000,38908.000000000,1,YM
2024-06-10T18:34:57.000000000Z,32,1,80420,38908.000000000,38908.000000000,38908.000000000,38908.000000000,1,YM
2024-06-10T18:34:58.000000000Z,32,1,80420,38909.000000000,38909.000000000,38909.000000000,38909.000000000,3,YM
2024-06-10T18:35:01.000000000Z,32,1,80420,38912.000000000,38912.000000000,38911.000000000,38911.000000000,6,YM
2024-06-10T18:35:04.000000000Z,32,1,80420,38912.000000000,38912.000000000,38912.000000000,38912.000000000,2,YM
2024-06-10T18:35:06.000000000Z,32,1,80420,38912.000000000,38912.000000000,38912.000000000,38912.000000000,1,YM
2024-06-10T18:35:08.000000000Z,32,1,80420,38912.000000000,38912.000000000,38912.000000000,38912.000000000,1,YM
2024-06-10T18:35:09.000000000Z,32,1,80420,38912.000000000,38916.000000000,38912.000000000,38915.000000000,37,YM
2024-06-10T18:35:10.000000000Z,32,1,80420,38915.000000000,38915.000000000,38915.000000000,38915.000000000,2,YM
2024-06-10T18:35:11.000000000Z,32,1,80420,38916.000000000,38917.000000000,38915.000000000,38917.000000000,23,YM
2024-06-10T18:35:12.000000000Z,32,1,80420,38917.000000000,38917.000000000,38916.000000000,38916.000000000,2,YM
2024-06-10T18:35:14.000000000Z,32,1,80420,38918.000000000,38918.000000000,38918.000000000,38918.000000000,2,YM
2024-06-10T18:35:15.000000000Z,32,1,80420,38918.000000000,38918.000000000,38918.000000000,38918.000000000,1,YM
2024-06-10T18:35:16.000000000Z,32,1,80420,38917.000000000,38918.000000000,38917.000000000,38918.000000000,4,YM
2024-06-10T18:35:17.000000000Z,32,1,80420,38917.000000000,38917.000000000,38916.000000000,38916.000000000,9,YM
2024-06-10T18:35:18.000000000Z,32,1,80420,38917.000000000,38919.000000000,38917.000000000,38919.000000000,7,YM
2024-06-10T18:35:19.000000000Z,32,1,80420,38918.000000000,38918.000000000,38918.000000000,38918.000000000,2,YM
2024-06-10T18:35:22.000000000Z,32,1,80420,38918.000000000,38918.000000000,38917.000000000,38917.000000000,3,YM
2024-06-10T18:35:24.000000000Z,32,1,80420,38916.000000000,38917.000000000,38916.000000000,38917.000000000,4,YM
2024-06-10T18:35:25.000000000Z,32,1,80420,38915.000000000,38915.000000000,38915.000000000,38915.000000000,3,YM
2024-06-10T18:35:26.000000000Z,32,1,80420,38917.000000000,38917.000000000,38916.000000000,38916.000000000,8,YM
2024-06-10T18:35:27.000000000Z,32,1,80420,38916.000000000,38916.000000000,38916.000000000,38916.000000000,1,YM
2024-06-10T18:35:28.000000000Z,32,1,80420,38917.000000000,38917.000000000,38917.000000000,38917.000000000,8,YM
2024-06-10T18:35:29.000000000Z,32,1,80420,38918.000000000,38918.000000000,38918.000000000,38918.000000000,1,YM
2024-06-10T18:35:30.000000000Z,32,1,80420,38918.000000000,38918.000000000,38918.000000000,38918.000000000,2,YM
2024-06-10T18:35:32.000000000Z,32,1,80420,38918.000000000,38918.000000000,38917.000000000,38917.000000000,13,YM
2024-06-10T18:35:34.000000000Z,32,1,80420,38916.000000000,38916.000000000,38916.000000000,38916.000000000,1,YM
2024-06-10T18:35:35.000000000Z,32,1,80420,38916.000000000,38916.000000000,38915.000000000,38915.000000000,14,YM
2024-06-10T18:35:38.000000000Z,32,1,80420,38915.000000000,38915.000000000,38914.000000000,38914.000000000,11,YM
2024-06-10T18:35:39.000000000Z,32,1,80420,38915.000000000,38915.000000000,38915.000000000,38915.000000000,1,YM
2024-06-10T18:35:40.000000000Z,32,1,80420,38916.000000000,38916.000000000,38916.000000000,38916.000000000,1,YM
2024-06-10T18:35:41.000000000Z,32,1,80420,38914.000000000,38914.000000000,38912.000000000,38912.000000000,5,YM
2024-06-10T18:35:42.000000000Z,32,1,80420,38912.000000000,38912.000000000,38912.000000000,38912.000000000,4,YM
2024-06-10T18:35:45.000000000Z,32,1,80420,38912.000000000,38912.000000000,38912.000000000,38912.000000000,2,YM
2024-06-10T18:35:46.000000000Z,32,1,80420,38913.000000000,38913.000000000,38913.000000000,38913.000000000,2,YM
2024-06-10T18:35:47.000000000Z,32,1,80420,38914.000000000,38914.000000000,38914.000000000,38914.000000000,2,YM
2024-06-10T18:35:49.000000000Z,32,1,80420,38912.000000000,38912.000000000,38912.000000000,38912.000000000,3,YM
2024-06-10T18:35:51.000000000Z,32,1,80420,38911.000000000,38911.000000000,38911.000000000,38911.000000000,10,YM
2024-06-10T18:35:52.000000000Z,32,1,80420,38911.000000000,38911.000000000,38911.000000000,38911.000000000,1,YM
2024-06-10T18:35:53.000000000Z,32,1,80420,38911.000000000,38911.000000000,38911.000000000,38911.000000000,1,YM
2024-06-10T18:35:54.000000000Z,32,1,80420,38911.000000000,38911.000000000,38911.000000000,38911.000000000,1,YM
2024-06-10T18:35:55.000000000Z,32,1,80420,38911.000000000,38911.000000000,38909.000000000,38909.000000000,6,YM
2024-06-10T18:35:56.000000000Z,32,1,80420,38910.000000000,38910.000000000,38910.000000000,38910.000000000,2,YM
2024-06-10T18:35:58.000000000Z,32,1,80420,38910.000000000,38910.000000000,38909.000000000,38909.000000000,6,YM
2024-06-10T18:36:00.000000000Z,32,1,80420,38908.000000000,38908.000000000,38906.000000000,38906.000000000,14,YM
2024-06-10T18:36:01.000000000Z,32,1,80420,38907.000000000,38907.000000000,38907.000000000,38907.000000000,10,YM
2024-06-10T18:36:02.000000000Z,32,1,80420,38907.000000000,38907.000000000,38907.000000000,38907.000000000,1,YM
2024-06-10T18:36:03.000000000Z,32,1,80420,38907.000000000,38907.000000000,38907.000000000,38907.000000000,2,YM
2024-06-10T18:36:04.000000000Z,32,1,80420,38908.000000000,38908.000000000,38907.000000000,38907.000000000,4,YM
2024-06-10T18:36:05.000000000Z,32,1,80420,38907.000000000,38907.000000000,38906.000000000,38907.000000000,3,YM
2024-06-10T18:36:06.000000000Z,32,1,80420,38907.000000000,38907.000000000,38907.000000000,38907.000000000,5,YM
2024-06-10T18:36:09.000000000Z,32,1,80420,38907.000000000,38907.000000000,38907.000000000,38907.000000000,4,YM
2024-06-10T18:36:10.000000000Z,32,1,80420,38907.000000000,38907.000000000,38907.000000000,38907.000000000,5,YM
2024-06-10T18:36:11.000000000Z,32,1,80420,38908.000000000,38908.000000000,38908.000000000,38908.000000000,7,YM
2024-06-10T18:36:12.000000000Z,32,1,80420,38907.000000000,38907.000000000,38907.000000000,38907.000000000,3,YM
2024-06-10T18:36:13.000000000Z,32,1,80420,38908.000000000,38908.000000000,38908.000000000,38908.000000000,3,YM
2024-06-10T18:36:14.000000000Z,32,1,80420,38909.000000000,38912.000000000,38909.000000000,38912.000000000,12,YM
2024-06-10T18:36:15.000000000Z,32,1,80420,38911.000000000,38911.000000000,38909.000000000,38909.000000000,6,YM
2024-06-10T18:36:17.000000000Z,32,1,80420,38909.000000000,38909.000000000,38909.000000000,38909.000000000,2,YM
2024-06-10T18:36:18.000000000Z,32,1,80420,38909.000000000,38909.000000000,38909.000000000,38909.000000000,10,YM
2024-06-10T18:36:19.000000000Z,32,1,80420,38909.000000000,38910.000000000,38909.000000000,38910.000000000,3,YM
2024-06-10T18:36:20.000000000Z,32,1,80420,38911.000000000,38911.000000000,38911.000000000,38911.000000000,1,YM
2024-06-10T18:36:21.000000000Z,32,1,80420,38910.000000000,38911.000000000,38909.000000000,38909.000000000,21,YM
2024-06-10T18:36:22.000000000Z,32,1,80420,38909.000000000,38910.000000000,38908.000000000,38909.000000000,9,YM
2024-06-10T18:36:24.000000000Z,32,1,80420,38909.000000000,38909.000000000,38909.000000000,38909.000000000,1,YM
2024-06-10T18:36:27.000000000Z,32,1,80420,38908.000000000,38908.000000000,38907.000000000,38908.000000000,5,YM
2024-06-10T18:36:28.000000000Z,32,1,80420,38909.000000000,38909.000000000,38909.000000000,38909.000000000,10,YM
2024-06-10T18:36:35.000000000Z,32,1,80420,38911.000000000,38911.000000000,38910.000000000,38910.000000000,17,YM
2024-06-10T18:36:36.000000000Z,32,1,80420,38911.000000000,38911.000000000,38911.000000000,38911.000000000,1,YM
2024-06-10T18:36:38.000000000Z,32,1,80420,38909.000000000,38909.000000000,38909.000000000,38909.000000000,2,YM
2024-06-10T18:36:39.000000000Z,32,1,80420,38908.000000000,38908.000000000,38908.000000000,38908.000000000,2,YM
2024-06-10T18:36:40.000000000Z,32,1,80420,38908.000000000,38910.000000000,38908.000000000,38910.000000000,9,YM
2024-06-10T18:36:41.000000000Z,32,1,80420,38909.000000000,38909.000000000,38909.000000000,38909.000000000,1,YM
2024-06-10T18:36:43.000000000Z,32,1,80420,38909.000000000,38910.000000000,38909.000000000,38909.000000000,9,YM
2024-06-10T18:36:44.000000000Z,32,1,80420,38909.000000000,38913.000000000,38909.000000000,38913.000000000,12,YM
2024-06-10T18:36:45.000000000Z,32,1,80420,38913.000000000,38914.000000000,38913.000000000,38914.000000000,8,YM
2024-06-10T18:36:46.000000000Z,32,1,80420,38915.000000000,38915.000000000,38915.000000000,38915.000000000,3,YM
2024-06-10T18:36:47.000000000Z,32,1,80420,38916.000000000,38916.000000000,38915.000000000,38915.000000000,2,YM
2024-06-10T18:36:48.000000000Z,32,1,80420,38915.000000000,38915.000000000,38915.000000000,38915.000000000,2,YM
2024-06-10T18:36:49.000000000Z,32,1,80420,38915.000000000,38915.000000000,38915.000000000,38915.000000000,2,YM
2024-06-10T18:36:50.000000000Z,32,1,80420,38915.000000000,38915.000000000,38914.000000000,38915.000000000,3,YM
2024-06-10T18:36:51.000000000Z,32,1,80420,38915.000000000,38915.000000000,38915.000000000,38915.000000000,1,YM
2024-06-10T18:36:52.000000000Z,32,1,80420,38916.000000000,38916.000000000,38916.000000000,38916.000000000,2,YM
2024-06-10T18:36:53.000000000Z,32,1,80420,38917.000000000,38917.000000000,38917.000000000,38917.000000000,4,YM
2024-06-10T18:36:55.000000000Z,32,1,80420,38917.000000000,38917.000000000,38917.000000000,38917.000000000,1,YM
2024-06-10T18:36:56.000000000Z,32,1,80420,38915.000000000,38915.000000000,38915.000000000,38915.000000000,2,YM
2024-06-10T18:36:59.000000000Z,32,1,80420,38916.000000000,38916.000000000,38916.000000000,38916.000000000,3,YM
2024-06-10T18:37:00.000000000Z,32,1,80420,38918.000000000,38922.000000000,38918.000000000,38922.000000000,17,YM
2024-06-10T18:37:01.000000000Z,32,1,80420,38923.000000000,38923.000000000,38921.000000000,38921.000000000,21,YM
2024-06-10T18:37:02.000000000Z,32,1,80420,38922.000000000,38922.000000000,38922.000000000,38922.000000000,2,YM
2024-06-10T18:37:03.000000000Z,32,1,80420,38920.000000000,38920.000000000,38919.000000000,38919.000000000,7,YM
2024-06-10T18:37:05.000000000Z,32,1,80420,38921.000000000,38921.000000000,38921.000000000,38921.000000000,4,YM
2024-06-10T18:37:06.000000000Z,32,1,80420,38921.000000000,38922.000000000,38921.000000000,38922.000000000,3,YM
2024-06-10T18:37:07.000000000Z,32,1,80420,38920.000000000,38920.000000000,38920.000000000,38920.000000000,2,YM
2024-06-10T18:37:08.000000000Z,32,1,80420,38919.000000000,38919.000000000,38919.000000000,38919.000000000,1,YM
2024-06-10T18:37:09.000000000Z,32,1,80420,38919.000000000,38919.000000000,38919.000000000,38919.000000000,4,YM
2024-06-10T18:37:10.000000000Z,32,1,80420,38918.000000000,38918.000000000,38916.000000000,38916.000000000,2,YM
2024-06-10T18:37:11.000000000Z,32,1,80420,38916.000000000,38916.000000000,38913.000000000,38913.000000000,3,YM
2024-06-10T18:37:12.000000000Z,32,1,80420,38913.000000000,38914.000000000,38913.000000000,38914.000000000,4,YM
2024-06-10T18:37:13.000000000Z,32,1,80420,38913.000000000,38913.000000000,38913.000000000,38913.000000000,1,YM
2024-06-10T18:37:14.000000000Z,32,1,80420,38914.000000000,38914.000000000,38913.000000000,38913.000000000,2,YM
2024-06-10T18:37:15.000000000Z,32,1,80420,38913.000000000,38914.000000000,38913.000000000,38914.000000000,7,YM
2024-06-10T18:37:17.000000000Z,32,1,80420,38912.000000000,38912.000000000,38912.000000000,38912.000000000,4,YM
2024-06-10T18:37:18.000000000Z,32,1,80420,38913.000000000,38915.000000000,38913.000000000,38915.000000000,6,YM
2024-06-10T18:37:19.000000000Z,32,1,80420,38915.000000000,38916.000000000,38915.000000000,38916.000000000,4,YM
2024-06-10T18:37:20.000000000Z,32,1,80420,38915.000000000,38915.000000000,38914.000000000,38914.000000000,3,YM
2024-06-10T18:37:22.000000000Z,32,1,80420,38915.000000000,38915.000000000,38914.000000000,38914.000000000,2,YM
2024-06-10T18:37:23.000000000Z,32,1,80420,38915.000000000,38915.000000000,38915.000000000,38915.000000000,1,YM
2024-06-10T18:37:24.000000000Z,32,1,80420,38916.000000000,38916.000000000,38915.000000000,38916.000000000,7,YM
2024-06-10T18:37:26.000000000Z,32,1,80420,38916.000000000,38916.000000000,38915.000000000,38915.000000000,3,YM
2024-06-10T18:37:27.000000000Z,32,1,80420,38916.000000000,38916.000000000,38915.000000000,38915.000000000,6,YM
2024-06-10T18:37:28.000000000Z,32,1,80420,38916.000000000,38916.000000000,38916.000000000,38916.000000000,1,YM
2024-06-10T18:37:31.000000000Z,32,1,80420,38914.000000000,38914.000000000,38914.000000000,38914.000000000,2,YM
2024-06-10T18:37:32.000000000Z,32,1,80420,38913.000000000,38913.000000000,38913.000000000,38913.000000000,8,YM
2024-06-10T18:37:33.000000000Z,32,1,80420,38912.000000000,38913.000000000,38912.000000000,38913.000000000,14,YM
2024-06-10T18:37:34.000000000Z,32,1,80420,38912.000000000,38912.000000000,38911.000000000,38911.000000000,8,YM
2024-06-10T18:37:35.000000000Z,32,1,80420,38912.000000000,38912.000000000,38911.000000000,38911.000000000,8,YM
2024-06-10T18:37:36.000000000Z,32,1,80420,38911.000000000,38911.000000000,38910.000000000,38910.000000000,7,YM
2024-06-10T18:37:37.000000000Z,32,1,80420,38909.000000000,38909.000000000,38908.000000000,38908.000000000,6,YM
2024-06-10T18:37:38.000000000Z,32,1,80420,38907.000000000,38907.000000000,38907.000000000,38907.000000000,3,YM
2024-06-10T18:37:39.000000000Z,32,1,80420,38906.000000000,38908.000000000,38906.000000000,38908.000000000,6,YM
2024-06-10T18:37:40.000000000Z,32,1,80420,38908.000000000,38908.000000000,38908.000000000,38908.000000000,1,YM
2024-06-10T18:37:41.000000000Z,32,1,80420,38909.000000000,38910.000000000,38909.000000000,38910.000000000,2,YM
2024-06-10T18:37:42.000000000Z,32,1,80420,38910.000000000,38910.000000000,38910.000000000,38910.000000000,2,YM
2024-06-10T18:37:43.000000000Z,32,1,80420,38909.000000000,38909.000000000,38909.000000000,38909.000000000,3,YM
2024-06-10T18:37:44.000000000Z,32,1,80420,38908.000000000,38908.000000000,38907.000000000,38907.000000000,3,YM
2024-06-10T18:37:45.000000000Z,32,1,80420,38909.000000000,38909.000000000,38909.000000000,38909.000000000,1,YM
2024-06-10T18:37:47.000000000Z,32,1,80420,38909.000000000,38909.000000000,38909.000000000,38909.000000000,1,YM
2024-06-10T18:37:48.000000000Z,32,1,80420,38909.000000000,38909.000000000,38909.000000000,38909.000000000,1,YM
2024-06-10T18:37:49.000000000Z,32,1,80420,38908.000000000,38908.000000000,38907.000000000,38908.000000000,3,YM
2024-06-10T18:37:50.000000000Z,32,1,80420,38909.000000000,38909.000000000,38908.000000000,38908.000000000,13,YM
2024-06-10T18:37:51.000000000Z,32,1,80420,38909.000000000,38909.000000000,38908.000000000,38908.000000000,9,YM
2024-06-10T18:37:53.000000000Z,32,1,80420,38908.000000000,38908.000000000,38908.000000000,38908.000000000,1,YM
2024-06-10T18:37:55.000000000Z,32,1,80420,38908.000000000,38908.000000000,38908.000000000,38908.000000000,3,YM
2024-06-10T18:37:56.000000000Z,32,1,80420,38909.000000000,38909.000000000,38909.000000000,38909.000000000,2,YM
2024-06-10T18:38:00.000000000Z,32,1,80420,38912.000000000,38912.000000000,38912.000000000,38912.000000000,1,YM
2024-06-10T18:38:01.000000000Z,32,1,80420,38913.000000000,38913.000000000,38913.000000000,38913.000000000,1,YM
2024-06-10T18:38:02.000000000Z,32,1,80420,38911.000000000,38911.000000000,38911.000000000,38911.000000000,2,YM
2024-06-10T18:38:03.000000000Z,32,1,80420,38910.000000000,38910.000000000,38910.000000000,38910.000000000,1,YM
2024-06-10T18:38:05.000000000Z,32,1,80420,38912.000000000,38913.000000000,38911.000000000,38913.000000000,3,YM
2024-06-10T18:38:06.000000000Z,32,1,80420,38914.000000000,38914.000000000,38914.000000000,38914.000000000,1,YM
2024-06-10T18:38:07.000000000Z,32,1,80420,38915.000000000,38915.000000000,38915.000000000,38915.000000000,1,YM
2024-06-10T18:38:09.000000000Z,32,1,80420,38915.000000000,38916.000000000,38915.000000000,38915.000000000,9,YM
2024-06-10T18:38:10.000000000Z,32,1,80420,38917.000000000,38917.000000000,38916.000000000,38916.000000000,6,YM
2024-06-10T18:38:11.000000000Z,32,1,80420,38916.000000000,38916.000000000,38916.000000000,38916.000000000,2,YM
2024-06-10T18:38:12.000000000Z,32,1,80420,38915.000000000,38915.000000000,38913.000000000,38913.000000000,4,YM
2024-06-10T18:38:13.000000000Z,32,1,80420,38914.000000000,38914.000000000,38914.000000000,38914.000000000,7,YM
2024-06-10T18:38:14.000000000Z,32,1,80420,38915.000000000,38915.000000000,38915.000000000,38915.000000000,1,YM
2024-06-10T18:38:16.000000000Z,32,1,80420,38914.000000000,38915.000000000,38914.000000000,38915.000000000,6,YM
2024-06-10T18:38:17.000000000Z,32,1,80420,38914.000000000,38914.000000000,38914.000000000,38914.000000000,1,YM
2024-06-10T18:38:18.000000000Z,32,1,80420,38914.000000000,38914.000000000,38913.000000000,38913.000000000,5,YM
2024-06-10T18:38:19.000000000Z,32,1,80420,38914.000000000,38915.000000000,38914.000000000,38915.000000000,2,YM
2024-06-10T18:38:20.000000000Z,32,1,80420,38914.000000000,38915.000000000,38914.000000000,38915.000000000,2,YM
2024-06-10T18:38:21.000000000Z,32,1,80420,38917.000000000,38917.000000000,38916.000000000,38916.000000000,4,YM
2024-06-10T18:38:24.000000000Z,32,1,80420,38917.000000000,38918.000000000,38917.000000000,38918.000000000,8,YM
2024-06-10T18:38:25.000000000Z,32,1,80420,38917.000000000,38917.000000000,38917.000000000,38917.000000000,1,YM
2024-06-10T18:38:27.000000000Z,32,1,80420,38918.000000000,38918.000000000,38918.000000000,38918.000000000,1,YM
2024-06-10T18:38:29.000000000Z,32,1,80420,38919.000000000,38919.000000000,38919.000000000,38919.000000000,3,YM
2024-06-10T18:38:30.000000000Z,32,1,80420,38919.000000000,38919.000000000,38919.000000000,38919.000000000,1,YM
2024-06-10T18:38:31.000000000Z,32,1,80420,38921.000000000,38923.000000000,38921.000000000,38923.000000000,15,YM
2024-06-10T18:38:32.000000000Z,32,1,80420,38922.000000000,38922.000000000,38921.000000000,38921.000000000,3,YM
2024-06-10T18:38:33.000000000Z,32,1,80420,38921.000000000,38921.000000000,38920.000000000,38920.000000000,6,YM
2024-06-10T18:38:34.000000000Z,32,1,80420,38920.000000000,38920.000000000,38920.000000000,38920.000000000,2,YM
2024-06-10T18:38:35.000000000Z,32,1,80420,38921.000000000,38922.000000000,38921.000000000,38922.000000000,5,YM
2024-06-10T18:38:36.000000000Z,32,1,80420,38921.000000000,38921.000000000,38921.000000000,38921.000000000,1,YM
2024-06-10T18:38:37.000000000Z,32,1,80420,38920.000000000,38921.000000000,38920.000000000,38921.000000000,7,YM
2024-06-10T18:38:40.000000000Z,32,1,80420,38920.000000000,38920.000000000,38919.000000000,38919.000000000,8,YM
2024-06-10T18:38:41.000000000Z,32,1,80420,38919.000000000,38919.000000000,38919.000000000,38919.000000000,2,YM
2024-06-10T18:38:42.000000000Z,32,1,80420,38918.000000000,38918.000000000,38918.000000000,38918.000000000,5,YM
2024-06-10T18:38:44.000000000Z,32,1,80420,38917.000000000,38917.000000000,38917.000000000,38917.000000000,3,YM
2024-06-10T18:38:46.000000000Z,32,1,80420,38917.000000000,38917.000000000,38916.000000000,38916.000000000,5,YM
2024-06-10T18:38:47.000000000Z,32,1,80420,38915.000000000,38915.000000000,38915.000000000,38915.000000000,1,YM
2024-06-10T18:38:48.000000000Z,32,1,80420,38913.000000000,38914.000000000,38913.000000000,38914.000000000,11,YM
2024-06-10T18:38:49.000000000Z,32,1,80420,38914.000000000,38914.000000000,38914.000000000,38914.000000000,1,YM
2024-06-10T18:38:50.000000000Z,32,1,80420,38913.000000000,38913.000000000,38913.000000000,38913.000000000,1,YM
2024-06-10T18:38:51.000000000Z,32,1,80420,38913.000000000,38913.000000000,38913.000000000,38913.000000000,1,YM
2024-06-10T18:38:53.000000000Z,32,1,80420,38913.000000000,38914.000000000,38913.000000000,38914.000000000,2,YM
2024-06-10T18:38:59.000000000Z,32,1,80420,38915.000000000,38915.000000000,38915.000000000,38915.000000000,1,YM
2024-06-10T18:39:01.000000000Z,32,1,80420,38914.000000000,38914.000000000,38912.000000000,38913.000000000,20,YM
2024-06-10T18:39:02.000000000Z,32,1,80420,38913.000000000,38913.000000000,38911.000000000,38911.000000000,6,YM
2024-06-10T18:39:03.000000000Z,32,1,80420,38911.000000000,38911.000000000,38911.000000000,38911.000000000,4,YM
2024-06-10T18:39:04.000000000Z,32,1,80420,38910.000000000,38910.000000000,38910.000000000,38910.000000000,4,YM
2024-06-10T18:39:05.000000000Z,32,1,80420,38911.000000000,38911.000000000,38911.000000000,38911.000000000,1,YM
2024-06-10T18:39:06.000000000Z,32,1,80420,38912.000000000,38914.000000000,38912.000000000,38914.000000000,10,YM
2024-06-10T18:39:07.000000000Z,32,1,80420,38915.000000000,38916.000000000,38915.000000000,38916.000000000,5,YM
2024-06-10T18:39:08.000000000Z,32,1,80420,38915.000000000,38916.000000000,38915.000000000,38916.000000000,2,YM
2024-06-10T18:39:09.000000000Z,32,1,80420,38914.000000000,38914.000000000,38912.000000000,38912.000000000,4,YM
2024-06-10T18:39:10.000000000Z,32,1,80420,38913.000000000,38913.000000000,38913.000000000,38913.000000000,2,YM
2024-06-10T18:39:13.000000000Z,32,1,80420,38912.000000000,38912.000000000,38912.000000000,38912.000000000,3,YM
2024-06-10T18:39:15.000000000Z,32,1,80420,38910.000000000,38910.000000000,38910.000000000,38910.000000000,11,YM
2024-06-10T18:39:16.000000000Z,32,1,80420,38911.000000000,38911.000000000,38911.000000000,38911.000000000,1,YM
2024-06-10T18:39:17.000000000Z,32,1,80420,38910.000000000,38910.000000000,38909.000000000,38909.000000000,5,YM
2024-06-10T18:39:19.000000000Z,32,1,80420,38908.000000000,38908.000000000,38906.000000000,38906.000000000,8,YM
2024-06-10T18:39:20.000000000Z,32,1,80420,38906.000000000,38907.000000000,38906.000000000,38907.000000000,10,YM
2024-06-10T18:39:21.000000000Z,32,1,80420,38909.000000000,38909.000000000,38909.000000000,38909.000000000,1,YM
2024-06-10T18:39:23.000000000Z,32,1,80420,38908.000000000,38908.000000000,38908.000000000,38908.000000000,1,YM
2024-06-10T18:39:25.000000000Z,32,1,80420,38906.000000000,38906.000000000,38906.000000000,38906.000000000,5,YM
2024-06-10T18:39:28.000000000Z,32,1,80420,38907.000000000,38908.000000000,38906.000000000,38906.000000000,16,YM
2024-06-10T18:39:29.000000000Z,32,1,80420,38906.000000000,38906.000000000,38906.000000000,38906.000000000,2,YM
2024-06-10T18:39:30.000000000Z,32,1,80420,38907.000000000,38907.000000000,38907.000000000,38907.000000000,1,YM
2024-06-10T18:39:31.000000000Z,32,1,80420,38906.000000000,38906.000000000,38906.000000000,38906.000000000,4,YM
2024-06-10T18:39:33.000000000Z,32,1,80420,38906.000000000,38906.000000000,38906.000000000,38906.000000000,1,YM
2024-06-10T18:39:34.000000000Z,32,1,80420,38906.000000000,38906.000000000,38906.000000000,38906.000000000,2,YM
2024-06-10T18:39:35.000000000Z,32,1,80420,38905.000000000,38905.000000000,38905.000000000,38905.000000000,7,YM
2024-06-10T18:39:36.000000000Z,32,1,80420,38906.000000000,38906.000000000,38906.000000000,38906.000000000,1,YM
2024-06-10T18:39:37.000000000Z,32,1,80420,38905.000000000,38905.000000000,38905.000000000,38905.000000000,2,YM
2024-06-10T18:39:38.000000000Z,32,1,80420,38906.000000000,38906.000000000,38906.000000000,38906.000000000,1,YM
2024-06-10T18:39:44.000000000Z,32,1,80420,38908.000000000,38908.000000000,38908.000000000,38908.000000000,1,YM
2024-06-10T18:39:45.000000000Z,32,1,80420,38909.000000000,38909.000000000,38908.000000000,38908.000000000,2,YM
2024-06-10T18:39:46.000000000Z,32,1,80420,38908.000000000,38908.000000000,38908.000000000,38908.000000000,4,YM
2024-06-10T18:39:48.000000000Z,32,1,80420,38906.000000000,38906.000000000,38906.000000000,38906.000000000,1,YM
2024-06-10T18:39:49.000000000Z,32,1,80420,38905.000000000,38906.000000000,38905.000000000,38906.000000000,6,YM
2024-06-10T18:39:51.000000000Z,32,1,80420,38906.000000000,38906.000000000,38906.000000000,38906.000000000,1,YM
2024-06-10T18:39:52.000000000Z,32,1,80420,38905.000000000,38906.000000000,38905.000000000,38906.000000000,3,YM
2024-06-10T18:39:54.000000000Z,32,1,80420,38905.000000000,38905.000000000,38905.000000000,38905.000000000,2,YM
2024-06-10T18:39:56.000000000Z,32,1,80420,38904.000000000,38904.000000000,38903.000000000,38903.000000000,4,YM
2024-06-10T18:39:57.000000000Z,32,1,80420,38902.000000000,38902.000000000,38899.000000000,38899.000000000,16,YM
2024-06-10T18:39:58.000000000Z,32,1,80420,38899.000000000,38899.000000000,38898.000000000,38898.000000000,5,YM
2024-06-10T18:39:59.000000000Z,32,1,80420,38898.000000000,38898.000000000,38898.000000000,38898.000000000,3,YM
2024-06-10T18:40:00.000000000Z,32,1,80420,38898.000000000,38898.000000000,38898.000000000,38898.000000000,5,YM
2024-06-10T18:40:01.000000000Z,32,1,80420,38899.000000000,38899.000000000,38899.000000000,38899.000000000,15,YM
2024-06-10T18:40:02.000000000Z,32,1,80420,38899.000000000,38899.000000000,38899.000000000,38899.000000000,5,YM
2024-06-10T18:40:03.000000000Z,32,1,80420,38898.000000000,38898.000000000,38898.000000000,38898.000000000,6,YM
2024-06-10T18:40:04.000000000Z,32,1,80420,38899.000000000,38899.000000000,38899.000000000,38899.000000000,1,YM
2024-06-10T18:40:05.000000000Z,32,1,80420,38898.000000000,38898.000000000,38898.000000000,38898.000000000,2,YM
2024-06-10T18:40:06.000000000Z,32,1,80420,38899.000000000,38899.000000000,38899.000000000,38899.000000000,1,YM
2024-06-10T18:40:07.000000000Z,32,1,80420,38898.000000000,38898.000000000,38898.000000000,38898.000000000,1,YM
2024-06-10T18:40:08.000000000Z,32,1,80420,38899.000000000,38899.000000000,38898.000000000,38898.000000000,15,YM
2024-06-10T18:40:10.000000000Z,32,1,80420,38899.000000000,38901.000000000,38899.000000000,38900.000000000,9,YM
2024-06-10T18:40:11.000000000Z,32,1,80420,38900.000000000,38901.000000000,38900.000000000,38901.000000000,4,YM
2024-06-10T18:40:12.000000000Z,32,1,80420,38901.000000000,38901.000000000,38900.000000000,38901.000000000,7,YM
2024-06-10T18:40:13.000000000Z,32,1,80420,38900.000000000,38901.000000000,38900.000000000,38901.000000000,3,YM
2024-06-10T18:40:14.000000000Z,32,1,80420,38901.000000000,38901.000000000,38900.000000000,38900.000000000,4,YM
2024-06-10T18:40:15.000000000Z,32,1,80420,38899.000000000,38900.000000000,38899.000000000,38900.000000000,6,YM
2024-06-10T18:40:16.000000000Z,32,1,80420,38900.000000000,38900.000000000,38900.000000000,38900.000000000,1,YM
2024-06-10T18:40:17.000000000Z,32,1,80420,38900.000000000,38900.000000000,38899.000000000,38899.000000000,8,YM
2024-06-10T18:40:18.000000000Z,32,1,80420,38900.000000000,38901.000000000,38900.000000000,38901.000000000,3,YM
2024-06-10T18:40:19.000000000Z,32,1,80420,38901.000000000,38901.000000000,38900.000000000,38900.000000000,4,YM
2024-06-10T18:40:20.000000000Z,32,1,80420,38901.000000000,38901.000000000,38901.000000000,38901.000000000,1,YM
2024-06-10T18:40:21.000000000Z,32,1,80420,38900.000000000,38900.000000000,38900.000000000,38900.000000000,1,YM
2024-06-10T18:40:22.000000000Z,32,1,80420,38900.000000000,38900.000000000,38899.000000000,38900.000000000,5,YM
2024-06-10T18:40:23.000000000Z,32,1,80420,38900.000000000,38900.000000000,38898.000000000,38899.000000000,18,YM
2024-06-10T18:40:24.000000000Z,32,1,80420,38899.000000000,38899.000000000,38898.000000000,38898.000000000,7,YM
2024-06-10T18:40:25.000000000Z,32,1,80420,38898.000000000,38899.000000000,38898.000000000,38898.000000000,4,YM
2024-06-10T18:40:28.000000000Z,32,1,80420,38898.000000000,38899.000000000,38898.000000000,38899.000000000,5,YM
2024-06-10T18:40:29.000000000Z,32,1,80420,38899.000000000,38899.000000000,38899.000000000,38899.000000000,3,YM
2024-06-10T18:40:30.000000000Z,32,1,80420,38898.000000000,38898.000000000,38898.000000000,38898.000000000,1,YM
2024-06-10T18:40:31.000000000Z,32,1,80420,38897.000000000,38897.000000000,38897.000000000,38897.000000000,1,YM
2024-06-10T18:40:32.000000000Z,32,1,80420,38898.000000000,38898.000000000,38898.000000000,38898.000000000,1,YM
2024-06-10T18:40:33.000000000Z,32,1,80420,38899.000000000,38899.000000000,38899.000000000,38899.000000000,2,YM
2024-06-10T18:40:34.000000000Z,32,1,80420,38900.000000000,38900.000000000,38900.000000000,38900.000000000,4,YM
2024-06-10T18:40:37.000000000Z,32,1,80420,38900.000000000,38900.000000000,38900.000000000,38900.000000000,3,YM
2024-06-10T18:40:39.000000000Z,32,1,80420,38902.000000000,38903.000000000,38902.000000000,38903.000000000,3,YM
2024-06-10T18:40:40.000000000Z,32,1,80420,38902.000000000,38902.000000000,38901.000000000,38901.000000000,2,YM
2024-06-10T18:40:44.000000000Z,32,1,80420,38900.000000000,38900.000000000,38900.000000000,38900.000000000,1,YM
2024-06-10T18:40:46.000000000Z,32,1,80420,38901.000000000,38901.000000000,38899.000000000,38899.000000000,7,YM
2024-06-10T18:40:47.000000000Z,32,1,80420,38900.000000000,38900.000000000,38900.000000000,38900.000000000,1,YM
2024-06-10T18:40:49.000000000Z,32,1,80420,38901.000000000,38901.000000000,38901.000000000,38901.000000000,1,YM
2024-06-10T18:40:50.000000000Z,32,1,80420,38899.000000000,38900.000000000,38899.000000000,38900.000000000,2,YM
2024-06-10T18:40:52.000000000Z,32,1,80420,38900.000000000,38900.000000000,38899.000000000,38899.000000000,3,YM
2024-06-10T18:40:53.000000000Z,32,1,80420,38898.000000000,38898.000000000,38898.000000000,38898.000000000,2,YM
2024-06-10T18:40:54.000000000Z,32,1,80420,38896.000000000,38897.000000000,38896.000000000,38896.000000000,5,YM
2024-06-10T18:40:55.000000000Z,32,1,80420,38896.000000000,38896.000000000,38896.000000000,38896.000000000,1,YM
2024-06-10T18:40:56.000000000Z,32,1,80420,38896.000000000,38896.000000000,38896.000000000,38896.000000000,1,YM
2024-06-10T18:40:58.000000000Z,32,1,80420,38895.000000000,38895.000000000,38895.000000000,38895.000000000,2,YM
2024-06-10T18:40:59.000000000Z,32,1,80420,38894.000000000,38894.000000000,38894.000000000,38894.000000000,1,YM
2024-06-10T18:41:00.000000000Z,32,1,80420,38895.000000000,38895.000000000,38895.000000000,38895.000000000,1,YM
2024-06-10T18:41:01.000000000Z,32,1,80420,38896.000000000,38896.000000000,38896.000000000,38896.000000000,1,YM
2024-06-10T18:41:02.000000000Z,32,1,80420,38897.000000000,38897.000000000,38897.000000000,38897.000000000,1,YM
2024-06-10T18:41:03.000000000Z,32,1,80420,38898.000000000,38900.000000000,38898.000000000,38900.000000000,7,YM
2024-06-10T18:41:04.000000000Z,32,1,80420,38899.000000000,38899.000000000,38898.000000000,38899.000000000,11,YM
2024-06-10T18:41:05.000000000Z,32,1,80420,38900.000000000,38901.000000000,38900.000000000,38900.000000000,5,YM
2024-06-10T18:41:06.000000000Z,32,1,80420,38901.000000000,38901.000000000,38900.000000000,38900.000000000,2,YM
2024-06-10T18:41:08.000000000Z,32,1,80420,38901.000000000,38901.000000000,38900.000000000,38900.000000000,5,YM
2024-06-10T18:41:10.000000000Z,32,1,80420,38901.000000000,38902.000000000,38901.000000000,38901.000000000,9,YM
2024-06-10T18:41:11.000000000Z,32,1,80420,38901.000000000,38901.000000000,38901.000000000,38901.000000000,2,YM
2024-06-10T18:41:12.000000000Z,32,1,80420,38900.000000000,38900.000000000,38900.000000000,38900.000000000,1,YM
2024-06-10T18:41:13.000000000Z,32,1,80420,38900.000000000,38900.000000000,38899.000000000,38899.000000000,2,YM
2024-06-10T18:41:14.000000000Z,32,1,80420,38900.000000000,38900.000000000,38900.000000000,38900.000000000,1,YM
2024-06-10T18:41:15.000000000Z,32,1,80420,38900.000000000,38900.000000000,38900.000000000,38900.000000000,1,YM
2024-06-10T18:41:16.000000000Z,32,1,80420,38899.000000000,38899.000000000,38899.000000000,38899.000000000,2,YM
2024-06-10T18:41:18.000000000Z,32,1,80420,38899.000000000,38899.000000000,38899.000000000,38899.000000000,1,YM
2024-06-10T18:41:19.000000000Z,32,1,80420,38898.000000000,38899.000000000,38898.000000000,38899.000000000,9,YM
2024-06-10T18:41:20.000000000Z,32,1,80420,38899.000000000,38902.000000000,38899.000000000,38902.000000000,18,YM
2024-06-10T18:41:21.000000000Z,32,1,80420,38900.000000000,38902.000000000,38900.000000000,38901.000000000,20,YM
2024-06-10T18:41:22.000000000Z,32,1,80420,38901.000000000,38901.000000000,38901.000000000,38901.000000000,2,YM
2024-06-10T18:41:23.000000000Z,32,1,80420,38901.000000000,38901.000000000,38900.000000000,38900.000000000,6,YM
2024-06-10T18:41:24.000000000Z,32,1,80420,38900.000000000,38900.000000000,38900.000000000,38900.000000000,6,YM
2024-06-10T18:41:25.000000000Z,32,1,80420,38900.000000000,38900.000000000,38900.000000000,38900.000000000,6,YM
2024-06-10T18:41:26.000000000Z,32,1,80420,38900.000000000,38900.000000000,38899.000000000,38899.000000000,2,YM
2024-06-10T18:41:27.000000000Z,32,1,80420,38899.000000000,38899.000000000,38898.000000000,38899.000000000,3,YM
2024-06-10T18:41:28.000000000Z,32,1,80420,38898.000000000,38899.000000000,38898.000000000,38899.000000000,6,YM
2024-06-10T18:41:29.000000000Z,32,1,80420,38899.000000000,38899.000000000,38899.000000000,38899.000000000,1,YM
2024-06-10T18:41:30.000000000Z,32,1,80420,38899.000000000,38899.000000000,38899.000000000,38899.000000000,1,YM
2024-06-10T18:41:31.000000000Z,32,1,80420,38897.000000000,38898.000000000,38897.000000000,38898.000000000,5,YM
2024-06-10T18:41:32.000000000Z,32,1,80420,38898.000000000,38898.000000000,38897.000000000,38897.000000000,3,YM
2024-06-10T18:41:33.000000000Z,32,1,80420,38897.000000000,38897.000000000,38897.000000000,38897.000000000,1,YM
2024-06-10T18:41:35.000000000Z,32,1,80420,38897.000000000,38897.000000000,38897.000000000,38897.000000000,1,YM
2024-06-10T18:41:36.000000000Z,32,1,80420,38897.000000000,38897.000000000,38896.000000000,38896.000000000,4,YM
2024-06-10T18:41:37.000000000Z,32,1,80420,38896.000000000,38896.000000000,38895.000000000,38895.000000000,5,YM
2024-06-10T18:41:38.000000000Z,32,1,80420,38895.000000000,38895.000000000,38895.000000000,38895.000000000,1,YM
2024-06-10T18:41:39.000000000Z,32,1,80420,38896.000000000,38896.000000000,38896.000000000,38896.000000000,1,YM
2024-06-10T18:41:41.000000000Z,32,1,80420,38896.000000000,38896.000000000,38896.000000000,38896.000000000,2,YM
2024-06-10T18:41:42.000000000Z,32,1,80420,38897.000000000,38897.000000000,38897.000000000,38897.000000000,1,YM
2024-06-10T18:41:44.000000000Z,32,1,80420,38896.000000000,38896.000000000,38896.000000000,38896.000000000,3,YM
2024-06-10T18:41:45.000000000Z,32,1,80420,38895.000000000,38896.000000000,38895.000000000,38896.000000000,4,YM
2024-06-10T18:41:47.000000000Z,32,1,80420,38897.000000000,38898.000000000,38897.000000000,38898.000000000,5,YM
2024-06-10T18:41:48.000000000Z,32,1,80420,38897.000000000,38897.000000000,38897.000000000,38897.000000000,3,YM
2024-06-10T18:41:49.000000000Z,32,1,80420,38896.000000000,38896.000000000,38894.000000000,38894.000000000,5,YM
2024-06-10T18:41:50.000000000Z,32,1,80420,38894.000000000,38894.000000000,38894.000000000,38894.000000000,1,YM
2024-06-10T18:41:51.000000000Z,32,1,80420,38895.000000000,38895.000000000,38895.000000000,38895.000000000,1,YM
2024-06-10T18:41:54.000000000Z,32,1,80420,38893.000000000,38893.000000000,38892.000000000,38892.000000000,2,YM
2024-06-10T18:41:55.000000000Z,32,1,80420,38891.000000000,38891.000000000,38891.000000000,38891.000000000,5,YM
2024-06-10T18:41:56.000000000Z,32,1,80420,38891.000000000,38891.000000000,38891.000000000,38891.000000000,2,YM
2024-06-10T18:41:57.000000000Z,32,1,80420,38891.000000000,38891.000000000,38891.000000000,38891.000000000,1,YM
2024-06-10T18:41:59.000000000Z,32,1,80420,38890.000000000,38890.000000000,38890.000000000,38890.000000000,6,YM
2024-06-10T18:42:00.000000000Z,32,1,80420,38891.000000000,38891.000000000,38891.000000000,38891.000000000,6,YM
2024-06-10T18:42:02.000000000Z,32,1,80420,38891.000000000,38891.000000000,38891.000000000,38891.000000000,2,YM
2024-06-10T18:42:03.000000000Z,32,1,80420,38891.000000000,38891.000000000,38891.000000000,38891.000000000,2,YM
2024-06-10T18:42:04.000000000Z,32,1,80420,38891.000000000,38892.000000000,38891.000000000,38892.000000000,9,YM
2024-06-10T18:42:05.000000000Z,32,1,80420,38893.000000000,38893.000000000,38893.000000000,38893.000000000,2,YM
2024-06-10T18:42:06.000000000Z,32,1,80420,38893.000000000,38893.000000000,38892.000000000,38892.000000000,6,YM
2024-06-10T18:42:07.000000000Z,32,1,80420,38892.000000000,38892.000000000,38892.000000000,38892.000000000,2,YM
2024-06-10T18:42:08.000000000Z,32,1,80420,38892.000000000,38892.000000000,38892.000000000,38892.000000000,1,YM
2024-06-10T18:42:10.000000000Z,32,1,80420,38893.000000000,38894.000000000,38892.000000000,38894.000000000,7,YM
2024-06-10T18:42:11.000000000Z,32,1,80420,38894.000000000,38894.000000000,38892.000000000,38893.000000000,4,YM
2024-06-10T18:42:12.000000000Z,32,1,80420,38893.000000000,38893.000000000,38893.000000000,38893.000000000,3,YM
2024-06-10T18:42:15.000000000Z,32,1,80420,38891.000000000,38891.000000000,38891.000000000,38891.000000000,2,YM
2024-06-10T18:42:17.000000000Z,32,1,80420,38891.000000000,38891.000000000,38890.000000000,38890.000000000,2,YM
2024-06-10T18:42:19.000000000Z,32,1,80420,38891.000000000,38891.000000000,38890.000000000,38890.000000000,5,YM
2024-06-10T18:42:20.000000000Z,32,1,80420,38890.000000000,38890.000000000,38888.000000000,38888.000000000,27,YM
2024-06-10T18:42:21.000000000Z,32,1,80420,38888.000000000,38890.000000000,38888.000000000,38889.000000000,5,YM
2024-06-10T18:42:22.000000000Z,32,1,80420,38889.000000000,38889.000000000,38889.000000000,38889.000000000,5,YM
2024-06-10T18:42:23.000000000Z,32,1,80420,38889.000000000,38890.000000000,38889.000000000,38890.000000000,7,YM
2024-06-10T18:42:24.000000000Z,32,1,80420,38890.000000000,38890.000000000,38890.000000000,38890.000000000,4,YM
2024-06-10T18:42:25.000000000Z,32,1,80420,38889.000000000,38889.000000000,38888.000000000,38888.000000000,2,YM
2024-06-10T18:42:26.000000000Z,32,1,80420,38889.000000000,38889.000000000,38889.000000000,38889.000000000,1,YM
2024-06-10T18:42:27.000000000Z,32,1,80420,38888.000000000,38888.000000000,38888.000000000,38888.000000000,7,YM
2024-06-10T18:42:28.000000000Z,32,1,80420,38889.000000000,38889.000000000,38888.000000000,38888.000000000,3,YM
2024-06-10T18:42:29.000000000Z,32,1,80420,38887.000000000,38889.000000000,38887.000000000,38888.000000000,4,YM
2024-06-10T18:42:30.000000000Z,32,1,80420,38889.000000000,38889.000000000,38889.000000000,38889.000000000,2,YM
2024-06-10T18:42:33.000000000Z,32,1,80420,38888.000000000,38888.000000000,38888.000000000,38888.000000000,1,YM
2024-06-10T18:42:34.000000000Z,32,1,80420,38890.000000000,38890.000000000,38890.000000000,38890.000000000,3,YM
2024-06-10T18:42:35.000000000Z,32,1,80420,38889.000000000,38889.000000000,38889.000000000,38889.000000000,3,YM
2024-06-10T18:42:37.000000000Z,32,1,80420,38890.000000000,38891.000000000,38890.000000000,38891.000000000,2,YM
2024-06-10T18:42:39.000000000Z,32,1,80420,38891.000000000,38891.000000000,38891.000000000,38891.000000000,7,YM
2024-06-10T18:42:40.000000000Z,32,1,80420,38892.000000000,38892.000000000,38892.000000000,38892.000000000,2,YM
2024-06-10T18:42:42.000000000Z,32,1,80420,38890.000000000,38892.000000000,38890.000000000,38891.000000000,10,YM
2024-06-10T18:42:43.000000000Z,32,1,80420,38891.000000000,38892.000000000,38891.000000000,38892.000000000,4,YM
2024-06-10T18:42:44.000000000Z,32,1,80420,38893.000000000,38894.000000000,38893.000000000,38894.000000000,6,YM
2024-06-10T18:42:45.000000000Z,32,1,80420,38895.000000000,38895.000000000,38895.000000000,38895.000000000,1,YM
2024-06-10T18:42:46.000000000Z,32,1,80420,38896.000000000,38896.000000000,38895.000000000,38895.000000000,3,YM
2024-06-10T18:42:48.000000000Z,32,1,80420,38896.000000000,38896.000000000,38896.000000000,38896.000000000,1,YM
2024-06-10T18:42:49.000000000Z,32,1,80420,38898.000000000,38899.000000000,38897.000000000,38897.000000000,6,YM
2024-06-10T18:42:50.000000000Z,32,1,80420,38899.000000000,38901.000000000,38899.000000000,38901.000000000,27,YM
2024-06-10T18:42:51.000000000Z,32,1,80420,38901.000000000,38901.000000000,38900.000000000,38900.000000000,2,YM
2024-06-10T18:42:52.000000000Z,32,1,80420,38899.000000000,38899.000000000,38898.000000000,38898.000000000,5,YM
2024-06-10T18:42:54.000000000Z,32,1,80420,38898.000000000,38898.000000000,38898.000000000,38898.000000000,2,YM
2024-06-10T18:42:55.000000000Z,32,1,80420,38897.000000000,38897.000000000,38897.000000000,38897.000000000,4,YM
2024-06-10T18:42:58.000000000Z,32,1,80420,38897.000000000,38897.000000000,38897.000000000,38897.000000000,1,YM
2024-06-10T18:42:59.000000000Z,32,1,80420,38897.000000000,38897.000000000,38897.000000000,38897.000000000,2,YM
2024-06-10T18:43:00.000000000Z,32,1,80420,38897.000000000,38897.000000000,38897.000000000,38897.000000000,1,YM
2024-06-10T18:43:02.000000000Z,32,1,80420,38898.000000000,38898.000000000,38898.000000000,38898.000000000,3,YM
2024-06-10T18:43:03.000000000Z,32,1,80420,38897.000000000,38897.000000000,38897.000000000,38897.000000000,1,YM
2024-06-10T18:43:04.000000000Z,32,1,80420,38899.000000000,38899.000000000,38899.000000000,38899.000000000,4,YM
2024-06-10T18:43:05.000000000Z,32,1,80420,38898.000000000,38898.000000000,38898.000000000,38898.000000000,3,YM
2024-06-10T18:43:06.000000000Z,32,1,80420,38897.000000000,38897.000000000,38896.000000000,38896.000000000,3,YM
2024-06-10T18:43:07.000000000Z,32,1,80420,38895.000000000,38895.000000000,38895.000000000,38895.000000000,2,YM
2024-06-10T18:43:09.000000000Z,32,1,80420,38896.000000000,38896.000000000,38895.000000000,38895.000000000,3,YM
2024-06-10T18:43:10.000000000Z,32,1,80420,38893.000000000,38893.000000000,38893.000000000,38893.000000000,7,YM
2024-06-10T18:43:11.000000000Z,32,1,80420,38892.000000000,38892.000000000,38891.000000000,38891.000000000,2,YM
2024-06-10T18:43:12.000000000Z,32,1,80420,38891.000000000,38891.000000000,38891.000000000,38891.000000000,4,YM
2024-06-10T18:43:17.000000000Z,32,1,80420,38891.000000000,38891.000000000,38891.000000000,38891.000000000,1,YM
2024-06-10T18:43:19.000000000Z,32,1,80420,38892.000000000,38892.000000000,38892.000000000,38892.000000000,3,YM
2024-06-10T18:43:20.000000000Z,32,1,80420,38893.000000000,38893.000000000,38893.000000000,38893.000000000,1,YM
2024-06-10T18:43:22.000000000Z,32,1,80420,38892.000000000,38892.000000000,38891.000000000,38891.000000000,3,YM
2024-06-10T18:43:23.000000000Z,32,1,80420,38891.000000000,38891.000000000,38891.000000000,38891.000000000,3,YM
2024-06-10T18:43:24.000000000Z,32,1,80420,38891.000000000,38891.000000000,38891.000000000,38891.000000000,1,YM
2024-06-10T18:43:26.000000000Z,32,1,80420,38892.000000000,38892.000000000,38892.000000000,38892.000000000,4,YM
2024-06-10T18:43:28.000000000Z,32,1,80420,38892.000000000,38892.000000000,38892.000000000,38892.000000000,2,YM
2024-06-10T18:43:30.000000000Z,32,1,80420,38894.000000000,38894.000000000,38893.000000000,38894.000000000,4,YM
2024-06-10T18:43:31.000000000Z,32,1,80420,38893.000000000,38893.000000000,38893.000000000,38893.000000000,1,YM
2024-06-10T18:43:34.000000000Z,32,1,80420,38894.000000000,38894.000000000,38894.000000000,38894.000000000,1,YM
2024-06-10T18:43:35.000000000Z,32,1,80420,38894.000000000,38894.000000000,38894.000000000,38894.000000000,2,YM
2024-06-10T18:43:36.000000000Z,32,1,80420,38893.000000000,38893.000000000,38893.000000000,38893.000000000,1,YM
2024-06-10T18:43:37.000000000Z,32,1,80420,38892.000000000,38892.000000000,38892.000000000,38892.000000000,4,YM
2024-06-10T18:43:38.000000000Z,32,1,80420,38892.000000000,38893.000000000,38892.000000000,38893.000000000,11,YM
2024-06-10T18:43:40.000000000Z,32,1,80420,38892.000000000,38892.000000000,38892.000000000,38892.000000000,4,YM
2024-06-10T18:43:44.000000000Z,32,1,80420,38892.000000000,38895.000000000,38892.000000000,38894.000000000,10,YM
2024-06-10T18:43:45.000000000Z,32,1,80420,38895.000000000,38895.000000000,38895.000000000,38895.000000000,2,YM
2024-06-10T18:43:46.000000000Z,32,1,80420,38895.000000000,38895.000000000,38895.000000000,38895.000000000,1,YM
2024-06-10T18:43:47.000000000Z,32,1,80420,38895.000000000,38896.000000000,38895.000000000,38896.000000000,14,YM
2024-06-10T18:43:48.000000000Z,32,1,80420,38896.000000000,38896.000000000,38895.000000000,38895.000000000,14,YM
2024-06-10T18:43:49.000000000Z,32,1,80420,38895.000000000,38896.000000000,38895.000000000,38896.000000000,2,YM
2024-06-10T18:43:52.000000000Z,32,1,80420,38896.000000000,38896.000000000,38896.000000000,38896.000000000,3,YM
2024-06-10T18:43:55.000000000Z,32,1,80420,38894.000000000,38894.000000000,38894.000000000,38894.000000000,1,YM
2024-06-10T18:43:57.000000000Z,32,1,80420,38895.000000000,38896.000000000,38895.000000000,38896.000000000,2,YM
2024-06-10T18:44:00.000000000Z,32,1,80420,38895.000000000,38895.000000000,38895.000000000,38895.000000000,4,YM
2024-06-10T18:44:01.000000000Z,32,1,80420,38896.000000000,38896.000000000,38894.000000000,38894.000000000,3,YM
2024-06-10T18:44:03.000000000Z,32,1,80420,38893.000000000,38893.000000000,38893.000000000,38893.000000000,4,YM
2024-06-10T18:44:04.000000000Z,32,1,80420,38894.000000000,38894.000000000,38894.000000000,38894.000000000,1,YM
2024-06-10T18:44:05.000000000Z,32,1,80420,38894.000000000,38894.000000000,38894.000000000,38894.000000000,8,YM
2024-06-10T18:44:06.000000000Z,32,1,80420,38895.000000000,38897.000000000,38895.000000000,38897.000000000,7,YM
2024-06-10T18:44:07.000000000Z,32,1,80420,38897.000000000,38897.000000000,38897.000000000,38897.000000000,1,YM
2024-06-10T18:44:08.000000000Z,32,1,80420,38897.000000000,38897.000000000,38895.000000000,38897.000000000,6,YM
2024-06-10T18:44:10.000000000Z,32,1,80420,38898.000000000,38898.000000000,38898.000000000,38898.000000000,4,YM
2024-06-10T18:44:11.000000000Z,32,1,80420,38897.000000000,38897.000000000,38896.000000000,38896.000000000,23,YM
2024-06-10T18:44:13.000000000Z,32,1,80420,38897.000000000,38897.000000000,38897.000000000,38897.000000000,1,YM
2024-06-10T18:44:15.000000000Z,32,1,80420,38898.000000000,38898.000000000,38898.000000000,38898.000000000,1,YM
2024-06-10T18:44:17.000000000Z,32,1,80420,38897.000000000,38898.000000000,38897.000000000,38898.000000000,3,YM
2024-06-10T18:44:18.000000000Z,32,1,80420,38898.000000000,38898.000000000,38898.000000000,38898.000000000,3,YM
2024-06-10T18:44:19.000000000Z,32,1,80420,38899.000000000,38899.000000000,38899.000000000,38899.000000000,4,YM
2024-06-10T18:44:20.000000000Z,32,1,80420,38899.000000000,38899.000000000,38898.000000000,38898.000000000,4,YM
2024-06-10T18:44:22.000000000Z,32,1,80420,38898.000000000,38898.000000000,38898.000000000,38898.000000000,1,YM
2024-06-10T18:44:24.000000000Z,32,1,80420,38900.000000000,38900.000000000,38900.000000000,38900.000000000,1,YM
2024-06-10T18:44:25.000000000Z,32,1,80420,38900.000000000,38900.000000000,38899.000000000,38899.000000000,3,YM
2024-06-10T18:44:27.000000000Z,32,1,80420,38900.000000000,38900.000000000,38900.000000000,38900.000000000,1,YM
2024-06-10T18:44:29.000000000Z,32,1,80420,38901.000000000,38901.000000000,38901.000000000,38901.000000000,2,YM
2024-06-10T18:44:30.000000000Z,32,1,80420,38900.000000000,38900.000000000,38900.000000000,38900.000000000,1,YM
2024-06-10T18:44:33.000000000Z,32,1,80420,38900.000000000,38900.000000000,38900.000000000,38900.000000000,2,YM
2024-06-10T18:44:36.000000000Z,32,1,80420,38898.000000000,38898.000000000,38898.000000000,38898.000000000,1,YM
2024-06-10T18:44:38.000000000Z,32,1,80420,38899.000000000,38899.000000000,38899.000000000,38899.000000000,5,YM
2024-06-10T18:44:39.000000000Z,32,1,80420,38898.000000000,38898.000000000,38898.000000000,38898.000000000,6,YM
2024-06-10T18:44:40.000000000Z,32,1,80420,38897.000000000,38897.000000000,38895.000000000,38895.000000000,7,YM
2024-06-10T18:44:42.000000000Z,32,1,80420,38895.000000000,38895.000000000,38895.000000000,38895.000000000,2,YM
2024-06-10T18:44:43.000000000Z,32,1,80420,38895.000000000,38895.000000000,38895.000000000,38895.000000000,1,YM
2024-06-10T18:44:46.000000000Z,32,1,80420,38894.000000000,38894.000000000,38894.000000000,38894.000000000,2,YM
2024-06-10T18:44:47.000000000Z,32,1,80420,38895.000000000,38895.000000000,38895.000000000,38895.000000000,1,YM
2024-06-10T18:44:51.000000000Z,32,1,80420,38895.000000000,38895.000000000,38895.000000000,38895.000000000,1,YM
2024-06-10T18:44:52.000000000Z,32,1,80420,38894.000000000,38894.000000000,38894.000000000,38894.000000000,1,YM
2024-06-10T18:44:53.000000000Z,32,1,80420,38893.000000000,38893.000000000,38893.000000000,38893.000000000,2,YM
2024-06-10T18:44:54.000000000Z,32,1,80420,38894.000000000,38894.000000000,38894.000000000,38894.000000000,1,YM
2024-06-10T18:44:57.000000000Z,32,1,80420,38893.000000000,38894.000000000,38893.000000000,38894.000000000,7,YM
2024-06-10T18:44:59.000000000Z,32,1,80420,38896.000000000,38896.000000000,38896.000000000,38896.000000000,3,YM
2024-06-10T18:45:00.000000000Z,32,1,80420,38896.000000000,38896.000000000,38896.000000000,38896.000000000,2,YM
2024-06-10T18:45:01.000000000Z,32,1,80420,38897.000000000,38897.000000000,38897.000000000,38897.000000000,1,YM
2024-06-10T18:45:02.000000000Z,32,1,80420,38897.000000000,38897.000000000,38897.000000000,38897.000000000,3,YM
2024-06-10T18:45:03.000000000Z,32,1,80420,38898.000000000,38899.000000000,38898.000000000,38899.000000000,5,YM
2024-06-10T18:45:05.000000000Z,32,1,80420,38899.000000000,38899.000000000,38899.000000000,38899.000000000,2,YM
2024-06-10T18:45:07.000000000Z,32,1,80420,38900.000000000,38900.000000000,38900.000000000,38900.000000000,2,YM
2024-06-10T18:45:09.000000000Z,32,1,80420,38900.000000000,38900.000000000,38900.000000000,38900.000000000,3,YM
2024-06-10T18:45:10.000000000Z,32,1,80420,38898.000000000,38898.000000000,38898.000000000,38898.000000000,2,YM
2024-06-10T18:45:11.000000000Z,32,1,80420,38898.000000000,38898.000000000,38898.000000000,38898.000000000,3,YM
2024-06-10T18:45:12.000000000Z,32,1,80420,38900.000000000,38900.000000000,38900.000000000,38900.000000000,1,YM
2024-06-10T18:45:14.000000000Z,32,1,80420,38900.000000000,38901.000000000,38900.000000000,38900.000000000,7,YM
2024-06-10T18:45:15.000000000Z,32,1,80420,38900.000000000,38900.000000000,38900.000000000,38900.000000000,7,YM
2024-06-10T18:45:16.000000000Z,32,1,80420,38901.000000000,38901.000000000,38900.000000000,38900.000000000,10,YM
2024-06-10T18:45:17.000000000Z,32,1,80420,38900.000000000,38900.000000000,38898.000000000,38898.000000000,9,YM
2024-06-10T18:45:18.000000000Z,32,1,80420,38900.000000000,38900.000000000,38900.000000000,38900.000000000,1,YM
2024-06-10T18:45:19.000000000Z,32,1,80420,38899.000000000,38899.000000000,38899.000000000,38899.000000000,1,YM
2024-06-10T18:45:20.000000000Z,32,1,80420,38899.000000000,38899.000000000,38899.000000000,38899.000000000,1,YM
2024-06-10T18:45:21.000000000Z,32,1,80420,38899.000000000,38899.000000000,38899.000000000,38899.000000000,1,YM
2024-06-10T18:45:22.000000000Z,32,1,80420,38899.000000000,38900.000000000,38899.000000000,38900.000000000,3,YM
2024-06-10T18:45:23.000000000Z,32,1,80420,38900.000000000,38900.000000000,38900.000000000,38900.000000000,2,YM
2024-06-10T18:45:25.000000000Z,32,1,80420,38899.000000000,38899.000000000,38899.000000000,38899.000000000,3,YM
2024-06-10T18:45:26.000000000Z,32,1,80420,38900.000000000,38900.000000000,38900.000000000,38900.000000000,1,YM
2024-06-10T18:45:27.000000000Z,32,1,80420,38901.000000000,38901.000000000,38900.000000000,38900.000000000,2,YM
2024-06-10T18:45:28.000000000Z,32,1,80420,38899.000000000,38900.000000000,38899.000000000,38900.000000000,5,YM
2024-06-10T18:45:30.000000000Z,32,1,80420,38899.000000000,38899.000000000,38898.000000000,38898.000000000,4,YM
2024-06-10T18:45:31.000000000Z,32,1,80420,38897.000000000,38897.000000000,38897.000000000,38897.000000000,1,YM
2024-06-10T18:45:32.000000000Z,32,1,80420,38897.000000000,38898.000000000,38897.000000000,38898.000000000,6,YM
2024-06-10T18:45:33.000000000Z,32,1,80420,38898.000000000,38898.000000000,38898.000000000,38898.000000000,2,YM
2024-06-10T18:45:37.000000000Z,32,1,80420,38898.000000000,38898.000000000,38898.000000000,38898.000000000,1,YM
2024-06-10T18:45:40.000000000Z,32,1,80420,38900.000000000,38900.000000000,38900.000000000,38900.000000000,10,YM
2024-06-10T18:45:44.000000000Z,32,1,80420,38899.000000000,38899.000000000,38899.000000000,38899.000000000,1,YM
2024-06-10T18:45:46.000000000Z,32,1,80420,38898.000000000,38899.000000000,38898.000000000,38899.000000000,4,YM
2024-06-10T18:45:48.000000000Z,32,1,80420,38899.000000000,38900.000000000,38899.000000000,38900.000000000,3,YM
2024-06-10T18:45:50.000000000Z,32,1,80420,38903.000000000,38904.000000000,38903.000000000,38904.000000000,2,YM
2024-06-10T18:45:51.000000000Z,32,1,80420,38904.000000000,38904.000000000,38903.000000000,38903.000000000,10,YM
2024-06-10T18:45:52.000000000Z,32,1,80420,38904.000000000,38904.000000000,38904.000000000,38904.000000000,1,YM
2024-06-10T18:45:53.000000000Z,32,1,80420,38903.000000000,38904.000000000,38903.000000000,38904.000000000,7,YM
2024-06-10T18:45:54.000000000Z,32,1,80420,38903.000000000,38904.000000000,38903.000000000,38904.000000000,3,YM
2024-06-10T18:45:58.000000000Z,32,1,80420,38901.000000000,38902.000000000,38901.000000000,38902.000000000,5,YM
2024-06-10T18:45:59.000000000Z,32,1,80420,38902.000000000,38902.000000000,38902.000000000,38902.000000000,1,YM
2024-06-10T18:46:00.000000000Z,32,1,80420,38903.000000000,38903.000000000,38903.000000000,38903.000000000,1,YM
2024-06-10T18:46:01.000000000Z,32,1,80420,38903.000000000,38903.000000000,38903.000000000,38903.000000000,1,YM
2024-06-10T18:46:02.000000000Z,32,1,80420,38903.000000000,38903.000000000,38903.000000000,38903.000000000,3,YM
2024-06-10T18:46:03.000000000Z,32,1,80420,38905.000000000,38905.000000000,38905.000000000,38905.000000000,1,YM
2024-06-10T18:46:04.000000000Z,32,1,80420,38906.000000000,38906.000000000,38906.000000000,38906.000000000,2,YM
2024-06-10T18:46:05.000000000Z,32,1,80420,38906.000000000,38906.000000000,38906.000000000,38906.000000000,7,YM
2024-06-10T18:46:06.000000000Z,32,1,80420,38907.000000000,38907.000000000,38907.000000000,38907.000000000,4,YM
2024-06-10T18:46:07.000000000Z,32,1,80420,38908.000000000,38908.000000000,38908.000000000,38908.000000000,1,YM
2024-06-10T18:46:08.000000000Z,32,1,80420,38908.000000000,38910.000000000,38908.000000000,38909.000000000,17,YM
2024-06-10T18:46:09.000000000Z,32,1,80420,38909.000000000,38909.000000000,38909.000000000,38909.000000000,1,YM
2024-06-10T18:46:10.000000000Z,32,1,80420,38908.000000000,38908.000000000,38908.000000000,38908.000000000,4,YM
2024-06-10T18:46:12.000000000Z,32,1,80420,38908.000000000,38908.000000000,38908.000000000,38908.000000000,3,YM
2024-06-10T18:46:13.000000000Z,32,1,80420,38908.000000000,38908.000000000,38908.000000000,38908.000000000,2,YM
2024-06-10T18:46:14.000000000Z,32,1,80420,38907.000000000,38907.000000000,38907.000000000,38907.000000000,2,YM
2024-06-10T18:46:16.000000000Z,32,1,80420,38907.000000000,38907.000000000,38907.000000000,38907.000000000,5,YM
2024-06-10T18:46:17.000000000Z,32,1,80420,38908.000000000,38908.000000000,38908.000000000,38908.000000000,2,YM
2024-06-10T18:46:18.000000000Z,32,1,80420,38909.000000000,38910.000000000,38909.000000000,38909.000000000,7,YM
2024-06-10T18:46:20.000000000Z,32,1,80420,38909.000000000,38910.000000000,38909.000000000,38910.000000000,2,YM
2024-06-10T18:46:21.000000000Z,32,1,80420,38909.000000000,38909.000000000,38909.000000000,38909.000000000,1,YM
2024-06-10T18:46:22.000000000Z,32,1,80420,38910.000000000,38910.000000000,38910.000000000,38910.000000000,1,YM
2024-06-10T18:46:23.000000000Z,32,1,80420,38910.000000000,38910.000000000,38909.000000000,38909.000000000,3,YM
2024-06-10T18:46:24.000000000Z,32,1,80420,38909.000000000,38909.000000000,38909.000000000,38909.000000000,1,YM
2024-06-10T18:46:26.000000000Z,32,1,80420,38908.000000000,38908.000000000,38908.000000000,38908.000000000,1,YM
2024-06-10T18:46:27.000000000Z,32,1,80420,38907.000000000,38907.000000000,38907.000000000,38907.000000000,5,YM
2024-06-10T18:46:29.000000000Z,32,1,80420,38907.000000000,38907.000000000,38907.000000000,38907.000000000,2,YM
2024-06-10T18:46:31.000000000Z,32,1,80420,38907.000000000,38907.000000000,38907.000000000,38907.000000000,1,YM
2024-06-10T18:46:32.000000000Z,32,1,80420,38907.000000000,38907.000000000,38907.000000000,38907.000000000,1,YM
2024-06-10T18:46:34.000000000Z,32,1,80420,38907.000000000,38907.000000000,38907.000000000,38907.000000000,2,YM
2024-06-10T18:46:35.000000000Z,32,1,80420,38908.000000000,38908.000000000,38908.000000000,38908.000000000,2,YM
2024-06-10T18:46:36.000000000Z,32,1,80420,38907.000000000,38907.000000000,38907.000000000,38907.000000000,2,YM
2024-06-10T18:46:37.000000000Z,32,1,80420,38907.000000000,38908.000000000,38907.000000000,38908.000000000,5,YM
2024-06-10T18:46:38.000000000Z,32,1,80420,38908.000000000,38909.000000000,38908.000000000,38909.000000000,4,YM
2024-06-10T18:46:39.000000000Z,32,1,80420,38910.000000000,38910.000000000,38910.000000000,38910.000000000,2,YM
2024-06-10T18:46:40.000000000Z,32,1,80420,38910.000000000,38910.000000000,38910.000000000,38910.000000000,4,YM
2024-06-10T18:46:43.000000000Z,32,1,80420,38909.000000000,38909.000000000,38909.000000000,38909.000000000,1,YM
2024-06-10T18:46:44.000000000Z,32,1,80420,38908.000000000,38908.000000000,38907.000000000,38907.000000000,5,YM
2024-06-10T18:46:47.000000000Z,32,1,80420,38908.000000000,38908.000000000,38908.000000000,38908.000000000,1,YM
2024-06-10T18:46:48.000000000Z,32,1,80420,38907.000000000,38907.000000000,38907.000000000,38907.000000000,4,YM
2024-06-10T18:46:49.000000000Z,32,1,80420,38907.000000000,38907.000000000,38907.000000000,38907.000000000,7,YM
2024-06-10T18:46:50.000000000Z,32,1,80420,38907.000000000,38907.000000000,38906.000000000,38906.000000000,8,YM
2024-06-10T18:46:51.000000000Z,32,1,80420,38906.000000000,38906.000000000,38906.000000000,38906.000000000,2,YM
2024-06-10T18:46:52.000000000Z,32,1,80420,38905.000000000,38905.000000000,38905.000000000,38905.000000000,1,YM
2024-06-10T18:46:54.000000000Z,32,1,80420,38905.000000000,38905.000000000,38905.000000000,38905.000000000,1,YM
2024-06-10T18:46:59.000000000Z,32,1,80420,38904.000000000,38904.000000000,38904.000000000,38904.000000000,2,YM
2024-06-10T18:47:00.000000000Z,32,1,80420,38904.000000000,38904.000000000,38904.000000000,38904.000000000,1,YM
2024-06-10T18:47:01.000000000Z,32,1,80420,38905.000000000,38905.000000000,38905.000000000,38905.000000000,3,YM
2024-06-10T18:47:04.000000000Z,32,1,80420,38903.000000000,38903.000000000,38903.000000000,38903.000000000,1,YM
2024-06-10T18:47:05.000000000Z,32,1,80420,38902.000000000,38903.000000000,38902.000000000,38903.000000000,5,YM
2024-06-10T18:47:06.000000000Z,32,1,80420,38903.000000000,38903.000000000,38903.000000000,38903.000000000,7,YM
2024-06-10T18:47:07.000000000Z,32,1,80420,38902.000000000,38902.000000000,38898.000000000,38898.000000000,12,YM
2024-06-10T18:47:08.000000000Z,32,1,80420,38899.000000000,38899.000000000,38899.000000000,38899.000000000,2,YM
2024-06-10T18:47:09.000000000Z,32,1,80420,38900.000000000,38900.000000000,38900.000000000,38900.000000000,5,YM
2024-06-10T18:47:11.000000000Z,32,1,80420,38901.000000000,38901.000000000,38901.000000000,38901.000000000,6,YM
2024-06-10T18:47:13.000000000Z,32,1,80420,38901.000000000,38901.000000000,38901.000000000,38901.000000000,4,YM
2024-06-10T18:47:14.000000000Z,32,1,80420,38902.000000000,38902.000000000,38902.000000000,38902.000000000,2,YM
2024-06-10T18:47:15.000000000Z,32,1,80420,38902.000000000,38902.000000000,38902.000000000,38902.000000000,1,YM
2024-06-10T18:47:17.000000000Z,32,1,80420,38903.000000000,38903.000000000,38903.000000000,38903.000000000,3,YM
2024-06-10T18:47:18.000000000Z,32,1,80420,38903.000000000,38903.000000000,38903.000000000,38903.000000000,1,YM
2024-06-10T18:47:19.000000000Z,32,1,80420,38902.000000000,38904.000000000,38902.000000000,38904.000000000,9,YM
2024-06-10T18:47:20.000000000Z,32,1,80420,38903.000000000,38903.000000000,38903.000000000,38903.000000000,1,YM
2024-06-10T18:47:22.000000000Z,32,1,80420,38905.000000000,38905.000000000,38905.000000000,38905.000000000,1,YM
2024-06-10T18:47:23.000000000Z,32,1,80420,38905.000000000,38905.000000000,38905.000000000,38905.000000000,1,YM
2024-06-10T18:47:24.000000000Z,32,1,80420,38905.000000000,38905.000000000,38905.000000000,38905.000000000,1,YM
2024-06-10T18:47:25.000000000Z,32,1,80420,38904.000000000,38904.000000000,38902.000000000,38902.000000000,7,YM
2024-06-10T18:47:26.000000000Z,32,1,80420,38903.000000000,38903.000000000,38903.000000000,38903.000000000,2,YM
2024-06-10T18:47:28.000000000Z,32,1,80420,38904.000000000,38904.000000000,38904.000000000,38904.000000000,2,YM
2024-06-10T18:47:31.000000000Z,32,1,80420,38905.000000000,38905.000000000,38904.000000000,38904.000000000,5,YM
2024-06-10T18:47:32.000000000Z,32,1,80420,38903.000000000,38903.000000000,38903.000000000,38903.000000000,3,YM
2024-06-10T18:47:33.000000000Z,32,1,80420,38903.000000000,38903.000000000,38903.000000000,38903.000000000,1,YM
2024-06-10T18:47:34.000000000Z,32,1,80420,38904.000000000,38904.000000000,38904.000000000,38904.000000000,1,YM
2024-06-10T18:47:36.000000000Z,32,1,80420,38904.000000000,38904.000000000,38904.000000000,38904.000000000,1,YM
2024-06-10T18:47:39.000000000Z,32,1,80420,38903.000000000,38903.000000000,38903.000000000,38903.000000000,1,YM
2024-06-10T18:47:40.000000000Z,32,1,80420,38903.000000000,38903.000000000,38903.000000000,38903.000000000,1,YM
2024-06-10T18:47:41.000000000Z,32,1,80420,38903.000000000,38903.000000000,38903.000000000,38903.000000000,2,YM
2024-06-10T18:47:43.000000000Z,32,1,80420,38902.000000000,38902.000000000,38902.000000000,38902.000000000,2,YM
2024-06-10T18:47:44.000000000Z,32,1,80420,38903.000000000,38903.000000000,38903.000000000,38903.000000000,1,YM
2024-06-10T18:47:47.000000000Z,32,1,80420,38904.000000000,38904.000000000,38903.000000000,38903.000000000,3,YM
2024-06-10T18:47:48.000000000Z,32,1,80420,38903.000000000,38903.000000000,38903.000000000,38903.000000000,1,YM
2024-06-10T18:47:51.000000000Z,32,1,80420,38903.000000000,38903.000000000,38903.000000000,38903.000000000,1,YM
2024-06-10T18:47:52.000000000Z,32,1,80420,38904.000000000,38904.000000000,38903.000000000,38903.000000000,3,YM
2024-06-10T18:47:53.000000000Z,32,1,80420,38904.000000000,38904.000000000,38904.000000000,38904.000000000,4,YM
2024-06-10T18:47:54.000000000Z,32,1,80420,38902.000000000,38902.000000000,38902.000000000,38902.000000000,1,YM
2024-06-10T18:47:56.000000000Z,32,1,80420,38903.000000000,38903.000000000,38903.000000000,38903.000000000,2,YM
2024-06-10T18:47:58.000000000Z,32,1,80420,38902.000000000,38902.000000000,38902.000000000,38902.000000000,1,YM
2024-06-10T18:48:00.000000000Z,32,1,80420,38903.000000000,38903.000000000,38903.000000000,38903.000000000,1,YM
2024-06-10T18:48:01.000000000Z,32,1,80420,38904.000000000,38904.000000000,38904.000000000,38904.000000000,3,YM
2024-06-10T18:48:02.000000000Z,32,1,80420,38904.000000000,38904.000000000,38904.000000000,38904.000000000,1,YM
2024-06-10T18:48:04.000000000Z,32,1,80420,38903.000000000,38903.000000000,38903.000000000,38903.000000000,3,YM
2024-06-10T18:48:07.000000000Z,32,1,80420,38903.000000000,38903.000000000,38903.000000000,38903.000000000,2,YM
2024-06-10T18:48:11.000000000Z,32,1,80420,38904.000000000,38904.000000000,38901.000000000,38901.000000000,13,YM
2024-06-10T18:48:13.000000000Z,32,1,80420,38901.000000000,38901.000000000,38901.000000000,38901.000000000,4,YM
2024-06-10T18:48:14.000000000Z,32,1,80420,38902.000000000,38902.000000000,38902.000000000,38902.000000000,1,YM
2024-06-10T18:48:15.000000000Z,32,1,80420,38903.000000000,38903.000000000,38903.000000000,38903.000000000,1,YM
2024-06-10T18:48:16.000000000Z,32,1,80420,38904.000000000,38905.000000000,38904.000000000,38905.000000000,3,YM
2024-06-10T18:48:17.000000000Z,32,1,80420,38905.000000000,38905.000000000,38905.000000000,38905.000000000,1,YM
2024-06-10T18:48:18.000000000Z,32,1,80420,38906.000000000,38906.000000000,38906.000000000,38906.000000000,1,YM
2024-06-10T18:48:19.000000000Z,32,1,80420,38906.000000000,38906.000000000,38906.000000000,38906.000000000,1,YM
2024-06-10T18:48:20.000000000Z,32,1,80420,38906.000000000,38906.000000000,38905.000000000,38906.000000000,6,YM
2024-06-10T18:48:21.000000000Z,32,1,80420,38907.000000000,38907.000000000,38907.000000000,38907.000000000,1,YM
2024-06-10T18:48:22.000000000Z,32,1,80420,38906.000000000,38906.000000000,38906.000000000,38906.000000000,4,YM
2024-06-10T18:48:23.000000000Z,32,1,80420,38906.000000000,38906.000000000,38906.000000000,38906.000000000,1,YM
2024-06-10T18:48:29.000000000Z,32,1,80420,38905.000000000,38905.000000000,38905.000000000,38905.000000000,1,YM
2024-06-10T18:48:31.000000000Z,32,1,80420,38906.000000000,38906.000000000,38906.000000000,38906.000000000,4,YM
2024-06-10T18:48:32.000000000Z,32,1,80420,38907.000000000,38907.000000000,38907.000000000,38907.000000000,2,YM
2024-06-10T18:48:34.000000000Z,32,1,80420,38908.000000000,38908.000000000,38907.000000000,38907.000000000,7,YM
2024-06-10T18:48:39.000000000Z,32,1,80420,38907.000000000,38907.000000000,38907.000000000,38907.000000000,1,YM
2024-06-10T18:48:43.000000000Z,32,1,80420,38907.000000000,38907.000000000,38907.000000000,38907.000000000,1,YM
2024-06-10T18:48:45.000000000Z,32,1,80420,38906.000000000,38906.000000000,38906.000000000,38906.000000000,2,YM
2024-06-10T18:48:47.000000000Z,32,1,80420,38907.000000000,38907.000000000,38907.000000000,38907.000000000,3,YM
2024-06-10T18:48:48.000000000Z,32,1,80420,38906.000000000,38906.000000000,38906.000000000,38906.000000000,1,YM
2024-06-10T18:48:49.000000000Z,32,1,80420,38906.000000000,38906.000000000,38905.000000000,38905.000000000,3,YM
2024-06-10T18:48:50.000000000Z,32,1,80420,38905.000000000,38905.000000000,38905.000000000,38905.000000000,2,YM
2024-06-10T18:48:53.000000000Z,32,1,80420,38906.000000000,38906.000000000,38906.000000000,38906.000000000,1,YM
2024-06-10T18:48:54.000000000Z,32,1,80420,38906.000000000,38906.000000000,38906.000000000,38906.000000000,1,YM
2024-06-10T18:48:57.000000000Z,32,1,80420,38908.000000000,38908.000000000,38907.000000000,38907.000000000,2,YM
2024-06-10T18:48:59.000000000Z,32,1,80420,38907.000000000,38907.000000000,38907.000000000,38907.000000000,1,YM
2024-06-10T18:49:01.000000000Z,32,1,80420,38907.000000000,38907.000000000,38907.000000000,38907.000000000,5,YM
2024-06-10T18:49:02.000000000Z,32,1,80420,38908.000000000,38908.000000000,38908.000000000,38908.000000000,3,YM
2024-06-10T18:49:03.000000000Z,32,1,80420,38908.000000000,38908.000000000,38908.000000000,38908.000000000,2,YM
2024-06-10T18:49:04.000000000Z,32,1,80420,38909.000000000,38909.000000000,38909.000000000,38909.000000000,1,YM
2024-06-10T18:49:05.000000000Z,32,1,80420,38909.000000000,38909.000000000,38908.000000000,38908.000000000,3,YM
2024-06-10T18:49:06.000000000Z,32,1,80420,38908.000000000,38908.000000000,38908.000000000,38908.000000000,3,YM
2024-06-10T18:49:07.000000000Z,32,1,80420,38907.000000000,38907.000000000,38906.000000000,38906.000000000,7,YM
2024-06-10T18:49:10.000000000Z,32,1,80420,38906.000000000,38907.000000000,38906.000000000,38907.000000000,3,YM
2024-06-10T18:49:12.000000000Z,32,1,80420,38907.000000000,38907.000000000,38907.000000000,38907.000000000,5,YM
2024-06-10T18:49:13.000000000Z,32,1,80420,38906.000000000,38906.000000000,38906.000000000,38906.000000000,1,YM
2024-06-10T18:49:15.000000000Z,32,1,80420,38908.000000000,38908.000000000,38908.000000000,38908.000000000,1,YM
2024-06-10T18:49:17.000000000Z,32,1,80420,38909.000000000,38909.000000000,38909.000000000,38909.000000000,4,YM
2024-06-10T18:49:18.000000000Z,32,1,80420,38908.000000000,38908.000000000,38908.000000000,38908.000000000,2,YM
2024-06-10T18:49:19.000000000Z,32,1,80420,38907.000000000,38907.000000000,38907.000000000,38907.000000000,1,YM
2024-06-10T18:49:20.000000000Z,32,1,80420,38906.000000000,38907.000000000,38906.000000000,38907.000000000,4,YM
2024-06-10T18:49:21.000000000Z,32,1,80420,38907.000000000,38907.000000000,38907.000000000,38907.000000000,1,YM
2024-06-10T18:49:23.000000000Z,32,1,80420,38907.000000000,38907.000000000,38907.000000000,38907.000000000,1,YM
2024-06-10T18:49:24.000000000Z,32,1,80420,38907.000000000,38907.000000000,38907.000000000,38907.000000000,1,YM
2024-06-10T18:49:27.000000000Z,32,1,80420,38906.000000000,38906.000000000,38906.000000000,38906.000000000,1,YM
2024-06-10T18:49:29.000000000Z,32,1,80420,38905.000000000,38905.000000000,38904.000000000,38904.000000000,4,YM
2024-06-10T18:49:31.000000000Z,32,1,80420,38906.000000000,38906.000000000,38905.000000000,38905.000000000,7,YM
2024-06-10T18:49:32.000000000Z,32,1,80420,38904.000000000,38904.000000000,38904.000000000,38904.000000000,3,YM
2024-06-10T18:49:34.000000000Z,32,1,80420,38905.000000000,38905.000000000,38905.000000000,38905.000000000,2,YM
2024-06-10T18:49:35.000000000Z,32,1,80420,38905.000000000,38905.000000000,38905.000000000,38905.000000000,1,YM
2024-06-10T18:49:37.000000000Z,32,1,80420,38905.000000000,38905.000000000,38905.000000000,38905.000000000,1,YM
2024-06-10T18:49:40.000000000Z,32,1,80420,38906.000000000,38906.000000000,38906.000000000,38906.000000000,2,YM
2024-06-10T18:49:41.000000000Z,32,1,80420,38906.000000000,38906.000000000,38906.000000000,38906.000000000,1,YM
2024-06-10T18:49:44.000000000Z,32,1,80420,38906.000000000,38906.000000000,38906.000000000,38906.000000000,1,YM
2024-06-10T18:49:49.000000000Z,32,1,80420,38907.000000000,38907.000000000,38907.000000000,38907.000000000,2,YM
2024-06-10T18:49:50.000000000Z,32,1,80420,38908.000000000,38908.000000000,38908.000000000,38908.000000000,1,YM
2024-06-10T18:49:51.000000000Z,32,1,80420,38907.000000000,38908.000000000,38907.000000000,38908.000000000,13,YM
2024-06-10T18:49:54.000000000Z,32,1,80420,38908.000000000,38908.000000000,38908.000000000,38908.000000000,1,YM
2024-06-10T18:49:55.000000000Z,32,1,80420,38909.000000000,38909.000000000,38908.000000000,38908.000000000,3,YM
2024-06-10T18:49:56.000000000Z,32,1,80420,38907.000000000,38907.000000000,38907.000000000,38907.000000000,1,YM
2024-06-10T18:49:57.000000000Z,32,1,80420,38907.000000000,38907.000000000,38907.000000000,38907.000000000,2,YM
2024-06-10T18:49:58.000000000Z,32,1,80420,38908.000000000,38908.000000000,38908.000000000,38908.000000000,3,YM
2024-06-10T18:49:59.000000000Z,32,1,80420,38908.000000000,38908.000000000,38908.000000000,38908.000000000,1,YM
2024-06-10T18:50:00.000000000Z,32,1,80420,38907.000000000,38907.000000000,38907.000000000,38907.000000000,5,YM
2024-06-10T18:50:01.000000000Z,32,1,80420,38907.000000000,38907.000000000,38906.000000000,38907.000000000,8,YM
2024-06-10T18:50:03.000000000Z,32,1,80420,38906.000000000,38907.000000000,38906.000000000,38907.000000000,2,YM
2024-06-10T18:50:04.000000000Z,32,1,80420,38907.000000000,38907.000000000,38907.000000000,38907.000000000,2,YM
2024-06-10T18:50:05.000000000Z,32,1,80420,38907.000000000,38907.000000000,38907.000000000,38907.000000000,1,YM
2024-06-10T18:50:07.000000000Z,32,1,80420,38908.000000000,38908.000000000,38908.000000000,38908.000000000,2,YM
2024-06-10T18:50:08.000000000Z,32,1,80420,38908.000000000,38908.000000000,38908.000000000,38908.000000000,1,YM
2024-06-10T18:50:09.000000000Z,32,1,80420,38908.000000000,38910.000000000,38908.000000000,38910.000000000,6,YM
2024-06-10T18:50:10.000000000Z,32,1,80420,38910.000000000,38910.000000000,38910.000000000,38910.000000000,2,YM
2024-06-10T18:50:13.000000000Z,32,1,80420,38909.000000000,38909.000000000,38908.000000000,38908.000000000,2,YM
2024-06-10T18:50:14.000000000Z,32,1,80420,38907.000000000,38907.000000000,38906.000000000,38906.000000000,8,YM
2024-06-10T18:50:15.000000000Z,32,1,80420,38908.000000000,38909.000000000,38906.000000000,38909.000000000,17,YM
2024-06-10T18:50:17.000000000Z,32,1,80420,38911.000000000,38911.000000000,38911.000000000,38911.000000000,2,YM
2024-06-10T18:50:18.000000000Z,32,1,80420,38911.000000000,38911.000000000,38911.000000000,38911.000000000,1,YM
2024-06-10T18:50:20.000000000Z,32,1,80420,38912.000000000,38912.000000000,38912.000000000,38912.000000000,2,YM
2024-06-10T18:50:21.000000000Z,32,1,80420,38911.000000000,38911.000000000,38911.000000000,38911.000000000,4,YM
2024-06-10T18:50:22.000000000Z,32,1,80420,38910.000000000,38911.000000000,38910.000000000,38911.000000000,3,YM
2024-06-10T18:50:24.000000000Z,32,1,80420,38911.000000000,38911.000000000,38911.000000000,38911.000000000,5,YM
2024-06-10T18:50:25.000000000Z,32,1,80420,38909.000000000,38909.000000000,38908.000000000,38908.000000000,3,YM
2024-06-10T18:50:26.000000000Z,32,1,80420,38908.000000000,38908.000000000,38908.000000000,38908.000000000,1,YM
2024-06-10T18:50:28.000000000Z,32,1,80420,38909.000000000,38910.000000000,38909.000000000,38909.000000000,11,YM
2024-06-10T18:50:33.000000000Z,32,1,80420,38910.000000000,38910.000000000,38910.000000000,38910.000000000,5,YM
2024-06-10T18:50:34.000000000Z,32,1,80420,38909.000000000,38910.000000000,38909.000000000,38910.000000000,3,YM
2024-06-10T18:50:36.000000000Z,32,1,80420,38910.000000000,38910.000000000,38910.000000000,38910.000000000,2,YM
2024-06-10T18:50:37.000000000Z,32,1,80420,38910.000000000,38910.000000000,38910.000000000,38910.000000000,1,YM
2024-06-10T18:50:38.000000000Z,32,1,80420,38909.000000000,38909.000000000,38909.000000000,38909.000000000,2,YM
2024-06-10T18:50:41.000000000Z,32,1,80420,38909.000000000,38909.000000000,38909.000000000,38909.000000000,2,YM
2024-06-10T18:50:42.000000000Z,32,1,80420,38910.000000000,38910.000000000,38909.000000000,38909.000000000,3,YM
2024-06-10T18:50:44.000000000Z,32,1,80420,38910.000000000,38910.000000000,38910.000000000,38910.000000000,3,YM
2024-06-10T18:50:47.000000000Z,32,1,80420,38909.000000000,38909.000000000,38909.000000000,38909.000000000,1,YM
2024-06-10T18:50:49.000000000Z,32,1,80420,38909.000000000,38909.000000000,38909.000000000,38909.000000000,1,YM
2024-06-10T18:50:50.000000000Z,32,1,80420,38911.000000000,38911.000000000,38911.000000000,38911.000000000,2,YM
2024-06-10T18:50:51.000000000Z,32,1,80420,38912.000000000,38912.000000000,38912.000000000,38912.000000000,3,YM
2024-06-10T18:50:52.000000000Z,32,1,80420,38912.000000000,38912.000000000,38912.000000000,38912.000000000,2,YM
2024-06-10T18:50:53.000000000Z,32,1,80420,38911.000000000,38911.000000000,38911.000000000,38911.000000000,1,YM
2024-06-10T18:50:56.000000000Z,32,1,80420,38910.000000000,38910.000000000,38910.000000000,38910.000000000,9,YM
2024-06-10T18:50:57.000000000Z,32,1,80420,38909.000000000,38909.000000000,38909.000000000,38909.000000000,1,YM
2024-06-10T18:50:59.000000000Z,32,1,80420,38910.000000000,38910.000000000,38910.000000000,38910.000000000,2,YM
2024-06-10T18:51:02.000000000Z,32,1,80420,38909.000000000,38909.000000000,38909.000000000,38909.000000000,3,YM
2024-06-10T18:51:08.000000000Z,32,1,80420,38906.000000000,38906.000000000,38906.000000000,38906.000000000,6,YM
2024-06-10T18:51:09.000000000Z,32,1,80420,38906.000000000,38906.000000000,38906.000000000,38906.000000000,1,YM
2024-06-10T18:51:10.000000000Z,32,1,80420,38906.000000000,38907.000000000,38906.000000000,38907.000000000,2,YM
2024-06-10T18:51:11.000000000Z,32,1,80420,38906.000000000,38907.000000000,38906.000000000,38907.000000000,3,YM
2024-06-10T18:51:12.000000000Z,32,1,80420,38908.000000000,38908.000000000,38908.000000000,38908.000000000,1,YM
2024-06-10T18:51:13.000000000Z,32,1,80420,38908.000000000,38908.000000000,38907.000000000,38908.000000000,12,YM
2024-06-10T18:51:14.000000000Z,32,1,80420,38908.000000000,38908.000000000,38908.000000000,38908.000000000,1,YM
2024-06-10T18:51:16.000000000Z,32,1,80420,38907.000000000,38907.000000000,38907.000000000,38907.000000000,3,YM
2024-06-10T18:51:19.000000000Z,32,1,80420,38907.000000000,38907.000000000,38907.000000000,38907.000000000,1,YM
2024-06-10T18:51:22.000000000Z,32,1,80420,38909.000000000,38911.000000000,38909.000000000,38911.000000000,11,YM
2024-06-10T18:51:23.000000000Z,32,1,80420,38911.000000000,38913.000000000,38911.000000000,38912.000000000,18,YM
2024-06-10T18:51:25.000000000Z,32,1,80420,38913.000000000,38913.000000000,38913.000000000,38913.000000000,1,YM
2024-06-10T18:51:27.000000000Z,32,1,80420,38913.000000000,38913.000000000,38913.000000000,38913.000000000,3,YM
2024-06-10T18:51:29.000000000Z,32,1,80420,38913.000000000,38913.000000000,38913.000000000,38913.000000000,2,YM
2024-06-10T18:51:30.000000000Z,32,1,80420,38913.000000000,38913.000000000,38913.000000000,38913.000000000,1,YM
2024-06-10T18:51:31.000000000Z,32,1,80420,38914.000000000,38917.000000000,38914.000000000,38917.000000000,22,YM
2024-06-10T18:51:32.000000000Z,32,1,80420,38916.000000000,38917.000000000,38915.000000000,38915.000000000,3,YM
2024-06-10T18:51:33.000000000Z,32,1,80420,38917.000000000,38917.000000000,38917.000000000,38917.000000000,1,YM
2024-06-10T18:51:35.000000000Z,32,1,80420,38914.000000000,38916.000000000,38914.000000000,38915.000000000,6,YM
2024-06-10T18:51:36.000000000Z,32,1,80420,38913.000000000,38913.000000000,38913.000000000,38913.000000000,2,YM
2024-06-10T18:51:37.000000000Z,32,1,80420,38915.000000000,38915.000000000,38915.000000000,38915.000000000,1,YM
2024-06-10T18:51:39.000000000Z,32,1,80420,38914.000000000,38914.000000000,38914.000000000,38914.000000000,1,YM
2024-06-10T18:51:40.000000000Z,32,1,80420,38914.000000000,38914.000000000,38914.000000000,38914.000000000,1,YM
2024-06-10T18:51:42.000000000Z,32,1,80420,38915.000000000,38915.000000000,38915.000000000,38915.000000000,1,YM
2024-06-10T18:51:44.000000000Z,32,1,80420,38916.000000000,38916.000000000,38916.000000000,38916.000000000,1,YM
2024-06-10T18:51:45.000000000Z,32,1,80420,38917.000000000,38917.000000000,38917.000000000,38917.000000000,1,YM
2024-06-10T18:51:46.000000000Z,32,1,80420,38916.000000000,38916.000000000,38916.000000000,38916.000000000,18,YM
2024-06-10T18:51:48.000000000Z,32,1,80420,38917.000000000,38917.000000000,38917.000000000,38917.000000000,6,YM
2024-06-10T18:51:49.000000000Z,32,1,80420,38918.000000000,38918.000000000,38918.000000000,38918.000000000,6,YM
2024-06-10T18:51:50.000000000Z,32,1,80420,38919.000000000,38919.000000000,38918.000000000,38918.000000000,5,YM
2024-06-10T18:51:51.000000000Z,32,1,80420,38917.000000000,38917.000000000,38917.000000000,38917.000000000,5,YM
2024-06-10T18:51:54.000000000Z,32,1,80420,38917.000000000,38917.000000000,38916.000000000,38916.000000000,4,YM
2024-06-10T18:51:55.000000000Z,32,1,80420,38917.000000000,38917.000000000,38917.000000000,38917.000000000,1,YM
2024-06-10T18:51:56.000000000Z,32,1,80420,38918.000000000,38918.000000000,38918.000000000,38918.000000000,1,YM
2024-06-10T18:51:57.000000000Z,32,1,80420,38918.000000000,38919.000000000,38918.000000000,38919.000000000,6,YM
2024-06-10T18:51:58.000000000Z,32,1,80420,38918.000000000,38918.000000000,38918.000000000,38918.000000000,2,YM
2024-06-10T18:51:59.000000000Z,32,1,80420,38919.000000000,38920.000000000,38919.000000000,38920.000000000,2,YM
2024-06-10T18:52:00.000000000Z,32,1,80420,38918.000000000,38919.000000000,38918.000000000,38919.000000000,5,YM
2024-06-10T18:52:01.000000000Z,32,1,80420,38919.000000000,38919.000000000,38919.000000000,38919.000000000,4,YM
2024-06-10T18:52:02.000000000Z,32,1,80420,38918.000000000,38918.000000000,38917.000000000,38917.000000000,2,YM
2024-06-10T18:52:07.000000000Z,32,1,80420,38918.000000000,38918.000000000,38918.000000000,38918.000000000,1,YM
2024-06-10T18:52:08.000000000Z,32,1,80420,38918.000000000,38918.000000000,38918.000000000,38918.000000000,2,YM
2024-06-10T18:52:09.000000000Z,32,1,80420,38917.000000000,38917.000000000,38917.000000000,38917.000000000,1,YM
2024-06-10T18:52:10.000000000Z,32,1,80420,38917.000000000,38917.000000000,38917.000000000,38917.000000000,1,YM
2024-06-10T18:52:11.000000000Z,32,1,80420,38917.000000000,38918.000000000,38917.000000000,38918.000000000,7,YM
2024-06-10T18:52:12.000000000Z,32,1,80420,38917.000000000,38917.000000000,38917.000000000,38917.000000000,1,YM
2024-06-10T18:52:14.000000000Z,32,1,80420,38918.000000000,38918.000000000,38918.000000000,38918.000000000,5,YM
2024-06-10T18:52:18.000000000Z,32,1,80420,38918.000000000,38918.000000000,38918.000000000,38918.000000000,1,YM
2024-06-10T18:52:22.000000000Z,32,1,80420,38918.000000000,38918.000000000,38918.000000000,38918.000000000,2,YM
2024-06-10T18:52:25.000000000Z,32,1,80420,38919.000000000,38919.000000000,38918.000000000,38919.000000000,6,YM
2024-06-10T18:52:26.000000000Z,32,1,80420,38919.000000000,38919.000000000,38919.000000000,38919.000000000,1,YM
2024-06-10T18:52:30.000000000Z,32,1,80420,38918.000000000,38918.000000000,38918.000000000,38918.000000000,4,YM
2024-06-10T18:52:31.000000000Z,32,1,80420,38919.000000000,38924.000000000,38919.000000000,38924.000000000,35,YM
2024-06-10T18:52:32.000000000Z,32,1,80420,38923.000000000,38923.000000000,38923.000000000,38923.000000000,6,YM
2024-06-10T18:52:34.000000000Z,32,1,80420,38922.000000000,38922.000000000,38922.000000000,38922.000000000,1,YM
2024-06-10T18:52:35.000000000Z,32,1,80420,38922.000000000,38922.000000000,38922.000000000,38922.000000000,1,YM
2024-06-10T18:52:39.000000000Z,32,1,80420,38919.000000000,38919.000000000,38919.000000000,38919.000000000,1,YM
2024-06-10T18:52:40.000000000Z,32,1,80420,38919.000000000,38919.000000000,38919.000000000,38919.000000000,2,YM
2024-06-10T18:52:43.000000000Z,32,1,80420,38919.000000000,38919.000000000,38919.000000000,38919.000000000,1,YM
2024-06-10T18:52:46.000000000Z,32,1,80420,38918.000000000,38918.000000000,38918.000000000,38918.000000000,1,YM
2024-06-10T18:52:48.000000000Z,32,1,80420,38919.000000000,38919.000000000,38918.000000000,38918.000000000,5,YM
2024-06-10T18:52:52.000000000Z,32,1,80420,38919.000000000,38919.000000000,38919.000000000,38919.000000000,1,YM
2024-06-10T18:52:54.000000000Z,32,1,80420,38918.000000000,38918.000000000,38918.000000000,38918.000000000,2,YM
2024-06-10T18:52:57.000000000Z,32,1,80420,38917.000000000,38917.000000000,38913.000000000,38913.000000000,5,YM
2024-06-10T18:52:58.000000000Z,32,1,80420,38912.000000000,38912.000000000,38912.000000000,38912.000000000,4,YM
2024-06-10T18:52:59.000000000Z,32,1,80420,38912.000000000,38912.000000000,38912.000000000,38912.000000000,4,YM
2024-06-10T18:53:00.000000000Z,32,1,80420,38912.000000000,38912.000000000,38910.000000000,38911.000000000,13,YM
2024-06-10T18:53:01.000000000Z,32,1,80420,38910.000000000,38910.000000000,38907.000000000,38908.000000000,8,YM
2024-06-10T18:53:02.000000000Z,32,1,80420,38907.000000000,38907.000000000,38907.000000000,38907.000000000,4,YM
2024-06-10T18:53:03.000000000Z,32,1,80420,38906.000000000,38906.000000000,38906.000000000,38906.000000000,2,YM
2024-06-10T18:53:04.000000000Z,32,1,80420,38904.000000000,38908.000000000,38904.000000000,38908.000000000,11,YM
2024-06-10T18:53:05.000000000Z,32,1,80420,38907.000000000,38908.000000000,38907.000000000,38908.000000000,2,YM
2024-06-10T18:53:06.000000000Z,32,1,80420,38908.000000000,38908.000000000,38908.000000000,38908.000000000,2,YM
2024-06-10T18:53:07.000000000Z,32,1,80420,38907.000000000,38907.000000000,38906.000000000,38906.000000000,5,YM
2024-06-10T18:53:09.000000000Z,32,1,80420,38908.000000000,38908.000000000,38908.000000000,38908.000000000,1,YM
2024-06-10T18:53:10.000000000Z,32,1,80420,38908.000000000,38908.000000000,38908.000000000,38908.000000000,1,YM
2024-06-10T18:53:12.000000000Z,32,1,80420,38909.000000000,38910.000000000,38909.000000000,38910.000000000,6,YM
2024-06-10T18:53:15.000000000Z,32,1,80420,38910.000000000,38911.000000000,38910.000000000,38911.000000000,3,YM
2024-06-10T18:53:16.000000000Z,32,1,80420,38911.000000000,38911.000000000,38911.000000000,38911.000000000,2,YM
2024-06-10T18:53:17.000000000Z,32,1,80420,38912.000000000,38912.000000000,38912.000000000,38912.000000000,1,YM
2024-06-10T18:53:19.000000000Z,32,1,80420,38911.000000000,38911.000000000,38911.000000000,38911.000000000,3,YM
2024-06-10T18:53:23.000000000Z,32,1,80420,38910.000000000,38910.000000000,38910.000000000,38910.000000000,3,YM
2024-06-10T18:53:31.000000000Z,32,1,80420,38910.000000000,38910.000000000,38910.000000000,38910.000000000,3,YM
2024-06-10T18:53:32.000000000Z,32,1,80420,38911.000000000,38911.000000000,38911.000000000,38911.000000000,1,YM
2024-06-10T18:53:33.000000000Z,32,1,80420,38910.000000000,38910.000000000,38910.000000000,38910.000000000,1,YM
2024-06-10T18:53:42.000000000Z,32,1,80420,38910.000000000,38910.000000000,38910.000000000,38910.000000000,3,YM
2024-06-10T18:53:43.000000000Z,32,1,80420,38911.000000000,38911.000000000,38911.000000000,38911.000000000,1,YM
2024-06-10T18:53:44.000000000Z,32,1,80420,38912.000000000,38912.000000000,38912.000000000,38912.000000000,1,YM
2024-06-10T18:53:45.000000000Z,32,1,80420,38913.000000000,38914.000000000,38913.000000000,38914.000000000,6,YM
2024-06-10T18:53:46.000000000Z,32,1,80420,38914.000000000,38914.000000000,38914.000000000,38914.000000000,1,YM
2024-06-10T18:53:47.000000000Z,32,1,80420,38913.000000000,38913.000000000,38913.000000000,38913.000000000,6,YM
2024-06-10T18:53:49.000000000Z,32,1,80420,38911.000000000,38911.000000000,38911.000000000,38911.000000000,2,YM
2024-06-10T18:53:54.000000000Z,32,1,80420,38911.000000000,38911.000000000,38911.000000000,38911.000000000,1,YM
2024-06-10T18:53:56.000000000Z,32,1,80420,38911.000000000,38911.000000000,38911.000000000,38911.000000000,3,YM
2024-06-10T18:54:00.000000000Z,32,1,80420,38910.000000000,38910.000000000,38910.000000000,38910.000000000,4,YM
2024-06-10T18:54:02.000000000Z,32,1,80420,38910.000000000,38910.000000000,38910.000000000,38910.000000000,1,YM
2024-06-10T18:54:05.000000000Z,32,1,80420,38910.000000000,38910.000000000,38910.000000000,38910.000000000,5,YM
2024-06-10T18:54:06.000000000Z,32,1,80420,38910.000000000,38910.000000000,38910.000000000,38910.000000000,1,YM
2024-06-10T18:54:07.000000000Z,32,1,80420,38911.000000000,38911.000000000,38911.000000000,38911.000000000,2,YM
2024-06-10T18:54:09.000000000Z,32,1,80420,38911.000000000,38911.000000000,38911.000000000,38911.000000000,1,YM
2024-06-10T18:54:11.000000000Z,32,1,80420,38910.000000000,38910.000000000,38910.000000000,38910.000000000,1,YM
2024-06-10T18:54:12.000000000Z,32,1,80420,38911.000000000,38911.000000000,38911.000000000,38911.000000000,1,YM
2024-06-10T18:54:16.000000000Z,32,1,80420,38912.000000000,38912.000000000,38912.000000000,38912.000000000,2,YM
2024-06-10T18:54:20.000000000Z,32,1,80420,38912.000000000,38912.000000000,38912.000000000,38912.000000000,4,YM
2024-06-10T18:54:21.000000000Z,32,1,80420,38913.000000000,38913.000000000,38913.000000000,38913.000000000,2,YM
2024-06-10T18:54:23.000000000Z,32,1,80420,38912.000000000,38912.000000000,38911.000000000,38911.000000000,2,YM
2024-06-10T18:54:24.000000000Z,32,1,80420,38910.000000000,38910.000000000,38910.000000000,38910.000000000,2,YM
2024-06-10T18:54:25.000000000Z,32,1,80420,38910.000000000,38910.000000000,38910.000000000,38910.000000000,1,YM
2024-06-10T18:54:28.000000000Z,32,1,80420,38910.000000000,38910.000000000,38910.000000000,38910.000000000,1,YM
2024-06-10T18:54:34.000000000Z,32,1,80420,38911.000000000,38911.000000000,38911.000000000,38911.000000000,1,YM
2024-06-10T18:54:37.000000000Z,32,1,80420,38911.000000000,38911.000000000,38911.000000000,38911.000000000,1,YM
2024-06-10T18:54:40.000000000Z,32,1,80420,38912.000000000,38912.000000000,38912.000000000,38912.000000000,3,YM
2024-06-10T18:54:44.000000000Z,32,1,80420,38911.000000000,38911.000000000,38911.000000000,38911.000000000,3,YM
2024-06-10T18:54:45.000000000Z,32,1,80420,38912.000000000,38912.000000000,38912.000000000,38912.000000000,1,YM
2024-06-10T18:54:46.000000000Z,32,1,80420,38914.000000000,38914.000000000,38914.000000000,38914.000000000,2,YM
2024-06-10T18:54:47.000000000Z,32,1,80420,38915.000000000,38915.000000000,38915.000000000,38915.000000000,5,YM
2024-06-10T18:54:49.000000000Z,32,1,80420,38915.000000000,38915.000000000,38915.000000000,38915.000000000,4,YM
2024-06-10T18:54:50.000000000Z,32,1,80420,38916.000000000,38916.000000000,38916.000000000,38916.000000000,6,YM
2024-06-10T18:54:51.000000000Z,32,1,80420,38916.000000000,38916.000000000,38916.000000000,38916.000000000,2,YM
2024-06-10T18:54:53.000000000Z,32,1,80420,38916.000000000,38916.000000000,38915.000000000,38915.000000000,4,YM
2024-06-10T18:54:54.000000000Z,32,1,80420,38915.000000000,38916.000000000,38915.000000000,38916.000000000,4,YM
2024-06-10T18:54:57.000000000Z,32,1,80420,38913.000000000,38913.000000000,38913.000000000,38913.000000000,1,YM
2024-06-10T18:54:58.000000000Z,32,1,80420,38913.000000000,38913.000000000,38913.000000000,38913.000000000,1,YM
2024-06-10T18:55:01.000000000Z,32,1,80420,38911.000000000,38911.000000000,38911.000000000,38911.000000000,1,YM
2024-06-10T18:55:03.000000000Z,32,1,80420,38913.000000000,38913.000000000,38913.000000000,38913.000000000,6,YM
2024-06-10T18:55:04.000000000Z,32,1,80420,38914.000000000,38914.000000000,38914.000000000,38914.000000000,2,YM
2024-06-10T18:55:05.000000000Z,32,1,80420,38914.000000000,38915.000000000,38914.000000000,38915.000000000,6,YM
2024-06-10T18:55:07.000000000Z,32,1,80420,38915.000000000,38916.000000000,38915.000000000,38916.000000000,3,YM
2024-06-10T18:55:09.000000000Z,32,1,80420,38915.000000000,38915.000000000,38915.000000000,38915.000000000,1,YM
2024-06-10T18:55:11.000000000Z,32,1,80420,38916.000000000,38916.000000000,38916.000000000,38916.000000000,2,YM
2024-06-10T18:55:14.000000000Z,32,1,80420,38914.000000000,38914.000000000,38914.000000000,38914.000000000,1,YM
2024-06-10T18:55:15.000000000Z,32,1,80420,38913.000000000,38913.000000000,38913.000000000,38913.000000000,2,YM
2024-06-10T18:55:17.000000000Z,32,1,80420,38912.000000000,38912.000000000,38911.000000000,38911.000000000,6,YM
2024-06-10T18:55:21.000000000Z,32,1,80420,38911.000000000,38912.000000000,38911.000000000,38912.000000000,7,YM
2024-06-10T18:55:25.000000000Z,32,1,80420,38912.000000000,38912.000000000,38912.000000000,38912.000000000,1,YM
2024-06-10T18:55:27.000000000Z,32,1,80420,38911.000000000,38911.000000000,38911.000000000,38911.000000000,2,YM
2024-06-10T18:55:28.000000000Z,32,1,80420,38910.000000000,38910.000000000,38910.000000000,38910.000000000,1,YM
2024-06-10T18:55:29.000000000Z,32,1,80420,38910.000000000,38910.000000000,38910.000000000,38910.000000000,5,YM
2024-06-10T18:55:30.000000000Z,32,1,80420,38910.000000000,38910.000000000,38910.000000000,38910.000000000,3,YM
2024-06-10T18:55:32.000000000Z,32,1,80420,38909.000000000,38909.000000000,38909.000000000,38909.000000000,2,YM
2024-06-10T18:55:41.000000000Z,32,1,80420,38907.000000000,38907.000000000,38907.000000000,38907.000000000,1,YM
2024-06-10T18:55:42.000000000Z,32,1,80420,38907.000000000,38907.000000000,38907.000000000,38907.000000000,1,YM
2024-06-10T18:55:43.000000000Z,32,1,80420,38907.000000000,38907.000000000,38907.000000000,38907.000000000,5,YM
2024-06-10T18:55:44.000000000Z,32,1,80420,38907.000000000,38907.000000000,38907.000000000,38907.000000000,2,YM
2024-06-10T18:55:45.000000000Z,32,1,80420,38906.000000000,38906.000000000,38906.000000000,38906.000000000,5,YM
2024-06-10T18:55:46.000000000Z,32,1,80420,38906.000000000,38906.000000000,38906.000000000,38906.000000000,1,YM
2024-06-10T18:55:47.000000000Z,32,1,80420,38906.000000000,38906.000000000,38905.000000000,38905.000000000,3,YM
2024-06-10T18:55:48.000000000Z,32,1,80420,38907.000000000,38908.000000000,38907.000000000,38908.000000000,3,YM
2024-06-10T18:55:50.000000000Z,32,1,80420,38908.000000000,38908.000000000,38908.000000000,38908.000000000,18,YM
2024-06-10T18:55:54.000000000Z,32,1,80420,38907.000000000,38907.000000000,38907.000000000,38907.000000000,3,YM
2024-06-10T18:56:03.000000000Z,32,1,80420,38906.000000000,38906.000000000,38906.000000000,38906.000000000,3,YM
2024-06-10T18:56:04.000000000Z,32,1,80420,38906.000000000,38906.000000000,38906.000000000,38906.000000000,1,YM
2024-06-10T18:56:05.000000000Z,32,1,80420,38907.000000000,38907.000000000,38907.000000000,38907.000000000,3,YM
2024-06-10T18:56:09.000000000Z,32,1,80420,38906.000000000,38906.000000000,38906.000000000,38906.000000000,5,YM
2024-06-10T18:56:10.000000000Z,32,1,80420,38905.000000000,38905.000000000,38905.000000000,38905.000000000,5,YM
2024-06-10T18:56:11.000000000Z,32,1,80420,38905.000000000,38905.000000000,38904.000000000,38904.000000000,2,YM
2024-06-10T18:56:18.000000000Z,32,1,80420,38906.000000000,38906.000000000,38906.000000000,38906.000000000,1,YM
2024-06-10T18:56:19.000000000Z,32,1,80420,38907.000000000,38908.000000000,38907.000000000,38908.000000000,4,YM
2024-06-10T18:56:20.000000000Z,32,1,80420,38907.000000000,38908.000000000,38907.000000000,38908.000000000,3,YM
2024-06-10T18:56:23.000000000Z,32,1,80420,38908.000000000,38908.000000000,38908.000000000,38908.000000000,1,YM
2024-06-10T18:56:26.000000000Z,32,1,80420,38908.000000000,38908.000000000,38907.000000000,38907.000000000,3,YM
2024-06-10T18:56:32.000000000Z,32,1,80420,38907.000000000,38908.000000000,38907.000000000,38908.000000000,2,YM
2024-06-10T18:56:33.000000000Z,32,1,80420,38908.000000000,38908.000000000,38907.000000000,38907.000000000,3,YM
2024-06-10T18:56:35.000000000Z,32,1,80420,38909.000000000,38909.000000000,38909.000000000,38909.000000000,5,YM
2024-06-10T18:56:36.000000000Z,32,1,80420,38909.000000000,38909.000000000,38909.000000000,38909.000000000,1,YM
2024-06-10T18:56:37.000000000Z,32,1,80420,38908.000000000,38908.000000000,38908.000000000,38908.000000000,1,YM
2024-06-10T18:56:38.000000000Z,32,1,80420,38910.000000000,38912.000000000,38910.000000000,38911.000000000,4,YM
2024-06-10T18:56:41.000000000Z,32,1,80420,38911.000000000,38911.000000000,38911.000000000,38911.000000000,1,YM
2024-06-10T18:56:43.000000000Z,32,1,80420,38913.000000000,38913.000000000,38913.000000000,38913.000000000,5,YM
2024-06-10T18:56:45.000000000Z,32,1,80420,38913.000000000,38913.000000000,38913.000000000,38913.000000000,3,YM
2024-06-10T18:56:46.000000000Z,32,1,80420,38914.000000000,38914.000000000,38914.000000000,38914.000000000,1,YM
2024-06-10T18:56:48.000000000Z,32,1,80420,38915.000000000,38915.000000000,38915.000000000,38915.000000000,2,YM
2024-06-10T18:56:50.000000000Z,32,1,80420,38917.000000000,38917.000000000,38917.000000000,38917.000000000,2,YM
2024-06-10T18:56:51.000000000Z,32,1,80420,38917.000000000,38917.000000000,38917.000000000,38917.000000000,1,YM
2024-06-10T18:56:52.000000000Z,32,1,80420,38917.000000000,38917.000000000,38917.000000000,38917.000000000,1,YM
2024-06-10T18:56:53.000000000Z,32,1,80420,38918.000000000,38918.000000000,38918.000000000,38918.000000000,2,YM
2024-06-10T18:57:00.000000000Z,32,1,80420,38917.000000000,38918.000000000,38917.000000000,38917.000000000,5,YM
2024-06-10T18:57:01.000000000Z,32,1,80420,38916.000000000,38917.000000000,38916.000000000,38917.000000000,3,YM
2024-06-10T18:57:02.000000000Z,32,1,80420,38915.000000000,38915.000000000,38915.000000000,38915.000000000,1,YM
2024-06-10T18:57:03.000000000Z,32,1,80420,38916.000000000,38916.000000000,38915.000000000,38915.000000000,6,YM
2024-06-10T18:57:04.000000000Z,32,1,80420,38915.000000000,38915.000000000,38913.000000000,38913.000000000,6,YM
2024-06-10T18:57:06.000000000Z,32,1,80420,38913.000000000,38913.000000000,38913.000000000,38913.000000000,1,YM
2024-06-10T18:57:07.000000000Z,32,1,80420,38912.000000000,38912.000000000,38912.000000000,38912.000000000,1,YM
2024-06-10T18:57:08.000000000Z,32,1,80420,38912.000000000,38912.000000000,38912.000000000,38912.000000000,8,YM
2024-06-10T18:57:09.000000000Z,32,1,80420,38912.000000000,38912.000000000,38912.000000000,38912.000000000,2,YM
2024-06-10T18:57:10.000000000Z,32,1,80420,38913.000000000,38913.000000000,38913.000000000,38913.000000000,1,YM
2024-06-10T18:57:15.000000000Z,32,1,80420,38910.000000000,38910.000000000,38910.000000000,38910.000000000,1,YM
2024-06-10T18:57:16.000000000Z,32,1,80420,38909.000000000,38909.000000000,38909.000000000,38909.000000000,1,YM
2024-06-10T18:57:17.000000000Z,32,1,80420,38911.000000000,38911.000000000,38911.000000000,38911.000000000,4,YM
2024-06-10T18:57:18.000000000Z,32,1,80420,38912.000000000,38912.000000000,38912.000000000,38912.000000000,1,YM
2024-06-10T18:57:24.000000000Z,32,1,80420,38913.000000000,38913.000000000,38913.000000000,38913.000000000,1,YM
2024-06-10T18:57:31.000000000Z,32,1,80420,38913.000000000,38913.000000000,38912.000000000,38912.000000000,4,YM
2024-06-10T18:57:33.000000000Z,32,1,80420,38913.000000000,38913.000000000,38913.000000000,38913.000000000,1,YM
2024-06-10T18:57:34.000000000Z,32,1,80420,38914.000000000,38915.000000000,38914.000000000,38915.000000000,2,YM
2024-06-10T18:57:35.000000000Z,32,1,80420,38916.000000000,38916.000000000,38916.000000000,38916.000000000,1,YM
2024-06-10T18:57:38.000000000Z,32,1,80420,38918.000000000,38918.000000000,38917.000000000,38917.000000000,2,YM
2024-06-10T18:57:39.000000000Z,32,1,80420,38916.000000000,38916.000000000,38916.000000000,38916.000000000,1,YM
2024-06-10T18:57:40.000000000Z,32,1,80420,38918.000000000,38918.000000000,38917.000000000,38917.000000000,6,YM
2024-06-10T18:57:41.000000000Z,32,1,80420,38916.000000000,38916.000000000,38916.000000000,38916.000000000,2,YM
2024-06-10T18:57:45.000000000Z,32,1,80420,38919.000000000,38919.000000000,38919.000000000,38919.000000000,3,YM
2024-06-10T18:57:46.000000000Z,32,1,80420,38919.000000000,38920.000000000,38918.000000000,38920.000000000,3,YM
2024-06-10T18:57:48.000000000Z,32,1,80420,38919.000000000,38920.000000000,38919.000000000,38920.000000000,5,YM
2024-06-10T18:57:49.000000000Z,32,1,80420,38920.000000000,38921.000000000,38920.000000000,38921.000000000,4,YM
2024-06-10T18:57:51.000000000Z,32,1,80420,38921.000000000,38924.000000000,38921.000000000,38924.000000000,15,YM
2024-06-10T18:57:52.000000000Z,32,1,80420,38924.000000000,38925.000000000,38923.000000000,38924.000000000,8,YM
2024-06-10T18:57:54.000000000Z,32,1,80420,38925.000000000,38925.000000000,38925.000000000,38925.000000000,1,YM
2024-06-10T18:57:55.000000000Z,32,1,80420,38923.000000000,38925.000000000,38923.000000000,38925.000000000,9,YM
2024-06-10T18:57:56.000000000Z,32,1,80420,38925.000000000,38925.000000000,38925.000000000,38925.000000000,1,YM
2024-06-10T18:57:57.000000000Z,32,1,80420,38925.000000000,38925.000000000,38925.000000000,38925.000000000,3,YM
2024-06-10T18:57:58.000000000Z,32,1,80420,38925.000000000,38925.000000000,38925.000000000,38925.000000000,3,YM
2024-06-10T18:57:59.000000000Z,32,1,80420,38924.000000000,38924.000000000,38924.000000000,38924.000000000,2,YM
2024-06-10T18:58:01.000000000Z,32,1,80420,38924.000000000,38924.000000000,38924.000000000,38924.000000000,2,YM
2024-06-10T18:58:02.000000000Z,32,1,80420,38924.000000000,38924.000000000,38924.000000000,38924.000000000,2,YM
2024-06-10T18:58:03.000000000Z,32,1,80420,38922.000000000,38922.000000000,38922.000000000,38922.000000000,7,YM
2024-06-10T18:58:04.000000000Z,32,1,80420,38922.000000000,38923.000000000,38922.000000000,38923.000000000,2,YM
2024-06-10T18:58:05.000000000Z,32,1,80420,38923.000000000,38923.000000000,38923.000000000,38923.000000000,2,YM
2024-06-10T18:58:06.000000000Z,32,1,80420,38923.000000000,38923.000000000,38922.000000000,38922.000000000,5,YM
2024-06-10T18:58:07.000000000Z,32,1,80420,38922.000000000,38922.000000000,38922.000000000,38922.000000000,2,YM
2024-06-10T18:58:09.000000000Z,32,1,80420,38921.000000000,38921.000000000,38921.000000000,38921.000000000,1,YM
2024-06-10T18:58:10.000000000Z,32,1,80420,38922.000000000,38922.000000000,38922.000000000,38922.000000000,3,YM
2024-06-10T18:58:11.000000000Z,32,1,80420,38922.000000000,38922.000000000,38922.000000000,38922.000000000,1,YM
2024-06-10T18:58:12.000000000Z,32,1,80420,38922.000000000,38922.000000000,38922.000000000,38922.000000000,1,YM
2024-06-10T18:58:14.000000000Z,32,1,80420,38922.000000000,38922.000000000,38922.000000000,38922.000000000,1,YM
2024-06-10T18:58:15.000000000Z,32,1,80420,38922.000000000,38922.000000000,38922.000000000,38922.000000000,1,YM
2024-06-10T18:58:16.000000000Z,32,1,80420,38921.000000000,38922.000000000,38921.000000000,38922.000000000,3,YM
2024-06-10T18:58:20.000000000Z,32,1,80420,38922.000000000,38922.000000000,38922.000000000,38922.000000000,2,YM
2024-06-10T18:58:21.000000000Z,32,1,80420,38922.000000000,38922.000000000,38922.000000000,38922.000000000,1,YM
2024-06-10T18:58:23.000000000Z,32,1,80420,38922.000000000,38922.000000000,38922.000000000,38922.000000000,1,YM
2024-06-10T18:58:24.000000000Z,32,1,80420,38923.000000000,38923.000000000,38923.000000000,38923.000000000,2,YM
2024-06-10T18:58:28.000000000Z,32,1,80420,38922.000000000,38923.000000000,38922.000000000,38923.000000000,2,YM
2024-06-10T18:58:30.000000000Z,32,1,80420,38922.000000000,38922.000000000,38922.000000000,38922.000000000,1,YM
2024-06-10T18:58:33.000000000Z,32,1,80420,38920.000000000,38920.000000000,38920.000000000,38920.000000000,1,YM
2024-06-10T18:58:35.000000000Z,32,1,80420,38921.000000000,38921.000000000,38921.000000000,38921.000000000,2,YM
2024-06-10T18:58:40.000000000Z,32,1,80420,38919.000000000,38919.000000000,38919.000000000,38919.000000000,1,YM
2024-06-10T18:58:42.000000000Z,32,1,80420,38918.000000000,38918.000000000,38918.000000000,38918.000000000,2,YM
2024-06-10T18:58:43.000000000Z,32,1,80420,38919.000000000,38919.000000000,38919.000000000,38919.000000000,1,YM
2024-06-10T18:58:45.000000000Z,32,1,80420,38919.000000000,38919.000000000,38919.000000000,38919.000000000,1,YM
2024-06-10T18:58:48.000000000Z,32,1,80420,38919.000000000,38919.000000000,38919.000000000,38919.000000000,1,YM
2024-06-10T18:58:49.000000000Z,32,1,80420,38919.000000000,38920.000000000,38919.000000000,38920.000000000,7,YM
2024-06-10T18:58:50.000000000Z,32,1,80420,38920.000000000,38920.000000000,38920.000000000,38920.000000000,1,YM
2024-06-10T18:58:51.000000000Z,32,1,80420,38920.000000000,38920.000000000,38920.000000000,38920.000000000,1,YM
2024-06-10T18:58:53.000000000Z,32,1,80420,38920.000000000,38920.000000000,38920.000000000,38920.000000000,1,YM
2024-06-10T18:58:54.000000000Z,32,1,80420,38919.000000000,38919.000000000,38919.000000000,38919.000000000,1,YM
2024-06-10T18:58:56.000000000Z,32,1,80420,38919.000000000,38919.000000000,38919.000000000,38919.000000000,1,YM
2024-06-10T18:58:58.000000000Z,32,1,80420,38920.000000000,38921.000000000,38920.000000000,38921.000000000,3,YM
2024-06-10T18:58:59.000000000Z,32,1,80420,38921.000000000,38921.000000000,38921.000000000,38921.000000000,2,YM
2024-06-10T18:59:00.000000000Z,32,1,80420,38920.000000000,38920.000000000,38918.000000000,38920.000000000,6,YM
2024-06-10T18:59:01.000000000Z,32,1,80420,38919.000000000,38919.000000000,38919.000000000,38919.000000000,1,YM
2024-06-10T18:59:02.000000000Z,32,1,80420,38919.000000000,38919.000000000,38919.000000000,38919.000000000,1,YM
2024-06-10T18:59:03.000000000Z,32,1,80420,38918.000000000,38918.000000000,38918.000000000,38918.000000000,2,YM
2024-06-10T18:59:04.000000000Z,32,1,80420,38917.000000000,38917.000000000,38917.000000000,38917.000000000,4,YM
2024-06-10T18:59:05.000000000Z,32,1,80420,38918.000000000,38919.000000000,38918.000000000,38918.000000000,9,YM
2024-06-10T18:59:06.000000000Z,32,1,80420,38918.000000000,38918.000000000,38918.000000000,38918.000000000,1,YM
2024-06-10T18:59:07.000000000Z,32,1,80420,38919.000000000,38919.000000000,38919.000000000,38919.000000000,1,YM
2024-06-10T18:59:09.000000000Z,32,1,80420,38920.000000000,38921.000000000,38920.000000000,38921.000000000,2,YM
2024-06-10T18:59:10.000000000Z,32,1,80420,38922.000000000,38922.000000000,38922.000000000,38922.000000000,4,YM
2024-06-10T18:59:13.000000000Z,32,1,80420,38920.000000000,38920.000000000,38920.000000000,38920.000000000,1,YM
2024-06-10T18:59:16.000000000Z,32,1,80420,38922.000000000,38922.000000000,38922.000000000,38922.000000000,4,YM
2024-06-10T18:59:18.000000000Z,32,1,80420,38922.000000000,38922.000000000,38922.000000000,38922.000000000,1,YM
2024-06-10T18:59:19.000000000Z,32,1,80420,38921.000000000,38921.000000000,38921.000000000,38921.000000000,1,YM
2024-06-10T18:59:20.000000000Z,32,1,80420,38921.000000000,38921.000000000,38921.000000000,38921.000000000,1,YM
2024-06-10T18:59:21.000000000Z,32,1,80420,38922.000000000,38922.000000000,38922.000000000,38922.000000000,1,YM
2024-06-10T18:59:22.000000000Z,32,1,80420,38922.000000000,38922.000000000,38922.000000000,38922.000000000,1,YM
2024-06-10T18:59:26.000000000Z,32,1,80420,38920.000000000,38920.000000000,38920.000000000,38920.000000000,2,YM
2024-06-10T18:59:27.000000000Z,32,1,80420,38919.000000000,38919.000000000,38919.000000000,38919.000000000,3,YM
2024-06-10T18:59:28.000000000Z,32,1,80420,38918.000000000,38918.000000000,38918.000000000,38918.000000000,1,YM
2024-06-10T18:59:29.000000000Z,32,1,80420,38918.000000000,38918.000000000,38918.000000000,38918.000000000,2,YM
2024-06-10T18:59:30.000000000Z,32,1,80420,38917.000000000,38917.000000000,38917.000000000,38917.000000000,6,YM
2024-06-10T18:59:33.000000000Z,32,1,80420,38916.000000000,38916.000000000,38916.000000000,38916.000000000,1,YM
2024-06-10T18:59:34.000000000Z,32,1,80420,38916.000000000,38916.000000000,38916.000000000,38916.000000000,2,YM
2024-06-10T18:59:36.000000000Z,32,1,80420,38916.000000000,38916.000000000,38916.000000000,38916.000000000,5,YM
2024-06-10T18:59:39.000000000Z,32,1,80420,38915.000000000,38915.000000000,38915.000000000,38915.000000000,5,YM
2024-06-10T18:59:42.000000000Z,32,1,80420,38916.000000000,38916.000000000,38916.000000000,38916.000000000,2,YM
2024-06-10T18:59:43.000000000Z,32,1,80420,38916.000000000,38916.000000000,38916.000000000,38916.000000000,1,YM
2024-06-10T18:59:45.000000000Z,32,1,80420,38914.000000000,38914.000000000,38913.000000000,38914.000000000,3,YM
2024-06-10T18:59:48.000000000Z,32,1,80420,38914.000000000,38914.000000000,38914.000000000,38914.000000000,1,YM
2024-06-10T18:59:53.000000000Z,32,1,80420,38914.000000000,38914.000000000,38914.000000000,38914.000000000,1,YM
2024-06-10T18:59:56.000000000Z,32,1,80420,38912.000000000,38912.000000000,38912.000000000,38912.000000000,1,YM
2024-06-10T18:59:58.000000000Z,32,1,80420,38911.000000000,38911.000000000,38911.000000000,38911.000000000,2,YM
2024-06-10T18:59:59.000000000Z,32,1,80420,38911.000000000,38911.000000000,38911.000000000,38911.000000000,6,YM
2024-06-10T19:00:00.000000000Z,32,1,80420,38911.000000000,38911.000000000,38910.000000000,38910.000000000,6,YM
2024-06-10T19:00:01.000000000Z,32,1,80420,38909.000000000,38909.000000000,38907.000000000,38908.000000000,18,YM
2024-06-10T19:00:02.000000000Z,32,1,80420,38906.000000000,38906.000000000,38906.000000000,38906.000000000,4,YM
2024-06-10T19:00:04.000000000Z,32,1,80420,38907.000000000,38907.000000000,38906.000000000,38906.000000000,2,YM
2024-06-10T19:00:07.000000000Z,32,1,80420,38907.000000000,38908.000000000,38907.000000000,38908.000000000,5,YM
2024-06-10T19:00:08.000000000Z,32,1,80420,38909.000000000,38911.000000000,38909.000000000,38911.000000000,5,YM
2024-06-10T19:00:09.000000000Z,32,1,80420,38912.000000000,38912.000000000,38912.000000000,38912.000000000,2,YM
2024-06-10T19:00:10.000000000Z,32,1,80420,38911.000000000,38911.000000000,38910.000000000,38911.000000000,4,YM
2024-06-10T19:00:12.000000000Z,32,1,80420,38913.000000000,38913.000000000,38913.000000000,38913.000000000,1,YM
2024-06-10T19:00:14.000000000Z,32,1,80420,38912.000000000,38912.000000000,38912.000000000,38912.000000000,1,YM
2024-06-10T19:00:15.000000000Z,32,1,80420,38912.000000000,38912.000000000,38912.000000000,38912.000000000,1,YM
2024-06-10T19:00:16.000000000Z,32,1,80420,38912.000000000,38914.000000000,38912.000000000,38914.000000000,8,YM
2024-06-10T19:00:17.000000000Z,32,1,80420,38915.000000000,38915.000000000,38915.000000000,38915.000000000,6,YM
2024-06-10T19:00:18.000000000Z,32,1,80420,38914.000000000,38914.000000000,38912.000000000,38912.000000000,19,YM
2024-06-10T19:00:19.000000000Z,32,1,80420,38912.000000000,38912.000000000,38912.000000000,38912.000000000,29,YM
2024-06-10T19:00:20.000000000Z,32,1,80420,38913.000000000,38913.000000000,38913.000000000,38913.000000000,4,YM
2024-06-10T19:00:21.000000000Z,32,1,80420,38913.000000000,38913.000000000,38913.000000000,38913.000000000,2,YM
2024-06-10T19:00:22.000000000Z,32,1,80420,38913.000000000,38913.000000000,38913.000000000,38913.000000000,1,YM
2024-06-10T19:00:23.000000000Z,32,1,80420,38913.000000000,38913.000000000,38913.000000000,38913.000000000,2,YM
2024-06-10T19:00:27.000000000Z,32,1,80420,38914.000000000,38916.000000000,38914.000000000,38915.000000000,8,YM
2024-06-10T19:00:28.000000000Z,32,1,80420,38914.000000000,38914.000000000,38914.000000000,38914.000000000,1,YM
2024-06-10T19:00:29.000000000Z,32,1,80420,38915.000000000,38915.000000000,38915.000000000,38915.000000000,2,YM
2024-06-10T19:00:30.000000000Z,32,1,80420,38913.000000000,38913.000000000,38913.000000000,38913.000000000,1,YM
2024-06-10T19:00:31.000000000Z,32,1,80420,38913.000000000,38913.000000000,38913.000000000,38913.000000000,1,YM
2024-06-10T19:00:32.000000000Z,32,1,80420,38913.000000000,38915.000000000,38913.000000000,38915.000000000,2,YM
2024-06-10T19:00:33.000000000Z,32,1,80420,38913.000000000,38913.000000000,38913.000000000,38913.000000000,2,YM
2024-06-10T19:00:34.000000000Z,32,1,80420,38912.000000000,38913.000000000,38912.000000000,38913.000000000,5,YM
2024-06-10T19:00:37.000000000Z,32,1,80420,38912.000000000,38913.000000000,38911.000000000,38913.000000000,5,YM
2024-06-10T19:00:39.000000000Z,32,1,80420,38914.000000000,38917.000000000,38914.000000000,38917.000000000,9,YM
2024-06-10T19:00:40.000000000Z,32,1,80420,38917.000000000,38917.000000000,38917.000000000,38917.000000000,3,YM
2024-06-10T19:00:42.000000000Z,32,1,80420,38918.000000000,38919.000000000,38918.000000000,38919.000000000,4,YM
2024-06-10T19:00:45.000000000Z,32,1,80420,38919.000000000,38919.000000000,38919.000000000,38919.000000000,4,YM
2024-06-10T19:00:48.000000000Z,32,1,80420,38920.000000000,38920.000000000,38920.000000000,38920.000000000,3,YM
2024-06-10T19:00:51.000000000Z,32,1,80420,38921.000000000,38922.000000000,38921.000000000,38922.000000000,2,YM
2024-06-10T19:00:52.000000000Z,32,1,80420,38921.000000000,38921.000000000,38921.000000000,38921.000000000,2,YM
2024-06-10T19:00:53.000000000Z,32,1,80420,38921.000000000,38921.000000000,38921.000000000,38921.000000000,5,YM
2024-06-10T19:00:54.000000000Z,32,1,80420,38922.000000000,38922.000000000,38922.000000000,38922.000000000,1,YM
2024-06-10T19:00:55.000000000Z,32,1,80420,38922.000000000,38922.000000000,38921.000000000,38922.000000000,12,YM
2024-06-10T19:00:56.000000000Z,32,1,80420,38923.000000000,38923.000000000,38923.000000000,38923.000000000,3,YM
2024-06-10T19:00:58.000000000Z,32,1,80420,38923.000000000,38923.000000000,38923.000000000,38923.000000000,2,YM
2024-06-10T19:00:59.000000000Z,32,1,80420,38921.000000000,38921.000000000,38921.000000000,38921.000000000,1,YM
2024-06-10T19:01:00.000000000Z,32,1,80420,38922.000000000,38922.000000000,38922.000000000,38922.000000000,1,YM
2024-06-10T19:01:03.000000000Z,32,1,80420,38922.000000000,38922.000000000,38922.000000000,38922.000000000,3,YM
2024-06-10T19:01:05.000000000Z,32,1,80420,38921.000000000,38921.000000000,38921.000000000,38921.000000000,4,YM
2024-06-10T19:01:06.000000000Z,32,1,80420,38921.000000000,38921.000000000,38921.000000000,38921.000000000,2,YM
2024-06-10T19:01:08.000000000Z,32,1,80420,38920.000000000,38920.000000000,38920.000000000,38920.000000000,1,YM
2024-06-10T19:01:09.000000000Z,32,1,80420,38919.000000000,38919.000000000,38919.000000000,38919.000000000,2,YM
2024-06-10T19:01:11.000000000Z,32,1,80420,38920.000000000,38922.000000000,38920.000000000,38922.000000000,15,YM
2024-06-10T19:01:12.000000000Z,32,1,80420,38921.000000000,38921.000000000,38920.000000000,38920.000000000,2,YM
2024-06-10T19:01:13.000000000Z,32,1,80420,38921.000000000,38921.000000000,38921.000000000,38921.000000000,4,YM
2024-06-10T19:01:14.000000000Z,32,1,80420,38921.000000000,38921.000000000,38921.000000000,38921.000000000,1,YM
2024-06-10T19:01:15.000000000Z,32,1,80420,38922.000000000,38922.000000000,38922.000000000,38922.000000000,3,YM
2024-06-10T19:01:17.000000000Z,32,1,80420,38922.000000000,38922.000000000,38922.000000000,38922.000000000,1,YM
2024-06-10T19:01:19.000000000Z,32,1,80420,38923.000000000,38923.000000000,38922.000000000,38922.000000000,3,YM
2024-06-10T19:01:21.000000000Z,32,1,80420,38923.000000000,38923.000000000,38923.000000000,38923.000000000,4,YM
2024-06-10T19:01:22.000000000Z,32,1,80420,38922.000000000,38922.000000000,38922.000000000,38922.000000000,1,YM
2024-06-10T19:01:23.000000000Z,32,1,80420,38923.000000000,38923.000000000,38923.000000000,38923.000000000,5,YM
2024-06-10T19:01:24.000000000Z,32,1,80420,38923.000000000,38924.000000000,38923.000000000,38924.000000000,5,YM
2024-06-10T19:01:26.000000000Z,32,1,80420,38924.000000000,38924.000000000,38923.000000000,38923.000000000,2,YM
2024-06-10T19:01:32.000000000Z,32,1,80420,38922.000000000,38922.000000000,38922.000000000,38922.000000000,1,YM
2024-06-10T19:01:33.000000000Z,32,1,80420,38923.000000000,38923.000000000,38923.000000000,38923.000000000,1,YM
2024-06-10T19:01:34.000000000Z,32,1,80420,38922.000000000,38922.000000000,38922.000000000,38922.000000000,2,YM
2024-06-10T19:01:36.000000000Z,32,1,80420,38922.000000000,38927.000000000,38922.000000000,38926.000000000,31,YM
2024-06-10T19:01:37.000000000Z,32,1,80420,38927.000000000,38927.000000000,38925.000000000,38926.000000000,5,YM
2024-06-10T19:01:38.000000000Z,32,1,80420,38927.000000000,38927.000000000,38924.000000000,38924.000000000,5,YM
2024-06-10T19:01:39.000000000Z,32,1,80420,38924.000000000,38924.000000000,38924.000000000,38924.000000000,1,YM
2024-06-10T19:01:40.000000000Z,32,1,80420,38925.000000000,38925.000000000,38925.000000000,38925.000000000,3,YM
2024-06-10T19:01:41.000000000Z,32,1,80420,38925.000000000,38925.000000000,38925.000000000,38925.000000000,3,YM
2024-06-10T19:01:42.000000000Z,32,1,80420,38925.000000000,38925.000000000,38925.000000000,38925.000000000,5,YM
2024-06-10T19:01:44.000000000Z,32,1,80420,38926.000000000,38926.000000000,38926.000000000,38926.000000000,2,YM
2024-06-10T19:01:47.000000000Z,32,1,80420,38927.000000000,38927.000000000,38927.000000000,38927.000000000,1,YM
2024-06-10T19:01:48.000000000Z,32,1,80420,38927.000000000,38927.000000000,38927.000000000,38927.000000000,1,YM
2024-06-10T19:01:49.000000000Z,32,1,80420,38928.000000000,38929.000000000,38928.000000000,38928.000000000,12,YM
2024-06-10T19:01:50.000000000Z,32,1,80420,38928.000000000,38928.000000000,38926.000000000,38926.000000000,5,YM
2024-06-10T19:01:51.000000000Z,32,1,80420,38925.000000000,38925.000000000,38925.000000000,38925.000000000,1,YM
2024-06-10T19:01:54.000000000Z,32,1,80420,38924.000000000,38925.000000000,38923.000000000,38923.000000000,12,YM
2024-06-10T19:01:55.000000000Z,32,1,80420,38922.000000000,38922.000000000,38922.000000000,38922.000000000,2,YM
2024-06-10T19:01:56.000000000Z,32,1,80420,38922.000000000,38923.000000000,38922.000000000,38923.000000000,2,YM
2024-06-10T19:01:57.000000000Z,32,1,80420,38923.000000000,38923.000000000,38923.000000000,38923.000000000,2,YM
2024-06-10T19:01:58.000000000Z,32,1,80420,38922.000000000,38922.000000000,38921.000000000,38921.000000000,5,YM
2024-06-10T19:01:59.000000000Z,32,1,80420,38921.000000000,38921.000000000,38921.000000000,38921.000000000,2,YM
2024-06-10T19:02:00.000000000Z,32,1,80420,38922.000000000,38924.000000000,38922.000000000,38923.000000000,8,YM
2024-06-10T19:02:01.000000000Z,32,1,80420,38925.000000000,38925.000000000,38925.000000000,38925.000000000,1,YM
2024-06-10T19:02:03.000000000Z,32,1,80420,38926.000000000,38926.000000000,38926.000000000,38926.000000000,1,YM
2024-06-10T19:02:05.000000000Z,32,1,80420,38925.000000000,38925.000000000,38925.000000000,38925.000000000,5,YM
2024-06-10T19:02:06.000000000Z,32,1,80420,38925.000000000,38925.000000000,38925.000000000,38925.000000000,1,YM
2024-06-10T19:02:07.000000000Z,32,1,80420,38924.000000000,38924.000000000,38924.000000000,38924.000000000,1,YM
2024-06-10T19:02:08.000000000Z,32,1,80420,38923.000000000,38923.000000000,38921.000000000,38921.000000000,8,YM
2024-06-10T19:02:11.000000000Z,32,1,80420,38921.000000000,38921.000000000,38921.000000000,38921.000000000,1,YM
2024-06-10T19:02:12.000000000Z,32,1,80420,38921.000000000,38921.000000000,38921.000000000,38921.000000000,1,YM
2024-06-10T19:02:13.000000000Z,32,1,80420,38922.000000000,38922.000000000,38922.000000000,38922.000000000,4,YM
2024-06-10T19:02:14.000000000Z,32,1,80420,38921.000000000,38921.000000000,38921.000000000,38921.000000000,1,YM
2024-06-10T19:02:16.000000000Z,32,1,80420,38923.000000000,38923.000000000,38923.000000000,38923.000000000,2,YM
2024-06-10T19:02:17.000000000Z,32,1,80420,38922.000000000,38922.000000000,38921.000000000,38921.000000000,2,YM
2024-06-10T19:02:18.000000000Z,32,1,80420,38922.000000000,38922.000000000,38922.000000000,38922.000000000,1,YM
2024-06-10T19:02:21.000000000Z,32,1,80420,38922.000000000,38922.000000000,38922.000000000,38922.000000000,1,YM
2024-06-10T19:02:24.000000000Z,32,1,80420,38923.000000000,38923.000000000,38923.000000000,38923.000000000,4,YM
2024-06-10T19:02:25.000000000Z,32,1,80420,38923.000000000,38923.000000000,38923.000000000,38923.000000000,2,YM
2024-06-10T19:02:26.000000000Z,32,1,80420,38924.000000000,38924.000000000,38923.000000000,38923.000000000,3,YM
2024-06-10T19:02:27.000000000Z,32,1,80420,38924.000000000,38924.000000000,38924.000000000,38924.000000000,1,YM
2024-06-10T19:02:30.000000000Z,32,1,80420,38924.000000000,38924.000000000,38924.000000000,38924.000000000,2,YM
2024-06-10T19:02:32.000000000Z,32,1,80420,38923.000000000,38923.000000000,38923.000000000,38923.000000000,1,YM
2024-06-10T19:02:34.000000000Z,32,1,80420,38921.000000000,38921.000000000,38921.000000000,38921.000000000,2,YM
2024-06-10T19:02:36.000000000Z,32,1,80420,38921.000000000,38921.000000000,38921.000000000,38921.000000000,4,YM
2024-06-10T19:02:39.000000000Z,32,1,80420,38923.000000000,38923.000000000,38923.000000000,38923.000000000,2,YM
2024-06-10T19:02:43.000000000Z,32,1,80420,38925.000000000,38925.000000000,38925.000000000,38925.000000000,3,YM
2024-06-10T19:02:46.000000000Z,32,1,80420,38924.000000000,38924.000000000,38924.000000000,38924.000000000,1,YM
2024-06-10T19:02:48.000000000Z,32,1,80420,38924.000000000,38925.000000000,38924.000000000,38925.000000000,3,YM
2024-06-10T19:02:53.000000000Z,32,1,80420,38923.000000000,38923.000000000,38921.000000000,38921.000000000,5,YM
2024-06-10T19:02:54.000000000Z,32,1,80420,38921.000000000,38922.000000000,38921.000000000,38922.000000000,4,YM
2024-06-10T19:02:55.000000000Z,32,1,80420,38924.000000000,38924.000000000,38924.000000000,38924.000000000,2,YM
2024-06-10T19:02:56.000000000Z,32,1,80420,38926.000000000,38926.000000000,38926.000000000,38926.000000000,1,YM
2024-06-10T19:02:58.000000000Z,32,1,80420,38926.000000000,38926.000000000,38925.000000000,38925.000000000,4,YM
2024-06-10T19:03:00.000000000Z,32,1,80420,38924.000000000,38924.000000000,38924.000000000,38924.000000000,2,YM
2024-06-10T19:03:02.000000000Z,32,1,80420,38925.000000000,38925.000000000,38925.000000000,38925.000000000,6,YM
2024-06-10T19:03:03.000000000Z,32,1,80420,38925.000000000,38925.000000000,38925.000000000,38925.000000000,2,YM
2024-06-10T19:03:06.000000000Z,32,1,80420,38928.000000000,38928.000000000,38928.000000000,38928.000000000,3,YM
2024-06-10T19:03:07.000000000Z,32,1,80420,38929.000000000,38930.000000000,38929.000000000,38930.000000000,12,YM
2024-06-10T19:03:08.000000000Z,32,1,80420,38929.000000000,38930.000000000,38929.000000000,38930.000000000,5,YM
2024-06-10T19:03:09.000000000Z,32,1,80420,38931.000000000,38934.000000000,38931.000000000,38934.000000000,27,YM
2024-06-10T19:03:10.000000000Z,32,1,80420,38932.000000000,38932.000000000,38930.000000000,38930.000000000,8,YM
2024-06-10T19:03:11.000000000Z,32,1,80420,38928.000000000,38928.000000000,38928.000000000,38928.000000000,1,YM
2024-06-10T19:03:12.000000000Z,32,1,80420,38930.000000000,38930.000000000,38930.000000000,38930.000000000,1,YM
2024-06-10T19:03:14.000000000Z,32,1,80420,38929.000000000,38929.000000000,38929.000000000,38929.000000000,4,YM
2024-06-10T19:03:15.000000000Z,32,1,80420,38930.000000000,38930.000000000,38929.000000000,38930.000000000,3,YM
2024-06-10T19:03:16.000000000Z,32,1,80420,38929.000000000,38929.000000000,38929.000000000,38929.000000000,4,YM
2024-06-10T19:03:18.000000000Z,32,1,80420,38928.000000000,38928.000000000,38928.000000000,38928.000000000,1,YM
2024-06-10T19:03:20.000000000Z,32,1,80420,38928.000000000,38928.000000000,38928.000000000,38928.000000000,2,YM
2024-06-10T19:03:21.000000000Z,32,1,80420,38929.000000000,38929.000000000,38929.000000000,38929.000000000,1,YM
2024-06-10T19:03:24.000000000Z,32,1,80420,38929.000000000,38929.000000000,38929.000000000,38929.000000000,1,YM
2024-06-10T19:03:25.000000000Z,32,1,80420,38929.000000000,38929.000000000,38929.000000000,38929.000000000,2,YM
2024-06-10T19:03:26.000000000Z,32,1,80420,38930.000000000,38931.000000000,38930.000000000,38931.000000000,4,YM
2024-06-10T19:03:27.000000000Z,32,1,80420,38931.000000000,38931.000000000,38931.000000000,38931.000000000,7,YM
2024-06-10T19:03:30.000000000Z,32,1,80420,38932.000000000,38932.000000000,38932.000000000,38932.000000000,4,YM
2024-06-10T19:03:31.000000000Z,32,1,80420,38933.000000000,38933.000000000,38933.000000000,38933.000000000,1,YM
2024-06-10T19:03:33.000000000Z,32,1,80420,38934.000000000,38935.000000000,38934.000000000,38935.000000000,4,YM
2024-06-10T19:03:34.000000000Z,32,1,80420,38934.000000000,38934.000000000,38934.000000000,38934.000000000,1,YM
2024-06-10T19:03:35.000000000Z,32,1,80420,38934.000000000,38934.000000000,38934.000000000,38934.000000000,2,YM
2024-06-10T19:03:38.000000000Z,32,1,80420,38933.000000000,38933.000000000,38931.000000000,38931.000000000,2,YM
2024-06-10T19:03:39.000000000Z,32,1,80420,38929.000000000,38929.000000000,38929.000000000,38929.000000000,2,YM
2024-06-10T19:03:40.000000000Z,32,1,80420,38928.000000000,38930.000000000,38928.000000000,38930.000000000,6,YM
2024-06-10T19:03:41.000000000Z,32,1,80420,38930.000000000,38930.000000000,38930.000000000,38930.000000000,3,YM
2024-06-10T19:03:42.000000000Z,32,1,80420,38928.000000000,38929.000000000,38928.000000000,38929.000000000,5,YM
2024-06-10T19:03:43.000000000Z,32,1,80420,38929.000000000,38929.000000000,38929.000000000,38929.000000000,2,YM
2024-06-10T19:03:46.000000000Z,32,1,80420,38928.000000000,38928.000000000,38928.000000000,38928.000000000,1,YM
2024-06-10T19:03:47.000000000Z,32,1,80420,38929.000000000,38929.000000000,38929.000000000,38929.000000000,3,YM
2024-06-10T19:03:50.000000000Z,32,1,80420,38928.000000000,38928.000000000,38928.000000000,38928.000000000,2,YM
2024-06-10T19:03:52.000000000Z,32,1,80420,38927.000000000,38927.000000000,38927.000000000,38927.000000000,4,YM
2024-06-10T19:03:54.000000000Z,32,1,80420,38928.000000000,38928.000000000,38928.000000000,38928.000000000,4,YM
2024-06-10T19:04:02.000000000Z,32,1,80420,38929.000000000,38930.000000000,38929.000000000,38930.000000000,6,YM
2024-06-10T19:04:03.000000000Z,32,1,80420,38929.000000000,38930.000000000,38929.000000000,38930.000000000,3,YM
2024-06-10T19:04:04.000000000Z,32,1,80420,38931.000000000,38931.000000000,38931.000000000,38931.000000000,2,YM
2024-06-10T19:04:05.000000000Z,32,1,80420,38931.000000000,38932.000000000,38931.000000000,38932.000000000,4,YM
2024-06-10T19:04:06.000000000Z,32,1,80420,38931.000000000,38932.000000000,38931.000000000,38932.000000000,3,YM
2024-06-10T19:04:07.000000000Z,32,1,80420,38932.000000000,38932.000000000,38930.000000000,38930.000000000,3,YM
2024-06-10T19:04:08.000000000Z,32,1,80420,38930.000000000,38931.000000000,38930.000000000,38931.000000000,2,YM
2024-06-10T19:04:10.000000000Z,32,1,80420,38930.000000000,38930.000000000,38930.000000000,38930.000000000,1,YM
2024-06-10T19:04:12.000000000Z,32,1,80420,38929.000000000,38929.000000000,38929.000000000,38929.000000000,4,YM
2024-06-10T19:04:13.000000000Z,32,1,80420,38929.000000000,38929.000000000,38929.000000000,38929.000000000,4,YM
2024-06-10T19:04:15.000000000Z,32,1,80420,38929.000000000,38930.000000000,38929.000000000,38930.000000000,4,YM
2024-06-10T19:04:17.000000000Z,32,1,80420,38929.000000000,38929.000000000,38929.000000000,38929.000000000,2,YM
2024-06-10T19:04:20.000000000Z,32,1,80420,38927.000000000,38927.000000000,38927.000000000,38927.000000000,1,YM
2024-06-10T19:04:22.000000000Z,32,1,80420,38927.000000000,38927.000000000,38927.000000000,38927.000000000,2,YM
2024-06-10T19:04:25.000000000Z,32,1,80420,38927.000000000,38927.000000000,38927.000000000,38927.000000000,1,YM
2024-06-10T19:04:27.000000000Z,32,1,80420,38928.000000000,38928.000000000,38928.000000000,38928.000000000,1,YM
2024-06-10T19:04:29.000000000Z,32,1,80420,38928.000000000,38928.000000000,38928.000000000,38928.000000000,1,YM
2024-06-10T19:04:34.000000000Z,32,1,80420,38929.000000000,38929.000000000,38929.000000000,38929.000000000,8,YM
2024-06-10T19:04:35.000000000Z,32,1,80420,38928.000000000,38928.000000000,38928.000000000,38928.000000000,2,YM
2024-06-10T19:04:39.000000000Z,32,1,80420,38928.000000000,38928.000000000,38928.000000000,38928.000000000,1,YM
2024-06-10T19:04:44.000000000Z,32,1,80420,38927.000000000,38927.000000000,38927.000000000,38927.000000000,2,YM
2024-06-10T19:04:48.000000000Z,32,1,80420,38927.000000000,38927.000000000,38927.000000000,38927.000000000,1,YM
2024-06-10T19:04:49.000000000Z,32,1,80420,38926.000000000,38926.000000000,38926.000000000,38926.000000000,2,YM
2024-06-10T19:04:50.000000000Z,32,1,80420,38925.000000000,38925.000000000,38925.000000000,38925.000000000,3,YM
2024-06-10T19:04:51.000000000Z,32,1,80420,38926.000000000,38926.000000000,38926.000000000,38926.000000000,1,YM
2024-06-10T19:04:52.000000000Z,32,1,80420,38925.000000000,38926.000000000,38925.000000000,38926.000000000,3,YM
2024-06-10T19:04:54.000000000Z,32,1,80420,38925.000000000,38926.000000000,38925.000000000,38926.000000000,2,YM
2024-06-10T19:04:55.000000000Z,32,1,80420,38926.000000000,38926.000000000,38926.000000000,38926.000000000,1,YM
2024-06-10T19:04:58.000000000Z,32,1,80420,38926.000000000,38926.000000000,38926.000000000,38926.000000000,1,YM
2024-06-10T19:05:00.000000000Z,32,1,80420,38927.000000000,38927.000000000,38926.000000000,38926.000000000,4,YM
2024-06-10T19:05:01.000000000Z,32,1,80420,38927.000000000,38927.000000000,38927.000000000,38927.000000000,1,YM
2024-06-10T19:05:02.000000000Z,32,1,80420,38928.000000000,38929.000000000,38928.000000000,38928.000000000,7,YM
2024-06-10T19:05:03.000000000Z,32,1,80420,38928.000000000,38928.000000000,38928.000000000,38928.000000000,2,YM
2024-06-10T19:05:04.000000000Z,32,1,80420,38927.000000000,38927.000000000,38927.000000000,38927.000000000,2,YM
2024-06-10T19:05:05.000000000Z,32,1,80420,38928.000000000,38928.000000000,38928.000000000,38928.000000000,2,YM
2024-06-10T19:05:06.000000000Z,32,1,80420,38928.000000000,38928.000000000,38928.000000000,38928.000000000,3,YM
2024-06-10T19:05:07.000000000Z,32,1,80420,38928.000000000,38928.000000000,38927.000000000,38928.000000000,5,YM
2024-06-10T19:05:10.000000000Z,32,1,80420,38927.000000000,38928.000000000,38927.000000000,38928.000000000,5,YM
2024-06-10T19:05:11.000000000Z,32,1,80420,38929.000000000,38929.000000000,38929.000000000,38929.000000000,2,YM
2024-06-10T19:05:12.000000000Z,32,1,80420,38928.000000000,38928.000000000,38928.000000000,38928.000000000,1,YM
2024-06-10T19:05:13.000000000Z,32,1,80420,38928.000000000,38928.000000000,38928.000000000,38928.000000000,1,YM
2024-06-10T19:05:15.000000000Z,32,1,80420,38926.000000000,38926.000000000,38926.000000000,38926.000000000,1,YM
2024-06-10T19:05:16.000000000Z,32,1,80420,38925.000000000,38925.000000000,38925.000000000,38925.000000000,4,YM
2024-06-10T19:05:17.000000000Z,32,1,80420,38925.000000000,38925.000000000,38925.000000000,38925.000000000,4,YM
2024-06-10T19:05:19.000000000Z,32,1,80420,38925.000000000,38925.000000000,38925.000000000,38925.000000000,3,YM
2024-06-10T19:05:21.000000000Z,32,1,80420,38925.000000000,38925.000000000,38925.000000000,38925.000000000,1,YM
2024-06-10T19:05:25.000000000Z,32,1,80420,38924.000000000,38924.000000000,38923.000000000,38923.000000000,3,YM
2024-06-10T19:05:26.000000000Z,32,1,80420,38923.000000000,38923.000000000,38923.000000000,38923.000000000,1,YM
2024-06-10T19:05:30.000000000Z,32,1,80420,38922.000000000,38922.000000000,38922.000000000,38922.000000000,1,YM
2024-06-10T19:05:31.000000000Z,32,1,80420,38922.000000000,38922.000000000,38922.000000000,38922.000000000,1,YM
2024-06-10T19:05:32.000000000Z,32,1,80420,38922.000000000,38922.000000000,38922.000000000,38922.000000000,2,YM
2024-06-10T19:05:34.000000000Z,32,1,80420,38921.000000000,38923.000000000,38921.000000000,38923.000000000,7,YM
2024-06-10T19:05:36.000000000Z,32,1,80420,38922.000000000,38922.000000000,38922.000000000,38922.000000000,1,YM
2024-06-10T19:05:38.000000000Z,32,1,80420,38921.000000000,38921.000000000,38921.000000000,38921.000000000,1,YM
2024-06-10T19:05:41.000000000Z,32,1,80420,38922.000000000,38922.000000000,38922.000000000,38922.000000000,1,YM
2024-06-10T19:05:42.000000000Z,32,1,80420,38923.000000000,38923.000000000,38923.000000000,38923.000000000,6,YM
2024-06-10T19:05:43.000000000Z,32,1,80420,38922.000000000,38922.000000000,38922.000000000,38922.000000000,4,YM
2024-06-10T19:05:44.000000000Z,32,1,80420,38922.000000000,38922.000000000,38922.000000000,38922.000000000,3,YM
2024-06-10T19:05:45.000000000Z,32,1,80420,38922.000000000,38922.000000000,38922.000000000,38922.000000000,2,YM
2024-06-10T19:05:46.000000000Z,32,1,80420,38922.000000000,38922.000000000,38922.000000000,38922.000000000,6,YM
2024-06-10T19:05:47.000000000Z,32,1,80420,38921.000000000,38921.000000000,38921.000000000,38921.000000000,3,YM
2024-06-10T19:05:48.000000000Z,32,1,80420,38922.000000000,38922.000000000,38922.000000000,38922.000000000,3,YM
2024-06-10T19:05:49.000000000Z,32,1,80420,38921.000000000,38922.000000000,38921.000000000,38922.000000000,3,YM
2024-06-10T19:05:50.000000000Z,32,1,80420,38923.000000000,38923.000000000,38923.000000000,38923.000000000,3,YM
2024-06-10T19:05:51.000000000Z,32,1,80420,38925.000000000,38925.000000000,38925.000000000,38925.000000000,1,YM
2024-06-10T19:05:52.000000000Z,32,1,80420,38926.000000000,38927.000000000,38926.000000000,38927.000000000,4,YM
2024-06-10T19:05:53.000000000Z,32,1,80420,38928.000000000,38930.000000000,38928.000000000,38929.000000000,12,YM
2024-06-10T19:05:54.000000000Z,32,1,80420,38929.000000000,38929.000000000,38929.000000000,38929.000000000,3,YM
2024-06-10T19:05:55.000000000Z,32,1,80420,38928.000000000,38928.000000000,38928.000000000,38928.000000000,3,YM
2024-06-10T19:05:57.000000000Z,32,1,80420,38930.000000000,38930.000000000,38930.000000000,38930.000000000,1,YM
2024-06-10T19:05:58.000000000Z,32,1,80420,38930.000000000,38930.000000000,38930.000000000,38930.000000000,1,YM
2024-06-10T19:05:59.000000000Z,32,1,80420,38929.000000000,38929.000000000,38929.000000000,38929.000000000,4,YM
2024-06-10T19:06:02.000000000Z,32,1,80420,38926.000000000,38927.000000000,38926.000000000,38927.000000000,2,YM
2024-06-10T19:06:03.000000000Z,32,1,80420,38927.000000000,38927.000000000,38927.000000000,38927.000000000,4,YM
2024-06-10T19:06:04.000000000Z,32,1,80420,38927.000000000,38928.000000000,38927.000000000,38928.000000000,8,YM
2024-06-10T19:06:06.000000000Z,32,1,80420,38926.000000000,38926.000000000,38926.000000000,38926.000000000,2,YM
2024-06-10T19:06:10.000000000Z,32,1,80420,38927.000000000,38927.000000000,38927.000000000,38927.000000000,2,YM
2024-06-10T19:06:11.000000000Z,32,1,80420,38927.000000000,38927.000000000,38927.000000000,38927.000000000,2,YM
2024-06-10T19:06:14.000000000Z,32,1,80420,38928.000000000,38928.000000000,38928.000000000,38928.000000000,1,YM
2024-06-10T19:06:15.000000000Z,32,1,80420,38928.000000000,38928.000000000,38928.000000000,38928.000000000,2,YM
2024-06-10T19:06:16.000000000Z,32,1,80420,38927.000000000,38927.000000000,38927.000000000,38927.000000000,3,YM
2024-06-10T19:06:17.000000000Z,32,1,80420,38926.000000000,38926.000000000,38926.000000000,38926.000000000,1,YM
2024-06-10T19:06:18.000000000Z,32,1,80420,38927.000000000,38927.000000000,38927.000000000,38927.000000000,1,YM
2024-06-10T19:06:22.000000000Z,32,1,80420,38927.000000000,38927.000000000,38927.000000000,38927.000000000,1,YM
2024-06-10T19:06:26.000000000Z,32,1,80420,38925.000000000,38926.000000000,38925.000000000,38926.000000000,3,YM
2024-06-10T19:06:41.000000000Z,32,1,80420,38924.000000000,38924.000000000,38923.000000000,38923.000000000,4,YM
2024-06-10T19:06:43.000000000Z,32,1,80420,38923.000000000,38923.000000000,38923.000000000,38923.000000000,4,YM
2024-06-10T19:06:44.000000000Z,32,1,80420,38922.000000000,38922.000000000,38922.000000000,38922.000000000,1,YM
2024-06-10T19:06:45.000000000Z,32,1,80420,38921.000000000,38921.000000000,38921.000000000,38921.000000000,1,YM
2024-06-10T19:06:46.000000000Z,32,1,80420,38922.000000000,38923.000000000,38922.000000000,38923.000000000,4,YM
2024-06-10T19:06:47.000000000Z,32,1,80420,38924.000000000,38924.000000000,38924.000000000,38924.000000000,1,YM
2024-06-10T19:06:50.000000000Z,32,1,80420,38923.000000000,38923.000000000,38922.000000000,38922.000000000,6,YM
2024-06-10T19:06:57.000000000Z,32,1,80420,38922.000000000,38922.000000000,38922.000000000,38922.000000000,1,YM
2024-06-10T19:07:00.000000000Z,32,1,80420,38923.000000000,38923.000000000,38923.000000000,38923.000000000,2,YM
2024-06-10T19:07:01.000000000Z,32,1,80420,38922.000000000,38922.000000000,38922.000000000,38922.000000000,1,YM
2024-06-10T19:07:02.000000000Z,32,1,80420,38921.000000000,38921.000000000,38921.000000000,38921.000000000,3,YM
2024-06-10T19:07:05.000000000Z,32,1,80420,38922.000000000,38922.000000000,38922.000000000,38922.000000000,1,YM
2024-06-10T19:07:07.000000000Z,32,1,80420,38922.000000000,38922.000000000,38922.000000000,38922.000000000,1,YM
2024-06-10T19:07:08.000000000Z,32,1,80420,38922.000000000,38922.000000000,38921.000000000,38921.000000000,3,YM
2024-06-10T19:07:14.000000000Z,32,1,80420,38920.000000000,38920.000000000,38919.000000000,38919.000000000,11,YM
2024-06-10T19:07:15.000000000Z,32,1,80420,38919.000000000,38919.000000000,38919.000000000,38919.000000000,10,YM
2024-06-10T19:07:16.000000000Z,32,1,80420,38920.000000000,38920.000000000,38920.000000000,38920.000000000,6,YM
2024-06-10T19:07:17.000000000Z,32,1,80420,38919.000000000,38920.000000000,38919.000000000,38920.000000000,8,YM
2024-06-10T19:07:18.000000000Z,32,1,80420,38919.000000000,38920.000000000,38919.000000000,38920.000000000,2,YM
2024-06-10T19:07:24.000000000Z,32,1,80420,38919.000000000,38920.000000000,38919.000000000,38920.000000000,7,YM
2024-06-10T19:07:25.000000000Z,32,1,80420,38920.000000000,38920.000000000,38920.000000000,38920.000000000,1,YM
2024-06-10T19:07:27.000000000Z,32,1,80420,38920.000000000,38920.000000000,38920.000000000,38920.000000000,1,YM
2024-06-10T19:07:28.000000000Z,32,1,80420,38920.000000000,38921.000000000,38920.000000000,38921.000000000,5,YM
2024-06-10T19:07:33.000000000Z,32,1,80420,38920.000000000,38920.000000000,38920.000000000,38920.000000000,5,YM
2024-06-10T19:07:35.000000000Z,32,1,80420,38921.000000000,38921.000000000,38921.000000000,38921.000000000,4,YM
2024-06-10T19:07:36.000000000Z,32,1,80420,38920.000000000,38920.000000000,38920.000000000,38920.000000000,6,YM
2024-06-10T19:07:44.000000000Z,32,1,80420,38921.000000000,38921.000000000,38921.000000000,38921.000000000,2,YM
2024-06-10T19:07:46.000000000Z,32,1,80420,38920.000000000,38920.000000000,38920.000000000,38920.000000000,2,YM
2024-06-10T19:07:47.000000000Z,32,1,80420,38920.000000000,38920.000000000,38920.000000000,38920.000000000,5,YM
2024-06-10T19:07:49.000000000Z,32,1,80420,38918.000000000,38918.000000000,38917.000000000,38917.000000000,2,YM
2024-06-10T19:07:51.000000000Z,32,1,80420,38917.000000000,38917.000000000,38917.000000000,38917.000000000,1,YM
2024-06-10T19:07:53.000000000Z,32,1,80420,38916.000000000,38916.000000000,38915.000000000,38915.000000000,4,YM
2024-06-10T19:07:56.000000000Z,32,1,80420,38915.000000000,38915.000000000,38914.000000000,38914.000000000,6,YM
2024-06-10T19:07:57.000000000Z,32,1,80420,38915.000000000,38915.000000000,38914.000000000,38914.000000000,11,YM
2024-06-10T19:07:58.000000000Z,32,1,80420,38913.000000000,38913.000000000,38913.000000000,38913.000000000,5,YM
2024-06-10T19:07:59.000000000Z,32,1,80420,38912.000000000,38912.000000000,38912.000000000,38912.000000000,1,YM
2024-06-10T19:08:00.000000000Z,32,1,80420,38911.000000000,38912.000000000,38910.000000000,38912.000000000,7,YM
2024-06-10T19:08:01.000000000Z,32,1,80420,38911.000000000,38911.000000000,38909.000000000,38909.000000000,12,YM
2024-06-10T19:08:02.000000000Z,32,1,80420,38911.000000000,38911.000000000,38911.000000000,38911.000000000,1,YM
2024-06-10T19:08:03.000000000Z,32,1,80420,38910.000000000,38911.000000000,38910.000000000,38911.000000000,5,YM
2024-06-10T19:08:04.000000000Z,32,1,80420,38912.000000000,38912.000000000,38912.000000000,38912.000000000,4,YM
2024-06-10T19:08:08.000000000Z,32,1,80420,38913.000000000,38913.000000000,38913.000000000,38913.000000000,1,YM
2024-06-10T19:08:09.000000000Z,32,1,80420,38912.000000000,38912.000000000,38912.000000000,38912.000000000,2,YM
2024-06-10T19:08:11.000000000Z,32,1,80420,38910.000000000,38910.000000000,38910.000000000,38910.000000000,1,YM
2024-06-10T19:08:12.000000000Z,32,1,80420,38909.000000000,38909.000000000,38908.000000000,38909.000000000,11,YM
2024-06-10T19:08:14.000000000Z,32,1,80420,38911.000000000,38911.000000000,38911.000000000,38911.000000000,1,YM
2024-06-10T19:08:15.000000000Z,32,1,80420,38911.000000000,38911.000000000,38911.000000000,38911.000000000,2,YM
2024-06-10T19:08:19.000000000Z,32,1,80420,38912.000000000,38912.000000000,38912.000000000,38912.000000000,1,YM
2024-06-10T19:08:20.000000000Z,32,1,80420,38912.000000000,38912.000000000,38912.000000000,38912.000000000,1,YM
2024-06-10T19:08:21.000000000Z,32,1,80420,38912.000000000,38912.000000000,38912.000000000,38912.000000000,1,YM
2024-06-10T19:08:22.000000000Z,32,1,80420,38912.000000000,38912.000000000,38912.000000000,38912.000000000,6,YM
2024-06-10T19:08:24.000000000Z,32,1,80420,38911.000000000,38911.000000000,38911.000000000,38911.000000000,5,YM
2024-06-10T19:08:25.000000000Z,32,1,80420,38911.000000000,38911.000000000,38911.000000000,38911.000000000,2,YM
2024-06-10T19:08:29.000000000Z,32,1,80420,38912.000000000,38912.000000000,38911.000000000,38911.000000000,4,YM
2024-06-10T19:08:31.000000000Z,32,1,80420,38911.000000000,38911.000000000,38911.000000000,38911.000000000,1,YM
2024-06-10T19:08:33.000000000Z,32,1,80420,38910.000000000,38910.000000000,38910.000000000,38910.000000000,2,YM
2024-06-10T19:08:37.000000000Z,32,1,80420,38911.000000000,38911.000000000,38911.000000000,38911.000000000,1,YM
2024-06-10T19:08:40.000000000Z,32,1,80420,38912.000000000,38912.000000000,38912.000000000,38912.000000000,1,YM
2024-06-10T19:08:42.000000000Z,32,1,80420,38912.000000000,38912.000000000,38912.000000000,38912.000000000,1,YM
2024-06-10T19:08:46.000000000Z,32,1,80420,38911.000000000,38911.000000000,38911.000000000,38911.000000000,4,YM
2024-06-10T19:08:49.000000000Z,32,1,80420,38913.000000000,38913.000000000,38913.000000000,38913.000000000,2,YM
2024-06-10T19:08:57.000000000Z,32,1,80420,38913.000000000,38913.000000000,38913.000000000,38913.000000000,3,YM
2024-06-10T19:09:01.000000000Z,32,1,80420,38914.000000000,38914.000000000,38914.000000000,38914.000000000,2,YM
2024-06-10T19:09:02.000000000Z,32,1,80420,38913.000000000,38913.000000000,38913.000000000,38913.000000000,2,YM
2024-06-10T19:09:04.000000000Z,32,1,80420,38913.000000000,38913.000000000,38912.000000000,38912.000000000,5,YM
2024-06-10T19:09:05.000000000Z,32,1,80420,38911.000000000,38911.000000000,38911.000000000,38911.000000000,1,YM
2024-06-10T19:09:06.000000000Z,32,1,80420,38912.000000000,38912.000000000,38912.000000000,38912.000000000,1,YM
2024-06-10T19:09:12.000000000Z,32,1,80420,38911.000000000,38911.000000000,38911.000000000,38911.000000000,7,YM
2024-06-10T19:09:13.000000000Z,32,1,80420,38911.000000000,38911.000000000,38911.000000000,38911.000000000,2,YM
2024-06-10T19:09:16.000000000Z,32,1,80420,38910.000000000,38910.000000000,38910.000000000,38910.000000000,1,YM
2024-06-10T19:09:20.000000000Z,32,1,80420,38912.000000000,38912.000000000,38912.000000000,38912.000000000,4,YM
2024-06-10T19:09:21.000000000Z,32,1,80420,38911.000000000,38911.000000000,38911.000000000,38911.000000000,2,YM
2024-06-10T19:09:23.000000000Z,32,1,80420,38911.000000000,38911.000000000,38911.000000000,38911.000000000,2,YM
2024-06-10T19:09:26.000000000Z,32,1,80420,38911.000000000,38911.000000000,38910.000000000,38910.000000000,3,YM
2024-06-10T19:09:27.000000000Z,32,1,80420,38910.000000000,38910.000000000,38910.000000000,38910.000000000,1,YM
2024-06-10T19:09:29.000000000Z,32,1,80420,38909.000000000,38910.000000000,38909.000000000,38910.000000000,3,YM
2024-06-10T19:09:34.000000000Z,32,1,80420,38908.000000000,38908.000000000,38908.000000000,38908.000000000,1,YM
2024-06-10T19:09:35.000000000Z,32,1,80420,38909.000000000,38909.000000000,38909.000000000,38909.000000000,1,YM
2024-06-10T19:09:36.000000000Z,32,1,80420,38908.000000000,38910.000000000,38908.000000000,38910.000000000,4,YM
2024-06-10T19:09:40.000000000Z,32,1,80420,38909.000000000,38909.000000000,38909.000000000,38909.000000000,1,YM
2024-06-10T19:09:41.000000000Z,32,1,80420,38909.000000000,38909.000000000,38909.000000000,38909.000000000,1,YM
2024-06-10T19:09:43.000000000Z,32,1,80420,38909.000000000,38909.000000000,38909.000000000,38909.000000000,1,YM
2024-06-10T19:09:47.000000000Z,32,1,80420,38911.000000000,38911.000000000,38911.000000000,38911.000000000,4,YM
2024-06-10T19:09:50.000000000Z,32,1,80420,38911.000000000,38911.000000000,38911.000000000,38911.000000000,3,YM
2024-06-10T19:09:53.000000000Z,32,1,80420,38910.000000000,38910.000000000,38910.000000000,38910.000000000,2,YM
2024-06-10T19:09:55.000000000Z,32,1,80420,38909.000000000,38909.000000000,38909.000000000,38909.000000000,4,YM
2024-06-10T19:09:56.000000000Z,32,1,80420,38907.000000000,38907.000000000,38907.000000000,38907.000000000,2,YM
2024-06-10T19:09:57.000000000Z,32,1,80420,38907.000000000,38907.000000000,38907.000000000,38907.000000000,1,YM
2024-06-10T19:09:58.000000000Z,32,1,80420,38908.000000000,38908.000000000,38908.000000000,38908.000000000,1,YM
2024-06-10T19:10:00.000000000Z,32,1,80420,38908.000000000,38908.000000000,38908.000000000,38908.000000000,1,YM
2024-06-10T19:10:01.000000000Z,32,1,80420,38907.000000000,38907.000000000,38907.000000000,38907.000000000,1,YM
2024-06-10T19:10:03.000000000Z,32,1,80420,38907.000000000,38907.000000000,38907.000000000,38907.000000000,3,YM
2024-06-10T19:10:05.000000000Z,32,1,80420,38907.000000000,38907.000000000,38907.000000000,38907.000000000,3,YM
2024-06-10T19:10:10.000000000Z,32,1,80420,38906.000000000,38906.000000000,38906.000000000,38906.000000000,3,YM
2024-06-10T19:10:11.000000000Z,32,1,80420,38905.000000000,38905.000000000,38905.000000000,38905.000000000,3,YM
2024-06-10T19:10:12.000000000Z,32,1,80420,38905.000000000,38905.000000000,38905.000000000,38905.000000000,6,YM
2024-06-10T19:10:13.000000000Z,32,1,80420,38907.000000000,38908.000000000,38907.000000000,38908.000000000,2,YM
2024-06-10T19:10:14.000000000Z,32,1,80420,38908.000000000,38908.000000000,38908.000000000,38908.000000000,4,YM
2024-06-10T19:10:15.000000000Z,32,1,80420,38907.000000000,38907.000000000,38907.000000000,38907.000000000,1,YM
2024-06-10T19:10:18.000000000Z,32,1,80420,38906.000000000,38906.000000000,38906.000000000,38906.000000000,4,YM
2024-06-10T19:10:22.000000000Z,32,1,80420,38904.000000000,38904.000000000,38904.000000000,38904.000000000,5,YM
2024-06-10T19:10:23.000000000Z,32,1,80420,38903.000000000,38903.000000000,38903.000000000,38903.000000000,1,YM
2024-06-10T19:10:24.000000000Z,32,1,80420,38902.000000000,38902.000000000,38901.000000000,38901.000000000,4,YM
2024-06-10T19:10:25.000000000Z,32,1,80420,38901.000000000,38901.000000000,38900.000000000,38900.000000000,5,YM
2024-06-10T19:10:26.000000000Z,32,1,80420,38900.000000000,38902.000000000,38900.000000000,38902.000000000,3,YM
2024-06-10T19:10:28.000000000Z,32,1,80420,38903.000000000,38903.000000000,38903.000000000,38903.000000000,3,YM
2024-06-10T19:10:29.000000000Z,32,1,80420,38903.000000000,38903.000000000,38903.000000000,38903.000000000,1,YM
2024-06-10T19:10:32.000000000Z,32,1,80420,38906.000000000,38906.000000000,38906.000000000,38906.000000000,1,YM
2024-06-10T19:10:33.000000000Z,32,1,80420,38907.000000000,38907.000000000,38907.000000000,38907.000000000,2,YM
2024-06-10T19:10:34.000000000Z,32,1,80420,38907.000000000,38907.000000000,38907.000000000,38907.000000000,1,YM
2024-06-10T19:10:35.000000000Z,32,1,80420,38906.000000000,38906.000000000,38903.000000000,38903.000000000,9,YM
2024-06-10T19:10:36.000000000Z,32,1,80420,38903.000000000,38903.000000000,38903.000000000,38903.000000000,1,YM
2024-06-10T19:10:37.000000000Z,32,1,80420,38905.000000000,38905.000000000,38905.000000000,38905.000000000,6,YM
2024-06-10T19:10:38.000000000Z,32,1,80420,38903.000000000,38903.000000000,38903.000000000,38903.000000000,1,YM
2024-06-10T19:10:40.000000000Z,32,1,80420,38903.000000000,38903.000000000,38903.000000000,38903.000000000,1,YM
2024-06-10T19:10:42.000000000Z,32,1,80420,38903.000000000,38903.000000000,38903.000000000,38903.000000000,1,YM
2024-06-10T19:10:44.000000000Z,32,1,80420,38904.000000000,38904.000000000,38904.000000000,38904.000000000,3,YM
2024-06-10T19:10:47.000000000Z,32,1,80420,38905.000000000,38905.000000000,38905.000000000,38905.000000000,2,YM
2024-06-10T19:10:52.000000000Z,32,1,80420,38904.000000000,38904.000000000,38903.000000000,38903.000000000,4,YM
2024-06-10T19:10:54.000000000Z,32,1,80420,38904.000000000,38904.000000000,38904.000000000,38904.000000000,1,YM
2024-06-10T19:10:56.000000000Z,32,1,80420,38902.000000000,38902.000000000,38901.000000000,38902.000000000,15,YM
2024-06-10T19:10:57.000000000Z,32,1,80420,38903.000000000,38903.000000000,38903.000000000,38903.000000000,1,YM
2024-06-10T19:10:58.000000000Z,32,1,80420,38902.000000000,38902.000000000,38902.000000000,38902.000000000,2,YM
2024-06-10T19:10:59.000000000Z,32,1,80420,38902.000000000,38902.000000000,38902.000000000,38902.000000000,1,YM
2024-06-10T19:11:01.000000000Z,32,1,80420,38902.000000000,38902.000000000,38901.000000000,38901.000000000,8,YM
2024-06-10T19:11:04.000000000Z,32,1,80420,38901.000000000,38901.000000000,38900.000000000,38900.000000000,4,YM
2024-06-10T19:11:05.000000000Z,32,1,80420,38901.000000000,38901.000000000,38901.000000000,38901.000000000,3,YM
2024-06-10T19:11:06.000000000Z,32,1,80420,38902.000000000,38902.000000000,38902.000000000,38902.000000000,1,YM
2024-06-10T19:11:07.000000000Z,32,1,80420,38901.000000000,38903.000000000,38901.000000000,38902.000000000,10,YM
2024-06-10T19:11:08.000000000Z,32,1,80420,38901.000000000,38901.000000000,38901.000000000,38901.000000000,6,YM
2024-06-10T19:11:09.000000000Z,32,1,80420,38901.000000000,38901.000000000,38901.000000000,38901.000000000,1,YM
2024-06-10T19:11:11.000000000Z,32,1,80420,38903.000000000,38903.000000000,38903.000000000,38903.000000000,4,YM
2024-06-10T19:11:14.000000000Z,32,1,80420,38903.000000000,38903.000000000,38903.000000000,38903.000000000,1,YM
2024-06-10T19:11:16.000000000Z,32,1,80420,38904.000000000,38904.000000000,38904.000000000,38904.000000000,1,YM
2024-06-10T19:11:17.000000000Z,32,1,80420,38904.000000000,38905.000000000,38904.000000000,38905.000000000,5,YM
2024-06-10T19:11:18.000000000Z,32,1,80420,38904.000000000,38904.000000000,38904.000000000,38904.000000000,4,YM
2024-06-10T19:11:19.000000000Z,32,1,80420,38903.000000000,38903.000000000,38903.000000000,38903.000000000,6,YM
2024-06-10T19:11:22.000000000Z,32,1,80420,38905.000000000,38905.000000000,38905.000000000,38905.000000000,4,YM
2024-06-10T19:11:24.000000000Z,32,1,80420,38904.000000000,38904.000000000,38904.000000000,38904.000000000,1,YM
2024-06-10T19:11:28.000000000Z,32,1,80420,38904.000000000,38904.000000000,38904.000000000,38904.000000000,3,YM
2024-06-10T19:11:29.000000000Z,32,1,80420,38903.000000000,38903.000000000,38903.000000000,38903.000000000,1,YM
2024-06-10T19:11:30.000000000Z,32,1,80420,38904.000000000,38904.000000000,38904.000000000,38904.000000000,1,YM
2024-06-10T19:11:31.000000000Z,32,1,80420,38904.000000000,38904.000000000,38904.000000000,38904.000000000,1,YM
2024-06-10T19:11:32.000000000Z,32,1,80420,38904.000000000,38904.000000000,38904.000000000,38904.000000000,2,YM
2024-06-10T19:11:33.000000000Z,32,1,80420,38904.000000000,38904.000000000,38904.000000000,38904.000000000,1,YM
2024-06-10T19:11:34.000000000Z,32,1,80420,38905.000000000,38905.000000000,38905.000000000,38905.000000000,1,YM
2024-06-10T19:11:35.000000000Z,32,1,80420,38904.000000000,38905.000000000,38904.000000000,38905.000000000,3,YM
2024-06-10T19:11:36.000000000Z,32,1,80420,38903.000000000,38903.000000000,38903.000000000,38903.000000000,4,YM
2024-06-10T19:11:37.000000000Z,32,1,80420,38903.000000000,38903.000000000,38903.000000000,38903.000000000,1,YM
2024-06-10T19:11:38.000000000Z,32,1,80420,38902.000000000,38902.000000000,38902.000000000,38902.000000000,1,YM
2024-06-10T19:11:39.000000000Z,32,1,80420,38901.000000000,38901.000000000,38901.000000000,38901.000000000,2,YM
2024-06-10T19:11:40.000000000Z,32,1,80420,38901.000000000,38902.000000000,38901.000000000,38902.000000000,3,YM
2024-06-10T19:11:42.000000000Z,32,1,80420,38902.000000000,38902.000000000,38902.000000000,38902.000000000,1,YM
2024-06-10T19:11:44.000000000Z,32,1,80420,38901.000000000,38901.000000000,38900.000000000,38901.000000000,6,YM
2024-06-10T19:11:45.000000000Z,32,1,80420,38901.000000000,38901.000000000,38901.000000000,38901.000000000,3,YM
2024-06-10T19:11:47.000000000Z,32,1,80420,38902.000000000,38902.000000000,38902.000000000,38902.000000000,1,YM
2024-06-10T19:11:48.000000000Z,32,1,80420,38904.000000000,38904.000000000,38904.000000000,38904.000000000,1,YM
2024-06-10T19:11:50.000000000Z,32,1,80420,38904.000000000,38904.000000000,38904.000000000,38904.000000000,2,YM
2024-06-10T19:11:51.000000000Z,32,1,80420,38904.000000000,38904.000000000,38904.000000000,38904.000000000,1,YM
2024-06-10T19:11:59.000000000Z,32,1,80420,38903.000000000,38903.000000000,38903.000000000,38903.000000000,1,YM
2024-06-10T19:12:01.000000000Z,32,1,80420,38901.000000000,38901.000000000,38901.000000000,38901.000000000,8,YM
2024-06-10T19:12:02.000000000Z,32,1,80420,38901.000000000,38901.000000000,38899.000000000,38899.000000000,5,YM
2024-06-10T19:12:03.000000000Z,32,1,80420,38899.000000000,38899.000000000,38899.000000000,38899.000000000,4,YM
2024-06-10T19:12:05.000000000Z,32,1,80420,38899.000000000,38899.000000000,38899.000000000,38899.000000000,1,YM
2024-06-10T19:12:06.000000000Z,32,1,80420,38899.000000000,38899.000000000,38899.000000000,38899.000000000,2,YM
2024-06-10T19:12:09.000000000Z,32,1,80420,38899.000000000,38899.000000000,38899.000000000,38899.000000000,3,YM
2024-06-10T19:12:10.000000000Z,32,1,80420,38899.000000000,38899.000000000,38899.000000000,38899.000000000,15,YM
2024-06-10T19:12:11.000000000Z,32,1,80420,38900.000000000,38900.000000000,38899.000000000,38899.000000000,9,YM
2024-06-10T19:12:13.000000000Z,32,1,80420,38901.000000000,38901.000000000,38901.000000000,38901.000000000,1,YM
2024-06-10T19:12:16.000000000Z,32,1,80420,38903.000000000,38903.000000000,38903.000000000,38903.000000000,4,YM
2024-06-10T19:12:18.000000000Z,32,1,80420,38903.000000000,38903.000000000,38903.000000000,38903.000000000,1,YM
2024-06-10T19:12:20.000000000Z,32,1,80420,38904.000000000,38904.000000000,38904.000000000,38904.000000000,3,YM
2024-06-10T19:12:22.000000000Z,32,1,80420,38903.000000000,38903.000000000,38903.000000000,38903.000000000,2,YM
2024-06-10T19:12:27.000000000Z,32,1,80420,38902.000000000,38902.000000000,38902.000000000,38902.000000000,5,YM
2024-06-10T19:12:28.000000000Z,32,1,80420,38901.000000000,38901.000000000,38901.000000000,38901.000000000,2,YM
2024-06-10T19:12:30.000000000Z,32,1,80420,38901.000000000,38901.000000000,38901.000000000,38901.000000000,2,YM
2024-06-10T19:12:31.000000000Z,32,1,80420,38900.000000000,38900.000000000,38900.000000000,38900.000000000,2,YM
2024-06-10T19:12:32.000000000Z,32,1,80420,38902.000000000,38902.000000000,38901.000000000,38901.000000000,2,YM
2024-06-10T19:12:35.000000000Z,32,1,80420,38900.000000000,38900.000000000,38900.000000000,38900.000000000,2,YM
2024-06-10T19:12:36.000000000Z,32,1,80420,38900.000000000,38900.000000000,38900.000000000,38900.000000000,6,YM
2024-06-10T19:12:39.000000000Z,32,1,80420,38903.000000000,38903.000000000,38902.000000000,38902.000000000,2,YM
2024-06-10T19:12:40.000000000Z,32,1,80420,38901.000000000,38901.000000000,38901.000000000,38901.000000000,1,YM
2024-06-10T19:12:43.000000000Z,32,1,80420,38900.000000000,38901.000000000,38900.000000000,38900.000000000,4,YM
2024-06-10T19:12:46.000000000Z,32,1,80420,38901.000000000,38901.000000000,38900.000000000,38900.000000000,3,YM
2024-06-10T19:12:47.000000000Z,32,1,80420,38900.000000000,38900.000000000,38897.000000000,38898.000000000,9,YM
2024-06-10T19:12:49.000000000Z,32,1,80420,38899.000000000,38899.000000000,38899.000000000,38899.000000000,1,YM
2024-06-10T19:12:51.000000000Z,32,1,80420,38897.000000000,38898.000000000,38897.000000000,38898.000000000,3,YM
2024-06-10T19:12:52.000000000Z,32,1,80420,38899.000000000,38899.000000000,38899.000000000,38899.000000000,2,YM
2024-06-10T19:12:59.000000000Z,32,1,80420,38899.000000000,38899.000000000,38899.000000000,38899.000000000,4,YM
2024-06-10T19:13:00.000000000Z,32,1,80420,38901.000000000,38901.000000000,38901.000000000,38901.000000000,3,YM
2024-06-10T19:13:02.000000000Z,32,1,80420,38900.000000000,38900.000000000,38900.000000000,38900.000000000,3,YM
2024-06-10T19:13:03.000000000Z,32,1,80420,38899.000000000,38899.000000000,38899.000000000,38899.000000000,5,YM
2024-06-10T19:13:09.000000000Z,32,1,80420,38898.000000000,38898.000000000,38897.000000000,38897.000000000,7,YM
2024-06-10T19:13:18.000000000Z,32,1,80420,38899.000000000,38899.000000000,38899.000000000,38899.000000000,1,YM
2024-06-10T19:13:20.000000000Z,32,1,80420,38900.000000000,38900.000000000,38900.000000000,38900.000000000,1,YM
2024-06-10T19:13:25.000000000Z,32,1,80420,38900.000000000,38900.000000000,38900.000000000,38900.000000000,1,YM
2024-06-10T19:13:26.000000000Z,32,1,80420,38901.000000000,38901.000000000,38900.000000000,38900.000000000,2,YM
2024-06-10T19:13:28.000000000Z,32,1,80420,38900.000000000,38900.000000000,38900.000000000,38900.000000000,1,YM
2024-06-10T19:13:30.000000000Z,32,1,80420,38901.000000000,38901.000000000,38901.000000000,38901.000000000,3,YM
2024-06-10T19:13:32.000000000Z,32,1,80420,38902.000000000,38902.000000000,38902.000000000,38902.000000000,1,YM
2024-06-10T19:13:36.000000000Z,32,1,80420,38904.000000000,38904.000000000,38902.000000000,38902.000000000,2,YM
2024-06-10T19:13:39.000000000Z,32,1,80420,38904.000000000,38904.000000000,38903.000000000,38903.000000000,10,YM
2024-06-10T19:13:43.000000000Z,32,1,80420,38905.000000000,38906.000000000,38905.000000000,38905.000000000,4,YM
2024-06-10T19:13:44.000000000Z,32,1,80420,38904.000000000,38905.000000000,38904.000000000,38905.000000000,2,YM
2024-06-10T19:13:46.000000000Z,32,1,80420,38903.000000000,38903.000000000,38903.000000000,38903.000000000,1,YM
2024-06-10T19:13:50.000000000Z,32,1,80420,38905.000000000,38905.000000000,38904.000000000,38904.000000000,2,YM
2024-06-10T19:13:54.000000000Z,32,1,80420,38903.000000000,38903.000000000,38903.000000000,38903.000000000,2,YM
2024-06-10T19:13:56.000000000Z,32,1,80420,38904.000000000,38904.000000000,38904.000000000,38904.000000000,3,YM
2024-06-10T19:13:58.000000000Z,32,1,80420,38903.000000000,38903.000000000,38903.000000000,38903.000000000,3,YM
2024-06-10T19:13:59.000000000Z,32,1,80420,38903.000000000,38903.000000000,38903.000000000,38903.000000000,1,YM
2024-06-10T19:14:00.000000000Z,32,1,80420,38904.000000000,38904.000000000,38904.000000000,38904.000000000,3,YM
2024-06-10T19:14:01.000000000Z,32,1,80420,38904.000000000,38904.000000000,38904.000000000,38904.000000000,1,YM
2024-06-10T19:14:03.000000000Z,32,1,80420,38905.000000000,38906.000000000,38905.000000000,38906.000000000,4,YM
2024-06-10T19:14:04.000000000Z,32,1,80420,38906.000000000,38906.000000000,38904.000000000,38904.000000000,8,YM
2024-06-10T19:14:05.000000000Z,32,1,80420,38904.000000000,38904.000000000,38904.000000000,38904.000000000,1,YM
2024-06-10T19:14:06.000000000Z,32,1,80420,38904.000000000,38904.000000000,38904.000000000,38904.000000000,2,YM
2024-06-10T19:14:07.000000000Z,32,1,80420,38903.000000000,38903.000000000,38902.000000000,38902.000000000,8,YM
2024-06-10T19:14:08.000000000Z,32,1,80420,38902.000000000,38902.000000000,38902.000000000,38902.000000000,1,YM
2024-06-10T19:14:10.000000000Z,32,1,80420,38903.000000000,38903.000000000,38903.000000000,38903.000000000,3,YM
2024-06-10T19:14:13.000000000Z,32,1,80420,38903.000000000,38903.000000000,38903.000000000,38903.000000000,5,YM
2024-06-10T19:14:15.000000000Z,32,1,80420,38903.000000000,38903.000000000,38903.000000000,38903.000000000,4,YM
2024-06-10T19:14:16.000000000Z,32,1,80420,38903.000000000,38903.000000000,38903.000000000,38903.000000000,1,YM
2024-06-10T19:14:18.000000000Z,32,1,80420,38903.000000000,38903.000000000,38903.000000000,38903.000000000,1,YM
2024-06-10T19:14:20.000000000Z,32,1,80420,38903.000000000,38903.000000000,38903.000000000,38903.000000000,3,YM
2024-06-10T19:14:21.000000000Z,32,1,80420,38904.000000000,38904.000000000,38904.000000000,38904.000000000,1,YM
2024-06-10T19:14:22.000000000Z,32,1,80420,38903.000000000,38903.000000000,38903.000000000,38903.000000000,3,YM
2024-06-10T19:14:26.000000000Z,32,1,80420,38902.000000000,38902.000000000,38902.000000000,38902.000000000,2,YM
2024-06-10T19:14:29.000000000Z,32,1,80420,38901.000000000,38901.000000000,38900.000000000,38900.000000000,4,YM
2024-06-10T19:14:30.000000000Z,32,1,80420,38901.000000000,38901.000000000,38901.000000000,38901.000000000,3,YM
2024-06-10T19:14:31.000000000Z,32,1,80420,38901.000000000,38901.000000000,38901.000000000,38901.000000000,4,YM
2024-06-10T19:14:32.000000000Z,32,1,80420,38902.000000000,38903.000000000,38902.000000000,38902.000000000,7,YM
2024-06-10T19:14:35.000000000Z,32,1,80420,38902.000000000,38904.000000000,38902.000000000,38904.000000000,14,YM
2024-06-10T19:14:36.000000000Z,32,1,80420,38904.000000000,38904.000000000,38903.000000000,38903.000000000,2,YM
2024-06-10T19:14:39.000000000Z,32,1,80420,38903.000000000,38903.000000000,38903.000000000,38903.000000000,1,YM
2024-06-10T19:14:40.000000000Z,32,1,80420,38904.000000000,38904.000000000,38904.000000000,38904.000000000,3,YM
2024-06-10T19:14:46.000000000Z,32,1,80420,38905.000000000,38905.000000000,38905.000000000,38905.000000000,1,YM
2024-06-10T19:14:47.000000000Z,32,1,80420,38905.000000000,38908.000000000,38905.000000000,38908.000000000,30,YM
2024-06-10T19:14:48.000000000Z,32,1,80420,38908.000000000,38908.000000000,38908.000000000,38908.000000000,11,YM
2024-06-10T19:14:49.000000000Z,32,1,80420,38909.000000000,38910.000000000,38909.000000000,38909.000000000,10,YM
2024-06-10T19:14:50.000000000Z,32,1,80420,38910.000000000,38910.000000000,38909.000000000,38909.000000000,3,YM
2024-06-10T19:14:51.000000000Z,32,1,80420,38909.000000000,38909.000000000,38908.000000000,38908.000000000,11,YM
2024-06-10T19:14:53.000000000Z,32,1,80420,38910.000000000,38910.000000000,38910.000000000,38910.000000000,4,YM
2024-06-10T19:14:54.000000000Z,32,1,80420,38910.000000000,38912.000000000,38910.000000000,38911.000000000,10,YM
2024-06-10T19:14:55.000000000Z,32,1,80420,38912.000000000,38913.000000000,38912.000000000,38913.000000000,5,YM
2024-06-10T19:14:56.000000000Z,32,1,80420,38913.000000000,38915.000000000,38912.000000000,38915.000000000,19,YM
2024-06-10T19:14:57.000000000Z,32,1,80420,38916.000000000,38920.000000000,38916.000000000,38919.000000000,41,YM
2024-06-10T19:14:58.000000000Z,32,1,80420,38919.000000000,38931.000000000,38919.000000000,38929.000000000,80,YM
2024-06-10T19:14:59.000000000Z,32,1,80420,38929.000000000,38930.000000000,38928.000000000,38930.000000000,34,YM
2024-06-10T19:15:00.000000000Z,32,1,80420,38930.000000000,38936.000000000,38930.000000000,38930.000000000,58,YM
2024-06-10T19:15:01.000000000Z,32,1,80420,38930.000000000,38935.000000000,38929.000000000,38934.000000000,15,YM
2024-06-10T19:15:02.000000000Z,32,1,80420,38932.000000000,38936.000000000,38932.000000000,38934.000000000,20,YM
2024-06-10T19:15:03.000000000Z,32,1,80420,38933.000000000,38940.000000000,38932.000000000,38939.000000000,64,YM
2024-06-10T19:15:04.000000000Z,32,1,80420,38939.000000000,38940.000000000,38936.000000000,38937.000000000,40,YM
2024-06-10T19:15:05.000000000Z,32,1,80420,38939.000000000,38941.000000000,38937.000000000,38940.000000000,35,YM
2024-06-10T19:15:06.000000000Z,32,1,80420,38939.000000000,38939.000000000,38937.000000000,38938.000000000,15,YM
2024-06-10T19:15:07.000000000Z,32,1,80420,38937.000000000,38939.000000000,38936.000000000,38936.000000000,16,YM
2024-06-10T19:15:08.000000000Z,32,1,80420,38937.000000000,38938.000000000,38936.000000000,38937.000000000,9,YM
2024-06-10T19:15:09.000000000Z,32,1,80420,38939.000000000,38940.000000000,38939.000000000,38940.000000000,3,YM
2024-06-10T19:15:10.000000000Z,32,1,80420,38941.000000000,38945.000000000,38941.000000000,38945.000000000,40,YM
2024-06-10T19:15:11.000000000Z,32,1,80420,38944.000000000,38944.000000000,38941.000000000,38941.000000000,13,YM
2024-06-10T19:15:12.000000000Z,32,1,80420,38940.000000000,38940.000000000,38934.000000000,38934.000000000,22,YM
2024-06-10T19:15:13.000000000Z,32,1,80420,38935.000000000,38935.000000000,38931.000000000,38931.000000000,11,YM
2024-06-10T19:15:14.000000000Z,32,1,80420,38931.000000000,38932.000000000,38931.000000000,38932.000000000,15,YM
2024-06-10T19:15:15.000000000Z,32,1,80420,38933.000000000,38933.000000000,38927.000000000,38927.000000000,14,YM
2024-06-10T19:15:16.000000000Z,32,1,80420,38928.000000000,38928.000000000,38927.000000000,38927.000000000,2,YM
2024-06-10T19:15:17.000000000Z,32,1,80420,38926.000000000,38927.000000000,38926.000000000,38926.000000000,16,YM
2024-06-10T19:15:18.000000000Z,32,1,80420,38927.000000000,38927.000000000,38925.000000000,38925.000000000,8,YM
2024-06-10T19:15:19.000000000Z,32,1,80420,38924.000000000,38924.000000000,38922.000000000,38923.000000000,20,YM
2024-06-10T19:15:20.000000000Z,32,1,80420,38925.000000000,38925.000000000,38922.000000000,38922.000000000,7,YM
2024-06-10T19:15:21.000000000Z,32,1,80420,38922.000000000,38923.000000000,38922.000000000,38923.000000000,8,YM
2024-06-10T19:15:22.000000000Z,32,1,80420,38922.000000000,38922.000000000,38920.000000000,38922.000000000,9,YM
2024-06-10T19:15:23.000000000Z,32,1,80420,38921.000000000,38922.000000000,38921.000000000,38922.000000000,4,YM
2024-06-10T19:15:24.000000000Z,32,1,80420,38922.000000000,38923.000000000,38922.000000000,38922.000000000,4,YM
2024-06-10T19:15:25.000000000Z,32,1,80420,38922.000000000,38922.000000000,38922.000000000,38922.000000000,2,YM
2024-06-10T19:15:26.000000000Z,32,1,80420,38921.000000000,38921.000000000,38921.000000000,38921.000000000,1,YM
2024-06-10T19:15:27.000000000Z,32,1,80420,38922.000000000,38922.000000000,38922.000000000,38922.000000000,2,YM
2024-06-10T19:15:28.000000000Z,32,1,80420,38922.000000000,38922.000000000,38921.000000000,38921.000000000,4,YM
2024-06-10T19:15:29.000000000Z,32,1,80420,38922.000000000,38923.000000000,38922.000000000,38923.000000000,2,YM
2024-06-10T19:15:30.000000000Z,32,1,80420,38922.000000000,38922.000000000,38921.000000000,38922.000000000,7,YM
2024-06-10T19:15:31.000000000Z,32,1,80420,38922.000000000,38922.000000000,38922.000000000,38922.000000000,2,YM
2024-06-10T19:15:32.000000000Z,32,1,80420,38924.000000000,38926.000000000,38924.000000000,38926.000000000,7,YM
2024-06-10T19:15:33.000000000Z,32,1,80420,38926.000000000,38926.000000000,38924.000000000,38924.000000000,6,YM
2024-06-10T19:15:34.000000000Z,32,1,80420,38923.000000000,38923.000000000,38921.000000000,38923.000000000,11,YM
2024-06-10T19:15:35.000000000Z,32,1,80420,38923.000000000,38923.000000000,38922.000000000,38922.000000000,3,YM
2024-06-10T19:15:37.000000000Z,32,1,80420,38921.000000000,38921.000000000,38921.000000000,38921.000000000,1,YM
2024-06-10T19:15:38.000000000Z,32,1,80420,38921.000000000,38921.000000000,38921.000000000,38921.000000000,1,YM
2024-06-10T19:15:39.000000000Z,32,1,80420,38920.000000000,38920.000000000,38919.000000000,38920.000000000,10,YM
2024-06-10T19:15:40.000000000Z,32,1,80420,38920.000000000,38920.000000000,38916.000000000,38916.000000000,10,YM
2024-06-10T19:15:41.000000000Z,32,1,80420,38917.000000000,38918.000000000,38916.000000000,38916.000000000,17,YM
2024-06-10T19:15:42.000000000Z,32,1,80420,38917.000000000,38917.000000000,38914.000000000,38914.000000000,9,YM
2024-06-10T19:15:43.000000000Z,32,1,80420,38912.000000000,38912.000000000,38908.000000000,38908.000000000,24,YM
2024-06-10T19:15:44.000000000Z,32,1,80420,38908.000000000,38910.000000000,38907.000000000,38909.000000000,7,YM
2024-06-10T19:15:45.000000000Z,32,1,80420,38907.000000000,38910.000000000,38907.000000000,38910.000000000,13,YM
2024-06-10T19:15:46.000000000Z,32,1,80420,38911.000000000,38913.000000000,38911.000000000,38913.000000000,10,YM
2024-06-10T19:15:49.000000000Z,32,1,80420,38911.000000000,38912.000000000,38911.000000000,38912.000000000,11,YM
2024-06-10T19:15:50.000000000Z,32,1,80420,38913.000000000,38913.000000000,38913.000000000,38913.000000000,5,YM
2024-06-10T19:15:52.000000000Z,32,1,80420,38914.000000000,38914.000000000,38914.000000000,38914.000000000,2,YM
2024-06-10T19:15:53.000000000Z,32,1,80420,38914.000000000,38914.000000000,38913.000000000,38913.000000000,2,YM
2024-06-10T19:15:54.000000000Z,32,1,80420,38912.000000000,38912.000000000,38912.000000000,38912.000000000,5,YM
2024-06-10T19:15:57.000000000Z,32,1,80420,38911.000000000,38911.000000000,38911.000000000,38911.000000000,1,YM
2024-06-10T19:15:59.000000000Z,32,1,80420,38910.000000000,38911.000000000,38910.000000000,38910.000000000,6,YM
2024-06-10T19:16:00.000000000Z,32,1,80420,38910.000000000,38914.000000000,38910.000000000,38914.000000000,13,YM
2024-06-10T19:16:02.000000000Z,32,1,80420,38914.000000000,38914.000000000,38912.000000000,38912.000000000,9,YM
2024-06-10T19:16:03.000000000Z,32,1,80420,38910.000000000,38910.000000000,38909.000000000,38909.000000000,8,YM
2024-06-10T19:16:04.000000000Z,32,1,80420,38910.000000000,38911.000000000,38910.000000000,38911.000000000,8,YM
2024-06-10T19:16:05.000000000Z,32,1,80420,38909.000000000,38909.000000000,38909.000000000,38909.000000000,3,YM
2024-06-10T19:16:06.000000000Z,32,1,80420,38911.000000000,38911.000000000,38911.000000000,38911.000000000,6,YM
2024-06-10T19:16:08.000000000Z,32,1,80420,38912.000000000,38912.000000000,38912.000000000,38912.000000000,4,YM
2024-06-10T19:16:12.000000000Z,32,1,80420,38913.000000000,38913.000000000,38913.000000000,38913.000000000,2,YM
2024-06-10T19:16:13.000000000Z,32,1,80420,38913.000000000,38914.000000000,38913.000000000,38914.000000000,3,YM
2024-06-10T19:16:14.000000000Z,32,1,80420,38913.000000000,38913.000000000,38911.000000000,38911.000000000,2,YM
2024-06-10T19:16:15.000000000Z,32,1,80420,38912.000000000,38912.000000000,38911.000000000,38911.000000000,3,YM
2024-06-10T19:16:18.000000000Z,32,1,80420,38911.000000000,38911.000000000,38911.000000000,38911.000000000,1,YM
2024-06-10T19:16:20.000000000Z,32,1,80420,38912.000000000,38912.000000000,38912.000000000,38912.000000000,2,YM
2024-06-10T19:16:21.000000000Z,32,1,80420,38913.000000000,38913.000000000,38913.000000000,38913.000000000,2,YM
2024-06-10T19:16:23.000000000Z,32,1,80420,38914.000000000,38914.000000000,38914.000000000,38914.000000000,2,YM
2024-06-10T19:16:24.000000000Z,32,1,80420,38914.000000000,38915.000000000,38914.000000000,38915.000000000,4,YM
2024-06-10T19:16:25.000000000Z,32,1,80420,38915.000000000,38915.000000000,38914.000000000,38914.000000000,4,YM
2024-06-10T19:16:26.000000000Z,32,1,80420,38914.000000000,38914.000000000,38914.000000000,38914.000000000,2,YM
2024-06-10T19:16:28.000000000Z,32,1,80420,38913.000000000,38913.000000000,38913.000000000,38913.000000000,2,YM
2024-06-10T19:16:30.000000000Z,32,1,80420,38914.000000000,38914.000000000,38913.000000000,38914.000000000,5,YM
2024-06-10T19:16:31.000000000Z,32,1,80420,38913.000000000,38914.000000000,38913.000000000,38913.000000000,8,YM
2024-06-10T19:16:32.000000000Z,32,1,80420,38913.000000000,38913.000000000,38913.000000000,38913.000000000,1,YM
2024-06-10T19:16:33.000000000Z,32,1,80420,38914.000000000,38914.000000000,38914.000000000,38914.000000000,1,YM
2024-06-10T19:16:34.000000000Z,32,1,80420,38913.000000000,38913.000000000,38913.000000000,38913.000000000,1,YM
2024-06-10T19:16:41.000000000Z,32,1,80420,38913.000000000,38913.000000000,38912.000000000,38912.000000000,7,YM
2024-06-10T19:16:44.000000000Z,32,1,80420,38913.000000000,38913.000000000,38912.000000000,38912.000000000,4,YM
2024-06-10T19:16:45.000000000Z,32,1,80420,38912.000000000,38912.000000000,38910.000000000,38910.000000000,17,YM
2024-06-10T19:16:47.000000000Z,32,1,80420,38912.000000000,38912.000000000,38912.000000000,38912.000000000,4,YM
2024-06-10T19:16:48.000000000Z,32,1,80420,38910.000000000,38910.000000000,38909.000000000,38910.000000000,14,YM
2024-06-10T19:16:49.000000000Z,32,1,80420,38909.000000000,38909.000000000,38909.000000000,38909.000000000,1,YM
2024-06-10T19:16:52.000000000Z,32,1,80420,38908.000000000,38908.000000000,38906.000000000,38907.000000000,3,YM
2024-06-10T19:16:53.000000000Z,32,1,80420,38906.000000000,38909.000000000,38906.000000000,38909.000000000,4,YM
2024-06-10T19:16:54.000000000Z,32,1,80420,38909.000000000,38909.000000000,38908.000000000,38908.000000000,12,YM
2024-06-10T19:16:56.000000000Z,32,1,80420,38906.000000000,38906.000000000,38906.000000000,38906.000000000,1,YM
2024-06-10T19:16:58.000000000Z,32,1,80420,38908.000000000,38908.000000000,38908.000000000,38908.000000000,3,YM
2024-06-10T19:16:59.000000000Z,32,1,80420,38908.000000000,38908.000000000,38908.000000000,38908.000000000,1,YM
2024-06-10T19:17:00.000000000Z,32,1,80420,38905.000000000,38906.000000000,38904.000000000,38906.000000000,4,YM
2024-06-10T19:17:01.000000000Z,32,1,80420,38905.000000000,38905.000000000,38904.000000000,38905.000000000,11,YM
2024-06-10T19:17:02.000000000Z,32,1,80420,38904.000000000,38904.000000000,38900.000000000,38900.000000000,23,YM
2024-06-10T19:17:03.000000000Z,32,1,80420,38899.000000000,38901.000000000,38899.000000000,38901.000000000,10,YM
2024-06-10T19:17:04.000000000Z,32,1,80420,38900.000000000,38901.000000000,38900.000000000,38901.000000000,9,YM
2024-06-10T19:17:05.000000000Z,32,1,80420,38902.000000000,38903.000000000,38902.000000000,38903.000000000,8,YM
2024-06-10T19:17:07.000000000Z,32,1,80420,38903.000000000,38903.000000000,38903.000000000,38903.000000000,1,YM
2024-06-10T19:17:08.000000000Z,32,1,80420,38904.000000000,38904.000000000,38903.000000000,38903.000000000,4,YM
2024-06-10T19:17:09.000000000Z,32,1,80420,38904.000000000,38904.000000000,38904.000000000,38904.000000000,1,YM
2024-06-10T19:17:11.000000000Z,32,1,80420,38905.000000000,38905.000000000,38905.000000000,38905.000000000,4,YM
2024-06-10T19:17:12.000000000Z,32,1,80420,38903.000000000,38903.000000000,38903.000000000,38903.000000000,1,YM
2024-06-10T19:17:13.000000000Z,32,1,80420,38904.000000000,38904.000000000,38904.000000000,38904.000000000,1,YM
2024-06-10T19:17:14.000000000Z,32,1,80420,38903.000000000,38903.000000000,38903.000000000,38903.000000000,3,YM
2024-06-10T19:17:16.000000000Z,32,1,80420,38903.000000000,38903.000000000,38903.000000000,38903.000000000,2,YM
2024-06-10T19:17:20.000000000Z,32,1,80420,38902.000000000,38902.000000000,38902.000000000,38902.000000000,1,YM
2024-06-10T19:17:21.000000000Z,32,1,80420,38903.000000000,38903.000000000,38903.000000000,38903.000000000,6,YM
2024-06-10T19:17:23.000000000Z,32,1,80420,38904.000000000,38904.000000000,38904.000000000,38904.000000000,2,YM
2024-06-10T19:17:24.000000000Z,32,1,80420,38904.000000000,38904.000000000,38904.000000000,38904.000000000,1,YM
2024-06-10T19:17:26.000000000Z,32,1,80420,38902.000000000,38902.000000000,38902.000000000,38902.000000000,3,YM
2024-06-10T19:17:30.000000000Z,32,1,80420,38901.000000000,38901.000000000,38901.000000000,38901.000000000,1,YM
2024-06-10T19:17:31.000000000Z,32,1,80420,38902.000000000,38902.000000000,38901.000000000,38901.000000000,3,YM
2024-06-10T19:17:32.000000000Z,32,1,80420,38900.000000000,38900.000000000,38899.000000000,38899.000000000,6,YM
2024-06-10T19:17:33.000000000Z,32,1,80420,38899.000000000,38900.000000000,38899.000000000,38900.000000000,3,YM
2024-06-10T19:17:35.000000000Z,32,1,80420,38903.000000000,38904.000000000,38903.000000000,38904.000000000,3,YM
2024-06-10T19:17:36.000000000Z,32,1,80420,38904.000000000,38904.000000000,38904.000000000,38904.000000000,7,YM
2024-06-10T19:17:37.000000000Z,32,1,80420,38903.000000000,38903.000000000,38903.000000000,38903.000000000,1,YM
2024-06-10T19:17:38.000000000Z,32,1,80420,38903.000000000,38903.000000000,38903.000000000,38903.000000000,1,YM
2024-06-10T19:17:41.000000000Z,32,1,80420,38904.000000000,38904.000000000,38904.000000000,38904.000000000,1,YM
2024-06-10T19:17:42.000000000Z,32,1,80420,38904.000000000,38905.000000000,38904.000000000,38905.000000000,2,YM
2024-06-10T19:17:43.000000000Z,32,1,80420,38903.000000000,38903.000000000,38903.000000000,38903.000000000,2,YM
2024-06-10T19:17:45.000000000Z,32,1,80420,38903.000000000,38903.000000000,38902.000000000,38902.000000000,4,YM
2024-06-10T19:17:46.000000000Z,32,1,80420,38903.000000000,38903.000000000,38903.000000000,38903.000000000,1,YM
2024-06-10T19:17:50.000000000Z,32,1,80420,38903.000000000,38903.000000000,38903.000000000,38903.000000000,1,YM
2024-06-10T19:17:51.000000000Z,32,1,80420,38903.000000000,38903.000000000,38900.000000000,38900.000000000,7,YM
2024-06-10T19:17:52.000000000Z,32,1,80420,38900.000000000,38900.000000000,38900.000000000,38900.000000000,2,YM
2024-06-10T19:17:53.000000000Z,32,1,80420,38901.000000000,38901.000000000,38901.000000000,38901.000000000,1,YM
2024-06-10T19:17:56.000000000Z,32,1,80420,38901.000000000,38901.000000000,38901.000000000,38901.000000000,1,YM
2024-06-10T19:17:57.000000000Z,32,1,80420,38901.000000000,38901.000000000,38901.000000000,38901.000000000,1,YM
2024-06-10T19:17:58.000000000Z,32,1,80420,38900.000000000,38900.000000000,38900.000000000,38900.000000000,1,YM
2024-06-10T19:17:59.000000000Z,32,1,80420,38901.000000000,38901.000000000,38901.000000000,38901.000000000,3,YM
2024-06-10T19:18:01.000000000Z,32,1,80420,38901.000000000,38901.000000000,38901.000000000,38901.000000000,2,YM
2024-06-10T19:18:02.000000000Z,32,1,80420,38902.000000000,38903.000000000,38902.000000000,38903.000000000,4,YM
2024-06-10T19:18:03.000000000Z,32,1,80420,38902.000000000,38902.000000000,38902.000000000,38902.000000000,2,YM
2024-06-10T19:18:04.000000000Z,32,1,80420,38901.000000000,38901.000000000,38901.000000000,38901.000000000,1,YM
2024-06-10T19:18:05.000000000Z,32,1,80420,38900.000000000,38900.000000000,38900.000000000,38900.000000000,5,YM
2024-06-10T19:18:06.000000000Z,32,1,80420,38900.000000000,38901.000000000,38900.000000000,38901.000000000,4,YM
2024-06-10T19:18:07.000000000Z,32,1,80420,38900.000000000,38900.000000000,38899.000000000,38899.000000000,7,YM
2024-06-10T19:18:08.000000000Z,32,1,80420,38898.000000000,38898.000000000,38898.000000000,38898.000000000,3,YM
2024-06-10T19:18:11.000000000Z,32,1,80420,38899.000000000,38899.000000000,38899.000000000,38899.000000000,4,YM
2024-06-10T19:18:12.000000000Z,32,1,80420,38899.000000000,38900.000000000,38899.000000000,38900.000000000,3,YM
2024-06-10T19:18:15.000000000Z,32,1,80420,38900.000000000,38900.000000000,38900.000000000,38900.000000000,2,YM
2024-06-10T19:18:16.000000000Z,32,1,80420,38898.000000000,38898.000000000,38898.000000000,38898.000000000,1,YM
2024-06-10T19:18:17.000000000Z,32,1,80420,38899.000000000,38899.000000000,38899.000000000,38899.000000000,1,YM
2024-06-10T19:18:19.000000000Z,32,1,80420,38900.000000000,38903.000000000,38900.000000000,38903.000000000,13,YM
2024-06-10T19:18:21.000000000Z,32,1,80420,38902.000000000,38902.000000000,38902.000000000,38902.000000000,1,YM
2024-06-10T19:18:23.000000000Z,32,1,80420,38903.000000000,38903.000000000,38903.000000000,38903.000000000,2,YM
2024-06-10T19:18:25.000000000Z,32,1,80420,38903.000000000,38903.000000000,38903.000000000,38903.000000000,1,YM
2024-06-10T19:18:27.000000000Z,32,1,80420,38905.000000000,38905.000000000,38905.000000000,38905.000000000,3,YM
2024-06-10T19:18:29.000000000Z,32,1,80420,38905.000000000,38905.000000000,38905.000000000,38905.000000000,2,YM
2024-06-10T19:18:32.000000000Z,32,1,80420,38906.000000000,38906.000000000,38906.000000000,38906.000000000,3,YM
2024-06-10T19:18:33.000000000Z,32,1,80420,38907.000000000,38907.000000000,38907.000000000,38907.000000000,4,YM
2024-06-10T19:18:34.000000000Z,32,1,80420,38908.000000000,38909.000000000,38908.000000000,38909.000000000,2,YM
2024-06-10T19:18:35.000000000Z,32,1,80420,38908.000000000,38908.000000000,38908.000000000,38908.000000000,2,YM
2024-06-10T19:18:36.000000000Z,32,1,80420,38910.000000000,38910.000000000,38910.000000000,38910.000000000,1,YM
2024-06-10T19:18:37.000000000Z,32,1,80420,38910.000000000,38910.000000000,38910.000000000,38910.000000000,1,YM
2024-06-10T19:18:38.000000000Z,32,1,80420,38910.000000000,38910.000000000,38909.000000000,38909.000000000,6,YM
2024-06-10T19:18:39.000000000Z,32,1,80420,38908.000000000,38908.000000000,38908.000000000,38908.000000000,1,YM
2024-06-10T19:18:42.000000000Z,32,1,80420,38907.000000000,38907.000000000,38907.000000000,38907.000000000,1,YM
2024-06-10T19:18:44.000000000Z,32,1,80420,38907.000000000,38907.000000000,38907.000000000,38907.000000000,2,YM
2024-06-10T19:18:48.000000000Z,32,1,80420,38907.000000000,38907.000000000,38907.000000000,38907.000000000,1,YM
2024-06-10T19:18:49.000000000Z,32,1,80420,38906.000000000,38906.000000000,38906.000000000,38906.000000000,2,YM
2024-06-10T19:18:51.000000000Z,32,1,80420,38907.000000000,38907.000000000,38907.000000000,38907.000000000,1,YM
2024-06-10T19:18:54.000000000Z,32,1,80420,38906.000000000,38906.000000000,38906.000000000,38906.000000000,2,YM
2024-06-10T19:18:56.000000000Z,32,1,80420,38907.000000000,38907.000000000,38907.000000000,38907.000000000,2,YM
2024-06-10T19:18:58.000000000Z,32,1,80420,38906.000000000,38906.000000000,38906.000000000,38906.000000000,2,YM
2024-06-10T19:18:59.000000000Z,32,1,80420,38906.000000000,38906.000000000,38906.000000000,38906.000000000,1,YM
2024-06-10T19:19:03.000000000Z,32,1,80420,38905.000000000,38906.000000000,38905.000000000,38906.000000000,2,YM
2024-06-10T19:19:04.000000000Z,32,1,80420,38906.000000000,38906.000000000,38906.000000000,38906.000000000,1,YM
2024-06-10T19:19:06.000000000Z,32,1,80420,38907.000000000,38908.000000000,38907.000000000,38908.000000000,17,YM
2024-06-10T19:19:09.000000000Z,32,1,80420,38908.000000000,38908.000000000,38908.000000000,38908.000000000,6,YM
2024-06-10T19:19:10.000000000Z,32,1,80420,38907.000000000,38907.000000000,38907.000000000,38907.000000000,1,YM
2024-06-10T19:19:11.000000000Z,32,1,80420,38907.000000000,38909.000000000,38907.000000000,38907.000000000,39,YM
2024-06-10T19:19:12.000000000Z,32,1,80420,38908.000000000,38908.000000000,38908.000000000,38908.000000000,1,YM
2024-06-10T19:19:14.000000000Z,32,1,80420,38909.000000000,38909.000000000,38909.000000000,38909.000000000,5,YM
2024-06-10T19:19:15.000000000Z,32,1,80420,38908.000000000,38908.000000000,38907.000000000,38908.000000000,4,YM
2024-06-10T19:19:17.000000000Z,32,1,80420,38907.000000000,38907.000000000,38907.000000000,38907.000000000,1,YM
2024-06-10T19:19:18.000000000Z,32,1,80420,38908.000000000,38908.000000000,38906.000000000,38906.000000000,4,YM
2024-06-10T19:19:19.000000000Z,32,1,80420,38906.000000000,38906.000000000,38906.000000000,38906.000000000,1,YM
2024-06-10T19:19:21.000000000Z,32,1,80420,38908.000000000,38908.000000000,38908.000000000,38908.000000000,1,YM
2024-06-10T19:19:22.000000000Z,32,1,80420,38907.000000000,38909.000000000,38907.000000000,38909.000000000,12,YM
2024-06-10T19:19:23.000000000Z,32,1,80420,38910.000000000,38913.000000000,38910.000000000,38913.000000000,10,YM
2024-06-10T19:19:25.000000000Z,32,1,80420,38911.000000000,38912.000000000,38911.000000000,38912.000000000,3,YM
2024-06-10T19:19:26.000000000Z,32,1,80420,38913.000000000,38913.000000000,38913.000000000,38913.000000000,1,YM
2024-06-10T19:19:27.000000000Z,32,1,80420,38912.000000000,38912.000000000,38912.000000000,38912.000000000,1,YM
2024-06-10T19:19:28.000000000Z,32,1,80420,38912.000000000,38912.000000000,38912.000000000,38912.000000000,1,YM
2024-06-10T19:19:29.000000000Z,32,1,80420,38912.000000000,38912.000000000,38912.000000000,38912.000000000,1,YM
2024-06-10T19:19:30.000000000Z,32,1,80420,38912.000000000,38912.000000000,38912.000000000,38912.000000000,2,YM
2024-06-10T19:19:31.000000000Z,32,1,80420,38911.000000000,38911.000000000,38910.000000000,38910.000000000,3,YM
2024-06-10T19:19:32.000000000Z,32,1,80420,38911.000000000,38912.000000000,38911.000000000,38911.000000000,4,YM
2024-06-10T19:19:35.000000000Z,32,1,80420,38910.000000000,38910.000000000,38909.000000000,38909.000000000,4,YM
2024-06-10T19:19:36.000000000Z,32,1,80420,38908.000000000,38908.000000000,38907.000000000,38907.000000000,4,YM
2024-06-10T19:19:39.000000000Z,32,1,80420,38908.000000000,38908.000000000,38908.000000000,38908.000000000,4,YM
2024-06-10T19:19:40.000000000Z,32,1,80420,38908.000000000,38908.000000000,38908.000000000,38908.000000000,2,YM
2024-06-10T19:19:41.000000000Z,32,1,80420,38908.000000000,38908.000000000,38908.000000000,38908.000000000,1,YM
2024-06-10T19:19:42.000000000Z,32,1,80420,38909.000000000,38909.000000000,38909.000000000,38909.000000000,1,YM
2024-06-10T19:19:45.000000000Z,32,1,80420,38907.000000000,38907.000000000,38907.000000000,38907.000000000,1,YM
2024-06-10T19:19:47.000000000Z,32,1,80420,38907.000000000,38907.000000000,38907.000000000,38907.000000000,1,YM
2024-06-10T19:19:50.000000000Z,32,1,80420,38908.000000000,38908.000000000,38908.000000000,38908.000000000,1,YM
2024-06-10T19:19:51.000000000Z,32,1,80420,38908.000000000,38908.000000000,38908.000000000,38908.000000000,6,YM
2024-06-10T19:19:52.000000000Z,32,1,80420,38908.000000000,38908.000000000,38908.000000000,38908.000000000,5,YM
2024-06-10T19:19:53.000000000Z,32,1,80420,38908.000000000,38909.000000000,38908.000000000,38909.000000000,3,YM
2024-06-10T19:19:55.000000000Z,32,1,80420,38909.000000000,38909.000000000,38909.000000000,38909.000000000,1,YM
2024-06-10T19:19:57.000000000Z,32,1,80420,38908.000000000,38908.000000000,38907.000000000,38907.000000000,4,YM
2024-06-10T19:19:59.000000000Z,32,1,80420,38909.000000000,38909.000000000,38909.000000000,38909.000000000,1,YM
2024-06-10T19:20:00.000000000Z,32,1,80420,38911.000000000,38911.000000000,38911.000000000,38911.000000000,3,YM
2024-06-10T19:20:01.000000000Z,32,1,80420,38911.000000000,38911.000000000,38911.000000000,38911.000000000,1,YM
2024-06-10T19:20:02.000000000Z,32,1,80420,38909.000000000,38911.000000000,38909.000000000,38911.000000000,3,YM
2024-06-10T19:20:03.000000000Z,32,1,80420,38909.000000000,38909.000000000,38908.000000000,38908.000000000,3,YM
2024-06-10T19:20:04.000000000Z,32,1,80420,38909.000000000,38909.000000000,38909.000000000,38909.000000000,8,YM
2024-06-10T19:20:06.000000000Z,32,1,80420,38909.000000000,38909.000000000,38909.000000000,38909.000000000,1,YM
2024-06-10T19:20:08.000000000Z,32,1,80420,38909.000000000,38909.000000000,38909.000000000,38909.000000000,1,YM
2024-06-10T19:20:10.000000000Z,32,1,80420,38910.000000000,38910.000000000,38910.000000000,38910.000000000,7,YM
2024-06-10T19:20:12.000000000Z,32,1,80420,38912.000000000,38912.000000000,38912.000000000,38912.000000000,3,YM
2024-06-10T19:20:14.000000000Z,32,1,80420,38910.000000000,38910.000000000,38910.000000000,38910.000000000,3,YM
2024-06-10T19:20:15.000000000Z,32,1,80420,38910.000000000,38910.000000000,38910.000000000,38910.000000000,3,YM
2024-06-10T19:20:16.000000000Z,32,1,80420,38909.000000000,38909.000000000,38909.000000000,38909.000000000,4,YM
2024-06-10T19:20:17.000000000Z,32,1,80420,38908.000000000,38909.000000000,38908.000000000,38909.000000000,4,YM
2024-06-10T19:20:18.000000000Z,32,1,80420,38907.000000000,38907.000000000,38907.000000000,38907.000000000,5,YM
2024-06-10T19:20:20.000000000Z,32,1,80420,38908.000000000,38908.000000000,38908.000000000,38908.000000000,1,YM
2024-06-10T19:20:21.000000000Z,32,1,80420,38906.000000000,38906.000000000,38906.000000000,38906.000000000,4,YM
2024-06-10T19:20:22.000000000Z,32,1,80420,38904.000000000,38905.000000000,38903.000000000,38905.000000000,13,YM
2024-06-10T19:20:24.000000000Z,32,1,80420,38907.000000000,38908.000000000,38907.000000000,38908.000000000,5,YM
2024-06-10T19:20:28.000000000Z,32,1,80420,38909.000000000,38909.000000000,38909.000000000,38909.000000000,1,YM
2024-06-10T19:20:30.000000000Z,32,1,80420,38910.000000000,38910.000000000,38910.000000000,38910.000000000,2,YM
2024-06-10T19:20:32.000000000Z,32,1,80420,38912.000000000,38912.000000000,38912.000000000,38912.000000000,2,YM
2024-06-10T19:20:33.000000000Z,32,1,80420,38913.000000000,38913.000000000,38912.000000000,38912.000000000,12,YM
2024-06-10T19:20:34.000000000Z,32,1,80420,38912.000000000,38913.000000000,38911.000000000,38911.000000000,7,YM
2024-06-10T19:20:36.000000000Z,32,1,80420,38910.000000000,38911.000000000,38910.000000000,38911.000000000,13,YM
2024-06-10T19:20:37.000000000Z,32,1,80420,38909.000000000,38909.000000000,38909.000000000,38909.000000000,2,YM
2024-06-10T19:20:40.000000000Z,32,1,80420,38909.000000000,38909.000000000,38909.000000000,38909.000000000,3,YM
2024-06-10T19:20:42.000000000Z,32,1,80420,38909.000000000,38909.000000000,38909.000000000,38909.000000000,1,YM
2024-06-10T19:20:43.000000000Z,32,1,80420,38909.000000000,38909.000000000,38909.000000000,38909.000000000,1,YM
2024-06-10T19:20:49.000000000Z,32,1,80420,38909.000000000,38909.000000000,38909.000000000,38909.000000000,3,YM
2024-06-10T19:20:51.000000000Z,32,1,80420,38909.000000000,38909.000000000,38909.000000000,38909.000000000,3,YM
2024-06-10T19:20:52.000000000Z,32,1,80420,38909.000000000,38909.000000000,38909.000000000,38909.000000000,1,YM
2024-06-10T19:20:54.000000000Z,32,1,80420,38909.000000000,38909.000000000,38909.000000000,38909.000000000,5,YM
2024-06-10T19:20:56.000000000Z,32,1,80420,38910.000000000,38910.000000000,38910.000000000,38910.000000000,1,YM
2024-06-10T19:20:57.000000000Z,32,1,80420,38909.000000000,38910.000000000,38909.000000000,38910.000000000,5,YM
2024-06-10T19:20:59.000000000Z,32,1,80420,38909.000000000,38909.000000000,38909.000000000,38909.000000000,1,YM
2024-06-10T19:21:00.000000000Z,32,1,80420,38909.000000000,38909.000000000,38909.000000000,38909.000000000,1,YM
2024-06-10T19:21:01.000000000Z,32,1,80420,38910.000000000,38912.000000000,38910.000000000,38912.000000000,21,YM
2024-06-10T19:21:02.000000000Z,32,1,80420,38911.000000000,38911.000000000,38911.000000000,38911.000000000,1,YM
2024-06-10T19:21:03.000000000Z,32,1,80420,38912.000000000,38912.000000000,38912.000000000,38912.000000000,2,YM
2024-06-10T19:21:04.000000000Z,32,1,80420,38912.000000000,38912.000000000,38912.000000000,38912.000000000,1,YM
2024-06-10T19:21:05.000000000Z,32,1,80420,38912.000000000,38912.000000000,38911.000000000,38911.000000000,3,YM
2024-06-10T19:21:06.000000000Z,32,1,80420,38911.000000000,38911.000000000,38911.000000000,38911.000000000,1,YM
2024-06-10T19:21:07.000000000Z,32,1,80420,38911.000000000,38911.000000000,38911.000000000,38911.000000000,2,YM
2024-06-10T19:21:09.000000000Z,32,1,80420,38912.000000000,38912.000000000,38912.000000000,38912.000000000,12,YM
2024-06-10T19:21:10.000000000Z,32,1,80420,38911.000000000,38911.000000000,38911.000000000,38911.000000000,1,YM
2024-06-10T19:21:11.000000000Z,32,1,80420,38912.000000000,38912.000000000,38912.000000000,38912.000000000,3,YM
2024-06-10T19:21:12.000000000Z,32,1,80420,38912.000000000,38912.000000000,38912.000000000,38912.000000000,2,YM
2024-06-10T19:21:13.000000000Z,32,1,80420,38912.000000000,38912.000000000,38912.000000000,38912.000000000,4,YM
2024-06-10T19:21:15.000000000Z,32,1,80420,38914.000000000,38914.000000000,38914.000000000,38914.000000000,1,YM
2024-06-10T19:21:16.000000000Z,32,1,80420,38913.000000000,38913.000000000,38913.000000000,38913.000000000,1,YM
2024-06-10T19:21:17.000000000Z,32,1,80420,38912.000000000,38912.000000000,38912.000000000,38912.000000000,2,YM
2024-06-10T19:21:18.000000000Z,32,1,80420,38913.000000000,38913.000000000,38913.000000000,38913.000000000,1,YM
2024-06-10T19:21:21.000000000Z,32,1,80420,38913.000000000,38913.000000000,38911.000000000,38911.000000000,3,YM
2024-06-10T19:21:23.000000000Z,32,1,80420,38911.000000000,38911.000000000,38910.000000000,38910.000000000,7,YM
2024-06-10T19:21:24.000000000Z,32,1,80420,38910.000000000,38910.000000000,38910.000000000,38910.000000000,1,YM
2024-06-10T19:21:26.000000000Z,32,1,80420,38911.000000000,38911.000000000,38911.000000000,38911.000000000,1,YM
2024-06-10T19:21:29.000000000Z,32,1,80420,38914.000000000,38914.000000000,38914.000000000,38914.000000000,3,YM
2024-06-10T19:21:31.000000000Z,32,1,80420,38914.000000000,38914.000000000,38914.000000000,38914.000000000,4,YM
2024-06-10T19:21:32.000000000Z,32,1,80420,38915.000000000,38915.000000000,38915.000000000,38915.000000000,3,YM
2024-06-10T19:21:33.000000000Z,32,1,80420,38916.000000000,38917.000000000,38916.000000000,38916.000000000,7,YM
2024-06-10T19:21:34.000000000Z,32,1,80420,38917.000000000,38917.000000000,38917.000000000,38917.000000000,2,YM
2024-06-10T19:21:35.000000000Z,32,1,80420,38917.000000000,38917.000000000,38917.000000000,38917.000000000,2,YM
2024-06-10T19:21:36.000000000Z,32,1,80420,38918.000000000,38919.000000000,38918.000000000,38919.000000000,6,YM
2024-06-10T19:21:37.000000000Z,32,1,80420,38917.000000000,38917.000000000,38917.000000000,38917.000000000,3,YM
2024-06-10T19:21:38.000000000Z,32,1,80420,38917.000000000,38917.000000000,38917.000000000,38917.000000000,1,YM
2024-06-10T19:21:39.000000000Z,32,1,80420,38918.000000000,38918.000000000,38918.000000000,38918.000000000,1,YM
2024-06-10T19:21:40.000000000Z,32,1,80420,38918.000000000,38918.000000000,38918.000000000,38918.000000000,1,YM
2024-06-10T19:21:41.000000000Z,32,1,80420,38916.000000000,38916.000000000,38916.000000000,38916.000000000,1,YM
2024-06-10T19:21:42.000000000Z,32,1,80420,38916.000000000,38916.000000000,38915.000000000,38915.000000000,4,YM
2024-06-10T19:21:44.000000000Z,32,1,80420,38914.000000000,38914.000000000,38914.000000000,38914.000000000,1,YM
2024-06-10T19:21:45.000000000Z,32,1,80420,38915.000000000,38917.000000000,38915.000000000,38917.000000000,20,YM
2024-06-10T19:21:48.000000000Z,32,1,80420,38917.000000000,38917.000000000,38917.000000000,38917.000000000,1,YM
2024-06-10T19:21:49.000000000Z,32,1,80420,38917.000000000,38917.000000000,38917.000000000,38917.000000000,3,YM
2024-06-10T19:21:50.000000000Z,32,1,80420,38915.000000000,38915.000000000,38915.000000000,38915.000000000,2,YM
2024-06-10T19:21:53.000000000Z,32,1,80420,38915.000000000,38915.000000000,38915.000000000,38915.000000000,2,YM
2024-06-10T19:21:55.000000000Z,32,1,80420,38915.000000000,38915.000000000,38915.000000000,38915.000000000,4,YM
2024-06-10T19:21:57.000000000Z,32,1,80420,38915.000000000,38915.000000000,38915.000000000,38915.000000000,1,YM
2024-06-10T19:21:58.000000000Z,32,1,80420,38916.000000000,38916.000000000,38916.000000000,38916.000000000,4,YM
2024-06-10T19:21:59.000000000Z,32,1,80420,38914.000000000,38914.000000000,38914.000000000,38914.000000000,6,YM
2024-06-10T19:22:01.000000000Z,32,1,80420,38916.000000000,38916.000000000,38916.000000000,38916.000000000,5,YM
2024-06-10T19:22:05.000000000Z,32,1,80420,38917.000000000,38917.000000000,38917.000000000,38917.000000000,3,YM
2024-06-10T19:22:06.000000000Z,32,1,80420,38918.000000000,38918.000000000,38918.000000000,38918.000000000,9,YM
2024-06-10T19:22:08.000000000Z,32,1,80420,38917.000000000,38917.000000000,38917.000000000,38917.000000000,1,YM
2024-06-10T19:22:09.000000000Z,32,1,80420,38917.000000000,38917.000000000,38917.000000000,38917.000000000,1,YM
2024-06-10T19:22:10.000000000Z,32,1,80420,38917.000000000,38917.000000000,38917.000000000,38917.000000000,2,YM
2024-06-10T19:22:11.000000000Z,32,1,80420,38916.000000000,38916.000000000,38916.000000000,38916.000000000,2,YM
2024-06-10T19:22:15.000000000Z,32,1,80420,38917.000000000,38917.000000000,38917.000000000,38917.000000000,3,YM
2024-06-10T19:22:16.000000000Z,32,1,80420,38918.000000000,38919.000000000,38918.000000000,38918.000000000,8,YM
2024-06-10T19:22:17.000000000Z,32,1,80420,38918.000000000,38918.000000000,38918.000000000,38918.000000000,2,YM
2024-06-10T19:22:18.000000000Z,32,1,80420,38918.000000000,38918.000000000,38918.000000000,38918.000000000,2,YM
2024-06-10T19:22:19.000000000Z,32,1,80420,38917.000000000,38917.000000000,38917.000000000,38917.000000000,2,YM
2024-06-10T19:22:20.000000000Z,32,1,80420,38919.000000000,38919.000000000,38919.000000000,38919.000000000,6,YM
2024-06-10T19:22:21.000000000Z,32,1,80420,38920.000000000,38920.000000000,38920.000000000,38920.000000000,5,YM
2024-06-10T19:22:23.000000000Z,32,1,80420,38922.000000000,38922.000000000,38922.000000000,38922.000000000,1,YM
2024-06-10T19:22:24.000000000Z,32,1,80420,38922.000000000,38924.000000000,38922.000000000,38924.000000000,21,YM
2024-06-10T19:22:25.000000000Z,32,1,80420,38924.000000000,38926.000000000,38924.000000000,38926.000000000,5,YM
2024-06-10T19:22:27.000000000Z,32,1,80420,38924.000000000,38925.000000000,38924.000000000,38924.000000000,3,YM
2024-06-10T19:22:28.000000000Z,32,1,80420,38924.000000000,38924.000000000,38923.000000000,38923.000000000,14,YM
2024-06-10T19:22:29.000000000Z,32,1,80420,38923.000000000,38923.000000000,38921.000000000,38921.000000000,7,YM
2024-06-10T19:22:32.000000000Z,32,1,80420,38920.000000000,38920.000000000,38920.000000000,38920.000000000,4,YM
2024-06-10T19:22:33.000000000Z,32,1,80420,38919.000000000,38919.000000000,38919.000000000,38919.000000000,2,YM
2024-06-10T19:22:36.000000000Z,32,1,80420,38917.000000000,38917.000000000,38916.000000000,38916.000000000,2,YM
2024-06-10T19:22:37.000000000Z,32,1,80420,38917.000000000,38917.000000000,38917.000000000,38917.000000000,2,YM
2024-06-10T19:22:38.000000000Z,32,1,80420,38917.000000000,38917.000000000,38917.000000000,38917.000000000,1,YM
2024-06-10T19:22:41.000000000Z,32,1,80420,38917.000000000,38917.000000000,38917.000000000,38917.000000000,3,YM
2024-06-10T19:22:44.000000000Z,32,1,80420,38916.000000000,38916.000000000,38916.000000000,38916.000000000,2,YM
2024-06-10T19:22:45.000000000Z,32,1,80420,38915.000000000,38915.000000000,38914.000000000,38914.000000000,5,YM
2024-06-10T19:22:47.000000000Z,32,1,80420,38913.000000000,38913.000000000,38913.000000000,38913.000000000,4,YM
2024-06-10T19:22:49.000000000Z,32,1,80420,38911.000000000,38913.000000000,38911.000000000,38911.000000000,20,YM
2024-06-10T19:22:50.000000000Z,32,1,80420,38911.000000000,38911.000000000,38910.000000000,38911.000000000,9,YM
2024-06-10T19:22:51.000000000Z,32,1,80420,38911.000000000,38912.000000000,38911.000000000,38911.000000000,9,YM
2024-06-10T19:22:52.000000000Z,32,1,80420,38912.000000000,38912.000000000,38911.000000000,38911.000000000,4,YM
2024-06-10T19:22:55.000000000Z,32,1,80420,38912.000000000,38912.000000000,38912.000000000,38912.000000000,4,YM
2024-06-10T19:22:57.000000000Z,32,1,80420,38911.000000000,38911.000000000,38910.000000000,38910.000000000,2,YM
2024-06-10T19:22:58.000000000Z,32,1,80420,38908.000000000,38908.000000000,38907.000000000,38907.000000000,20,YM
2024-06-10T19:22:59.000000000Z,32,1,80420,38906.000000000,38906.000000000,38904.000000000,38906.000000000,15,YM
2024-06-10T19:23:00.000000000Z,32,1,80420,38907.000000000,38907.000000000,38906.000000000,38906.000000000,3,YM
2024-06-10T19:23:01.000000000Z,32,1,80420,38907.000000000,38907.000000000,38904.000000000,38904.000000000,8,YM
2024-06-10T19:23:02.000000000Z,32,1,80420,38906.000000000,38906.000000000,38906.000000000,38906.000000000,1,YM
2024-06-10T19:23:03.000000000Z,32,1,80420,38907.000000000,38907.000000000,38907.000000000,38907.000000000,1,YM
2024-06-10T19:23:04.000000000Z,32,1,80420,38905.000000000,38906.000000000,38905.000000000,38906.000000000,13,YM
2024-06-10T19:23:05.000000000Z,32,1,80420,38906.000000000,38906.000000000,38906.000000000,38906.000000000,5,YM
2024-06-10T19:23:06.000000000Z,32,1,80420,38905.000000000,38907.000000000,38905.000000000,38906.000000000,12,YM
2024-06-10T19:23:08.000000000Z,32,1,80420,38907.000000000,38907.000000000,38907.000000000,38907.000000000,2,YM
2024-06-10T19:23:09.000000000Z,32,1,80420,38908.000000000,38908.000000000,38907.000000000,38907.000000000,6,YM
2024-06-10T19:23:10.000000000Z,32,1,80420,38905.000000000,38906.000000000,38905.000000000,38906.000000000,3,YM
2024-06-10T19:23:13.000000000Z,32,1,80420,38906.000000000,38906.000000000,38906.000000000,38906.000000000,4,YM
2024-06-10T19:23:18.000000000Z,32,1,80420,38907.000000000,38907.000000000,38907.000000000,38907.000000000,1,YM
2024-06-10T19:23:23.000000000Z,32,1,80420,38906.000000000,38906.000000000,38906.000000000,38906.000000000,2,YM
2024-06-10T19:23:25.000000000Z,32,1,80420,38906.000000000,38906.000000000,38906.000000000,38906.000000000,1,YM
2024-06-10T19:23:26.000000000Z,32,1,80420,38906.000000000,38906.000000000,38905.000000000,38905.000000000,8,YM
2024-06-10T19:23:27.000000000Z,32,1,80420,38906.000000000,38906.000000000,38906.000000000,38906.000000000,4,YM
2024-06-10T19:23:29.000000000Z,32,1,80420,38906.000000000,38906.000000000,38906.000000000,38906.000000000,1,YM
2024-06-10T19:23:30.000000000Z,32,1,80420,38905.000000000,38905.000000000,38904.000000000,38904.000000000,2,YM
2024-06-10T19:23:31.000000000Z,32,1,80420,38903.000000000,38903.000000000,38903.000000000,38903.000000000,1,YM
2024-06-10T19:23:32.000000000Z,32,1,80420,38903.000000000,38903.000000000,38903.000000000,38903.000000000,6,YM
2024-06-10T19:23:37.000000000Z,32,1,80420,38904.000000000,38904.000000000,38903.000000000,38903.000000000,5,YM
2024-06-10T19:23:39.000000000Z,32,1,80420,38903.000000000,38903.000000000,38903.000000000,38903.000000000,3,YM
2024-06-10T19:23:47.000000000Z,32,1,80420,38904.000000000,38906.000000000,38904.000000000,38906.000000000,7,YM
2024-06-10T19:23:49.000000000Z,32,1,80420,38906.000000000,38906.000000000,38906.000000000,38906.000000000,1,YM
2024-06-10T19:23:50.000000000Z,32,1,80420,38905.000000000,38905.000000000,38904.000000000,38904.000000000,6,YM
2024-06-10T19:23:52.000000000Z,32,1,80420,38904.000000000,38904.000000000,38904.000000000,38904.000000000,1,YM
2024-06-10T19:23:53.000000000Z,32,1,80420,38904.000000000,38904.000000000,38904.000000000,38904.000000000,4,YM
2024-06-10T19:23:54.000000000Z,32,1,80420,38903.000000000,38903.000000000,38902.000000000,38902.000000000,4,YM
2024-06-10T19:23:55.000000000Z,32,1,80420,38901.000000000,38901.000000000,38901.000000000,38901.000000000,4,YM
2024-06-10T19:23:57.000000000Z,32,1,80420,38900.000000000,38900.000000000,38899.000000000,38899.000000000,16,YM
2024-06-10T19:23:58.000000000Z,32,1,80420,38899.000000000,38899.000000000,38899.000000000,38899.000000000,1,YM
2024-06-10T19:23:59.000000000Z,32,1,80420,38899.000000000,38899.000000000,38898.000000000,38898.000000000,8,YM
2024-06-10T19:24:00.000000000Z,32,1,80420,38899.000000000,38900.000000000,38898.000000000,38900.000000000,8,YM
2024-06-10T19:24:01.000000000Z,32,1,80420,38900.000000000,38901.000000000,38899.000000000,38901.000000000,15,YM
2024-06-10T19:24:02.000000000Z,32,1,80420,38903.000000000,38903.000000000,38903.000000000,38903.000000000,2,YM
2024-06-10T19:24:03.000000000Z,32,1,80420,38902.000000000,38902.000000000,38902.000000000,38902.000000000,3,YM
2024-06-10T19:24:05.000000000Z,32,1,80420,38903.000000000,38903.000000000,38903.000000000,38903.000000000,1,YM
2024-06-10T19:24:06.000000000Z,32,1,80420,38903.000000000,38903.000000000,38903.000000000,38903.000000000,1,YM
2024-06-10T19:24:08.000000000Z,32,1,80420,38903.000000000,38903.000000000,38903.000000000,38903.000000000,1,YM
2024-06-10T19:24:09.000000000Z,32,1,80420,38903.000000000,38903.000000000,38903.000000000,38903.000000000,2,YM
2024-06-10T19:24:11.000000000Z,32,1,80420,38903.000000000,38903.000000000,38902.000000000,38902.000000000,3,YM
2024-06-10T19:24:12.000000000Z,32,1,80420,38903.000000000,38903.000000000,38903.000000000,38903.000000000,2,YM
2024-06-10T19:24:13.000000000Z,32,1,80420,38902.000000000,38902.000000000,38902.000000000,38902.000000000,3,YM
2024-06-10T19:24:14.000000000Z,32,1,80420,38901.000000000,38901.000000000,38901.000000000,38901.000000000,2,YM
2024-06-10T19:24:16.000000000Z,32,1,80420,38902.000000000,38902.000000000,38902.000000000,38902.000000000,1,YM
2024-06-10T19:24:17.000000000Z,32,1,80420,38903.000000000,38903.000000000,38903.000000000,38903.000000000,4,YM
2024-06-10T19:24:18.000000000Z,32,1,80420,38902.000000000,38902.000000000,38902.000000000,38902.000000000,1,YM
2024-06-10T19:24:19.000000000Z,32,1,80420,38903.000000000,38904.000000000,38903.000000000,38904.000000000,2,YM
2024-06-10T19:24:20.000000000Z,32,1,80420,38904.000000000,38904.000000000,38904.000000000,38904.000000000,1,YM
2024-06-10T19:24:21.000000000Z,32,1,80420,38904.000000000,38904.000000000,38904.000000000,38904.000000000,4,YM
2024-06-10T19:24:22.000000000Z,32,1,80420,38904.000000000,38904.000000000,38904.000000000,38904.000000000,4,YM
2024-06-10T19:24:24.000000000Z,32,1,80420,38903.000000000,38904.000000000,38903.000000000,38904.000000000,2,YM
2024-06-10T19:24:25.000000000Z,32,1,80420,38904.000000000,38904.000000000,38904.000000000,38904.000000000,6,YM
2024-06-10T19:24:26.000000000Z,32,1,80420,38903.000000000,38903.000000000,38903.000000000,38903.000000000,1,YM
2024-06-10T19:24:28.000000000Z,32,1,80420,38903.000000000,38903.000000000,38903.000000000,38903.000000000,1,YM
2024-06-10T19:24:32.000000000Z,32,1,80420,38901.000000000,38901.000000000,38901.000000000,38901.000000000,3,YM
2024-06-10T19:24:34.000000000Z,32,1,80420,38901.000000000,38901.000000000,38901.000000000,38901.000000000,2,YM
2024-06-10T19:24:35.000000000Z,32,1,80420,38901.000000000,38901.000000000,38901.000000000,38901.000000000,2,YM
2024-06-10T19:24:36.000000000Z,32,1,80420,38900.000000000,38900.000000000,38900.000000000,38900.000000000,2,YM
2024-06-10T19:24:37.000000000Z,32,1,80420,38901.000000000,38901.000000000,38900.000000000,38900.000000000,3,YM
2024-06-10T19:24:38.000000000Z,32,1,80420,38898.000000000,38898.000000000,38898.000000000,38898.000000000,1,YM
2024-06-10T19:24:39.000000000Z,32,1,80420,38896.000000000,38896.000000000,38895.000000000,38896.000000000,8,YM
2024-06-10T19:24:40.000000000Z,32,1,80420,38896.000000000,38897.000000000,38896.000000000,38897.000000000,4,YM
2024-06-10T19:24:41.000000000Z,32,1,80420,38900.000000000,38900.000000000,38900.000000000,38900.000000000,6,YM
2024-06-10T19:24:42.000000000Z,32,1,80420,38901.000000000,38901.000000000,38901.000000000,38901.000000000,1,YM
2024-06-10T19:24:43.000000000Z,32,1,80420,38899.000000000,38899.000000000,38899.000000000,38899.000000000,1,YM
2024-06-10T19:24:49.000000000Z,32,1,80420,38895.000000000,38896.000000000,38895.000000000,38895.000000000,3,YM
2024-06-10T19:24:50.000000000Z,32,1,80420,38896.000000000,38897.000000000,38896.000000000,38897.000000000,3,YM
2024-06-10T19:24:51.000000000Z,32,1,80420,38897.000000000,38897.000000000,38897.000000000,38897.000000000,1,YM
2024-06-10T19:24:52.000000000Z,32,1,80420,38897.000000000,38897.000000000,38897.000000000,38897.000000000,4,YM
2024-06-10T19:24:53.000000000Z,32,1,80420,38896.000000000,38896.000000000,38896.000000000,38896.000000000,1,YM
2024-06-10T19:24:54.000000000Z,32,1,80420,38897.000000000,38897.000000000,38897.000000000,38897.000000000,1,YM
2024-06-10T19:24:56.000000000Z,32,1,80420,38897.000000000,38897.000000000,38897.000000000,38897.000000000,1,YM
2024-06-10T19:24:57.000000000Z,32,1,80420,38897.000000000,38897.000000000,38897.000000000,38897.000000000,3,YM
2024-06-10T19:24:59.000000000Z,32,1,80420,38897.000000000,38897.000000000,38897.000000000,38897.000000000,1,YM
2024-06-10T19:25:00.000000000Z,32,1,80420,38896.000000000,38896.000000000,38893.000000000,38893.000000000,30,YM
2024-06-10T19:25:01.000000000Z,32,1,80420,38893.000000000,38893.000000000,38893.000000000,38893.000000000,1,YM
2024-06-10T19:25:02.000000000Z,32,1,80420,38894.000000000,38894.000000000,38894.000000000,38894.000000000,3,YM
2024-06-10T19:25:05.000000000Z,32,1,80420,38892.000000000,38893.000000000,38892.000000000,38893.000000000,8,YM
2024-06-10T19:25:06.000000000Z,32,1,80420,38892.000000000,38892.000000000,38892.000000000,38892.000000000,2,YM
2024-06-10T19:25:07.000000000Z,32,1,80420,38894.000000000,38894.000000000,38892.000000000,38892.000000000,2,YM
2024-06-10T19:25:08.000000000Z,32,1,80420,38893.000000000,38893.000000000,38893.000000000,38893.000000000,1,YM
2024-06-10T19:25:09.000000000Z,32,1,80420,38891.000000000,38891.000000000,38890.000000000,38891.000000000,8,YM
2024-06-10T19:25:11.000000000Z,32,1,80420,38891.000000000,38893.000000000,38891.000000000,38893.000000000,6,YM
2024-06-10T19:25:12.000000000Z,32,1,80420,38895.000000000,38895.000000000,38895.000000000,38895.000000000,2,YM
2024-06-10T19:25:14.000000000Z,32,1,80420,38892.000000000,38893.000000000,38892.000000000,38892.000000000,4,YM
2024-06-10T19:25:15.000000000Z,32,1,80420,38894.000000000,38894.000000000,38894.000000000,38894.000000000,1,YM
2024-06-10T19:25:16.000000000Z,32,1,80420,38894.000000000,38894.000000000,38894.000000000,38894.000000000,3,YM
2024-06-10T19:25:17.000000000Z,32,1,80420,38894.000000000,38894.000000000,38894.000000000,38894.000000000,3,YM
2024-06-10T19:25:18.000000000Z,32,1,80420,38893.000000000,38895.000000000,38893.000000000,38895.000000000,3,YM
2024-06-10T19:25:19.000000000Z,32,1,80420,38895.000000000,38895.000000000,38895.000000000,38895.000000000,1,YM
2024-06-10T19:25:20.000000000Z,32,1,80420,38896.000000000,38897.000000000,38896.000000000,38897.000000000,10,YM
2024-06-10T19:25:22.000000000Z,32,1,80420,38897.000000000,38897.000000000,38897.000000000,38897.000000000,1,YM
2024-06-10T19:25:25.000000000Z,32,1,80420,38898.000000000,38898.000000000,38898.000000000,38898.000000000,6,YM
2024-06-10T19:25:27.000000000Z,32,1,80420,38898.000000000,38898.000000000,38898.000000000,38898.000000000,1,YM
2024-06-10T19:25:28.000000000Z,32,1,80420,38898.000000000,38898.000000000,38897.000000000,38897.000000000,4,YM
2024-06-10T19:25:29.000000000Z,32,1,80420,38899.000000000,38900.000000000,38899.000000000,38900.000000000,7,YM
2024-06-10T19:25:30.000000000Z,32,1,80420,38900.000000000,38900.000000000,38900.000000000,38900.000000000,1,YM
2024-06-10T19:25:31.000000000Z,32,1,80420,38901.000000000,38901.000000000,38901.000000000,38901.000000000,1,YM
2024-06-10T19:25:33.000000000Z,32,1,80420,38900.000000000,38900.000000000,38900.000000000,38900.000000000,3,YM
2024-06-10T19:25:34.000000000Z,32,1,80420,38900.000000000,38900.000000000,38900.000000000,38900.000000000,3,YM
2024-06-10T19:25:36.000000000Z,32,1,80420,38901.000000000,38901.000000000,38900.000000000,38900.000000000,3,YM
2024-06-10T19:25:38.000000000Z,32,1,80420,38898.000000000,38898.000000000,38898.000000000,38898.000000000,1,YM
2024-06-10T19:25:39.000000000Z,32,1,80420,38900.000000000,38900.000000000,38900.000000000,38900.000000000,4,YM
2024-06-10T19:25:40.000000000Z,32,1,80420,38899.000000000,38899.000000000,38899.000000000,38899.000000000,2,YM
2024-06-10T19:25:43.000000000Z,32,1,80420,38899.000000000,38899.000000000,38899.000000000,38899.000000000,2,YM
2024-06-10T19:25:45.000000000Z,32,1,80420,38899.000000000,38899.000000000,38899.000000000,38899.000000000,1,YM
2024-06-10T19:25:46.000000000Z,32,1,80420,38899.000000000,38899.000000000,38899.000000000,38899.000000000,4,YM
2024-06-10T19:25:47.000000000Z,32,1,80420,38899.000000000,38899.000000000,38899.000000000,38899.000000000,1,YM
2024-06-10T19:25:52.000000000Z,32,1,80420,38899.000000000,38900.000000000,38899.000000000,38900.000000000,6,YM
2024-06-10T19:25:53.000000000Z,32,1,80420,38901.000000000,38901.000000000,38901.000000000,38901.000000000,6,YM
2024-06-10T19:25:55.000000000Z,32,1,80420,38899.000000000,38899.000000000,38898.000000000,38898.000000000,3,YM
2024-06-10T19:25:57.000000000Z,32,1,80420,38898.000000000,38898.000000000,38898.000000000,38898.000000000,4,YM
2024-06-10T19:26:00.000000000Z,32,1,80420,38898.000000000,38898.000000000,38898.000000000,38898.000000000,1,YM
2024-06-10T19:26:01.000000000Z,32,1,80420,38900.000000000,38900.000000000,38900.000000000,38900.000000000,1,YM
2024-06-10T19:26:02.000000000Z,32,1,80420,38901.000000000,38902.000000000,38901.000000000,38902.000000000,2,YM
2024-06-10T19:26:03.000000000Z,32,1,80420,38900.000000000,38900.000000000,38900.000000000,38900.000000000,2,YM
2024-06-10T19:26:09.000000000Z,32,1,80420,38897.000000000,38899.000000000,38897.000000000,38899.000000000,2,YM
2024-06-10T19:26:10.000000000Z,32,1,80420,38899.000000000,38900.000000000,38899.000000000,38900.000000000,4,YM
2024-06-10T19:26:13.000000000Z,32,1,80420,38901.000000000,38901.000000000,38900.000000000,38901.000000000,7,YM
2024-06-10T19:26:15.000000000Z,32,1,80420,38899.000000000,38899.000000000,38899.000000000,38899.000000000,1,YM
2024-06-10T19:26:16.000000000Z,32,1,80420,38898.000000000,38898.000000000,38898.000000000,38898.000000000,2,YM
2024-06-10T19:26:18.000000000Z,32,1,80420,38899.000000000,38899.000000000,38899.000000000,38899.000000000,1,YM
2024-06-10T19:26:19.000000000Z,32,1,80420,38898.000000000,38898.000000000,38898.000000000,38898.000000000,1,YM
2024-06-10T19:26:20.000000000Z,32,1,80420,38898.000000000,38898.000000000,38898.000000000,38898.000000000,2,YM
2024-06-10T19:26:21.000000000Z,32,1,80420,38898.000000000,38898.000000000,38898.000000000,38898.000000000,1,YM
2024-06-10T19:26:22.000000000Z,32,1,80420,38898.000000000,38898.000000000,38898.000000000,38898.000000000,1,YM
2024-06-10T19:26:23.000000000Z,32,1,80420,38898.000000000,38900.000000000,38898.000000000,38899.000000000,5,YM
2024-06-10T19:26:25.000000000Z,32,1,80420,38900.000000000,38900.000000000,38900.000000000,38900.000000000,2,YM
2024-06-10T19:26:27.000000000Z,32,1,80420,38901.000000000,38901.000000000,38901.000000000,38901.000000000,1,YM
2024-06-10T19:26:29.000000000Z,32,1,80420,38902.000000000,38902.000000000,38902.000000000,38902.000000000,1,YM
2024-06-10T19:26:30.000000000Z,32,1,80420,38901.000000000,38901.000000000,38901.000000000,38901.000000000,1,YM
2024-06-10T19:26:33.000000000Z,32,1,80420,38902.000000000,38902.000000000,38902.000000000,38902.000000000,1,YM
2024-06-10T19:26:36.000000000Z,32,1,80420,38902.000000000,38902.000000000,38902.000000000,38902.000000000,1,YM
2024-06-10T19:26:37.000000000Z,32,1,80420,38901.000000000,38901.000000000,38901.000000000,38901.000000000,1,YM
2024-06-10T19:26:38.000000000Z,32,1,80420,38901.000000000,38901.000000000,38901.000000000,38901.000000000,3,YM
2024-06-10T19:26:41.000000000Z,32,1,80420,38901.000000000,38901.000000000,38901.000000000,38901.000000000,3,YM
2024-06-10T19:26:47.000000000Z,32,1,80420,38901.000000000,38901.000000000,38901.000000000,38901.000000000,1,YM
2024-06-10T19:26:51.000000000Z,32,1,80420,38900.000000000,38900.000000000,38900.000000000,38900.000000000,1,YM
2024-06-10T19:26:54.000000000Z,32,1,80420,38900.000000000,38900.000000000,38900.000000000,38900.000000000,1,YM
2024-06-10T19:26:59.000000000Z,32,1,80420,38901.000000000,38902.000000000,38901.000000000,38902.000000000,11,YM
2024-06-10T19:27:00.000000000Z,32,1,80420,38902.000000000,38902.000000000,38902.000000000,38902.000000000,2,YM
2024-06-10T19:27:01.000000000Z,32,1,80420,38901.000000000,38901.000000000,38901.000000000,38901.000000000,2,YM
2024-06-10T19:27:02.000000000Z,32,1,80420,38903.000000000,38903.000000000,38903.000000000,38903.000000000,2,YM
2024-06-10T19:27:03.000000000Z,32,1,80420,38904.000000000,38904.000000000,38904.000000000,38904.000000000,2,YM
2024-06-10T19:27:04.000000000Z,32,1,80420,38905.000000000,38905.000000000,38904.000000000,38905.000000000,7,YM
2024-06-10T19:27:05.000000000Z,32,1,80420,38904.000000000,38904.000000000,38904.000000000,38904.000000000,3,YM
2024-06-10T19:27:08.000000000Z,32,1,80420,38904.000000000,38904.000000000,38904.000000000,38904.000000000,1,YM
2024-06-10T19:27:10.000000000Z,32,1,80420,38903.000000000,38903.000000000,38903.000000000,38903.000000000,1,YM
2024-06-10T19:27:11.000000000Z,32,1,80420,38903.000000000,38903.000000000,38903.000000000,38903.000000000,1,YM
2024-06-10T19:27:14.000000000Z,32,1,80420,38904.000000000,38905.000000000,38904.000000000,38905.000000000,7,YM
2024-06-10T19:27:15.000000000Z,32,1,80420,38904.000000000,38904.000000000,38904.000000000,38904.000000000,1,YM
2024-06-10T19:27:17.000000000Z,32,1,80420,38903.000000000,38903.000000000,38903.000000000,38903.000000000,1,YM
2024-06-10T19:27:18.000000000Z,32,1,80420,38904.000000000,38904.000000000,38904.000000000,38904.000000000,1,YM
2024-06-10T19:27:22.000000000Z,32,1,80420,38903.000000000,38903.000000000,38903.000000000,38903.000000000,1,YM
2024-06-10T19:27:24.000000000Z,32,1,80420,38900.000000000,38900.000000000,38900.000000000,38900.000000000,2,YM
2024-06-10T19:27:25.000000000Z,32,1,80420,38898.000000000,38898.000000000,38898.000000000,38898.000000000,1,YM
2024-06-10T19:27:26.000000000Z,32,1,80420,38898.000000000,38900.000000000,38898.000000000,38900.000000000,5,YM
2024-06-10T19:27:36.000000000Z,32,1,80420,38901.000000000,38901.000000000,38900.000000000,38900.000000000,2,YM
2024-06-10T19:27:39.000000000Z,32,1,80420,38902.000000000,38903.000000000,38902.000000000,38903.000000000,4,YM
2024-06-10T19:27:40.000000000Z,32,1,80420,38903.000000000,38903.000000000,38903.000000000,38903.000000000,2,YM
2024-06-10T19:27:42.000000000Z,32,1,80420,38904.000000000,38904.000000000,38904.000000000,38904.000000000,3,YM
2024-06-10T19:27:43.000000000Z,32,1,80420,38904.000000000,38904.000000000,38904.000000000,38904.000000000,2,YM
2024-06-10T19:27:44.000000000Z,32,1,80420,38905.000000000,38905.000000000,38905.000000000,38905.000000000,2,YM
2024-06-10T19:27:46.000000000Z,32,1,80420,38906.000000000,38909.000000000,38906.000000000,38907.000000000,8,YM
2024-06-10T19:27:47.000000000Z,32,1,80420,38908.000000000,38908.000000000,38908.000000000,38908.000000000,1,YM
2024-06-10T19:27:48.000000000Z,32,1,80420,38908.000000000,38908.000000000,38908.000000000,38908.000000000,6,YM
2024-06-10T19:27:49.000000000Z,32,1,80420,38909.000000000,38910.000000000,38909.000000000,38910.000000000,6,YM
2024-06-10T19:27:50.000000000Z,32,1,80420,38910.000000000,38910.000000000,38910.000000000,38910.000000000,3,YM
2024-06-10T19:27:52.000000000Z,32,1,80420,38910.000000000,38910.000000000,38910.000000000,38910.000000000,1,YM
2024-06-10T19:27:53.000000000Z,32,1,80420,38909.000000000,38909.000000000,38906.000000000,38906.000000000,5,YM
2024-06-10T19:27:59.000000000Z,32,1,80420,38905.000000000,38905.000000000,38905.000000000,38905.000000000,4,YM
2024-06-10T19:28:00.000000000Z,32,1,80420,38904.000000000,38904.000000000,38904.000000000,38904.000000000,1,YM
2024-06-10T19:28:01.000000000Z,32,1,80420,38904.000000000,38904.000000000,38904.000000000,38904.000000000,1,YM
2024-06-10T19:28:02.000000000Z,32,1,80420,38904.000000000,38904.000000000,38904.000000000,38904.000000000,2,YM
2024-06-10T19:28:04.000000000Z,32,1,80420,38904.000000000,38904.000000000,38904.000000000,38904.000000000,1,YM
2024-06-10T19:28:07.000000000Z,32,1,80420,38903.000000000,38903.000000000,38902.000000000,38902.000000000,4,YM
2024-06-10T19:28:09.000000000Z,32,1,80420,38903.000000000,38903.000000000,38903.000000000,38903.000000000,1,YM
2024-06-10T19:28:11.000000000Z,32,1,80420,38903.000000000,38903.000000000,38903.000000000,38903.000000000,1,YM
2024-06-10T19:28:12.000000000Z,32,1,80420,38904.000000000,38904.000000000,38904.000000000,38904.000000000,3,YM
2024-06-10T19:28:16.000000000Z,32,1,80420,38906.000000000,38906.000000000,38906.000000000,38906.000000000,1,YM
2024-06-10T19:28:17.000000000Z,32,1,80420,38907.000000000,38907.000000000,38907.000000000,38907.000000000,3,YM
2024-06-10T19:28:18.000000000Z,32,1,80420,38908.000000000,38908.000000000,38908.000000000,38908.000000000,2,YM
2024-06-10T19:28:20.000000000Z,32,1,80420,38908.000000000,38908.000000000,38908.000000000,38908.000000000,2,YM
2024-06-10T19:28:21.000000000Z,32,1,80420,38909.000000000,38910.000000000,38909.000000000,38910.000000000,2,YM
2024-06-10T19:28:22.000000000Z,32,1,80420,38910.000000000,38911.000000000,38909.000000000,38909.000000000,7,YM
2024-06-10T19:28:26.000000000Z,32,1,80420,38910.000000000,38910.000000000,38910.000000000,38910.000000000,2,YM
2024-06-10T19:28:28.000000000Z,32,1,80420,38910.000000000,38910.000000000,38910.000000000,38910.000000000,2,YM
2024-06-10T19:28:33.000000000Z,32,1,80420,38907.000000000,38907.000000000,38906.000000000,38906.000000000,2,YM
2024-06-10T19:28:39.000000000Z,32,1,80420,38906.000000000,38906.000000000,38906.000000000,38906.000000000,3,YM
2024-06-10T19:28:40.000000000Z,32,1,80420,38906.000000000,38910.000000000,38906.000000000,38910.000000000,44,YM
2024-06-10T19:28:41.000000000Z,32,1,80420,38911.000000000,38912.000000000,38911.000000000,38912.000000000,17,YM
2024-06-10T19:28:42.000000000Z,32,1,80420,38912.000000000,38912.000000000,38911.000000000,38911.000000000,4,YM
2024-06-10T19:28:43.000000000Z,32,1,80420,38911.000000000,38911.000000000,38911.000000000,38911.000000000,1,YM
2024-06-10T19:28:46.000000000Z,32,1,80420,38911.000000000,38911.000000000,38911.000000000,38911.000000000,1,YM
2024-06-10T19:28:51.000000000Z,32,1,80420,38910.000000000,38910.000000000,38910.000000000,38910.000000000,1,YM
2024-06-10T19:28:54.000000000Z,32,1,80420,38910.000000000,38911.000000000,38910.000000000,38911.000000000,2,YM
2024-06-10T19:28:55.000000000Z,32,1,80420,38911.000000000,38911.000000000,38911.000000000,38911.000000000,4,YM
2024-06-10T19:28:58.000000000Z,32,1,80420,38910.000000000,38910.000000000,38910.000000000,38910.000000000,1,YM
2024-06-10T19:28:59.000000000Z,32,1,80420,38910.000000000,38910.000000000,38910.000000000,38910.000000000,1,YM
2024-06-10T19:29:00.000000000Z,32,1,80420,38910.000000000,38910.000000000,38910.000000000,38910.000000000,2,YM
2024-06-10T19:29:01.000000000Z,32,1,80420,38910.000000000,38910.000000000,38910.000000000,38910.000000000,3,YM
2024-06-10T19:29:02.000000000Z,32,1,80420,38910.000000000,38910.000000000,38910.000000000,38910.000000000,1,YM
2024-06-10T19:29:03.000000000Z,32,1,80420,38909.000000000,38909.000000000,38909.000000000,38909.000000000,1,YM
2024-06-10T19:29:04.000000000Z,32,1,80420,38910.000000000,38910.000000000,38910.000000000,38910.000000000,4,YM
2024-06-10T19:29:05.000000000Z,32,1,80420,38909.000000000,38909.000000000,38908.000000000,38908.000000000,6,YM
2024-06-10T19:29:06.000000000Z,32,1,80420,38907.000000000,38907.000000000,38906.000000000,38907.000000000,18,YM
2024-06-10T19:29:07.000000000Z,32,1,80420,38906.000000000,38906.000000000,38906.000000000,38906.000000000,7,YM
2024-06-10T19:29:09.000000000Z,32,1,80420,38907.000000000,38907.000000000,38907.000000000,38907.000000000,2,YM
2024-06-10T19:29:10.000000000Z,32,1,80420,38907.000000000,38907.000000000,38907.000000000,38907.000000000,3,YM
2024-06-10T19:29:12.000000000Z,32,1,80420,38908.000000000,38909.000000000,38908.000000000,38909.000000000,5,YM
2024-06-10T19:29:16.000000000Z,32,1,80420,38909.000000000,38909.000000000,38909.000000000,38909.000000000,2,YM
2024-06-10T19:29:17.000000000Z,32,1,80420,38909.000000000,38909.000000000,38909.000000000,38909.000000000,1,YM
2024-06-10T19:29:18.000000000Z,32,1,80420,38908.000000000,38908.000000000,38908.000000000,38908.000000000,2,YM
2024-06-10T19:29:21.000000000Z,32,1,80420,38909.000000000,38909.000000000,38909.000000000,38909.000000000,3,YM
2024-06-10T19:29:24.000000000Z,32,1,80420,38909.000000000,38909.000000000,38909.000000000,38909.000000000,3,YM
2024-06-10T19:29:25.000000000Z,32,1,80420,38908.000000000,38908.000000000,38908.000000000,38908.000000000,3,YM
2024-06-10T19:29:26.000000000Z,32,1,80420,38908.000000000,38908.000000000,38908.000000000,38908.000000000,1,YM
2024-06-10T19:29:27.000000000Z,32,1,80420,38909.000000000,38909.000000000,38909.000000000,38909.000000000,6,YM
2024-06-10T19:29:29.000000000Z,32,1,80420,38909.000000000,38909.000000000,38908.000000000,38908.000000000,2,YM
2024-06-10T19:29:30.000000000Z,32,1,80420,38909.000000000,38909.000000000,38909.000000000,38909.000000000,1,YM
2024-06-10T19:29:32.000000000Z,32,1,80420,38909.000000000,38910.000000000,38909.000000000,38910.000000000,13,YM
2024-06-10T19:29:33.000000000Z,32,1,80420,38910.000000000,38911.000000000,38910.000000000,38911.000000000,9,YM
2024-06-10T19:29:34.000000000Z,32,1,80420,38910.000000000,38910.000000000,38910.000000000,38910.000000000,2,YM
2024-06-10T19:29:36.000000000Z,32,1,80420,38911.000000000,38911.000000000,38911.000000000,38911.000000000,12,YM
2024-06-10T19:29:37.000000000Z,32,1,80420,38913.000000000,38913.000000000,38913.000000000,38913.000000000,1,YM
2024-06-10T19:29:38.000000000Z,32,1,80420,38912.000000000,38912.000000000,38911.000000000,38911.000000000,4,YM
2024-06-10T19:29:41.000000000Z,32,1,80420,38912.000000000,38913.000000000,38912.000000000,38913.000000000,2,YM
2024-06-10T19:29:42.000000000Z,32,1,80420,38912.000000000,38913.000000000,38912.000000000,38913.000000000,3,YM
2024-06-10T19:29:44.000000000Z,32,1,80420,38913.000000000,38913.000000000,38913.000000000,38913.000000000,1,YM
2024-06-10T19:29:45.000000000Z,32,1,80420,38913.000000000,38913.000000000,38913.000000000,38913.000000000,1,YM
2024-06-10T19:29:47.000000000Z,32,1,80420,38913.000000000,38913.000000000,38913.000000000,38913.000000000,3,YM
2024-06-10T19:29:48.000000000Z,32,1,80420,38912.000000000,38912.000000000,38912.000000000,38912.000000000,1,YM
2024-06-10T19:29:53.000000000Z,32,1,80420,38909.000000000,38909.000000000,38909.000000000,38909.000000000,2,YM
2024-06-10T19:29:55.000000000Z,32,1,80420,38910.000000000,38910.000000000,38910.000000000,38910.000000000,1,YM
2024-06-10T19:29:56.000000000Z,32,1,80420,38910.000000000,38910.000000000,38910.000000000,38910.000000000,6,YM
2024-06-10T19:29:57.000000000Z,32,1,80420,38910.000000000,38910.000000000,38910.000000000,38910.000000000,5,YM
2024-06-10T19:29:59.000000000Z,32,1,80420,38911.000000000,38911.000000000,38911.000000000,38911.000000000,3,YM
2024-06-10T19:30:00.000000000Z,32,1,80420,38912.000000000,38912.000000000,38908.000000000,38908.000000000,17,YM
2024-06-10T19:30:01.000000000Z,32,1,80420,38907.000000000,38907.000000000,38904.000000000,38905.000000000,25,YM
2024-06-10T19:30:02.000000000Z,32,1,80420,38905.000000000,38907.000000000,38905.000000000,38907.000000000,8,YM
2024-06-10T19:30:03.000000000Z,32,1,80420,38908.000000000,38910.000000000,38908.000000000,38910.000000000,11,YM
2024-06-10T19:30:06.000000000Z,32,1,80420,38911.000000000,38911.000000000,38910.000000000,38910.000000000,3,YM
2024-06-10T19:30:09.000000000Z,32,1,80420,38910.000000000,38910.000000000,38910.000000000,38910.000000000,3,YM
2024-06-10T19:30:10.000000000Z,32,1,80420,38910.000000000,38910.000000000,38910.000000000,38910.000000000,1,YM
2024-06-10T19:30:13.000000000Z,32,1,80420,38909.000000000,38909.000000000,38909.000000000,38909.000000000,1,YM
2024-06-10T19:30:14.000000000Z,32,1,80420,38908.000000000,38908.000000000,38907.000000000,38907.000000000,2,YM
2024-06-10T19:30:17.000000000Z,32,1,80420,38906.000000000,38906.000000000,38906.000000000,38906.000000000,1,YM
2024-06-10T19:30:18.000000000Z,32,1,80420,38906.000000000,38906.000000000,38906.000000000,38906.000000000,2,YM
2024-06-10T19:30:22.000000000Z,32,1,80420,38906.000000000,38907.000000000,38906.000000000,38907.000000000,4,YM
2024-06-10T19:30:26.000000000Z,32,1,80420,38908.000000000,38908.000000000,38908.000000000,38908.000000000,1,YM
2024-06-10T19:30:27.000000000Z,32,1,80420,38909.000000000,38909.000000000,38909.000000000,38909.000000000,2,YM
2024-06-10T19:30:28.000000000Z,32,1,80420,38909.000000000,38909.000000000,38909.000000000,38909.000000000,1,YM
2024-06-10T19:30:30.000000000Z,32,1,80420,38909.000000000,38910.000000000,38909.000000000,38910.000000000,2,YM
2024-06-10T19:30:32.000000000Z,32,1,80420,38910.000000000,38910.000000000,38910.000000000,38910.000000000,2,YM
2024-06-10T19:30:33.000000000Z,32,1,80420,38911.000000000,38911.000000000,38911.000000000,38911.000000000,1,YM
2024-06-10T19:30:36.000000000Z,32,1,80420,38909.000000000,38909.000000000,38908.000000000,38908.000000000,3,YM
2024-06-10T19:30:37.000000000Z,32,1,80420,38909.000000000,38909.000000000,38909.000000000,38909.000000000,1,YM
2024-06-10T19:30:40.000000000Z,32,1,80420,38909.000000000,38909.000000000,38908.000000000,38908.000000000,3,YM
2024-06-10T19:30:42.000000000Z,32,1,80420,38909.000000000,38909.000000000,38909.000000000,38909.000000000,1,YM
2024-06-10T19:30:44.000000000Z,32,1,80420,38908.000000000,38908.000000000,38907.000000000,38907.000000000,2,YM
2024-06-10T19:30:46.000000000Z,32,1,80420,38907.000000000,38907.000000000,38907.000000000,38907.000000000,1,YM
2024-06-10T19:30:47.000000000Z,32,1,80420,38906.000000000,38906.000000000,38906.000000000,38906.000000000,2,YM
2024-06-10T19:30:49.000000000Z,32,1,80420,38905.000000000,38905.000000000,38904.000000000,38904.000000000,6,YM
2024-06-10T19:30:50.000000000Z,32,1,80420,38905.000000000,38905.000000000,38905.000000000,38905.000000000,2,YM
2024-06-10T19:30:52.000000000Z,32,1,80420,38906.000000000,38906.000000000,38906.000000000,38906.000000000,1,YM
2024-06-10T19:30:54.000000000Z,32,1,80420,38906.000000000,38906.000000000,38906.000000000,38906.000000000,2,YM
2024-06-10T19:30:57.000000000Z,32,1,80420,38907.000000000,38907.000000000,38907.000000000,38907.000000000,3,YM
2024-06-10T19:31:00.000000000Z,32,1,80420,38906.000000000,38906.000000000,38905.000000000,38905.000000000,4,YM
2024-06-10T19:31:02.000000000Z,32,1,80420,38905.000000000,38905.000000000,38905.000000000,38905.000000000,9,YM
2024-06-10T19:31:03.000000000Z,32,1,80420,38906.000000000,38907.000000000,38906.000000000,38907.000000000,3,YM
2024-06-10T19:31:04.000000000Z,32,1,80420,38907.000000000,38908.000000000,38907.000000000,38908.000000000,3,YM
2024-06-10T19:31:05.000000000Z,32,1,80420,38909.000000000,38910.000000000,38909.000000000,38910.000000000,2,YM
2024-06-10T19:31:06.000000000Z,32,1,80420,38911.000000000,38911.000000000,38911.000000000,38911.000000000,2,YM
2024-06-10T19:31:07.000000000Z,32,1,80420,38912.000000000,38912.000000000,38911.000000000,38911.000000000,11,YM
2024-06-10T19:31:08.000000000Z,32,1,80420,38911.000000000,38911.000000000,38911.000000000,38911.000000000,2,YM
2024-06-10T19:31:09.000000000Z,32,1,80420,38911.000000000,38911.000000000,38911.000000000,38911.000000000,1,YM
2024-06-10T19:31:10.000000000Z,32,1,80420,38911.000000000,38911.000000000,38911.000000000,38911.000000000,1,YM
2024-06-10T19:31:12.000000000Z,32,1,80420,38912.000000000,38912.000000000,38912.000000000,38912.000000000,1,YM
2024-06-10T19:31:17.000000000Z,32,1,80420,38910.000000000,38912.000000000,38910.000000000,38912.000000000,4,YM
2024-06-10T19:31:19.000000000Z,32,1,80420,38912.000000000,38915.000000000,38912.000000000,38914.000000000,10,YM
2024-06-10T19:31:20.000000000Z,32,1,80420,38913.000000000,38913.000000000,38913.000000000,38913.000000000,2,YM
2024-06-10T19:31:21.000000000Z,32,1,80420,38913.000000000,38913.000000000,38913.000000000,38913.000000000,1,YM
2024-06-10T19:31:22.000000000Z,32,1,80420,38911.000000000,38911.000000000,38911.000000000,38911.000000000,1,YM
2024-06-10T19:31:24.000000000Z,32,1,80420,38911.000000000,38911.000000000,38910.000000000,38910.000000000,3,YM
2024-06-10T19:31:25.000000000Z,32,1,80420,38909.000000000,38910.000000000,38908.000000000,38909.000000000,13,YM
2024-06-10T19:31:26.000000000Z,32,1,80420,38909.000000000,38909.000000000,38908.000000000,38909.000000000,9,YM
2024-06-10T19:31:28.000000000Z,32,1,80420,38909.000000000,38909.000000000,38909.000000000,38909.000000000,1,YM
2024-06-10T19:31:29.000000000Z,32,1,80420,38908.000000000,38908.000000000,38907.000000000,38908.000000000,9,YM
2024-06-10T19:31:30.000000000Z,32,1,80420,38907.000000000,38907.000000000,38907.000000000,38907.000000000,3,YM
2024-06-10T19:31:31.000000000Z,32,1,80420,38906.000000000,38906.000000000,38906.000000000,38906.000000000,1,YM
2024-06-10T19:31:32.000000000Z,32,1,80420,38907.000000000,38907.000000000,38907.000000000,38907.000000000,2,YM
2024-06-10T19:31:33.000000000Z,32,1,80420,38907.000000000,38907.000000000,38907.000000000,38907.000000000,1,YM
2024-06-10T19:31:34.000000000Z,32,1,80420,38907.000000000,38907.000000000,38907.000000000,38907.000000000,3,YM
2024-06-10T19:31:35.000000000Z,32,1,80420,38906.000000000,38906.000000000,38904.000000000,38906.000000000,6,YM
2024-06-10T19:31:36.000000000Z,32,1,80420,38907.000000000,38907.000000000,38907.000000000,38907.000000000,1,YM
2024-06-10T19:31:37.000000000Z,32,1,80420,38908.000000000,38908.000000000,38907.000000000,38908.000000000,7,YM
2024-06-10T19:31:44.000000000Z,32,1,80420,38908.000000000,38908.000000000,38908.000000000,38908.000000000,3,YM
2024-06-10T19:31:46.000000000Z,32,1,80420,38909.000000000,38909.000000000,38909.000000000,38909.000000000,4,YM
2024-06-10T19:31:48.000000000Z,32,1,80420,38907.000000000,38907.000000000,38907.000000000,38907.000000000,1,YM
2024-06-10T19:31:51.000000000Z,32,1,80420,38907.000000000,38907.000000000,38907.000000000,38907.000000000,1,YM
2024-06-10T19:31:52.000000000Z,32,1,80420,38905.000000000,38905.000000000,38905.000000000,38905.000000000,2,YM
2024-06-10T19:31:53.000000000Z,32,1,80420,38905.000000000,38905.000000000,38905.000000000,38905.000000000,1,YM
2024-06-10T19:31:54.000000000Z,32,1,80420,38905.000000000,38905.000000000,38900.000000000,38901.000000000,14,YM
2024-06-10T19:31:55.000000000Z,32,1,80420,38901.000000000,38901.000000000,38900.000000000,38901.000000000,17,YM
2024-06-10T19:31:56.000000000Z,32,1,80420,38900.000000000,38901.000000000,38900.000000000,38901.000000000,3,YM
2024-06-10T19:31:59.000000000Z,32,1,80420,38902.000000000,38902.000000000,38902.000000000,38902.000000000,2,YM
2024-06-10T19:32:00.000000000Z,32,1,80420,38901.000000000,38901.000000000,38898.000000000,38898.000000000,7,YM
2024-06-10T19:32:01.000000000Z,32,1,80420,38900.000000000,38902.000000000,38900.000000000,38902.000000000,4,YM
2024-06-10T19:32:04.000000000Z,32,1,80420,38901.000000000,38901.000000000,38901.000000000,38901.000000000,1,YM
2024-06-10T19:32:06.000000000Z,32,1,80420,38902.000000000,38902.000000000,38902.000000000,38902.000000000,2,YM
2024-06-10T19:32:07.000000000Z,32,1,80420,38902.000000000,38902.000000000,38902.000000000,38902.000000000,4,YM
2024-06-10T19:32:08.000000000Z,32,1,80420,38901.000000000,38901.000000000,38901.000000000,38901.000000000,3,YM
2024-06-10T19:32:09.000000000Z,32,1,80420,38902.000000000,38902.000000000,38902.000000000,38902.000000000,3,YM
2024-06-10T19:32:11.000000000Z,32,1,80420,38903.000000000,38903.000000000,38902.000000000,38902.000000000,4,YM
2024-06-10T19:32:12.000000000Z,32,1,80420,38900.000000000,38900.000000000,38898.000000000,38900.000000000,16,YM
2024-06-10T19:32:13.000000000Z,32,1,80420,38900.000000000,38900.000000000,38900.000000000,38900.000000000,2,YM
2024-06-10T19:32:14.000000000Z,32,1,80420,38901.000000000,38901.000000000,38901.000000000,38901.000000000,3,YM
2024-06-10T19:32:15.000000000Z,32,1,80420,38902.000000000,38902.000000000,38902.000000000,38902.000000000,1,YM
2024-06-10T19:32:17.000000000Z,32,1,80420,38903.000000000,38903.000000000,38903.000000000,38903.000000000,2,YM
2024-06-10T19:32:18.000000000Z,32,1,80420,38901.000000000,38901.000000000,38901.000000000,38901.000000000,1,YM
2024-06-10T19:32:19.000000000Z,32,1,80420,38902.000000000,38902.000000000,38902.000000000,38902.000000000,2,YM
2024-06-10T19:32:21.000000000Z,32,1,80420,38903.000000000,38903.000000000,38903.000000000,38903.000000000,2,YM
2024-06-10T19:32:23.000000000Z,32,1,80420,38902.000000000,38902.000000000,38902.000000000,38902.000000000,1,YM
2024-06-10T19:32:24.000000000Z,32,1,80420,38903.000000000,38903.000000000,38902.000000000,38902.000000000,5,YM
2024-06-10T19:32:27.000000000Z,32,1,80420,38901.000000000,38901.000000000,38901.000000000,38901.000000000,2,YM
2024-06-10T19:32:35.000000000Z,32,1,80420,38901.000000000,38901.000000000,38901.000000000,38901.000000000,2,YM
2024-06-10T19:32:36.000000000Z,32,1,80420,38901.000000000,38901.000000000,38901.000000000,38901.000000000,1,YM
2024-06-10T19:32:37.000000000Z,32,1,80420,38902.000000000,38902.000000000,38902.000000000,38902.000000000,8,YM
2024-06-10T19:32:39.000000000Z,32,1,80420,38901.000000000,38901.000000000,38901.000000000,38901.000000000,1,YM
2024-06-10T19:32:40.000000000Z,32,1,80420,38900.000000000,38900.000000000,38900.000000000,38900.000000000,2,YM
2024-06-10T19:32:42.000000000Z,32,1,80420,38899.000000000,38899.000000000,38898.000000000,38898.000000000,2,YM
2024-06-10T19:32:43.000000000Z,32,1,80420,38900.000000000,38900.000000000,38900.000000000,38900.000000000,1,YM
2024-06-10T19:32:44.000000000Z,32,1,80420,38900.000000000,38900.000000000,38900.000000000,38900.000000000,1,YM
2024-06-10T19:32:46.000000000Z,32,1,80420,38900.000000000,38900.000000000,38900.000000000,38900.000000000,2,YM
2024-06-10T19:32:48.000000000Z,32,1,80420,38901.000000000,38901.000000000,38901.000000000,38901.000000000,1,YM
2024-06-10T19:32:50.000000000Z,32,1,80420,38902.000000000,38902.000000000,38902.000000000,38902.000000000,3,YM
2024-06-10T19:32:51.000000000Z,32,1,80420,38902.000000000,38902.000000000,38901.000000000,38901.000000000,3,YM
2024-06-10T19:32:56.000000000Z,32,1,80420,38901.000000000,38901.000000000,38901.000000000,38901.000000000,5,YM
2024-06-10T19:32:59.000000000Z,32,1,80420,38903.000000000,38903.000000000,38903.000000000,38903.000000000,2,YM
2024-06-10T19:33:00.000000000Z,32,1,80420,38902.000000000,38902.000000000,38902.000000000,38902.000000000,3,YM
2024-06-10T19:33:01.000000000Z,32,1,80420,38902.000000000,38902.000000000,38902.000000000,38902.000000000,3,YM
2024-06-10T19:33:02.000000000Z,32,1,80420,38901.000000000,38901.000000000,38901.000000000,38901.000000000,1,YM
2024-06-10T19:33:04.000000000Z,32,1,80420,38900.000000000,38901.000000000,38900.000000000,38901.000000000,12,YM
2024-06-10T19:33:06.000000000Z,32,1,80420,38901.000000000,38902.000000000,38901.000000000,38902.000000000,3,YM
2024-06-10T19:33:07.000000000Z,32,1,80420,38902.000000000,38902.000000000,38902.000000000,38902.000000000,1,YM
2024-06-10T19:33:09.000000000Z,32,1,80420,38902.000000000,38903.000000000,38902.000000000,38902.000000000,9,YM
2024-06-10T19:33:10.000000000Z,32,1,80420,38903.000000000,38903.000000000,38903.000000000,38903.000000000,3,YM
2024-06-10T19:33:11.000000000Z,32,1,80420,38904.000000000,38904.000000000,38904.000000000,38904.000000000,2,YM
2024-06-10T19:33:16.000000000Z,32,1,80420,38902.000000000,38902.000000000,38901.000000000,38901.000000000,8,YM
2024-06-10T19:33:17.000000000Z,32,1,80420,38900.000000000,38900.000000000,38900.000000000,38900.000000000,1,YM
2024-06-10T19:33:18.000000000Z,32,1,80420,38900.000000000,38900.000000000,38900.000000000,38900.000000000,1,YM
2024-06-10T19:33:19.000000000Z,32,1,80420,38900.000000000,38900.000000000,38899.000000000,38899.000000000,4,YM
2024-06-10T19:33:20.000000000Z,32,1,80420,38899.000000000,38900.000000000,38899.000000000,38900.000000000,2,YM
2024-06-10T19:33:22.000000000Z,32,1,80420,38900.000000000,38901.000000000,38900.000000000,38901.000000000,6,YM
2024-06-10T19:33:23.000000000Z,32,1,80420,38902.000000000,38902.000000000,38902.000000000,38902.000000000,3,YM
2024-06-10T19:33:24.000000000Z,32,1,80420,38902.000000000,38902.000000000,38902.000000000,38902.000000000,1,YM
2024-06-10T19:33:25.000000000Z,32,1,80420,38902.000000000,38902.000000000,38901.000000000,38901.000000000,2,YM
2024-06-10T19:33:30.000000000Z,32,1,80420,38900.000000000,38900.000000000,38900.000000000,38900.000000000,4,YM
2024-06-10T19:33:34.000000000Z,32,1,80420,38901.000000000,38901.000000000,38901.000000000,38901.000000000,1,YM
2024-06-10T19:33:36.000000000Z,32,1,80420,38902.000000000,38902.000000000,38902.000000000,38902.000000000,2,YM
2024-06-10T19:33:40.000000000Z,32,1,80420,38902.000000000,38902.000000000,38902.000000000,38902.000000000,6,YM
2024-06-10T19:33:44.000000000Z,32,1,80420,38902.000000000,38902.000000000,38901.000000000,38901.000000000,2,YM
2024-06-10T19:33:46.000000000Z,32,1,80420,38899.000000000,38899.000000000,38899.000000000,38899.000000000,3,YM
2024-06-10T19:33:47.000000000Z,32,1,80420,38900.000000000,38900.000000000,38900.000000000,38900.000000000,2,YM
2024-06-10T19:33:48.000000000Z,32,1,80420,38899.000000000,38899.000000000,38899.000000000,38899.000000000,2,YM
2024-06-10T19:33:49.000000000Z,32,1,80420,38899.000000000,38899.000000000,38899.000000000,38899.000000000,2,YM
2024-06-10T19:33:50.000000000Z,32,1,80420,38900.000000000,38901.000000000,38899.000000000,38901.000000000,18,YM
2024-06-10T19:33:53.000000000Z,32,1,80420,38900.000000000,38900.000000000,38900.000000000,38900.000000000,1,YM
2024-06-10T19:33:55.000000000Z,32,1,80420,38901.000000000,38901.000000000,38901.000000000,38901.000000000,3,YM
2024-06-10T19:33:58.000000000Z,32,1,80420,38901.000000000,38901.000000000,38901.000000000,38901.000000000,1,YM
2024-06-10T19:34:00.000000000Z,32,1,80420,38900.000000000,38900.000000000,38900.000000000,38900.000000000,1,YM
2024-06-10T19:34:01.000000000Z,32,1,80420,38901.000000000,38901.000000000,38899.000000000,38900.000000000,5,YM
2024-06-10T19:34:04.000000000Z,32,1,80420,38900.000000000,38900.000000000,38900.000000000,38900.000000000,3,YM
2024-06-10T19:34:05.000000000Z,32,1,80420,38901.000000000,38901.000000000,38901.000000000,38901.000000000,3,YM
2024-06-10T19:34:06.000000000Z,32,1,80420,38903.000000000,38903.000000000,38903.000000000,38903.000000000,3,YM
2024-06-10T19:34:08.000000000Z,32,1,80420,38904.000000000,38907.000000000,38904.000000000,38907.000000000,9,YM
2024-06-10T19:34:09.000000000Z,32,1,80420,38907.000000000,38907.000000000,38906.000000000,38906.000000000,6,YM
2024-06-10T19:34:10.000000000Z,32,1,80420,38907.000000000,38907.000000000,38907.000000000,38907.000000000,1,YM
2024-06-10T19:34:11.000000000Z,32,1,80420,38908.000000000,38908.000000000,38908.000000000,38908.000000000,4,YM
2024-06-10T19:34:12.000000000Z,32,1,80420,38908.000000000,38908.000000000,38907.000000000,38907.000000000,3,YM
2024-06-10T19:34:16.000000000Z,32,1,80420,38906.000000000,38906.000000000,38906.000000000,38906.000000000,2,YM
2024-06-10T19:34:19.000000000Z,32,1,80420,38905.000000000,38905.000000000,38905.000000000,38905.000000000,2,YM
2024-06-10T19:34:20.000000000Z,32,1,80420,38903.000000000,38903.000000000,38902.000000000,38902.000000000,3,YM
2024-06-10T19:34:21.000000000Z,32,1,80420,38900.000000000,38900.000000000,38899.000000000,38899.000000000,5,YM
2024-06-10T19:34:22.000000000Z,32,1,80420,38899.000000000,38899.000000000,38899.000000000,38899.000000000,1,YM
2024-06-10T19:34:23.000000000Z,32,1,80420,38899.000000000,38899.000000000,38898.000000000,38898.000000000,6,YM
2024-06-10T19:34:24.000000000Z,32,1,80420,38898.000000000,38898.000000000,38898.000000000,38898.000000000,3,YM
2024-06-10T19:34:25.000000000Z,32,1,80420,38897.000000000,38898.000000000,38897.000000000,38898.000000000,2,YM
2024-06-10T19:34:27.000000000Z,32,1,80420,38898.000000000,38898.000000000,38898.000000000,38898.000000000,1,YM
2024-06-10T19:34:29.000000000Z,32,1,80420,38899.000000000,38900.000000000,38899.000000000,38900.000000000,3,YM
2024-06-10T19:34:30.000000000Z,32,1,80420,38901.000000000,38901.000000000,38901.000000000,38901.000000000,1,YM
2024-06-10T19:34:31.000000000Z,32,1,80420,38902.000000000,38902.000000000,38902.000000000,38902.000000000,7,YM
2024-06-10T19:34:32.000000000Z,32,1,80420,38903.000000000,38904.000000000,38903.000000000,38904.000000000,3,YM
2024-06-10T19:34:36.000000000Z,32,1,80420,38901.000000000,38901.000000000,38901.000000000,38901.000000000,1,YM
2024-06-10T19:34:40.000000000Z,32,1,80420,38900.000000000,38900.000000000,38900.000000000,38900.000000000,1,YM
2024-06-10T19:34:41.000000000Z,32,1,80420,38901.000000000,38901.000000000,38901.000000000,38901.000000000,4,YM
2024-06-10T19:34:43.000000000Z,32,1,80420,38902.000000000,38902.000000000,38902.000000000,38902.000000000,1,YM
2024-06-10T19:34:44.000000000Z,32,1,80420,38901.000000000,38901.000000000,38901.000000000,38901.000000000,1,YM
2024-06-10T19:34:46.000000000Z,32,1,80420,38900.000000000,38900.000000000,38900.000000000,38900.000000000,1,YM
2024-06-10T19:34:48.000000000Z,32,1,80420,38902.000000000,38902.000000000,38902.000000000,38902.000000000,1,YM
2024-06-10T19:34:49.000000000Z,32,1,80420,38901.000000000,38902.000000000,38901.000000000,38902.000000000,5,YM
2024-06-10T19:34:51.000000000Z,32,1,80420,38901.000000000,38902.000000000,38901.000000000,38902.000000000,4,YM
2024-06-10T19:34:52.000000000Z,32,1,80420,38901.000000000,38901.000000000,38901.000000000,38901.000000000,2,YM
2024-06-10T19:34:58.000000000Z,32,1,80420,38899.000000000,38899.000000000,38899.000000000,38899.000000000,5,YM
2024-06-10T19:35:00.000000000Z,32,1,80420,38899.000000000,38899.000000000,38897.000000000,38897.000000000,10,YM
2024-06-10T19:35:02.000000000Z,32,1,80420,38897.000000000,38899.000000000,38897.000000000,38898.000000000,3,YM
2024-06-10T19:35:03.000000000Z,32,1,80420,38897.000000000,38897.000000000,38897.000000000,38897.000000000,1,YM
2024-06-10T19:35:04.000000000Z,32,1,80420,38896.000000000,38897.000000000,38896.000000000,38897.000000000,3,YM
2024-06-10T19:35:06.000000000Z,32,1,80420,38896.000000000,38896.000000000,38895.000000000,38895.000000000,8,YM
2024-06-10T19:35:07.000000000Z,32,1,80420,38896.000000000,38897.000000000,38896.000000000,38897.000000000,5,YM
2024-06-10T19:35:08.000000000Z,32,1,80420,38897.000000000,38898.000000000,38897.000000000,38898.000000000,3,YM
2024-06-10T19:35:10.000000000Z,32,1,80420,38899.000000000,38899.000000000,38899.000000000,38899.000000000,1,YM
2024-06-10T19:35:11.000000000Z,32,1,80420,38899.000000000,38899.000000000,38899.000000000,38899.000000000,1,YM
2024-06-10T19:35:12.000000000Z,32,1,80420,38900.000000000,38900.000000000,38900.000000000,38900.000000000,1,YM
2024-06-10T19:35:14.000000000Z,32,1,80420,38900.000000000,38900.000000000,38900.000000000,38900.000000000,1,YM
2024-06-10T19:35:16.000000000Z,32,1,80420,38898.000000000,38898.000000000,38898.000000000,38898.000000000,1,YM
2024-06-10T19:35:19.000000000Z,32,1,80420,38900.000000000,38900.000000000,38900.000000000,38900.000000000,2,YM
2024-06-10T19:35:21.000000000Z,32,1,80420,38900.000000000,38900.000000000,38900.000000000,38900.000000000,1,YM
2024-06-10T19:35:22.000000000Z,32,1,80420,38901.000000000,38902.000000000,38901.000000000,38902.000000000,3,YM
2024-06-10T19:35:23.000000000Z,32,1,80420,38902.000000000,38902.000000000,38902.000000000,38902.000000000,1,YM
2024-06-10T19:35:24.000000000Z,32,1,80420,38903.000000000,38903.000000000,38903.000000000,38903.000000000,4,YM
2024-06-10T19:35:25.000000000Z,32,1,80420,38903.000000000,38903.000000000,38903.000000000,38903.000000000,1,YM
2024-06-10T19:35:27.000000000Z,32,1,80420,38902.000000000,38902.000000000,38902.000000000,38902.000000000,2,YM
2024-06-10T19:35:28.000000000Z,32,1,80420,38902.000000000,38902.000000000,38902.000000000,38902.000000000,1,YM
2024-06-10T19:35:29.000000000Z,32,1,80420,38903.000000000,38903.000000000,38902.000000000,38902.000000000,2,YM
2024-06-10T19:35:30.000000000Z,32,1,80420,38901.000000000,38901.000000000,38901.000000000,38901.000000000,2,YM
2024-06-10T19:35:33.000000000Z,32,1,80420,38901.000000000,38901.000000000,38901.000000000,38901.000000000,1,YM
2024-06-10T19:35:34.000000000Z,32,1,80420,38902.000000000,38902.000000000,38902.000000000,38902.000000000,1,YM
2024-06-10T19:35:35.000000000Z,32,1,80420,38903.000000000,38903.000000000,38901.000000000,38901.000000000,17,YM
2024-06-10T19:35:36.000000000Z,32,1,80420,38901.000000000,38901.000000000,38901.000000000,38901.000000000,2,YM
2024-06-10T19:35:37.000000000Z,32,1,80420,38901.000000000,38901.000000000,38901.000000000,38901.000000000,2,YM
2024-06-10T19:35:39.000000000Z,32,1,80420,38901.000000000,38901.000000000,38901.000000000,38901.000000000,4,YM
2024-06-10T19:35:41.000000000Z,32,1,80420,38901.000000000,38901.000000000,38901.000000000,38901.000000000,2,YM
2024-06-10T19:35:43.000000000Z,32,1,80420,38901.000000000,38901.000000000,38901.000000000,38901.000000000,1,YM
2024-06-10T19:35:46.000000000Z,32,1,80420,38900.000000000,38900.000000000,38900.000000000,38900.000000000,4,YM
2024-06-10T19:35:47.000000000Z,32,1,80420,38900.000000000,38900.000000000,38899.000000000,38899.000000000,3,YM
2024-06-10T19:35:49.000000000Z,32,1,80420,38895.000000000,38895.000000000,38895.000000000,38895.000000000,1,YM
2024-06-10T19:35:50.000000000Z,32,1,80420,38895.000000000,38895.000000000,38895.000000000,38895.000000000,4,YM
2024-06-10T19:35:51.000000000Z,32,1,80420,38895.000000000,38895.000000000,38895.000000000,38895.000000000,1,YM
2024-06-10T19:35:52.000000000Z,32,1,80420,38896.000000000,38896.000000000,38896.000000000,38896.000000000,1,YM
2024-06-10T19:35:55.000000000Z,32,1,80420,38896.000000000,38896.000000000,38896.000000000,38896.000000000,7,YM
2024-06-10T19:35:56.000000000Z,32,1,80420,38896.000000000,38896.000000000,38896.000000000,38896.000000000,2,YM
2024-06-10T19:35:57.000000000Z,32,1,80420,38896.000000000,38896.000000000,38896.000000000,38896.000000000,2,YM
2024-06-10T19:35:58.000000000Z,32,1,80420,38898.000000000,38898.000000000,38898.000000000,38898.000000000,1,YM
2024-06-10T19:35:59.000000000Z,32,1,80420,38898.000000000,38898.000000000,38898.000000000,38898.000000000,2,YM
2024-06-10T19:36:00.000000000Z,32,1,80420,38899.000000000,38899.000000000,38898.000000000,38898.000000000,4,YM
2024-06-10T19:36:02.000000000Z,32,1,80420,38898.000000000,38898.000000000,38898.000000000,38898.000000000,1,YM
2024-06-10T19:36:03.000000000Z,32,1,80420,38897.000000000,38897.000000000,38897.000000000,38897.000000000,2,YM
2024-06-10T19:36:07.000000000Z,32,1,80420,38897.000000000,38897.000000000,38897.000000000,38897.000000000,3,YM
2024-06-10T19:36:11.000000000Z,32,1,80420,38896.000000000,38897.000000000,38896.000000000,38897.000000000,5,YM
2024-06-10T19:36:13.000000000Z,32,1,80420,38895.000000000,38895.000000000,38895.000000000,38895.000000000,5,YM
2024-06-10T19:36:15.000000000Z,32,1,80420,38893.000000000,38893.000000000,38893.000000000,38893.000000000,1,YM
2024-06-10T19:36:18.000000000Z,32,1,80420,38892.000000000,38892.000000000,38892.000000000,38892.000000000,4,YM
2024-06-10T19:36:20.000000000Z,32,1,80420,38892.000000000,38892.000000000,38889.000000000,38891.000000000,34,YM
2024-06-10T19:36:22.000000000Z,32,1,80420,38891.000000000,38891.000000000,38891.000000000,38891.000000000,1,YM
2024-06-10T19:36:23.000000000Z,32,1,80420,38892.000000000,38892.000000000,38892.000000000,38892.000000000,1,YM
2024-06-10T19:36:24.000000000Z,32,1,80420,38891.000000000,38891.000000000,38891.000000000,38891.000000000,3,YM
2024-06-10T19:36:27.000000000Z,32,1,80420,38891.000000000,38891.000000000,38891.000000000,38891.000000000,2,YM
2024-06-10T19:36:28.000000000Z,32,1,80420,38891.000000000,38892.000000000,38891.000000000,38892.000000000,8,YM
2024-06-10T19:36:29.000000000Z,32,1,80420,38892.000000000,38892.000000000,38892.000000000,38892.000000000,1,YM
2024-06-10T19:36:30.000000000Z,32,1,80420,38893.000000000,38893.000000000,38892.000000000,38892.000000000,2,YM
2024-06-10T19:36:31.000000000Z,32,1,80420,38892.000000000,38892.000000000,38892.000000000,38892.000000000,3,YM
2024-06-10T19:36:34.000000000Z,32,1,80420,38892.000000000,38892.000000000,38892.000000000,38892.000000000,1,YM
2024-06-10T19:36:36.000000000Z,32,1,80420,38893.000000000,38894.000000000,38893.000000000,38894.000000000,15,YM
2024-06-10T19:36:37.000000000Z,32,1,80420,38894.000000000,38896.000000000,38894.000000000,38896.000000000,6,YM
2024-06-10T19:36:38.000000000Z,32,1,80420,38896.000000000,38896.000000000,38896.000000000,38896.000000000,7,YM
2024-06-10T19:36:40.000000000Z,32,1,80420,38897.000000000,38897.000000000,38896.000000000,38896.000000000,4,YM
2024-06-10T19:36:41.000000000Z,32,1,80420,38896.000000000,38896.000000000,38896.000000000,38896.000000000,1,YM
2024-06-10T19:36:44.000000000Z,32,1,80420,38896.000000000,38896.000000000,38896.000000000,38896.000000000,3,YM
2024-06-10T19:36:45.000000000Z,32,1,80420,38895.000000000,38895.000000000,38895.000000000,38895.000000000,2,YM
2024-06-10T19:36:49.000000000Z,32,1,80420,38892.000000000,38892.000000000,38890.000000000,38890.000000000,4,YM
2024-06-10T19:36:50.000000000Z,32,1,80420,38888.000000000,38888.000000000,38888.000000000,38888.000000000,11,YM
2024-06-10T19:36:51.000000000Z,32,1,80420,38889.000000000,38889.000000000,38889.000000000,38889.000000000,4,YM
2024-06-10T19:36:52.000000000Z,32,1,80420,38887.000000000,38887.000000000,38887.000000000,38887.000000000,3,YM
2024-06-10T19:36:53.000000000Z,32,1,80420,38888.000000000,38888.000000000,38888.000000000,38888.000000000,2,YM
2024-06-10T19:36:54.000000000Z,32,1,80420,38888.000000000,38889.000000000,38888.000000000,38889.000000000,2,YM
2024-06-10T19:36:57.000000000Z,32,1,80420,38890.000000000,38890.000000000,38888.000000000,38889.000000000,10,YM
2024-06-10T19:36:59.000000000Z,32,1,80420,38890.000000000,38890.000000000,38889.000000000,38889.000000000,5,YM
2024-06-10T19:37:00.000000000Z,32,1,80420,38889.000000000,38889.000000000,38889.000000000,38889.000000000,1,YM
2024-06-10T19:37:01.000000000Z,32,1,80420,38890.000000000,38890.000000000,38890.000000000,38890.000000000,1,YM
2024-06-10T19:37:04.000000000Z,32,1,80420,38891.000000000,38892.000000000,38891.000000000,38892.000000000,5,YM
2024-06-10T19:37:05.000000000Z,32,1,80420,38892.000000000,38893.000000000,38892.000000000,38892.000000000,14,YM
2024-06-10T19:37:06.000000000Z,32,1,80420,38893.000000000,38893.000000000,38893.000000000,38893.000000000,3,YM
2024-06-10T19:37:12.000000000Z,32,1,80420,38892.000000000,38892.000000000,38890.000000000,38890.000000000,2,YM
2024-06-10T19:37:13.000000000Z,32,1,80420,38889.000000000,38889.000000000,38889.000000000,38889.000000000,4,YM
2024-06-10T19:37:16.000000000Z,32,1,80420,38888.000000000,38888.000000000,38885.000000000,38886.000000000,6,YM
2024-06-10T19:37:17.000000000Z,32,1,80420,38886.000000000,38886.000000000,38886.000000000,38886.000000000,6,YM
2024-06-10T19:37:18.000000000Z,32,1,80420,38887.000000000,38887.000000000,38887.000000000,38887.000000000,2,YM
2024-06-10T19:37:19.000000000Z,32,1,80420,38887.000000000,38887.000000000,38887.000000000,38887.000000000,1,YM
2024-06-10T19:37:20.000000000Z,32,1,80420,38888.000000000,38890.000000000,38888.000000000,38890.000000000,4,YM
2024-06-10T19:37:21.000000000Z,32,1,80420,38890.000000000,38890.000000000,38890.000000000,38890.000000000,1,YM
2024-06-10T19:37:22.000000000Z,32,1,80420,38891.000000000,38894.000000000,38891.000000000,38894.000000000,5,YM
2024-06-10T19:37:23.000000000Z,32,1,80420,38894.000000000,38894.000000000,38893.000000000,38893.000000000,2,YM
2024-06-10T19:37:24.000000000Z,32,1,80420,38892.000000000,38892.000000000,38892.000000000,38892.000000000,1,YM
2024-06-10T19:37:29.000000000Z,32,1,80420,38893.000000000,38894.000000000,38893.000000000,38894.000000000,4,YM
2024-06-10T19:37:30.000000000Z,32,1,80420,38893.000000000,38893.000000000,38893.000000000,38893.000000000,1,YM
2024-06-10T19:37:32.000000000Z,32,1,80420,38892.000000000,38892.000000000,38892.000000000,38892.000000000,2,YM
2024-06-10T19:37:34.000000000Z,32,1,80420,38889.000000000,38889.000000000,38888.000000000,38888.000000000,6,YM
2024-06-10T19:37:38.000000000Z,32,1,80420,38891.000000000,38891.000000000,38891.000000000,38891.000000000,1,YM
2024-06-10T19:37:41.000000000Z,32,1,80420,38889.000000000,38889.000000000,38888.000000000,38889.000000000,8,YM
2024-06-10T19:37:44.000000000Z,32,1,80420,38889.000000000,38890.000000000,38888.000000000,38890.000000000,13,YM
2024-06-10T19:37:46.000000000Z,32,1,80420,38890.000000000,38890.000000000,38889.000000000,38889.000000000,2,YM
2024-06-10T19:37:47.000000000Z,32,1,80420,38891.000000000,38891.000000000,38891.000000000,38891.000000000,1,YM
2024-06-10T19:37:48.000000000Z,32,1,80420,38890.000000000,38890.000000000,38888.000000000,38890.000000000,5,YM
2024-06-10T19:37:50.000000000Z,32,1,80420,38891.000000000,38891.000000000,38891.000000000,38891.000000000,2,YM
2024-06-10T19:37:53.000000000Z,32,1,80420,38890.000000000,38890.000000000,38890.000000000,38890.000000000,1,YM
2024-06-10T19:37:54.000000000Z,32,1,80420,38891.000000000,38892.000000000,38891.000000000,38892.000000000,5,YM
2024-06-10T19:37:55.000000000Z,32,1,80420,38893.000000000,38893.000000000,38893.000000000,38893.000000000,1,YM
2024-06-10T19:37:56.000000000Z,32,1,80420,38892.000000000,38892.000000000,38892.000000000,38892.000000000,3,YM
2024-06-10T19:37:57.000000000Z,32,1,80420,38892.000000000,38892.000000000,38892.000000000,38892.000000000,1,YM
2024-06-10T19:38:01.000000000Z,32,1,80420,38894.000000000,38894.000000000,38893.000000000,38893.000000000,6,YM
2024-06-10T19:38:02.000000000Z,32,1,80420,38892.000000000,38892.000000000,38890.000000000,38890.000000000,5,YM
2024-06-10T19:38:04.000000000Z,32,1,80420,38890.000000000,38890.000000000,38890.000000000,38890.000000000,1,YM
2024-06-10T19:38:05.000000000Z,32,1,80420,38891.000000000,38891.000000000,38891.000000000,38891.000000000,1,YM
2024-06-10T19:38:06.000000000Z,32,1,80420,38892.000000000,38892.000000000,38892.000000000,38892.000000000,1,YM
2024-06-10T19:38:07.000000000Z,32,1,80420,38891.000000000,38892.000000000,38890.000000000,38891.000000000,16,YM
2024-06-10T19:38:08.000000000Z,32,1,80420,38891.000000000,38891.000000000,38891.000000000,38891.000000000,2,YM
2024-06-10T19:38:09.000000000Z,32,1,80420,38891.000000000,38891.000000000,38891.000000000,38891.000000000,2,YM
2024-06-10T19:38:10.000000000Z,32,1,80420,38891.000000000,38891.000000000,38891.000000000,38891.000000000,2,YM
2024-06-10T19:38:12.000000000Z,32,1,80420,38890.000000000,38890.000000000,38890.000000000,38890.000000000,1,YM
2024-06-10T19:38:13.000000000Z,32,1,80420,38888.000000000,38888.000000000,38887.000000000,38887.000000000,2,YM
2024-06-10T19:38:14.000000000Z,32,1,80420,38888.000000000,38888.000000000,38888.000000000,38888.000000000,1,YM
2024-06-10T19:38:15.000000000Z,32,1,80420,38888.000000000,38888.000000000,38888.000000000,38888.000000000,1,YM
2024-06-10T19:38:16.000000000Z,32,1,80420,38889.000000000,38889.000000000,38889.000000000,38889.000000000,3,YM
2024-06-10T19:38:17.000000000Z,32,1,80420,38891.000000000,38891.000000000,38891.000000000,38891.000000000,1,YM
2024-06-10T19:38:19.000000000Z,32,1,80420,38891.000000000,38891.000000000,38891.000000000,38891.000000000,3,YM
2024-06-10T19:38:20.000000000Z,32,1,80420,38890.000000000,38890.000000000,38890.000000000,38890.000000000,2,YM
2024-06-10T19:38:30.000000000Z,32,1,80420,38889.000000000,38889.000000000,38889.000000000,38889.000000000,1,YM
2024-06-10T19:38:31.000000000Z,32,1,80420,38886.000000000,38886.000000000,38886.000000000,38886.000000000,1,YM
2024-06-10T19:38:32.000000000Z,32,1,80420,38887.000000000,38889.000000000,38887.000000000,38889.000000000,8,YM
2024-06-10T19:38:36.000000000Z,32,1,80420,38887.000000000,38887.000000000,38887.000000000,38887.000000000,3,YM
2024-06-10T19:38:38.000000000Z,32,1,80420,38888.000000000,38889.000000000,38888.000000000,38889.000000000,5,YM
2024-06-10T19:38:40.000000000Z,32,1,80420,38890.000000000,38890.000000000,38889.000000000,38889.000000000,11,YM
2024-06-10T19:38:41.000000000Z,32,1,80420,38890.000000000,38890.000000000,38890.000000000,38890.000000000,1,YM
2024-06-10T19:38:42.000000000Z,32,1,80420,38890.000000000,38890.000000000,38890.000000000,38890.000000000,1,YM
2024-06-10T19:38:46.000000000Z,32,1,80420,38887.000000000,38887.000000000,38887.000000000,38887.000000000,1,YM
2024-06-10T19:38:47.000000000Z,32,1,80420,38887.000000000,38887.000000000,38887.000000000,38887.000000000,1,YM
2024-06-10T19:38:48.000000000Z,32,1,80420,38888.000000000,38888.000000000,38888.000000000,38888.000000000,2,YM
2024-06-10T19:38:51.000000000Z,32,1,80420,38886.000000000,38886.000000000,38886.000000000,38886.000000000,1,YM
2024-06-10T19:38:53.000000000Z,32,1,80420,38885.000000000,38885.000000000,38885.000000000,38885.000000000,1,YM
2024-06-10T19:38:54.000000000Z,32,1,80420,38885.000000000,38885.000000000,38885.000000000,38885.000000000,2,YM
2024-06-10T19:38:55.000000000Z,32,1,80420,38885.000000000,38885.000000000,38885.000000000,38885.000000000,1,YM
2024-06-10T19:38:56.000000000Z,32,1,80420,38887.000000000,38887.000000000,38887.000000000,38887.000000000,1,YM
2024-06-10T19:38:57.000000000Z,32,1,80420,38886.000000000,38886.000000000,38886.000000000,38886.000000000,1,YM
2024-06-10T19:39:01.000000000Z,32,1,80420,38886.000000000,38886.000000000,38886.000000000,38886.000000000,1,YM
2024-06-10T19:39:06.000000000Z,32,1,80420,38890.000000000,38890.000000000,38889.000000000,38889.000000000,5,YM
2024-06-10T19:39:07.000000000Z,32,1,80420,38891.000000000,38891.000000000,38891.000000000,38891.000000000,1,YM
2024-06-10T19:39:08.000000000Z,32,1,80420,38890.000000000,38890.000000000,38890.000000000,38890.000000000,2,YM
2024-06-10T19:39:09.000000000Z,32,1,80420,38890.000000000,38890.000000000,38890.000000000,38890.000000000,4,YM
2024-06-10T19:39:10.000000000Z,32,1,80420,38891.000000000,38892.000000000,38891.000000000,38892.000000000,3,YM
2024-06-10T19:39:14.000000000Z,32,1,80420,38891.000000000,38891.000000000,38891.000000000,38891.000000000,4,YM
2024-06-10T19:39:15.000000000Z,32,1,80420,38892.000000000,38892.000000000,38892.000000000,38892.000000000,3,YM
2024-06-10T19:39:18.000000000Z,32,1,80420,38891.000000000,38891.000000000,38891.000000000,38891.000000000,2,YM
2024-06-10T19:39:20.000000000Z,32,1,80420,38891.000000000,38891.000000000,38891.000000000,38891.000000000,2,YM
2024-06-10T19:39:21.000000000Z,32,1,80420,38891.000000000,38891.000000000,38891.000000000,38891.000000000,1,YM
2024-06-10T19:39:22.000000000Z,32,1,80420,38890.000000000,38891.000000000,38890.000000000,38891.000000000,2,YM
2024-06-10T19:39:27.000000000Z,32,1,80420,38890.000000000,38890.000000000,38889.000000000,38889.000000000,3,YM
2024-06-10T19:39:28.000000000Z,32,1,80420,38887.000000000,38887.000000000,38887.000000000,38887.000000000,1,YM
2024-06-10T19:39:29.000000000Z,32,1,80420,38887.000000000,38888.000000000,38887.000000000,38888.000000000,7,YM
2024-06-10T19:39:34.000000000Z,32,1,80420,38888.000000000,38889.000000000,38888.000000000,38889.000000000,2,YM
2024-06-10T19:39:35.000000000Z,32,1,80420,38889.000000000,38890.000000000,38889.000000000,38890.000000000,2,YM
2024-06-10T19:39:36.000000000Z,32,1,80420,38890.000000000,38890.000000000,38890.000000000,38890.000000000,1,YM
2024-06-10T19:39:39.000000000Z,32,1,80420,38887.000000000,38887.000000000,38887.000000000,38887.000000000,3,YM
2024-06-10T19:39:40.000000000Z,32,1,80420,38887.000000000,38887.000000000,38887.000000000,38887.000000000,1,YM
2024-06-10T19:39:41.000000000Z,32,1,80420,38887.000000000,38887.000000000,38887.000000000,38887.000000000,1,YM
2024-06-10T19:39:42.000000000Z,32,1,80420,38887.000000000,38887.000000000,38885.000000000,38885.000000000,2,YM
2024-06-10T19:39:43.000000000Z,32,1,80420,38885.000000000,38885.000000000,38885.000000000,38885.000000000,1,YM
2024-06-10T19:39:44.000000000Z,32,1,80420,38886.000000000,38886.000000000,38886.000000000,38886.000000000,1,YM
2024-06-10T19:39:45.000000000Z,32,1,80420,38885.000000000,38885.000000000,38885.000000000,38885.000000000,1,YM
2024-06-10T19:39:46.000000000Z,32,1,80420,38885.000000000,38885.000000000,38885.000000000,38885.000000000,1,YM
2024-06-10T19:39:48.000000000Z,32,1,80420,38885.000000000,38885.000000000,38885.000000000,38885.000000000,1,YM
2024-06-10T19:39:49.000000000Z,32,1,80420,38886.000000000,38886.000000000,38886.000000000,38886.000000000,6,YM
2024-06-10T19:39:50.000000000Z,32,1,80420,38885.000000000,38885.000000000,38885.000000000,38885.000000000,6,YM
2024-06-10T19:39:54.000000000Z,32,1,80420,38884.000000000,38885.000000000,38884.000000000,38885.000000000,4,YM
2024-06-10T19:39:55.000000000Z,32,1,80420,38886.000000000,38886.000000000,38886.000000000,38886.000000000,1,YM
2024-06-10T19:39:56.000000000Z,32,1,80420,38885.000000000,38885.000000000,38885.000000000,38885.000000000,10,YM
2024-06-10T19:39:57.000000000Z,32,1,80420,38886.000000000,38886.000000000,38886.000000000,38886.000000000,3,YM
2024-06-10T19:39:58.000000000Z,32,1,80420,38886.000000000,38886.000000000,38886.000000000,38886.000000000,2,YM
2024-06-10T19:40:00.000000000Z,32,1,80420,38887.000000000,38892.000000000,38887.000000000,38891.000000000,21,YM
2024-06-10T19:40:03.000000000Z,32,1,80420,38890.000000000,38890.000000000,38890.000000000,38890.000000000,1,YM
2024-06-10T19:40:04.000000000Z,32,1,80420,38890.000000000,38890.000000000,38890.000000000,38890.000000000,1,YM
2024-06-10T19:40:07.000000000Z,32,1,80420,38891.000000000,38891.000000000,38891.000000000,38891.000000000,2,YM
2024-06-10T19:40:08.000000000Z,32,1,80420,38891.000000000,38891.000000000,38891.000000000,38891.000000000,3,YM
2024-06-10T19:40:09.000000000Z,32,1,80420,38891.000000000,38891.000000000,38882.000000000,38887.000000000,192,YM
2024-06-10T19:40:10.000000000Z,32,1,80420,38887.000000000,38891.000000000,38886.000000000,38891.000000000,14,YM
2024-06-10T19:40:11.000000000Z,32,1,80420,38893.000000000,38893.000000000,38893.000000000,38893.000000000,3,YM
2024-06-10T19:40:12.000000000Z,32,1,80420,38893.000000000,38893.000000000,38893.000000000,38893.000000000,2,YM
2024-06-10T19:40:13.000000000Z,32,1,80420,38893.000000000,38894.000000000,38893.000000000,38894.000000000,2,YM
2024-06-10T19:40:14.000000000Z,32,1,80420,38894.000000000,38894.000000000,38894.000000000,38894.000000000,4,YM
2024-06-10T19:40:15.000000000Z,32,1,80420,38894.000000000,38894.000000000,38894.000000000,38894.000000000,1,YM
2024-06-10T19:40:16.000000000Z,32,1,80420,38893.000000000,38894.000000000,38893.000000000,38894.000000000,5,YM
2024-06-10T19:40:20.000000000Z,32,1,80420,38895.000000000,38896.000000000,38895.000000000,38896.000000000,17,YM
2024-06-10T19:40:22.000000000Z,32,1,80420,38895.000000000,38895.000000000,38895.000000000,38895.000000000,1,YM
2024-06-10T19:40:24.000000000Z,32,1,80420,38893.000000000,38893.000000000,38893.000000000,38893.000000000,1,YM
2024-06-10T19:40:26.000000000Z,32,1,80420,38894.000000000,38894.000000000,38894.000000000,38894.000000000,1,YM
2024-06-10T19:40:28.000000000Z,32,1,80420,38894.000000000,38894.000000000,38893.000000000,38893.000000000,2,YM
2024-06-10T19:40:29.000000000Z,32,1,80420,38894.000000000,38894.000000000,38894.000000000,38894.000000000,1,YM
2024-06-10T19:40:30.000000000Z,32,1,80420,38894.000000000,38894.000000000,38894.000000000,38894.000000000,2,YM
2024-06-10T19:40:31.000000000Z,32,1,80420,38895.000000000,38895.000000000,38891.000000000,38891.000000000,8,YM
2024-06-10T19:40:33.000000000Z,32,1,80420,38889.000000000,38889.000000000,38889.000000000,38889.000000000,1,YM
2024-06-10T19:40:34.000000000Z,32,1,80420,38888.000000000,38888.000000000,38888.000000000,38888.000000000,3,YM
2024-06-10T19:40:36.000000000Z,32,1,80420,38889.000000000,38889.000000000,38889.000000000,38889.000000000,1,YM
2024-06-10T19:40:37.000000000Z,32,1,80420,38889.000000000,38889.000000000,38889.000000000,38889.000000000,1,YM
2024-06-10T19:40:39.000000000Z,32,1,80420,38890.000000000,38890.000000000,38890.000000000,38890.000000000,1,YM
2024-06-10T19:40:40.000000000Z,32,1,80420,38889.000000000,38889.000000000,38889.000000000,38889.000000000,1,YM
2024-06-10T19:40:41.000000000Z,32,1,80420,38890.000000000,38890.000000000,38890.000000000,38890.000000000,1,YM
2024-06-10T19:40:43.000000000Z,32,1,80420,38891.000000000,38891.000000000,38891.000000000,38891.000000000,1,YM
2024-06-10T19:40:44.000000000Z,32,1,80420,38892.000000000,38892.000000000,38892.000000000,38892.000000000,6,YM
2024-06-10T19:40:45.000000000Z,32,1,80420,38893.000000000,38893.000000000,38893.000000000,38893.000000000,1,YM
2024-06-10T19:40:47.000000000Z,32,1,80420,38893.000000000,38893.000000000,38893.000000000,38893.000000000,3,YM
2024-06-10T19:40:48.000000000Z,32,1,80420,38894.000000000,38894.000000000,38894.000000000,38894.000000000,2,YM
2024-06-10T19:40:49.000000000Z,32,1,80420,38895.000000000,38896.000000000,38895.000000000,38896.000000000,2,YM
2024-06-10T19:40:50.000000000Z,32,1,80420,38896.000000000,38896.000000000,38896.000000000,38896.000000000,1,YM
2024-06-10T19:40:51.000000000Z,32,1,80420,38895.000000000,38895.000000000,38895.000000000,38895.000000000,1,YM
2024-06-10T19:40:52.000000000Z,32,1,80420,38894.000000000,38895.000000000,38893.000000000,38895.000000000,6,YM
2024-06-10T19:40:54.000000000Z,32,1,80420,38894.000000000,38894.000000000,38894.000000000,38894.000000000,2,YM
2024-06-10T19:40:55.000000000Z,32,1,80420,38895.000000000,38895.000000000,38895.000000000,38895.000000000,4,YM
2024-06-10T19:40:56.000000000Z,32,1,80420,38895.000000000,38895.000000000,38895.000000000,38895.000000000,3,YM
2024-06-10T19:40:57.000000000Z,32,1,80420,38895.000000000,38896.000000000,38895.000000000,38896.000000000,2,YM
2024-06-10T19:40:58.000000000Z,32,1,80420,38894.000000000,38894.000000000,38894.000000000,38894.000000000,1,YM
2024-06-10T19:41:00.000000000Z,32,1,80420,38894.000000000,38894.000000000,38894.000000000,38894.000000000,1,YM
2024-06-10T19:41:01.000000000Z,32,1,80420,38896.000000000,38896.000000000,38895.000000000,38896.000000000,6,YM
2024-06-10T19:41:02.000000000Z,32,1,80420,38897.000000000,38897.000000000,38897.000000000,38897.000000000,1,YM
2024-06-10T19:41:03.000000000Z,32,1,80420,38896.000000000,38897.000000000,38896.000000000,38897.000000000,3,YM
2024-06-10T19:41:05.000000000Z,32,1,80420,38898.000000000,38900.000000000,38898.000000000,38900.000000000,12,YM
2024-06-10T19:41:06.000000000Z,32,1,80420,38900.000000000,38901.000000000,38897.000000000,38898.000000000,8,YM
2024-06-10T19:41:07.000000000Z,32,1,80420,38898.000000000,38901.000000000,38898.000000000,38900.000000000,18,YM
2024-06-10T19:41:08.000000000Z,32,1,80420,38901.000000000,38901.000000000,38900.000000000,38900.000000000,11,YM
2024-06-10T19:41:09.000000000Z,32,1,80420,38901.000000000,38901.000000000,38901.000000000,38901.000000000,1,YM
2024-06-10T19:41:10.000000000Z,32,1,80420,38902.000000000,38902.000000000,38902.000000000,38902.000000000,2,YM
2024-06-10T19:41:11.000000000Z,32,1,80420,38902.000000000,38902.000000000,38902.000000000,38902.000000000,3,YM
2024-06-10T19:41:12.000000000Z,32,1,80420,38903.000000000,38903.000000000,38902.000000000,38902.000000000,5,YM
2024-06-10T19:41:13.000000000Z,32,1,80420,38902.000000000,38902.000000000,38901.000000000,38901.000000000,3,YM
2024-06-10T19:41:15.000000000Z,32,1,80420,38902.000000000,38902.000000000,38902.000000000,38902.000000000,6,YM
2024-06-10T19:41:16.000000000Z,32,1,80420,38903.000000000,38903.000000000,38903.000000000,38903.000000000,3,YM
2024-06-10T19:41:17.000000000Z,32,1,80420,38902.000000000,38902.000000000,38902.000000000,38902.000000000,5,YM
2024-06-10T19:41:19.000000000Z,32,1,80420,38903.000000000,38906.000000000,38903.000000000,38905.000000000,21,YM
2024-06-10T19:41:20.000000000Z,32,1,80420,38904.000000000,38906.000000000,38904.000000000,38906.000000000,2,YM
2024-06-10T19:41:22.000000000Z,32,1,80420,38905.000000000,38905.000000000,38905.000000000,38905.000000000,2,YM
2024-06-10T19:41:23.000000000Z,32,1,80420,38904.000000000,38904.000000000,38903.000000000,38903.000000000,5,YM
2024-06-10T19:41:24.000000000Z,32,1,80420,38903.000000000,38903.000000000,38903.000000000,38903.000000000,1,YM
2024-06-10T19:41:25.000000000Z,32,1,80420,38903.000000000,38903.000000000,38902.000000000,38902.000000000,3,YM
2024-06-10T19:41:26.000000000Z,32,1,80420,38904.000000000,38904.000000000,38902.000000000,38902.000000000,7,YM
2024-06-10T19:41:28.000000000Z,32,1,80420,38903.000000000,38903.000000000,38903.000000000,38903.000000000,1,YM
2024-06-10T19:41:29.000000000Z,32,1,80420,38903.000000000,38903.000000000,38902.000000000,38902.000000000,3,YM
2024-06-10T19:41:30.000000000Z,32,1,80420,38903.000000000,38903.000000000,38901.000000000,38902.000000000,4,YM
2024-06-10T19:41:32.000000000Z,32,1,80420,38901.000000000,38901.000000000,38901.000000000,38901.000000000,5,YM
2024-06-10T19:41:33.000000000Z,32,1,80420,38902.000000000,38902.000000000,38901.000000000,38901.000000000,2,YM
2024-06-10T19:41:34.000000000Z,32,1,80420,38902.000000000,38902.000000000,38902.000000000,38902.000000000,1,YM
2024-06-10T19:41:36.000000000Z,32,1,80420,38903.000000000,38904.000000000,38903.000000000,38904.000000000,7,YM
2024-06-10T19:41:37.000000000Z,32,1,80420,38905.000000000,38905.000000000,38905.000000000,38905.000000000,2,YM
2024-06-10T19:41:39.000000000Z,32,1,80420,38904.000000000,38904.000000000,38904.000000000,38904.000000000,1,YM
2024-06-10T19:41:41.000000000Z,32,1,80420,38906.000000000,38906.000000000,38906.000000000,38906.000000000,6,YM
2024-06-10T19:41:42.000000000Z,32,1,80420,38907.000000000,38907.000000000,38907.000000000,38907.000000000,1,YM
2024-06-10T19:41:43.000000000Z,32,1,80420,38908.000000000,38908.000000000,38908.000000000,38908.000000000,3,YM
2024-06-10T19:41:46.000000000Z,32,1,80420,38906.000000000,38906.000000000,38906.000000000,38906.000000000,1,YM
2024-06-10T19:41:48.000000000Z,32,1,80420,38905.000000000,38905.000000000,38905.000000000,38905.000000000,1,YM
2024-06-10T19:41:50.000000000Z,32,1,80420,38905.000000000,38905.000000000,38905.000000000,38905.000000000,1,YM
2024-06-10T19:41:51.000000000Z,32,1,80420,38906.000000000,38906.000000000,38906.000000000,38906.000000000,1,YM
2024-06-10T19:41:52.000000000Z,32,1,80420,38906.000000000,38906.000000000,38906.000000000,38906.000000000,1,YM
2024-06-10T19:41:55.000000000Z,32,1,80420,38907.000000000,38907.000000000,38907.000000000,38907.000000000,8,YM
2024-06-10T19:41:57.000000000Z,32,1,80420,38907.000000000,38907.000000000,38905.000000000,38905.000000000,2,YM
2024-06-10T19:41:59.000000000Z,32,1,80420,38905.000000000,38905.000000000,38905.000000000,38905.000000000,2,YM
2024-06-10T19:42:00.000000000Z,32,1,80420,38906.000000000,38906.000000000,38906.000000000,38906.000000000,2,YM
2024-06-10T19:42:01.000000000Z,32,1,80420,38905.000000000,38905.000000000,38904.000000000,38904.000000000,13,YM
2024-06-10T19:42:02.000000000Z,32,1,80420,38905.000000000,38905.000000000,38905.000000000,38905.000000000,2,YM
2024-06-10T19:42:04.000000000Z,32,1,80420,38905.000000000,38905.000000000,38902.000000000,38902.000000000,7,YM
2024-06-10T19:42:05.000000000Z,32,1,80420,38903.000000000,38903.000000000,38903.000000000,38903.000000000,2,YM
2024-06-10T19:42:06.000000000Z,32,1,80420,38902.000000000,38902.000000000,38902.000000000,38902.000000000,2,YM
2024-06-10T19:42:08.000000000Z,32,1,80420,38902.000000000,38902.000000000,38901.000000000,38901.000000000,4,YM
2024-06-10T19:42:09.000000000Z,32,1,80420,38900.000000000,38900.000000000,38900.000000000,38900.000000000,5,YM
2024-06-10T19:42:10.000000000Z,32,1,80420,38898.000000000,38898.000000000,38898.000000000,38898.000000000,7,YM
2024-06-10T19:42:11.000000000Z,32,1,80420,38898.000000000,38899.000000000,38897.000000000,38899.000000000,8,YM
2024-06-10T19:42:12.000000000Z,32,1,80420,38898.000000000,38898.000000000,38898.000000000,38898.000000000,5,YM
2024-06-10T19:42:14.000000000Z,32,1,80420,38899.000000000,38899.000000000,38899.000000000,38899.000000000,1,YM
2024-06-10T19:42:15.000000000Z,32,1,80420,38898.000000000,38898.000000000,38898.000000000,38898.000000000,1,YM
2024-06-10T19:42:17.000000000Z,32,1,80420,38899.000000000,38900.000000000,38899.000000000,38900.000000000,12,YM
2024-06-10T19:42:18.000000000Z,32,1,80420,38900.000000000,38900.000000000,38900.000000000,38900.000000000,1,YM
2024-06-10T19:42:19.000000000Z,32,1,80420,38899.000000000,38899.000000000,38899.000000000,38899.000000000,1,YM
2024-06-10T19:42:20.000000000Z,32,1,80420,38900.000000000,38900.000000000,38900.000000000,38900.000000000,2,YM
2024-06-10T19:42:21.000000000Z,32,1,80420,38901.000000000,38901.000000000,38901.000000000,38901.000000000,3,YM
2024-06-10T19:42:23.000000000Z,32,1,80420,38899.000000000,38899.000000000,38899.000000000,38899.000000000,1,YM
2024-06-10T19:42:25.000000000Z,32,1,80420,38898.000000000,38898.000000000,38898.000000000,38898.000000000,1,YM
2024-06-10T19:42:29.000000000Z,32,1,80420,38897.000000000,38897.000000000,38897.000000000,38897.000000000,1,YM
2024-06-10T19:42:33.000000000Z,32,1,80420,38898.000000000,38898.000000000,38898.000000000,38898.000000000,1,YM
2024-06-10T19:42:34.000000000Z,32,1,80420,38898.000000000,38898.000000000,38898.000000000,38898.000000000,1,YM
2024-06-10T19:42:35.000000000Z,32,1,80420,38897.000000000,38898.000000000,38897.000000000,38898.000000000,3,YM
2024-06-10T19:42:37.000000000Z,32,1,80420,38898.000000000,38898.000000000,38896.000000000,38896.000000000,11,YM
2024-06-10T19:42:42.000000000Z,32,1,80420,38896.000000000,38896.000000000,38896.000000000,38896.000000000,2,YM
2024-06-10T19:42:43.000000000Z,32,1,80420,38895.000000000,38895.000000000,38895.000000000,38895.000000000,3,YM
2024-06-10T19:42:44.000000000Z,32,1,80420,38894.000000000,38894.000000000,38894.000000000,38894.000000000,1,YM
2024-06-10T19:42:45.000000000Z,32,1,80420,38893.000000000,38893.000000000,38892.000000000,38892.000000000,12,YM
2024-06-10T19:42:46.000000000Z,32,1,80420,38892.000000000,38892.000000000,38892.000000000,38892.000000000,3,YM
2024-06-10T19:42:47.000000000Z,32,1,80420,38891.000000000,38891.000000000,38891.000000000,38891.000000000,1,YM
2024-06-10T19:42:50.000000000Z,32,1,80420,38893.000000000,38895.000000000,38893.000000000,38894.000000000,3,YM
2024-06-10T19:42:52.000000000Z,32,1,80420,38895.000000000,38895.000000000,38895.000000000,38895.000000000,1,YM
2024-06-10T19:42:55.000000000Z,32,1,80420,38896.000000000,38896.000000000,38896.000000000,38896.000000000,2,YM
2024-06-10T19:42:56.000000000Z,32,1,80420,38897.000000000,38898.000000000,38897.000000000,38898.000000000,2,YM
2024-06-10T19:42:57.000000000Z,32,1,80420,38898.000000000,38898.000000000,38898.000000000,38898.000000000,2,YM
2024-06-10T19:42:58.000000000Z,32,1,80420,38899.000000000,38899.000000000,38899.000000000,38899.000000000,1,YM
2024-06-10T19:42:59.000000000Z,32,1,80420,38900.000000000,38900.000000000,38900.000000000,38900.000000000,1,YM
2024-06-10T19:43:00.000000000Z,32,1,80420,38898.000000000,38898.000000000,38898.000000000,38898.000000000,5,YM
2024-06-10T19:43:02.000000000Z,32,1,80420,38897.000000000,38897.000000000,38897.000000000,38897.000000000,3,YM
2024-06-10T19:43:04.000000000Z,32,1,80420,38896.000000000,38896.000000000,38896.000000000,38896.000000000,4,YM
2024-06-10T19:43:05.000000000Z,32,1,80420,38896.000000000,38896.000000000,38896.000000000,38896.000000000,3,YM
2024-06-10T19:43:10.000000000Z,32,1,80420,38898.000000000,38898.000000000,38898.000000000,38898.000000000,3,YM
2024-06-10T19:43:12.000000000Z,32,1,80420,38897.000000000,38898.000000000,38897.000000000,38898.000000000,3,YM
2024-06-10T19:43:13.000000000Z,32,1,80420,38897.000000000,38898.000000000,38897.000000000,38898.000000000,6,YM
2024-06-10T19:43:14.000000000Z,32,1,80420,38898.000000000,38898.000000000,38898.000000000,38898.000000000,1,YM
2024-06-10T19:43:15.000000000Z,32,1,80420,38897.000000000,38897.000000000,38897.000000000,38897.000000000,1,YM
2024-06-10T19:43:20.000000000Z,32,1,80420,38897.000000000,38898.000000000,38897.000000000,38898.000000000,2,YM
2024-06-10T19:43:21.000000000Z,32,1,80420,38899.000000000,38899.000000000,38899.000000000,38899.000000000,4,YM
2024-06-10T19:43:22.000000000Z,32,1,80420,38899.000000000,38899.000000000,38899.000000000,38899.000000000,1,YM
2024-06-10T19:43:23.000000000Z,32,1,80420,38898.000000000,38898.000000000,38898.000000000,38898.000000000,7,YM
2024-06-10T19:43:24.000000000Z,32,1,80420,38899.000000000,38899.000000000,38899.000000000,38899.000000000,1,YM
2024-06-10T19:43:27.000000000Z,32,1,80420,38898.000000000,38898.000000000,38898.000000000,38898.000000000,1,YM
2024-06-10T19:43:29.000000000Z,32,1,80420,38898.000000000,38898.000000000,38898.000000000,38898.000000000,2,YM
2024-06-10T19:43:30.000000000Z,32,1,80420,38899.000000000,38899.000000000,38899.000000000,38899.000000000,3,YM
2024-06-10T19:43:32.000000000Z,32,1,80420,38899.000000000,38900.000000000,38899.000000000,38900.000000000,10,YM
2024-06-10T19:43:33.000000000Z,32,1,80420,38899.000000000,38899.000000000,38899.000000000,38899.000000000,3,YM
2024-06-10T19:43:34.000000000Z,32,1,80420,38900.000000000,38900.000000000,38900.000000000,38900.000000000,1,YM
2024-06-10T19:43:35.000000000Z,32,1,80420,38899.000000000,38899.000000000,38899.000000000,38899.000000000,2,YM
2024-06-10T19:43:36.000000000Z,32,1,80420,38899.000000000,38899.000000000,38899.000000000,38899.000000000,1,YM
2024-06-10T19:43:38.000000000Z,32,1,80420,38898.000000000,38898.000000000,38896.000000000,38896.000000000,8,YM
2024-06-10T19:43:39.000000000Z,32,1,80420,38895.000000000,38895.000000000,38895.000000000,38895.000000000,2,YM
2024-06-10T19:43:40.000000000Z,32,1,80420,38895.000000000,38895.000000000,38895.000000000,38895.000000000,1,YM
2024-06-10T19:43:41.000000000Z,32,1,80420,38894.000000000,38894.000000000,38894.000000000,38894.000000000,1,YM
2024-06-10T19:43:42.000000000Z,32,1,80420,38895.000000000,38895.000000000,38895.000000000,38895.000000000,2,YM
2024-06-10T19:43:45.000000000Z,32,1,80420,38895.000000000,38895.000000000,38895.000000000,38895.000000000,2,YM
2024-06-10T19:43:49.000000000Z,32,1,80420,38897.000000000,38897.000000000,38897.000000000,38897.000000000,5,YM
2024-06-10T19:43:51.000000000Z,32,1,80420,38896.000000000,38896.000000000,38896.000000000,38896.000000000,2,YM
2024-06-10T19:43:52.000000000Z,32,1,80420,38897.000000000,38897.000000000,38897.000000000,38897.000000000,1,YM
2024-06-10T19:43:54.000000000Z,32,1,80420,38898.000000000,38898.000000000,38898.000000000,38898.000000000,3,YM
2024-06-10T19:43:56.000000000Z,32,1,80420,38897.000000000,38897.000000000,38897.000000000,38897.000000000,1,YM
2024-06-10T19:44:01.000000000Z,32,1,80420,38896.000000000,38896.000000000,38896.000000000,38896.000000000,1,YM
2024-06-10T19:44:02.000000000Z,32,1,80420,38896.000000000,38896.000000000,38894.000000000,38894.000000000,4,YM
2024-06-10T19:44:03.000000000Z,32,1,80420,38895.000000000,38895.000000000,38895.000000000,38895.000000000,1,YM
2024-06-10T19:44:05.000000000Z,32,1,80420,38896.000000000,38896.000000000,38896.000000000,38896.000000000,7,YM
2024-06-10T19:44:06.000000000Z,32,1,80420,38896.000000000,38896.000000000,38896.000000000,38896.000000000,1,YM
2024-06-10T19:44:07.000000000Z,32,1,80420,38895.000000000,38895.000000000,38895.000000000,38895.000000000,1,YM
2024-06-10T19:44:08.000000000Z,32,1,80420,38894.000000000,38894.000000000,38894.000000000,38894.000000000,5,YM
2024-06-10T19:44:09.000000000Z,32,1,80420,38893.000000000,38893.000000000,38891.000000000,38891.000000000,6,YM
2024-06-10T19:44:10.000000000Z,32,1,80420,38892.000000000,38892.000000000,38892.000000000,38892.000000000,1,YM
2024-06-10T19:44:11.000000000Z,32,1,80420,38891.000000000,38891.000000000,38891.000000000,38891.000000000,1,YM
2024-06-10T19:44:12.000000000Z,32,1,80420,38892.000000000,38892.000000000,38891.000000000,38891.000000000,14,YM
2024-06-10T19:44:17.000000000Z,32,1,80420,38892.000000000,38893.000000000,38892.000000000,38893.000000000,2,YM
2024-06-10T19:44:19.000000000Z,32,1,80420,38892.000000000,38892.000000000,38892.000000000,38892.000000000,1,YM
2024-06-10T19:44:20.000000000Z,32,1,80420,38892.000000000,38892.000000000,38892.000000000,38892.000000000,1,YM
2024-06-10T19:44:21.000000000Z,32,1,80420,38891.000000000,38891.000000000,38891.000000000,38891.000000000,3,YM
2024-06-10T19:44:22.000000000Z,32,1,80420,38890.000000000,38890.000000000,38890.000000000,38890.000000000,4,YM
2024-06-10T19:44:23.000000000Z,32,1,80420,38890.000000000,38890.000000000,38890.000000000,38890.000000000,1,YM
2024-06-10T19:44:24.000000000Z,32,1,80420,38888.000000000,38889.000000000,38888.000000000,38889.000000000,2,YM
2024-06-10T19:44:25.000000000Z,32,1,80420,38889.000000000,38889.000000000,38889.000000000,38889.000000000,1,YM
2024-06-10T19:44:26.000000000Z,32,1,80420,38889.000000000,38889.000000000,38889.000000000,38889.000000000,1,YM
2024-06-10T19:44:27.000000000Z,32,1,80420,38889.000000000,38889.000000000,38889.000000000,38889.000000000,2,YM
2024-06-10T19:44:29.000000000Z,32,1,80420,38888.000000000,38888.000000000,38888.000000000,38888.000000000,2,YM
2024-06-10T19:44:30.000000000Z,32,1,80420,38889.000000000,38889.000000000,38889.000000000,38889.000000000,3,YM
2024-06-10T19:44:31.000000000Z,32,1,80420,38890.000000000,38890.000000000,38890.000000000,38890.000000000,6,YM
2024-06-10T19:44:35.000000000Z,32,1,80420,38890.000000000,38890.000000000,38890.000000000,38890.000000000,2,YM
2024-06-10T19:44:36.000000000Z,32,1,80420,38891.000000000,38891.000000000,38890.000000000,38890.000000000,4,YM
2024-06-10T19:44:37.000000000Z,32,1,80420,38890.000000000,38890.000000000,38890.000000000,38890.000000000,1,YM
2024-06-10T19:44:40.000000000Z,32,1,80420,38890.000000000,38890.000000000,38890.000000000,38890.000000000,6,YM
2024-06-10T19:44:43.000000000Z,32,1,80420,38890.000000000,38890.000000000,38890.000000000,38890.000000000,1,YM
2024-06-10T19:44:44.000000000Z,32,1,80420,38889.000000000,38889.000000000,38889.000000000,38889.000000000,3,YM
2024-06-10T19:44:50.000000000Z,32,1,80420,38891.000000000,38891.000000000,38891.000000000,38891.000000000,1,YM
2024-06-10T19:44:52.000000000Z,32,1,80420,38891.000000000,38891.000000000,38891.000000000,38891.000000000,1,YM
2024-06-10T19:44:53.000000000Z,32,1,80420,38891.000000000,38891.000000000,38891.000000000,38891.000000000,2,YM
2024-06-10T19:44:56.000000000Z,32,1,80420,38891.000000000,38891.000000000,38891.000000000,38891.000000000,1,YM
2024-06-10T19:44:57.000000000Z,32,1,80420,38890.000000000,38890.000000000,38890.000000000,38890.000000000,3,YM
2024-06-10T19:44:58.000000000Z,32,1,80420,38890.000000000,38890.000000000,38890.000000000,38890.000000000,7,YM
2024-06-10T19:44:59.000000000Z,32,1,80420,38889.000000000,38889.000000000,38889.000000000,38889.000000000,2,YM
2024-06-10T19:45:00.000000000Z,32,1,80420,38889.000000000,38890.000000000,38889.000000000,38889.000000000,9,YM
2024-06-10T19:45:01.000000000Z,32,1,80420,38889.000000000,38890.000000000,38889.000000000,38890.000000000,10,YM
2024-06-10T19:45:03.000000000Z,32,1,80420,38888.000000000,38888.000000000,38888.000000000,38888.000000000,4,YM
2024-06-10T19:45:05.000000000Z,32,1,80420,38889.000000000,38889.000000000,38889.000000000,38889.000000000,6,YM
2024-06-10T19:45:06.000000000Z,32,1,80420,38892.000000000,38892.000000000,38892.000000000,38892.000000000,1,YM
2024-06-10T19:45:07.000000000Z,32,1,80420,38892.000000000,38892.000000000,38891.000000000,38891.000000000,2,YM
2024-06-10T19:45:09.000000000Z,32,1,80420,38892.000000000,38892.000000000,38892.000000000,38892.000000000,1,YM
2024-06-10T19:45:10.000000000Z,32,1,80420,38893.000000000,38893.000000000,38893.000000000,38893.000000000,1,YM
2024-06-10T19:45:11.000000000Z,32,1,80420,38893.000000000,38893.000000000,38893.000000000,38893.000000000,5,YM
2024-06-10T19:45:12.000000000Z,32,1,80420,38893.000000000,38893.000000000,38893.000000000,38893.000000000,2,YM
2024-06-10T19:45:13.000000000Z,32,1,80420,38893.000000000,38895.000000000,38893.000000000,38895.000000000,14,YM
2024-06-10T19:45:14.000000000Z,32,1,80420,38896.000000000,38896.000000000,38896.000000000,38896.000000000,1,YM
2024-06-10T19:45:15.000000000Z,32,1,80420,38896.000000000,38896.000000000,38896.000000000,38896.000000000,4,YM
2024-06-10T19:45:16.000000000Z,32,1,80420,38894.000000000,38894.000000000,38894.000000000,38894.000000000,2,YM
2024-06-10T19:45:17.000000000Z,32,1,80420,38893.000000000,38893.000000000,38891.000000000,38893.000000000,10,YM
2024-06-10T19:45:21.000000000Z,32,1,80420,38893.000000000,38893.000000000,38893.000000000,38893.000000000,3,YM
2024-06-10T19:45:24.000000000Z,32,1,80420,38894.000000000,38894.000000000,38894.000000000,38894.000000000,3,YM
2024-06-10T19:45:25.000000000Z,32,1,80420,38894.000000000,38894.000000000,38894.000000000,38894.000000000,1,YM
2024-06-10T19:45:28.000000000Z,32,1,80420,38893.000000000,38893.000000000,38893.000000000,38893.000000000,5,YM
2024-06-10T19:45:30.000000000Z,32,1,80420,38893.000000000,38893.000000000,38893.000000000,38893.000000000,1,YM
2024-06-10T19:45:31.000000000Z,32,1,80420,38893.000000000,38893.000000000,38892.000000000,38892.000000000,3,YM
2024-06-10T19:45:32.000000000Z,32,1,80420,38891.000000000,38891.000000000,38889.000000000,38889.000000000,4,YM
2024-06-10T19:45:35.000000000Z,32,1,80420,38889.000000000,38890.000000000,38889.000000000,38890.000000000,2,YM
2024-06-10T19:45:37.000000000Z,32,1,80420,38891.000000000,38891.000000000,38889.000000000,38889.000000000,3,YM
2024-06-10T19:45:38.000000000Z,32,1,80420,38889.000000000,38889.000000000,38889.000000000,38889.000000000,1,YM
2024-06-10T19:45:39.000000000Z,32,1,80420,38891.000000000,38891.000000000,38891.000000000,38891.000000000,1,YM
2024-06-10T19:45:40.000000000Z,32,1,80420,38892.000000000,38893.000000000,38892.000000000,38893.000000000,5,YM
2024-06-10T19:45:43.000000000Z,32,1,80420,38893.000000000,38893.000000000,38893.000000000,38893.000000000,5,YM
2024-06-10T19:45:44.000000000Z,32,1,80420,38892.000000000,38893.000000000,38891.000000000,38892.000000000,19,YM
2024-06-10T19:45:45.000000000Z,32,1,80420,38893.000000000,38893.000000000,38893.000000000,38893.000000000,4,YM
2024-06-10T19:45:47.000000000Z,32,1,80420,38892.000000000,38893.000000000,38892.000000000,38893.000000000,7,YM
2024-06-10T19:45:48.000000000Z,32,1,80420,38891.000000000,38891.000000000,38891.000000000,38891.000000000,1,YM
2024-06-10T19:45:52.000000000Z,32,1,80420,38890.000000000,38890.000000000,38888.000000000,38888.000000000,7,YM
2024-06-10T19:45:53.000000000Z,32,1,80420,38888.000000000,38888.000000000,38888.000000000,38888.000000000,2,YM
2024-06-10T19:45:54.000000000Z,32,1,80420,38888.000000000,38889.000000000,38887.000000000,38888.000000000,6,YM
2024-06-10T19:45:56.000000000Z,32,1,80420,38888.000000000,38888.000000000,38887.000000000,38887.000000000,2,YM
2024-06-10T19:45:58.000000000Z,32,1,80420,38889.000000000,38889.000000000,38889.000000000,38889.000000000,2,YM
2024-06-10T19:45:59.000000000Z,32,1,80420,38889.000000000,38889.000000000,38887.000000000,38887.000000000,11,YM
2024-06-10T19:46:00.000000000Z,32,1,80420,38890.000000000,38890.000000000,38889.000000000,38890.000000000,24,YM
2024-06-10T19:46:01.000000000Z,32,1,80420,38890.000000000,38890.000000000,38890.000000000,38890.000000000,3,YM
2024-06-10T19:46:03.000000000Z,32,1,80420,38891.000000000,38891.000000000,38891.000000000,38891.000000000,2,YM
2024-06-10T19:46:04.000000000Z,32,1,80420,38891.000000000,38891.000000000,38891.000000000,38891.000000000,2,YM
2024-06-10T19:46:05.000000000Z,32,1,80420,38890.000000000,38890.000000000,38888.000000000,38888.000000000,8,YM
2024-06-10T19:46:06.000000000Z,32,1,80420,38888.000000000,38888.000000000,38888.000000000,38888.000000000,2,YM
2024-06-10T19:46:10.000000000Z,32,1,80420,38889.000000000,38889.000000000,38889.000000000,38889.000000000,1,YM
2024-06-10T19:46:11.000000000Z,32,1,80420,38891.000000000,38891.000000000,38891.000000000,38891.000000000,2,YM
2024-06-10T19:46:12.000000000Z,32,1,80420,38892.000000000,38892.000000000,38892.000000000,38892.000000000,2,YM
2024-06-10T19:46:17.000000000Z,32,1,80420,38890.000000000,38890.000000000,38890.000000000,38890.000000000,2,YM
2024-06-10T19:46:18.000000000Z,32,1,80420,38891.000000000,38891.000000000,38889.000000000,38889.000000000,3,YM
2024-06-10T19:46:24.000000000Z,32,1,80420,38891.000000000,38891.000000000,38891.000000000,38891.000000000,1,YM
2024-06-10T19:46:25.000000000Z,32,1,80420,38892.000000000,38892.000000000,38892.000000000,38892.000000000,1,YM
2024-06-10T19:46:27.000000000Z,32,1,80420,38892.000000000,38893.000000000,38891.000000000,38893.000000000,7,YM
2024-06-10T19:46:28.000000000Z,32,1,80420,38893.000000000,38895.000000000,38893.000000000,38895.000000000,2,YM
2024-06-10T19:46:30.000000000Z,32,1,80420,38894.000000000,38894.000000000,38894.000000000,38894.000000000,1,YM
2024-06-10T19:46:32.000000000Z,32,1,80420,38890.000000000,38890.000000000,38890.000000000,38890.000000000,6,YM
2024-06-10T19:46:33.000000000Z,32,1,80420,38890.000000000,38890.000000000,38890.000000000,38890.000000000,1,YM
2024-06-10T19:46:35.000000000Z,32,1,80420,38891.000000000,38891.000000000,38891.000000000,38891.000000000,1,YM
2024-06-10T19:46:37.000000000Z,32,1,80420,38888.000000000,38890.000000000,38888.000000000,38890.000000000,14,YM
2024-06-10T19:46:39.000000000Z,32,1,80420,38891.000000000,38891.000000000,38891.000000000,38891.000000000,2,YM
2024-06-10T19:46:41.000000000Z,32,1,80420,38891.000000000,38891.000000000,38891.000000000,38891.000000000,10,YM
2024-06-10T19:46:42.000000000Z,32,1,80420,38891.000000000,38891.000000000,38891.000000000,38891.000000000,1,YM
2024-06-10T19:46:44.000000000Z,32,1,80420,38893.000000000,38895.000000000,38893.000000000,38894.000000000,8,YM
2024-06-10T19:46:45.000000000Z,32,1,80420,38892.000000000,38893.000000000,38892.000000000,38893.000000000,2,YM
2024-06-10T19:46:46.000000000Z,32,1,80420,38893.000000000,38893.000000000,38892.000000000,38892.000000000,7,YM
2024-06-10T19:46:47.000000000Z,32,1,80420,38893.000000000,38894.000000000,38893.000000000,38894.000000000,3,YM
2024-06-10T19:46:48.000000000Z,32,1,80420,38893.000000000,38894.000000000,38893.000000000,38894.000000000,2,YM
2024-06-10T19:46:49.000000000Z,32,1,80420,38894.000000000,38895.000000000,38894.000000000,38895.000000000,2,YM
2024-06-10T19:46:51.000000000Z,32,1,80420,38894.000000000,38894.000000000,38893.000000000,38893.000000000,2,YM
2024-06-10T19:46:52.000000000Z,32,1,80420,38895.000000000,38895.000000000,38895.000000000,38895.000000000,1,YM
2024-06-10T19:46:54.000000000Z,32,1,80420,38894.000000000,38894.000000000,38893.000000000,38893.000000000,7,YM
2024-06-10T19:46:55.000000000Z,32,1,80420,38892.000000000,38893.000000000,38892.000000000,38893.000000000,4,YM
2024-06-10T19:46:56.000000000Z,32,1,80420,38893.000000000,38893.000000000,38893.000000000,38893.000000000,1,YM
2024-06-10T19:46:58.000000000Z,32,1,80420,38894.000000000,38894.000000000,38892.000000000,38892.000000000,3,YM
2024-06-10T19:47:01.000000000Z,32,1,80420,38893.000000000,38893.000000000,38893.000000000,38893.000000000,2,YM
2024-06-10T19:47:03.000000000Z,32,1,80420,38894.000000000,38894.000000000,38893.000000000,38893.000000000,3,YM
2024-06-10T19:47:04.000000000Z,32,1,80420,38892.000000000,38892.000000000,38892.000000000,38892.000000000,2,YM
2024-06-10T19:47:06.000000000Z,32,1,80420,38891.000000000,38891.000000000,38890.000000000,38890.000000000,4,YM
2024-06-10T19:47:07.000000000Z,32,1,80420,38889.000000000,38889.000000000,38889.000000000,38889.000000000,3,YM
2024-06-10T19:47:09.000000000Z,32,1,80420,38887.000000000,38887.000000000,38887.000000000,38887.000000000,2,YM
2024-06-10T19:47:10.000000000Z,32,1,80420,38886.000000000,38886.000000000,38884.000000000,38885.000000000,22,YM
2024-06-10T19:47:11.000000000Z,32,1,80420,38886.000000000,38886.000000000,38886.000000000,38886.000000000,1,YM
2024-06-10T19:47:12.000000000Z,32,1,80420,38887.000000000,38887.000000000,38887.000000000,38887.000000000,1,YM
2024-06-10T19:47:13.000000000Z,32,1,80420,38887.000000000,38887.000000000,38887.000000000,38887.000000000,1,YM
2024-06-10T19:47:15.000000000Z,32,1,80420,38887.000000000,38887.000000000,38887.000000000,38887.000000000,2,YM
2024-06-10T19:47:17.000000000Z,32,1,80420,38886.000000000,38886.000000000,38886.000000000,38886.000000000,1,YM
2024-06-10T19:47:19.000000000Z,32,1,80420,38889.000000000,38889.000000000,38889.000000000,38889.000000000,1,YM
2024-06-10T19:47:20.000000000Z,32,1,80420,38888.000000000,38888.000000000,38888.000000000,38888.000000000,2,YM
2024-06-10T19:47:24.000000000Z,32,1,80420,38887.000000000,38887.000000000,38887.000000000,38887.000000000,1,YM
2024-06-10T19:47:26.000000000Z,32,1,80420,38887.000000000,38887.000000000,38887.000000000,38887.000000000,1,YM
2024-06-10T19:47:33.000000000Z,32,1,80420,38886.000000000,38888.000000000,38885.000000000,38886.000000000,15,YM
2024-06-10T19:47:34.000000000Z,32,1,80420,38886.000000000,38886.000000000,38886.000000000,38886.000000000,1,YM
2024-06-10T19:47:37.000000000Z,32,1,80420,38886.000000000,38886.000000000,38886.000000000,38886.000000000,1,YM
2024-06-10T19:47:38.000000000Z,32,1,80420,38888.000000000,38888.000000000,38888.000000000,38888.000000000,1,YM
2024-06-10T19:47:40.000000000Z,32,1,80420,38887.000000000,38888.000000000,38887.000000000,38888.000000000,3,YM
2024-06-10T19:47:41.000000000Z,32,1,80420,38888.000000000,38888.000000000,38886.000000000,38886.000000000,7,YM
2024-06-10T19:47:42.000000000Z,32,1,80420,38887.000000000,38887.000000000,38887.000000000,38887.000000000,2,YM
2024-06-10T19:47:43.000000000Z,32,1,80420,38888.000000000,38888.000000000,38888.000000000,38888.000000000,1,YM
2024-06-10T19:47:44.000000000Z,32,1,80420,38888.000000000,38888.000000000,38888.000000000,38888.000000000,3,YM
2024-06-10T19:47:46.000000000Z,32,1,80420,38889.000000000,38890.000000000,38889.000000000,38890.000000000,8,YM
2024-06-10T19:47:48.000000000Z,32,1,80420,38890.000000000,38890.000000000,38890.000000000,38890.000000000,1,YM
2024-06-10T19:47:50.000000000Z,32,1,80420,38891.000000000,38891.000000000,38891.000000000,38891.000000000,2,YM
2024-06-10T19:47:54.000000000Z,32,1,80420,38891.000000000,38891.000000000,38891.000000000,38891.000000000,2,YM
2024-06-10T19:47:55.000000000Z,32,1,80420,38891.000000000,38891.000000000,38890.000000000,38890.000000000,5,YM
2024-06-10T19:48:00.000000000Z,32,1,80420,38891.000000000,38891.000000000,38891.000000000,38891.000000000,12,YM
2024-06-10T19:48:01.000000000Z,32,1,80420,38891.000000000,38891.000000000,38891.000000000,38891.000000000,1,YM
2024-06-10T19:48:02.000000000Z,32,1,80420,38891.000000000,38891.000000000,38891.000000000,38891.000000000,1,YM
2024-06-10T19:48:03.000000000Z,32,1,80420,38892.000000000,38892.000000000,38892.000000000,38892.000000000,2,YM
2024-06-10T19:48:04.000000000Z,32,1,80420,38891.000000000,38891.000000000,38890.000000000,38890.000000000,4,YM
2024-06-10T19:48:06.000000000Z,32,1,80420,38891.000000000,38891.000000000,38891.000000000,38891.000000000,1,YM
2024-06-10T19:48:07.000000000Z,32,1,80420,38892.000000000,38892.000000000,38892.000000000,38892.000000000,3,YM
2024-06-10T19:48:10.000000000Z,32,1,80420,38893.000000000,38894.000000000,38893.000000000,38894.000000000,2,YM
2024-06-10T19:48:11.000000000Z,32,1,80420,38895.000000000,38895.000000000,38895.000000000,38895.000000000,16,YM
2024-06-10T19:48:12.000000000Z,32,1,80420,38896.000000000,38896.000000000,38896.000000000,38896.000000000,1,YM
2024-06-10T19:48:14.000000000Z,32,1,80420,38895.000000000,38895.000000000,38894.000000000,38894.000000000,5,YM
2024-06-10T19:48:17.000000000Z,32,1,80420,38896.000000000,38897.000000000,38896.000000000,38897.000000000,2,YM
2024-06-10T19:48:18.000000000Z,32,1,80420,38896.000000000,38896.000000000,38895.000000000,38895.000000000,3,YM
2024-06-10T19:48:19.000000000Z,32,1,80420,38894.000000000,38894.000000000,38894.000000000,38894.000000000,1,YM
2024-06-10T19:48:25.000000000Z,32,1,80420,38894.000000000,38894.000000000,38894.000000000,38894.000000000,2,YM
2024-06-10T19:48:26.000000000Z,32,1,80420,38894.000000000,38894.000000000,38894.000000000,38894.000000000,2,YM
2024-06-10T19:48:28.000000000Z,32,1,80420,38892.000000000,38892.000000000,38892.000000000,38892.000000000,3,YM
2024-06-10T19:48:29.000000000Z,32,1,80420,38893.000000000,38893.000000000,38893.000000000,38893.000000000,4,YM
2024-06-10T19:48:35.000000000Z,32,1,80420,38892.000000000,38892.000000000,38892.000000000,38892.000000000,1,YM
2024-06-10T19:48:36.000000000Z,32,1,80420,38892.000000000,38892.000000000,38892.000000000,38892.000000000,3,YM
2024-06-10T19:48:37.000000000Z,32,1,80420,38892.000000000,38892.000000000,38892.000000000,38892.000000000,1,YM
2024-06-10T19:48:38.000000000Z,32,1,80420,38893.000000000,38893.000000000,38893.000000000,38893.000000000,3,YM
2024-06-10T19:48:41.000000000Z,32,1,80420,38892.000000000,38892.000000000,38892.000000000,38892.000000000,1,YM
2024-06-10T19:48:42.000000000Z,32,1,80420,38892.000000000,38893.000000000,38892.000000000,38893.000000000,6,YM
2024-06-10T19:48:44.000000000Z,32,1,80420,38892.000000000,38892.000000000,38892.000000000,38892.000000000,1,YM
2024-06-10T19:48:45.000000000Z,32,1,80420,38891.000000000,38891.000000000,38891.000000000,38891.000000000,1,YM
2024-06-10T19:48:46.000000000Z,32,1,80420,38890.000000000,38891.000000000,38889.000000000,38889.000000000,17,YM
2024-06-10T19:48:47.000000000Z,32,1,80420,38889.000000000,38889.000000000,38888.000000000,38888.000000000,4,YM
2024-06-10T19:48:49.000000000Z,32,1,80420,38889.000000000,38889.000000000,38889.000000000,38889.000000000,1,YM
2024-06-10T19:48:51.000000000Z,32,1,80420,38888.000000000,38888.000000000,38888.000000000,38888.000000000,1,YM
2024-06-10T19:48:52.000000000Z,32,1,80420,38887.000000000,38887.000000000,38887.000000000,38887.000000000,1,YM
2024-06-10T19:48:53.000000000Z,32,1,80420,38888.000000000,38888.000000000,38888.000000000,38888.000000000,2,YM
2024-06-10T19:48:54.000000000Z,32,1,80420,38888.000000000,38888.000000000,38888.000000000,38888.000000000,2,YM
2024-06-10T19:48:57.000000000Z,32,1,80420,38887.000000000,38887.000000000,38887.000000000,38887.000000000,4,YM
2024-06-10T19:49:00.000000000Z,32,1,80420,38888.000000000,38888.000000000,38887.000000000,38888.000000000,6,YM
2024-06-10T19:49:01.000000000Z,32,1,80420,38886.000000000,38887.000000000,38886.000000000,38887.000000000,9,YM
2024-06-10T19:49:02.000000000Z,32,1,80420,38888.000000000,38889.000000000,38888.000000000,38889.000000000,3,YM
2024-06-10T19:49:03.000000000Z,32,1,80420,38889.000000000,38890.000000000,38889.000000000,38889.000000000,4,YM
2024-06-10T19:49:04.000000000Z,32,1,80420,38889.000000000,38889.000000000,38889.000000000,38889.000000000,1,YM
2024-06-10T19:49:05.000000000Z,32,1,80420,38890.000000000,38890.000000000,38890.000000000,38890.000000000,5,YM
2024-06-10T19:49:07.000000000Z,32,1,80420,38890.000000000,38890.000000000,38890.000000000,38890.000000000,1,YM
2024-06-10T19:49:09.000000000Z,32,1,80420,38890.000000000,38890.000000000,38890.000000000,38890.000000000,1,YM
2024-06-10T19:49:10.000000000Z,32,1,80420,38889.000000000,38889.000000000,38888.000000000,38888.000000000,10,YM
2024-06-10T19:49:11.000000000Z,32,1,80420,38888.000000000,38888.000000000,38888.000000000,38888.000000000,2,YM
2024-06-10T19:49:12.000000000Z,32,1,80420,38887.000000000,38888.000000000,38887.000000000,38888.000000000,5,YM
2024-06-10T19:49:13.000000000Z,32,1,80420,38887.000000000,38888.000000000,38887.000000000,38888.000000000,2,YM
2024-06-10T19:49:15.000000000Z,32,1,80420,38889.000000000,38890.000000000,38889.000000000,38890.000000000,4,YM
2024-06-10T19:49:16.000000000Z,32,1,80420,38889.000000000,38889.000000000,38889.000000000,38889.000000000,1,YM
2024-06-10T19:49:18.000000000Z,32,1,80420,38889.000000000,38889.000000000,38889.000000000,38889.000000000,1,YM
2024-06-10T19:49:22.000000000Z,32,1,80420,38890.000000000,38892.000000000,38890.000000000,38892.000000000,8,YM
2024-06-10T19:49:23.000000000Z,32,1,80420,38892.000000000,38892.000000000,38892.000000000,38892.000000000,1,YM
2024-06-10T19:49:25.000000000Z,32,1,80420,38892.000000000,38892.000000000,38892.000000000,38892.000000000,3,YM
2024-06-10T19:49:27.000000000Z,32,1,80420,38892.000000000,38892.000000000,38892.000000000,38892.000000000,2,YM
2024-06-10T19:49:28.000000000Z,32,1,80420,38892.000000000,38892.000000000,38892.000000000,38892.000000000,2,YM
2024-06-10T19:49:30.000000000Z,32,1,80420,38891.000000000,38891.000000000,38891.000000000,38891.000000000,1,YM
2024-06-10T19:49:33.000000000Z,32,1,80420,38892.000000000,38892.000000000,38892.000000000,38892.000000000,3,YM
2024-06-10T19:49:35.000000000Z,32,1,80420,38890.000000000,38890.000000000,38890.000000000,38890.000000000,2,YM
2024-06-10T19:49:37.000000000Z,32,1,80420,38889.000000000,38889.000000000,38888.000000000,38888.000000000,8,YM
2024-06-10T19:49:38.000000000Z,32,1,80420,38888.000000000,38888.000000000,38888.000000000,38888.000000000,14,YM
2024-06-10T19:49:40.000000000Z,32,1,80420,38888.000000000,38888.000000000,38888.000000000,38888.000000000,3,YM
2024-06-10T19:49:42.000000000Z,32,1,80420,38887.000000000,38888.000000000,38887.000000000,38888.000000000,3,YM
2024-06-10T19:49:43.000000000Z,32,1,80420,38887.000000000,38887.000000000,38887.000000000,38887.000000000,4,YM
2024-06-10T19:49:44.000000000Z,32,1,80420,38888.000000000,38888.000000000,38888.000000000,38888.000000000,5,YM
2024-06-10T19:49:48.000000000Z,32,1,80420,38887.000000000,38887.000000000,38885.000000000,38885.000000000,3,YM
2024-06-10T19:49:51.000000000Z,32,1,80420,38884.000000000,38885.000000000,38881.000000000,38884.000000000,42,YM
2024-06-10T19:49:52.000000000Z,32,1,80420,38883.000000000,38883.000000000,38882.000000000,38883.000000000,7,YM
2024-06-10T19:49:53.000000000Z,32,1,80420,38883.000000000,38884.000000000,38881.000000000,38884.000000000,11,YM
2024-06-10T19:49:54.000000000Z,32,1,80420,38884.000000000,38884.000000000,38884.000000000,38884.000000000,1,YM
2024-06-10T19:49:55.000000000Z,32,1,80420,38881.000000000,38881.000000000,38880.000000000,38880.000000000,19,YM
2024-06-10T19:49:56.000000000Z,32,1,80420,38879.000000000,38879.000000000,38878.000000000,38878.000000000,3,YM
2024-06-10T19:49:57.000000000Z,32,1,80420,38878.000000000,38879.000000000,38878.000000000,38879.000000000,10,YM
2024-06-10T19:49:58.000000000Z,32,1,80420,38877.000000000,38877.000000000,38877.000000000,38877.000000000,3,YM
2024-06-10T19:49:59.000000000Z,32,1,80420,38876.000000000,38877.000000000,38876.000000000,38877.000000000,7,YM
2024-06-10T19:50:00.000000000Z,32,1,80420,38876.000000000,38876.000000000,38869.000000000,38874.000000000,85,YM
2024-06-10T19:50:01.000000000Z,32,1,80420,38871.000000000,38871.000000000,38866.000000000,38867.000000000,58,YM
2024-06-10T19:50:02.000000000Z,32,1,80420,38866.000000000,38871.000000000,38866.000000000,38870.000000000,15,YM
2024-06-10T19:50:03.000000000Z,32,1,80420,38872.000000000,38874.000000000,38872.000000000,38874.000000000,16,YM
2024-06-10T19:50:04.000000000Z,32,1,80420,38875.000000000,38876.000000000,38871.000000000,38874.000000000,27,YM
2024-06-10T19:50:05.000000000Z,32,1,80420,38875.000000000,38875.000000000,38873.000000000,38873.000000000,9,YM
2024-06-10T19:50:06.000000000Z,32,1,80420,38873.000000000,38873.000000000,38873.000000000,38873.000000000,1,YM
2024-06-10T19:50:07.000000000Z,32,1,80420,38873.000000000,38874.000000000,38873.000000000,38873.000000000,6,YM
2024-06-10T19:50:08.000000000Z,32,1,80420,38873.000000000,38877.000000000,38873.000000000,38877.000000000,8,YM
2024-06-10T19:50:09.000000000Z,32,1,80420,38876.000000000,38877.000000000,38876.000000000,38877.000000000,2,YM
2024-06-10T19:50:10.000000000Z,32,1,80420,38878.000000000,38879.000000000,38876.000000000,38878.000000000,10,YM
2024-06-10T19:50:11.000000000Z,32,1,80420,38878.000000000,38878.000000000,38875.000000000,38877.000000000,8,YM
2024-06-10T19:50:12.000000000Z,32,1,80420,38876.000000000,38878.000000000,38875.000000000,38878.000000000,11,YM
2024-06-10T19:50:14.000000000Z,32,1,80420,38878.000000000,38879.000000000,38877.000000000,38879.000000000,11,YM
2024-06-10T19:50:15.000000000Z,32,1,80420,38879.000000000,38881.000000000,38879.000000000,38881.000000000,6,YM
2024-06-10T19:50:16.000000000Z,32,1,80420,38881.000000000,38881.000000000,38880.000000000,38880.000000000,2,YM
2024-06-10T19:50:19.000000000Z,32,1,80420,38879.000000000,38881.000000000,38879.000000000,38881.000000000,9,YM
2024-06-10T19:50:20.000000000Z,32,1,80420,38881.000000000,38884.000000000,38881.000000000,38883.000000000,13,YM
2024-06-10T19:50:22.000000000Z,32,1,80420,38879.000000000,38881.000000000,38879.000000000,38881.000000000,14,YM
2024-06-10T19:50:23.000000000Z,32,1,80420,38882.000000000,38882.000000000,38882.000000000,38882.000000000,1,YM
2024-06-10T19:50:24.000000000Z,32,1,80420,38882.000000000,38882.000000000,38882.000000000,38882.000000000,1,YM
2024-06-10T19:50:25.000000000Z,32,1,80420,38883.000000000,38883.000000000,38882.000000000,38883.000000000,8,YM
2024-06-10T19:50:26.000000000Z,32,1,80420,38880.000000000,38882.000000000,38880.000000000,38882.000000000,5,YM
2024-06-10T19:50:27.000000000Z,32,1,80420,38883.000000000,38883.000000000,38882.000000000,38882.000000000,2,YM
2024-06-10T19:50:30.000000000Z,32,1,80420,38880.000000000,38880.000000000,38880.000000000,38880.000000000,4,YM
2024-06-10T19:50:31.000000000Z,32,1,80420,38879.000000000,38879.000000000,38876.000000000,38877.000000000,10,YM
2024-06-10T19:50:32.000000000Z,32,1,80420,38877.000000000,38877.000000000,38877.000000000,38877.000000000,1,YM
2024-06-10T19:50:33.000000000Z,32,1,80420,38877.000000000,38877.000000000,38877.000000000,38877.000000000,2,YM
2024-06-10T19:50:34.000000000Z,32,1,80420,38876.000000000,38876.000000000,38876.000000000,38876.000000000,3,YM
2024-06-10T19:50:35.000000000Z,32,1,80420,38877.000000000,38878.000000000,38877.000000000,38878.000000000,3,YM
2024-06-10T19:50:36.000000000Z,32,1,80420,38879.000000000,38879.000000000,38879.000000000,38879.000000000,2,YM
2024-06-10T19:50:37.000000000Z,32,1,80420,38880.000000000,38880.000000000,38880.000000000,38880.000000000,4,YM
2024-06-10T19:50:39.000000000Z,32,1,80420,38880.000000000,38880.000000000,38880.000000000,38880.000000000,1,YM
2024-06-10T19:50:40.000000000Z,32,1,80420,38881.000000000,38882.000000000,38881.000000000,38882.000000000,5,YM
2024-06-10T19:50:41.000000000Z,32,1,80420,38884.000000000,38884.000000000,38884.000000000,38884.000000000,12,YM
2024-06-10T19:50:42.000000000Z,32,1,80420,38884.000000000,38884.000000000,38884.000000000,38884.000000000,2,YM
2024-06-10T19:50:43.000000000Z,32,1,80420,38885.000000000,38885.000000000,38885.000000000,38885.000000000,16,YM
2024-06-10T19:50:44.000000000Z,32,1,80420,38885.000000000,38885.000000000,38882.000000000,38882.000000000,11,YM
2024-06-10T19:50:45.000000000Z,32,1,80420,38882.000000000,38883.000000000,38882.000000000,38883.000000000,2,YM
2024-06-10T19:50:46.000000000Z,32,1,80420,38881.000000000,38881.000000000,38881.000000000,38881.000000000,5,YM
2024-06-10T19:50:48.000000000Z,32,1,80420,38881.000000000,38881.000000000,38880.000000000,38880.000000000,5,YM
2024-06-10T19:50:49.000000000Z,32,1,80420,38880.000000000,38880.000000000,38880.000000000,38880.000000000,2,YM
2024-06-10T19:50:50.000000000Z,32,1,80420,38878.000000000,38878.000000000,38878.000000000,38878.000000000,3,YM
2024-06-10T19:50:51.000000000Z,32,1,80420,38877.000000000,38878.000000000,38877.000000000,38878.000000000,5,YM
2024-06-10T19:50:52.000000000Z,32,1,80420,38877.000000000,38877.000000000,38877.000000000,38877.000000000,4,YM
2024-06-10T19:50:54.000000000Z,32,1,80420,38878.000000000,38878.000000000,38878.000000000,38878.000000000,3,YM
2024-06-10T19:50:55.000000000Z,32,1,80420,38878.000000000,38878.000000000,38876.000000000,38876.000000000,3,YM
2024-06-10T19:50:56.000000000Z,32,1,80420,38877.000000000,38877.000000000,38876.000000000,38877.000000000,8,YM
2024-06-10T19:50:57.000000000Z,32,1,80420,38877.000000000,38877.000000000,38877.000000000,38877.000000000,1,YM
2024-06-10T19:50:58.000000000Z,32,1,80420,38877.000000000,38877.000000000,38876.000000000,38876.000000000,2,YM
2024-06-10T19:50:59.000000000Z,32,1,80420,38876.000000000,38876.000000000,38876.000000000,38876.000000000,2,YM
2024-06-10T19:51:00.000000000Z,32,1,80420,38876.000000000,38877.000000000,38875.000000000,38877.000000000,9,YM
2024-06-10T19:51:01.000000000Z,32,1,80420,38880.000000000,38880.000000000,38879.000000000,38879.000000000,2,YM
2024-06-10T19:51:02.000000000Z,32,1,80420,38880.000000000,38880.000000000,38877.000000000,38880.000000000,18,YM
2024-06-10T19:51:03.000000000Z,32,1,80420,38881.000000000,38881.000000000,38881.000000000,38881.000000000,7,YM
2024-06-10T19:51:04.000000000Z,32,1,80420,38884.000000000,38886.000000000,38884.000000000,38886.000000000,8,YM
2024-06-10T19:51:05.000000000Z,32,1,80420,38885.000000000,38885.000000000,38885.000000000,38885.000000000,6,YM
2024-06-10T19:51:06.000000000Z,32,1,80420,38885.000000000,38885.000000000,38885.000000000,38885.000000000,4,YM
2024-06-10T19:51:07.000000000Z,32,1,80420,38885.000000000,38885.000000000,38885.000000000,38885.000000000,1,YM
2024-06-10T19:51:08.000000000Z,32,1,80420,38884.000000000,38885.000000000,38884.000000000,38885.000000000,4,YM
2024-06-10T19:51:10.000000000Z,32,1,80420,38884.000000000,38885.000000000,38884.000000000,38885.000000000,4,YM
2024-06-10T19:51:11.000000000Z,32,1,80420,38884.000000000,38885.000000000,38884.000000000,38885.000000000,2,YM
2024-06-10T19:51:12.000000000Z,32,1,80420,38886.000000000,38886.000000000,38885.000000000,38885.000000000,2,YM
2024-06-10T19:51:13.000000000Z,32,1,80420,38886.000000000,38886.000000000,38886.000000000,38886.000000000,5,YM
2024-06-10T19:51:14.000000000Z,32,1,80420,38886.000000000,38886.000000000,38883.000000000,38883.000000000,3,YM
2024-06-10T19:51:15.000000000Z,32,1,80420,38882.000000000,38882.000000000,38882.000000000,38882.000000000,1,YM
2024-06-10T19:51:16.000000000Z,32,1,80420,38882.000000000,38882.000000000,38882.000000000,38882.000000000,6,YM
2024-06-10T19:51:18.000000000Z,32,1,80420,38881.000000000,38881.000000000,38881.000000000,38881.000000000,2,YM
2024-06-10T19:51:19.000000000Z,32,1,80420,38880.000000000,38880.000000000,38878.000000000,38878.000000000,2,YM
2024-06-10T19:51:20.000000000Z,32,1,80420,38878.000000000,38879.000000000,38878.000000000,38878.000000000,7,YM
2024-06-10T19:51:21.000000000Z,32,1,80420,38879.000000000,38879.000000000,38879.000000000,38879.000000000,1,YM
2024-06-10T19:51:22.000000000Z,32,1,80420,38879.000000000,38883.000000000,38879.000000000,38883.000000000,11,YM
2024-06-10T19:51:23.000000000Z,32,1,80420,38883.000000000,38883.000000000,38882.000000000,38882.000000000,3,YM
2024-06-10T19:51:24.000000000Z,32,1,80420,38882.000000000,38884.000000000,38882.000000000,38884.000000000,6,YM
2024-06-10T19:51:25.000000000Z,32,1,80420,38883.000000000,38883.000000000,38883.000000000,38883.000000000,3,YM
2024-06-10T19:51:26.000000000Z,32,1,80420,38884.000000000,38885.000000000,38884.000000000,38885.000000000,3,YM
2024-06-10T19:51:27.000000000Z,32,1,80420,38885.000000000,38885.000000000,38885.000000000,38885.000000000,1,YM
2024-06-10T19:51:28.000000000Z,32,1,80420,38884.000000000,38886.000000000,38884.000000000,38886.000000000,3,YM
2024-06-10T19:51:29.000000000Z,32,1,80420,38885.000000000,38885.000000000,38884.000000000,38884.000000000,3,YM
2024-06-10T19:51:30.000000000Z,32,1,80420,38885.000000000,38885.000000000,38882.000000000,38882.000000000,8,YM
2024-06-10T19:51:32.000000000Z,32,1,80420,38882.000000000,38883.000000000,38882.000000000,38883.000000000,8,YM
2024-06-10T19:51:34.000000000Z,32,1,80420,38883.000000000,38883.000000000,38883.000000000,38883.000000000,5,YM
2024-06-10T19:51:35.000000000Z,32,1,80420,38883.000000000,38883.000000000,38881.000000000,38882.000000000,3,YM
2024-06-10T19:51:36.000000000Z,32,1,80420,38882.000000000,38883.000000000,38882.000000000,38883.000000000,3,YM
2024-06-10T19:51:37.000000000Z,32,1,80420,38884.000000000,38888.000000000,38884.000000000,38887.000000000,10,YM
2024-06-10T19:51:38.000000000Z,32,1,80420,38887.000000000,38887.000000000,38887.000000000,38887.000000000,7,YM
2024-06-10T19:51:39.000000000Z,32,1,80420,38886.000000000,38886.000000000,38886.000000000,38886.000000000,1,YM
2024-06-10T19:51:41.000000000Z,32,1,80420,38885.000000000,38885.000000000,38883.000000000,38883.000000000,10,YM
2024-06-10T19:51:42.000000000Z,32,1,80420,38884.000000000,38884.000000000,38884.000000000,38884.000000000,1,YM
2024-06-10T19:51:44.000000000Z,32,1,80420,38885.000000000,38885.000000000,38885.000000000,38885.000000000,5,YM
2024-06-10T19:51:46.000000000Z,32,1,80420,38884.000000000,38884.000000000,38884.000000000,38884.000000000,2,YM
2024-06-10T19:51:47.000000000Z,32,1,80420,38884.000000000,38885.000000000,38884.000000000,38885.000000000,7,YM
2024-06-10T19:51:48.000000000Z,32,1,80420,38886.000000000,38886.000000000,38886.000000000,38886.000000000,1,YM
2024-06-10T19:51:49.000000000Z,32,1,80420,38886.000000000,38887.000000000,38886.000000000,38887.000000000,5,YM
2024-06-10T19:51:50.000000000Z,32,1,80420,38886.000000000,38886.000000000,38886.000000000,38886.000000000,2,YM
2024-06-10T19:51:51.000000000Z,32,1,80420,38885.000000000,38885.000000000,38885.000000000,38885.000000000,1,YM
2024-06-10T19:51:52.000000000Z,32,1,80420,38886.000000000,38887.000000000,38886.000000000,38886.000000000,9,YM
2024-06-10T19:51:53.000000000Z,32,1,80420,38888.000000000,38888.000000000,38887.000000000,38888.000000000,8,YM
2024-06-10T19:51:54.000000000Z,32,1,80420,38889.000000000,38890.000000000,38888.000000000,38888.000000000,9,YM
2024-06-10T19:51:55.000000000Z,32,1,80420,38889.000000000,38890.000000000,38889.000000000,38890.000000000,6,YM
2024-06-10T19:51:57.000000000Z,32,1,80420,38888.000000000,38889.000000000,38888.000000000,38889.000000000,2,YM
2024-06-10T19:51:59.000000000Z,32,1,80420,38891.000000000,38891.000000000,38890.000000000,38891.000000000,10,YM
2024-06-10T19:52:00.000000000Z,32,1,80420,38891.000000000,38897.000000000,38891.000000000,38895.000000000,98,YM
2024-06-10T19:52:01.000000000Z,32,1,80420,38894.000000000,38895.000000000,38890.000000000,38890.000000000,34,YM
2024-06-10T19:52:02.000000000Z,32,1,80420,38891.000000000,38891.000000000,38888.000000000,38888.000000000,13,YM
2024-06-10T19:52:03.000000000Z,32,1,80420,38891.000000000,38891.000000000,38888.000000000,38888.000000000,12,YM
2024-06-10T19:52:04.000000000Z,32,1,80420,38887.000000000,38888.000000000,38886.000000000,38887.000000000,11,YM
2024-06-10T19:52:05.000000000Z,32,1,80420,38887.000000000,38889.000000000,38887.000000000,38889.000000000,11,YM
2024-06-10T19:52:06.000000000Z,32,1,80420,38889.000000000,38889.000000000,38889.000000000,38889.000000000,1,YM
2024-06-10T19:52:07.000000000Z,32,1,80420,38887.000000000,38887.000000000,38887.000000000,38887.000000000,3,YM
2024-06-10T19:52:08.000000000Z,32,1,80420,38886.000000000,38888.000000000,38885.000000000,38888.000000000,7,YM
2024-06-10T19:52:10.000000000Z,32,1,80420,38887.000000000,38887.000000000,38887.000000000,38887.000000000,3,YM
2024-06-10T19:52:11.000000000Z,32,1,80420,38886.000000000,38886.000000000,38886.000000000,38886.000000000,3,YM
2024-06-10T19:52:12.000000000Z,32,1,80420,38886.000000000,38886.000000000,38886.000000000,38886.000000000,8,YM
2024-06-10T19:52:13.000000000Z,32,1,80420,38886.000000000,38886.000000000,38886.000000000,38886.000000000,6,YM
2024-06-10T19:52:14.000000000Z,32,1,80420,38886.000000000,38886.000000000,38886.000000000,38886.000000000,2,YM
2024-06-10T19:52:15.000000000Z,32,1,80420,38885.000000000,38885.000000000,38885.000000000,38885.000000000,3,YM
2024-06-10T19:52:16.000000000Z,32,1,80420,38886.000000000,38887.000000000,38886.000000000,38887.000000000,20,YM
2024-06-10T19:52:17.000000000Z,32,1,80420,38886.000000000,38887.000000000,38886.000000000,38887.000000000,3,YM
2024-06-10T19:52:18.000000000Z,32,1,80420,38887.000000000,38887.000000000,38887.000000000,38887.000000000,1,YM
2024-06-10T19:52:19.000000000Z,32,1,80420,38888.000000000,38889.000000000,38887.000000000,38889.000000000,7,YM
2024-06-10T19:52:20.000000000Z,32,1,80420,38889.000000000,38889.000000000,38889.000000000,38889.000000000,4,YM
2024-06-10T19:52:21.000000000Z,32,1,80420,38890.000000000,38890.000000000,38890.000000000,38890.000000000,1,YM
2024-06-10T19:52:23.000000000Z,32,1,80420,38890.000000000,38892.000000000,38890.000000000,38890.000000000,25,YM
2024-06-10T19:52:24.000000000Z,32,1,80420,38891.000000000,38891.000000000,38889.000000000,38889.000000000,3,YM
2024-06-10T19:52:25.000000000Z,32,1,80420,38888.000000000,38888.000000000,38888.000000000,38888.000000000,1,YM
2024-06-10T19:52:26.000000000Z,32,1,80420,38887.000000000,38888.000000000,38887.000000000,38888.000000000,3,YM
2024-06-10T19:52:27.000000000Z,32,1,80420,38888.000000000,38888.000000000,38888.000000000,38888.000000000,4,YM
2024-06-10T19:52:28.000000000Z,32,1,80420,38887.000000000,38887.000000000,38887.000000000,38887.000000000,1,YM
2024-06-10T19:52:29.000000000Z,32,1,80420,38888.000000000,38888.000000000,38888.000000000,38888.000000000,5,YM
2024-06-10T19:52:30.000000000Z,32,1,80420,38889.000000000,38889.000000000,38889.000000000,38889.000000000,1,YM
2024-06-10T19:52:31.000000000Z,32,1,80420,38890.000000000,38890.000000000,38890.000000000,38890.000000000,5,YM
2024-06-10T19:52:32.000000000Z,32,1,80420,38891.000000000,38891.000000000,38891.000000000,38891.000000000,1,YM
2024-06-10T19:52:33.000000000Z,32,1,80420,38892.000000000,38893.000000000,38892.000000000,38893.000000000,8,YM
2024-06-10T19:52:34.000000000Z,32,1,80420,38893.000000000,38894.000000000,38893.000000000,38894.000000000,9,YM
2024-06-10T19:52:35.000000000Z,32,1,80420,38894.000000000,38894.000000000,38893.000000000,38893.000000000,4,YM
2024-06-10T19:52:36.000000000Z,32,1,80420,38894.000000000,38895.000000000,38894.000000000,38894.000000000,3,YM
2024-06-10T19:52:37.000000000Z,32,1,80420,38894.000000000,38895.000000000,38894.000000000,38895.000000000,2,YM
2024-06-10T19:52:38.000000000Z,32,1,80420,38895.000000000,38896.000000000,38895.000000000,38896.000000000,2,YM
2024-06-10T19:52:39.000000000Z,32,1,80420,38897.000000000,38897.000000000,38897.000000000,38897.000000000,6,YM
2024-06-10T19:52:40.000000000Z,32,1,80420,38897.000000000,38897.000000000,38897.000000000,38897.000000000,2,YM
2024-06-10T19:52:42.000000000Z,32,1,80420,38896.000000000,38897.000000000,38896.000000000,38897.000000000,5,YM
2024-06-10T19:52:43.000000000Z,32,1,80420,38898.000000000,38900.000000000,38898.000000000,38898.000000000,15,YM
2024-06-10T19:52:44.000000000Z,32,1,80420,38898.000000000,38900.000000000,38898.000000000,38900.000000000,6,YM
2024-06-10T19:52:45.000000000Z,32,1,80420,38899.000000000,38899.000000000,38898.000000000,38898.000000000,4,YM
2024-06-10T19:52:46.000000000Z,32,1,80420,38898.000000000,38898.000000000,38898.000000000,38898.000000000,1,YM
2024-06-10T19:52:47.000000000Z,32,1,80420,38898.000000000,38898.000000000,38898.000000000,38898.000000000,1,YM
2024-06-10T19:52:48.000000000Z,32,1,80420,38899.000000000,38899.000000000,38899.000000000,38899.000000000,1,YM
2024-06-10T19:52:49.000000000Z,32,1,80420,38899.000000000,38900.000000000,38899.000000000,38900.000000000,5,YM
2024-06-10T19:52:50.000000000Z,32,1,80420,38899.000000000,38899.000000000,38899.000000000,38899.000000000,2,YM
2024-06-10T19:52:51.000000000Z,32,1,80420,38897.000000000,38897.000000000,38897.000000000,38897.000000000,1,YM
2024-06-10T19:52:52.000000000Z,32,1,80420,38897.000000000,38897.000000000,38897.000000000,38897.000000000,1,YM
2024-06-10T19:52:53.000000000Z,32,1,80420,38898.000000000,38898.000000000,38898.000000000,38898.000000000,2,YM
2024-06-10T19:52:54.000000000Z,32,1,80420,38897.000000000,38897.000000000,38897.000000000,38897.000000000,4,YM
2024-06-10T19:52:55.000000000Z,32,1,80420,38897.000000000,38897.000000000,38895.000000000,38895.000000000,14,YM
2024-06-10T19:52:58.000000000Z,32,1,80420,38896.000000000,38896.000000000,38895.000000000,38896.000000000,5,YM
2024-06-10T19:52:59.000000000Z,32,1,80420,38895.000000000,38895.000000000,38895.000000000,38895.000000000,6,YM
2024-06-10T19:53:00.000000000Z,32,1,80420,38896.000000000,38896.000000000,38896.000000000,38896.000000000,1,YM
2024-06-10T19:53:01.000000000Z,32,1,80420,38896.000000000,38896.000000000,38892.000000000,38894.000000000,18,YM
2024-06-10T19:53:03.000000000Z,32,1,80420,38894.000000000,38897.000000000,38894.000000000,38896.000000000,8,YM
2024-06-10T19:53:04.000000000Z,32,1,80420,38896.000000000,38896.000000000,38895.000000000,38895.000000000,4,YM
2024-06-10T19:53:05.000000000Z,32,1,80420,38894.000000000,38894.000000000,38894.000000000,38894.000000000,1,YM
2024-06-10T19:53:06.000000000Z,32,1,80420,38894.000000000,38894.000000000,38893.000000000,38893.000000000,2,YM
2024-06-10T19:53:07.000000000Z,32,1,80420,38894.000000000,38895.000000000,38893.000000000,38895.000000000,7,YM
2024-06-10T19:53:10.000000000Z,32,1,80420,38895.000000000,38896.000000000,38895.000000000,38896.000000000,5,YM
2024-06-10T19:53:11.000000000Z,32,1,80420,38897.000000000,38898.000000000,38897.000000000,38898.000000000,4,YM
2024-06-10T19:53:12.000000000Z,32,1,80420,38898.000000000,38898.000000000,38898.000000000,38898.000000000,2,YM
2024-06-10T19:53:13.000000000Z,32,1,80420,38898.000000000,38898.000000000,38897.000000000,38897.000000000,2,YM
2024-06-10T19:53:14.000000000Z,32,1,80420,38897.000000000,38897.000000000,38897.000000000,38897.000000000,4,YM
2024-06-10T19:53:17.000000000Z,32,1,80420,38898.000000000,38898.000000000,38898.000000000,38898.000000000,5,YM
2024-06-10T19:53:19.000000000Z,32,1,80420,38898.000000000,38898.000000000,38898.000000000,38898.000000000,1,YM
2024-06-10T19:53:22.000000000Z,32,1,80420,38897.000000000,38897.000000000,38897.000000000,38897.000000000,1,YM
2024-06-10T19:53:24.000000000Z,32,1,80420,38896.000000000,38896.000000000,38895.000000000,38895.000000000,9,YM
2024-06-10T19:53:25.000000000Z,32,1,80420,38894.000000000,38896.000000000,38894.000000000,38895.000000000,12,YM
2024-06-10T19:53:26.000000000Z,32,1,80420,38894.000000000,38894.000000000,38893.000000000,38893.000000000,3,YM
2024-06-10T19:53:27.000000000Z,32,1,80420,38893.000000000,38893.000000000,38892.000000000,38892.000000000,5,YM
2024-06-10T19:53:28.000000000Z,32,1,80420,38890.000000000,38890.000000000,38888.000000000,38889.000000000,7,YM
2024-06-10T19:53:29.000000000Z,32,1,80420,38889.000000000,38889.000000000,38889.000000000,38889.000000000,1,YM
2024-06-10T19:53:30.000000000Z,32,1,80420,38890.000000000,38890.000000000,38890.000000000,38890.000000000,1,YM
2024-06-10T19:53:31.000000000Z,32,1,80420,38889.000000000,38889.000000000,38889.000000000,38889.000000000,3,YM
2024-06-10T19:53:32.000000000Z,32,1,80420,38890.000000000,38890.000000000,38890.000000000,38890.000000000,1,YM
2024-06-10T19:53:33.000000000Z,32,1,80420,38893.000000000,38893.000000000,38893.000000000,38893.000000000,1,YM
2024-06-10T19:53:35.000000000Z,32,1,80420,38890.000000000,38890.000000000,38887.000000000,38887.000000000,35,YM
2024-06-10T19:53:36.000000000Z,32,1,80420,38888.000000000,38888.000000000,38886.000000000,38887.000000000,10,YM
2024-06-10T19:53:37.000000000Z,32,1,80420,38887.000000000,38888.000000000,38887.000000000,38888.000000000,10,YM
2024-06-10T19:53:38.000000000Z,32,1,80420,38889.000000000,38889.000000000,38888.000000000,38888.000000000,2,YM
2024-06-10T19:53:39.000000000Z,32,1,80420,38889.000000000,38889.000000000,38889.000000000,38889.000000000,2,YM
2024-06-10T19:53:40.000000000Z,32,1,80420,38888.000000000,38888.000000000,38888.000000000,38888.000000000,3,YM
2024-06-10T19:53:41.000000000Z,32,1,80420,38889.000000000,38889.000000000,38889.000000000,38889.000000000,4,YM
2024-06-10T19:53:42.000000000Z,32,1,80420,38889.000000000,38890.000000000,38889.000000000,38890.000000000,5,YM
2024-06-10T19:53:45.000000000Z,32,1,80420,38890.000000000,38891.000000000,38890.000000000,38891.000000000,3,YM
2024-06-10T19:53:46.000000000Z,32,1,80420,38890.000000000,38891.000000000,38890.000000000,38890.000000000,16,YM
2024-06-10T19:53:47.000000000Z,32,1,80420,38891.000000000,38891.000000000,38891.000000000,38891.000000000,3,YM
2024-06-10T19:53:48.000000000Z,32,1,80420,38892.000000000,38892.000000000,38892.000000000,38892.000000000,1,YM
2024-06-10T19:53:50.000000000Z,32,1,80420,38892.000000000,38894.000000000,38892.000000000,38894.000000000,10,YM
2024-06-10T19:53:51.000000000Z,32,1,80420,38894.000000000,38894.000000000,38894.000000000,38894.000000000,1,YM
2024-06-10T19:53:52.000000000Z,32,1,80420,38895.000000000,38895.000000000,38894.000000000,38894.000000000,19,YM
2024-06-10T19:53:53.000000000Z,32,1,80420,38894.000000000,38895.000000000,38894.000000000,38894.000000000,3,YM
2024-06-10T19:53:54.000000000Z,32,1,80420,38894.000000000,38894.000000000,38894.000000000,38894.000000000,1,YM
2024-06-10T19:53:56.000000000Z,32,1,80420,38893.000000000,38893.000000000,38893.000000000,38893.000000000,1,YM
2024-06-10T19:53:57.000000000Z,32,1,80420,38894.000000000,38894.000000000,38894.000000000,38894.000000000,1,YM
2024-06-10T19:53:58.000000000Z,32,1,80420,38893.000000000,38895.000000000,38893.000000000,38895.000000000,10,YM
2024-06-10T19:53:59.000000000Z,32,1,80420,38896.000000000,38898.000000000,38896.000000000,38898.000000000,6,YM
2024-06-10T19:54:00.000000000Z,32,1,80420,38897.000000000,38897.000000000,38895.000000000,38895.000000000,8,YM
2024-06-10T19:54:02.000000000Z,32,1,80420,38895.000000000,38895.000000000,38894.000000000,38895.000000000,11,YM
2024-06-10T19:54:03.000000000Z,32,1,80420,38895.000000000,38895.000000000,38894.000000000,38895.000000000,7,YM
2024-06-10T19:54:04.000000000Z,32,1,80420,38896.000000000,38899.000000000,38896.000000000,38899.000000000,9,YM
2024-06-10T19:54:05.000000000Z,32,1,80420,38899.000000000,38899.000000000,38899.000000000,38899.000000000,2,YM
2024-06-10T19:54:06.000000000Z,32,1,80420,38899.000000000,38899.000000000,38899.000000000,38899.000000000,1,YM
2024-06-10T19:54:07.000000000Z,32,1,80420,38900.000000000,38901.000000000,38898.000000000,38898.000000000,13,YM
2024-06-10T19:54:08.000000000Z,32,1,80420,38899.000000000,38899.000000000,38899.000000000,38899.000000000,1,YM
2024-06-10T19:54:09.000000000Z,32,1,80420,38899.000000000,38899.000000000,38899.000000000,38899.000000000,2,YM
2024-06-10T19:54:10.000000000Z,32,1,80420,38898.000000000,38899.000000000,38898.000000000,38899.000000000,3,YM
2024-06-10T19:54:11.000000000Z,32,1,80420,38901.000000000,38903.000000000,38901.000000000,38903.000000000,12,YM
2024-06-10T19:54:12.000000000Z,32,1,80420,38901.000000000,38903.000000000,38901.000000000,38903.000000000,5,YM
2024-06-10T19:54:14.000000000Z,32,1,80420,38903.000000000,38904.000000000,38903.000000000,38904.000000000,7,YM
2024-06-10T19:54:15.000000000Z,32,1,80420,38904.000000000,38904.000000000,38904.000000000,38904.000000000,2,YM
2024-06-10T19:54:16.000000000Z,32,1,80420,38903.000000000,38904.000000000,38903.000000000,38904.000000000,5,YM
2024-06-10T19:54:17.000000000Z,32,1,80420,38904.000000000,38906.000000000,38904.000000000,38906.000000000,22,YM
2024-06-10T19:54:18.000000000Z,32,1,80420,38905.000000000,38905.000000000,38905.000000000,38905.000000000,3,YM
2024-06-10T19:54:19.000000000Z,32,1,80420,38905.000000000,38909.000000000,38905.000000000,38909.000000000,18,YM
2024-06-10T19:54:20.000000000Z,32,1,80420,38909.000000000,38911.000000000,38909.000000000,38910.000000000,15,YM
2024-06-10T19:54:21.000000000Z,32,1,80420,38910.000000000,38910.000000000,38910.000000000,38910.000000000,2,YM
2024-06-10T19:54:22.000000000Z,32,1,80420,38911.000000000,38911.000000000,38911.000000000,38911.000000000,1,YM
2024-06-10T19:54:23.000000000Z,32,1,80420,38911.000000000,38911.000000000,38911.000000000,38911.000000000,5,YM
2024-06-10T19:54:25.000000000Z,32,1,80420,38911.000000000,38914.000000000,38911.000000000,38913.000000000,20,YM
2024-06-10T19:54:26.000000000Z,32,1,80420,38913.000000000,38913.000000000,38913.000000000,38913.000000000,3,YM
2024-06-10T19:54:27.000000000Z,32,1,80420,38913.000000000,38913.000000000,38913.000000000,38913.000000000,2,YM
2024-06-10T19:54:28.000000000Z,32,1,80420,38914.000000000,38915.000000000,38914.000000000,38915.000000000,4,YM
2024-06-10T19:54:29.000000000Z,32,1,80420,38915.000000000,38915.000000000,38915.000000000,38915.000000000,1,YM
2024-06-10T19:54:30.000000000Z,32,1,80420,38914.000000000,38915.000000000,38914.000000000,38915.000000000,7,YM
2024-06-10T19:54:32.000000000Z,32,1,80420,38915.000000000,38916.000000000,38915.000000000,38915.000000000,11,YM
2024-06-10T19:54:33.000000000Z,32,1,80420,38916.000000000,38917.000000000,38916.000000000,38917.000000000,5,YM
2024-06-10T19:54:34.000000000Z,32,1,80420,38915.000000000,38915.000000000,38915.000000000,38915.000000000,1,YM
2024-06-10T19:54:35.000000000Z,32,1,80420,38915.000000000,38916.000000000,38915.000000000,38916.000000000,3,YM
2024-06-10T19:54:36.000000000Z,32,1,80420,38914.000000000,38914.000000000,38913.000000000,38914.000000000,7,YM
2024-06-10T19:54:37.000000000Z,32,1,80420,38914.000000000,38915.000000000,38914.000000000,38915.000000000,4,YM
2024-06-10T19:54:38.000000000Z,32,1,80420,38913.000000000,38914.000000000,38913.000000000,38914.000000000,3,YM
2024-06-10T19:54:39.000000000Z,32,1,80420,38914.000000000,38914.000000000,38914.000000000,38914.000000000,1,YM
2024-06-10T19:54:40.000000000Z,32,1,80420,38914.000000000,38914.000000000,38909.000000000,38909.000000000,33,YM
2024-06-10T19:54:41.000000000Z,32,1,80420,38910.000000000,38911.000000000,38910.000000000,38910.000000000,9,YM
2024-06-10T19:54:42.000000000Z,32,1,80420,38910.000000000,38910.000000000,38910.000000000,38910.000000000,3,YM
2024-06-10T19:54:43.000000000Z,32,1,80420,38911.000000000,38912.000000000,38911.000000000,38911.000000000,8,YM
2024-06-10T19:54:44.000000000Z,32,1,80420,38912.000000000,38912.000000000,38911.000000000,38912.000000000,5,YM
2024-06-10T19:54:45.000000000Z,32,1,80420,38913.000000000,38914.000000000,38913.000000000,38914.000000000,2,YM
2024-06-10T19:54:46.000000000Z,32,1,80420,38915.000000000,38916.000000000,38915.000000000,38916.000000000,4,YM
2024-06-10T19:54:47.000000000Z,32,1,80420,38917.000000000,38917.000000000,38916.000000000,38916.000000000,13,YM
2024-06-10T19:54:48.000000000Z,32,1,80420,38915.000000000,38915.000000000,38915.000000000,38915.000000000,4,YM
2024-06-10T19:54:49.000000000Z,32,1,80420,38916.000000000,38916.000000000,38914.000000000,38914.000000000,10,YM
2024-06-10T19:54:50.000000000Z,32,1,80420,38913.000000000,38913.000000000,38909.000000000,38910.000000000,32,YM
2024-06-10T19:54:51.000000000Z,32,1,80420,38910.000000000,38910.000000000,38909.000000000,38909.000000000,6,YM
2024-06-10T19:54:52.000000000Z,32,1,80420,38910.000000000,38910.000000000,38910.000000000,38910.000000000,1,YM
2024-06-10T19:54:53.000000000Z,32,1,80420,38907.000000000,38907.000000000,38906.000000000,38906.000000000,3,YM
2024-06-10T19:54:54.000000000Z,32,1,80420,38908.000000000,38910.000000000,38908.000000000,38909.000000000,16,YM
2024-06-10T19:54:55.000000000Z,32,1,80420,38910.000000000,38910.000000000,38909.000000000,38909.000000000,3,YM
2024-06-10T19:54:56.000000000Z,32,1,80420,38910.000000000,38910.000000000,38910.000000000,38910.000000000,1,YM
2024-06-10T19:54:57.000000000Z,32,1,80420,38909.000000000,38909.000000000,38909.000000000,38909.000000000,3,YM
2024-06-10T19:54:58.000000000Z,32,1,80420,38909.000000000,38910.000000000,38909.000000000,38910.000000000,3,YM
2024-06-10T19:54:59.000000000Z,32,1,80420,38910.000000000,38910.000000000,38909.000000000,38909.000000000,3,YM
2024-06-10T19:55:00.000000000Z,32,1,80420,38908.000000000,38912.000000000,38907.000000000,38912.000000000,37,YM
2024-06-10T19:55:01.000000000Z,32,1,80420,38913.000000000,38913.000000000,38905.000000000,38905.000000000,33,YM
2024-06-10T19:55:02.000000000Z,32,1,80420,38904.000000000,38904.000000000,38899.000000000,38900.000000000,27,YM
2024-06-10T19:55:03.000000000Z,32,1,80420,38899.000000000,38901.000000000,38899.000000000,38900.000000000,11,YM
2024-06-10T19:55:04.000000000Z,32,1,80420,38901.000000000,38901.000000000,38900.000000000,38901.000000000,8,YM
2024-06-10T19:55:05.000000000Z,32,1,80420,38902.000000000,38903.000000000,38902.000000000,38902.000000000,23,YM
2024-06-10T19:55:07.000000000Z,32,1,80420,38904.000000000,38904.000000000,38904.000000000,38904.000000000,3,YM
2024-06-10T19:55:08.000000000Z,32,1,80420,38905.000000000,38905.000000000,38904.000000000,38904.000000000,6,YM
2024-06-10T19:55:09.000000000Z,32,1,80420,38905.000000000,38905.000000000,38904.000000000,38904.000000000,8,YM
2024-06-10T19:55:10.000000000Z,32,1,80420,38902.000000000,38902.000000000,38900.000000000,38900.000000000,3,YM
2024-06-10T19:55:11.000000000Z,32,1,80420,38901.000000000,38901.000000000,38900.000000000,38900.000000000,4,YM
2024-06-10T19:55:12.000000000Z,32,1,80420,38901.000000000,38902.000000000,38901.000000000,38902.000000000,4,YM
2024-06-10T19:55:13.000000000Z,32,1,80420,38900.000000000,38900.000000000,38898.000000000,38898.000000000,9,YM
2024-06-10T19:55:14.000000000Z,32,1,80420,38898.000000000,38899.000000000,38898.000000000,38899.000000000,4,YM
2024-06-10T19:55:15.000000000Z,32,1,80420,38900.000000000,38900.000000000,38900.000000000,38900.000000000,1,YM
2024-06-10T19:55:16.000000000Z,32,1,80420,38899.000000000,38899.000000000,38898.000000000,38899.000000000,16,YM
2024-06-10T19:55:17.000000000Z,32,1,80420,38898.000000000,38899.000000000,38898.000000000,38899.000000000,6,YM
2024-06-10T19:55:18.000000000Z,32,1,80420,38899.000000000,38899.000000000,38899.000000000,38899.000000000,1,YM
2024-06-10T19:55:19.000000000Z,32,1,80420,38899.000000000,38899.000000000,38898.000000000,38898.000000000,5,YM
2024-06-10T19:55:20.000000000Z,32,1,80420,38898.000000000,38901.000000000,38898.000000000,38901.000000000,16,YM
2024-06-10T19:55:21.000000000Z,32,1,80420,38901.000000000,38901.000000000,38901.000000000,38901.000000000,2,YM
2024-06-10T19:55:23.000000000Z,32,1,80420,38903.000000000,38903.000000000,38903.000000000,38903.000000000,1,YM
2024-06-10T19:55:24.000000000Z,32,1,80420,38902.000000000,38902.000000000,38901.000000000,38902.000000000,8,YM
2024-06-10T19:55:25.000000000Z,32,1,80420,38902.000000000,38903.000000000,38902.000000000,38903.000000000,6,YM
2024-06-10T19:55:27.000000000Z,32,1,80420,38903.000000000,38904.000000000,38903.000000000,38904.000000000,2,YM
2024-06-10T19:55:28.000000000Z,32,1,80420,38904.000000000,38904.000000000,38904.000000000,38904.000000000,2,YM
2024-06-10T19:55:29.000000000Z,32,1,80420,38902.000000000,38902.000000000,38902.000000000,38902.000000000,2,YM
2024-06-10T19:55:30.000000000Z,32,1,80420,38901.000000000,38901.000000000,38901.000000000,38901.000000000,7,YM
2024-06-10T19:55:32.000000000Z,32,1,80420,38902.000000000,38902.000000000,38902.000000000,38902.000000000,1,YM
2024-06-10T19:55:33.000000000Z,32,1,80420,38903.000000000,38903.000000000,38903.000000000,38903.000000000,1,YM
2024-06-10T19:55:35.000000000Z,32,1,80420,38904.000000000,38905.000000000,38904.000000000,38905.000000000,8,YM
2024-06-10T19:55:36.000000000Z,32,1,80420,38906.000000000,38906.000000000,38906.000000000,38906.000000000,2,YM
2024-06-10T19:55:38.000000000Z,32,1,80420,38907.000000000,38907.000000000,38906.000000000,38906.000000000,7,YM
2024-06-10T19:55:40.000000000Z,32,1,80420,38905.000000000,38905.000000000,38905.000000000,38905.000000000,6,YM
2024-06-10T19:55:41.000000000Z,32,1,80420,38904.000000000,38904.000000000,38903.000000000,38903.000000000,12,YM
2024-06-10T19:55:42.000000000Z,32,1,80420,38903.000000000,38905.000000000,38902.000000000,38905.000000000,65,YM
2024-06-10T19:55:43.000000000Z,32,1,80420,38905.000000000,38907.000000000,38905.000000000,38906.000000000,16,YM
2024-06-10T19:55:44.000000000Z,32,1,80420,38907.000000000,38907.000000000,38906.000000000,38906.000000000,2,YM
2024-06-10T19:55:45.000000000Z,32,1,80420,38907.000000000,38907.000000000,38906.000000000,38906.000000000,2,YM
2024-06-10T19:55:46.000000000Z,32,1,80420,38904.000000000,38904.000000000,38904.000000000,38904.000000000,11,YM
2024-06-10T19:55:47.000000000Z,32,1,80420,38905.000000000,38905.000000000,38904.000000000,38905.000000000,6,YM
2024-06-10T19:55:48.000000000Z,32,1,80420,38904.000000000,38905.000000000,38904.000000000,38905.000000000,5,YM
2024-06-10T19:55:49.000000000Z,32,1,80420,38904.000000000,38904.000000000,38904.000000000,38904.000000000,1,YM
2024-06-10T19:55:50.000000000Z,32,1,80420,38904.000000000,38906.000000000,38904.000000000,38906.000000000,4,YM
2024-06-10T19:55:51.000000000Z,32,1,80420,38904.000000000,38904.000000000,38904.000000000,38904.000000000,2,YM
2024-06-10T19:55:52.000000000Z,32,1,80420,38903.000000000,38903.000000000,38903.000000000,38903.000000000,6,YM
2024-06-10T19:55:53.000000000Z,32,1,80420,38903.000000000,38903.000000000,38903.000000000,38903.000000000,2,YM
2024-06-10T19:55:54.000000000Z,32,1,80420,38902.000000000,38902.000000000,38902.000000000,38902.000000000,5,YM
2024-06-10T19:55:55.000000000Z,32,1,80420,38902.000000000,38902.000000000,38902.000000000,38902.000000000,1,YM
2024-06-10T19:55:57.000000000Z,32,1,80420,38902.000000000,38902.000000000,38902.000000000,38902.000000000,3,YM
2024-06-10T19:55:58.000000000Z,32,1,80420,38902.000000000,38903.000000000,38902.000000000,38903.000000000,6,YM
2024-06-10T19:55:59.000000000Z,32,1,80420,38903.000000000,38905.000000000,38903.000000000,38905.000000000,8,YM
2024-06-10T19:56:00.000000000Z,32,1,80420,38904.000000000,38904.000000000,38898.000000000,38899.000000000,12,YM
2024-06-10T19:56:01.000000000Z,32,1,80420,38899.000000000,38900.000000000,38899.000000000,38900.000000000,2,YM
2024-06-10T19:56:02.000000000Z,32,1,80420,38899.000000000,38899.000000000,38898.000000000,38898.000000000,6,YM
2024-06-10T19:56:03.000000000Z,32,1,80420,38898.000000000,38898.000000000,38898.000000000,38898.000000000,2,YM
2024-06-10T19:56:04.000000000Z,32,1,80420,38899.000000000,38899.000000000,38899.000000000,38899.000000000,3,YM
2024-06-10T19:56:05.000000000Z,32,1,80420,38900.000000000,38904.000000000,38900.000000000,38902.000000000,22,YM
2024-06-10T19:56:06.000000000Z,32,1,80420,38903.000000000,38904.000000000,38903.000000000,38903.000000000,5,YM
2024-06-10T19:56:07.000000000Z,32,1,80420,38901.000000000,38901.000000000,38901.000000000,38901.000000000,2,YM
2024-06-10T19:56:08.000000000Z,32,1,80420,38901.000000000,38901.000000000,38898.000000000,38898.000000000,6,YM
2024-06-10T19:56:09.000000000Z,32,1,80420,38899.000000000,38899.000000000,38899.000000000,38899.000000000,1,YM
2024-06-10T19:56:10.000000000Z,32,1,80420,38898.000000000,38898.000000000,38898.000000000,38898.000000000,3,YM
2024-06-10T19:56:11.000000000Z,32,1,80420,38897.000000000,38898.000000000,38897.000000000,38898.000000000,5,YM
2024-06-10T19:56:12.000000000Z,32,1,80420,38897.000000000,38897.000000000,38896.000000000,38897.000000000,12,YM
2024-06-10T19:56:14.000000000Z,32,1,80420,38896.000000000,38897.000000000,38896.000000000,38897.000000000,2,YM
2024-06-10T19:56:15.000000000Z,32,1,80420,38897.000000000,38897.000000000,38897.000000000,38897.000000000,1,YM
2024-06-10T19:56:16.000000000Z,32,1,80420,38898.000000000,38898.000000000,38898.000000000,38898.000000000,2,YM
2024-06-10T19:56:18.000000000Z,32,1,80420,38896.000000000,38896.000000000,38896.000000000,38896.000000000,2,YM
2024-06-10T19:56:19.000000000Z,32,1,80420,38898.000000000,38898.000000000,38898.000000000,38898.000000000,6,YM
2024-06-10T19:56:20.000000000Z,32,1,80420,38896.000000000,38896.000000000,38896.000000000,38896.000000000,3,YM
2024-06-10T19:56:22.000000000Z,32,1,80420,38896.000000000,38896.000000000,38896.000000000,38896.000000000,1,YM
2024-06-10T19:56:24.000000000Z,32,1,80420,38896.000000000,38896.000000000,38895.000000000,38895.000000000,3,YM
2024-06-10T19:56:25.000000000Z,32,1,80420,38894.000000000,38894.000000000,38893.000000000,38893.000000000,14,YM
2024-06-10T19:56:26.000000000Z,32,1,80420,38893.000000000,38894.000000000,38892.000000000,38894.000000000,7,YM
2024-06-10T19:56:27.000000000Z,32,1,80420,38893.000000000,38893.000000000,38893.000000000,38893.000000000,2,YM
2024-06-10T19:56:28.000000000Z,32,1,80420,38893.000000000,38895.000000000,38893.000000000,38894.000000000,4,YM
2024-06-10T19:56:29.000000000Z,32,1,80420,38895.000000000,38896.000000000,38895.000000000,38896.000000000,4,YM
2024-06-10T19:56:31.000000000Z,32,1,80420,38895.000000000,38896.000000000,38895.000000000,38896.000000000,4,YM
2024-06-10T19:56:33.000000000Z,32,1,80420,38895.000000000,38895.000000000,38895.000000000,38895.000000000,1,YM
2024-06-10T19:56:34.000000000Z,32,1,80420,38894.000000000,38895.000000000,38894.000000000,38895.000000000,4,YM
2024-06-10T19:56:37.000000000Z,32,1,80420,38894.000000000,38896.000000000,38894.000000000,38896.000000000,5,YM
2024-06-10T19:56:38.000000000Z,32,1,80420,38894.000000000,38894.000000000,38894.000000000,38894.000000000,1,YM
2024-06-10T19:56:39.000000000Z,32,1,80420,38893.000000000,38894.000000000,38893.000000000,38894.000000000,5,YM
2024-06-10T19:56:41.000000000Z,32,1,80420,38895.000000000,38896.000000000,38895.000000000,38896.000000000,2,YM
2024-06-10T19:56:42.000000000Z,32,1,80420,38896.000000000,38896.000000000,38896.000000000,38896.000000000,2,YM
2024-06-10T19:56:44.000000000Z,32,1,80420,38895.000000000,38895.000000000,38894.000000000,38894.000000000,2,YM
2024-06-10T19:56:45.000000000Z,32,1,80420,38895.000000000,38895.000000000,38895.000000000,38895.000000000,4,YM
2024-06-10T19:56:46.000000000Z,32,1,80420,38895.000000000,38895.000000000,38895.000000000,38895.000000000,2,YM
2024-06-10T19:56:47.000000000Z,32,1,80420,38894.000000000,38894.000000000,38894.000000000,38894.000000000,4,YM
2024-06-10T19:56:48.000000000Z,32,1,80420,38893.000000000,38893.000000000,38893.000000000,38893.000000000,2,YM
2024-06-10T19:56:49.000000000Z,32,1,80420,38895.000000000,38895.000000000,38895.000000000,38895.000000000,1,YM
2024-06-10T19:56:50.000000000Z,32,1,80420,38896.000000000,38897.000000000,38896.000000000,38897.000000000,4,YM
2024-06-10T19:56:51.000000000Z,32,1,80420,38896.000000000,38896.000000000,38896.000000000,38896.000000000,5,YM
2024-06-10T19:56:52.000000000Z,32,1,80420,38896.000000000,38896.000000000,38896.000000000,38896.000000000,1,YM
2024-06-10T19:56:53.000000000Z,32,1,80420,38896.000000000,38897.000000000,38896.000000000,38897.000000000,2,YM
2024-06-10T19:56:55.000000000Z,32,1,80420,38896.000000000,38898.000000000,38896.000000000,38898.000000000,7,YM
2024-06-10T19:56:56.000000000Z,32,1,80420,38897.000000000,38897.000000000,38897.000000000,38897.000000000,2,YM
2024-06-10T19:56:57.000000000Z,32,1,80420,38898.000000000,38898.000000000,38898.000000000,38898.000000000,2,YM
2024-06-10T19:56:58.000000000Z,32,1,80420,38898.000000000,38898.000000000,38898.000000000,38898.000000000,1,YM
2024-06-10T19:57:00.000000000Z,32,1,80420,38898.000000000,38899.000000000,38898.000000000,38898.000000000,14,YM
2024-06-10T19:57:01.000000000Z,32,1,80420,38898.000000000,38898.000000000,38895.000000000,38895.000000000,9,YM
2024-06-10T19:57:03.000000000Z,32,1,80420,38896.000000000,38900.000000000,38896.000000000,38899.000000000,29,YM
2024-06-10T19:57:04.000000000Z,32,1,80420,38900.000000000,38901.000000000,38900.000000000,38901.000000000,7,YM
2024-06-10T19:57:05.000000000Z,32,1,80420,38901.000000000,38901.000000000,38901.000000000,38901.000000000,4,YM
2024-06-10T19:57:06.000000000Z,32,1,80420,38901.000000000,38901.000000000,38901.000000000,38901.000000000,5,YM
2024-06-10T19:57:07.000000000Z,32,1,80420,38902.000000000,38902.000000000,38902.000000000,38902.000000000,2,YM
2024-06-10T19:57:08.000000000Z,32,1,80420,38903.000000000,38903.000000000,38903.000000000,38903.000000000,3,YM
2024-06-10T19:57:09.000000000Z,32,1,80420,38903.000000000,38903.000000000,38902.000000000,38902.000000000,2,YM
2024-06-10T19:57:10.000000000Z,32,1,80420,38902.000000000,38904.000000000,38902.000000000,38904.000000000,5,YM
2024-06-10T19:57:11.000000000Z,32,1,80420,38903.000000000,38904.000000000,38903.000000000,38904.000000000,2,YM
2024-06-10T19:57:12.000000000Z,32,1,80420,38905.000000000,38906.000000000,38905.000000000,38906.000000000,3,YM
2024-06-10T19:57:13.000000000Z,32,1,80420,38906.000000000,38906.000000000,38905.000000000,38905.000000000,4,YM
2024-06-10T19:57:14.000000000Z,32,1,80420,38905.000000000,38905.000000000,38905.000000000,38905.000000000,2,YM
2024-06-10T19:57:15.000000000Z,32,1,80420,38905.000000000,38905.000000000,38905.000000000,38905.000000000,2,YM
2024-06-10T19:57:16.000000000Z,32,1,80420,38904.000000000,38904.000000000,38903.000000000,38903.000000000,3,YM
2024-06-10T19:57:17.000000000Z,32,1,80420,38902.000000000,38902.000000000,38901.000000000,38901.000000000,4,YM
2024-06-10T19:57:18.000000000Z,32,1,80420,38900.000000000,38900.000000000,38900.000000000,38900.000000000,2,YM
2024-06-10T19:57:19.000000000Z,32,1,80420,38901.000000000,38901.000000000,38901.000000000,38901.000000000,2,YM
2024-06-10T19:57:20.000000000Z,32,1,80420,38901.000000000,38901.000000000,38900.000000000,38900.000000000,3,YM
2024-06-10T19:57:21.000000000Z,32,1,80420,38899.000000000,38899.000000000,38899.000000000,38899.000000000,2,YM
2024-06-10T19:57:22.000000000Z,32,1,80420,38899.000000000,38900.000000000,38899.000000000,38900.000000000,7,YM
2024-06-10T19:57:23.000000000Z,32,1,80420,38901.000000000,38903.000000000,38900.000000000,38903.000000000,21,YM
2024-06-10T19:57:24.000000000Z,32,1,80420,38903.000000000,38903.000000000,38902.000000000,38902.000000000,4,YM
2024-06-10T19:57:25.000000000Z,32,1,80420,38903.000000000,38903.000000000,38902.000000000,38902.000000000,3,YM
2024-06-10T19:57:26.000000000Z,32,1,80420,38902.000000000,38902.000000000,38902.000000000,38902.000000000,1,YM
2024-06-10T19:57:27.000000000Z,32,1,80420,38903.000000000,38905.000000000,38903.000000000,38905.000000000,3,YM
2024-06-10T19:57:29.000000000Z,32,1,80420,38906.000000000,38907.000000000,38905.000000000,38907.000000000,8,YM
2024-06-10T19:57:30.000000000Z,32,1,80420,38905.000000000,38905.000000000,38905.000000000,38905.000000000,1,YM
2024-06-10T19:57:31.000000000Z,32,1,80420,38907.000000000,38907.000000000,38907.000000000,38907.000000000,3,YM
2024-06-10T19:57:32.000000000Z,32,1,80420,38908.000000000,38908.000000000,38906.000000000,38906.000000000,4,YM
2024-06-10T19:57:33.000000000Z,32,1,80420,38908.000000000,38909.000000000,38908.000000000,38909.000000000,8,YM
2024-06-10T19:57:34.000000000Z,32,1,80420,38909.000000000,38909.000000000,38909.000000000,38909.000000000,6,YM
2024-06-10T19:57:36.000000000Z,32,1,80420,38906.000000000,38906.000000000,38906.000000000,38906.000000000,1,YM
2024-06-10T19:57:37.000000000Z,32,1,80420,38907.000000000,38907.000000000,38907.000000000,38907.000000000,1,YM
2024-06-10T19:57:40.000000000Z,32,1,80420,38907.000000000,38908.000000000,38907.000000000,38907.000000000,3,YM
2024-06-10T19:57:41.000000000Z,32,1,80420,38906.000000000,38907.000000000,38906.000000000,38907.000000000,4,YM
2024-06-10T19:57:44.000000000Z,32,1,80420,38908.000000000,38908.000000000,38908.000000000,38908.000000000,2,YM
2024-06-10T19:57:45.000000000Z,32,1,80420,38907.000000000,38908.000000000,38907.000000000,38908.000000000,4,YM
2024-06-10T19:57:47.000000000Z,32,1,80420,38907.000000000,38909.000000000,38906.000000000,38909.000000000,11,YM
2024-06-10T19:57:50.000000000Z,32,1,80420,38910.000000000,38910.000000000,38909.000000000,38909.000000000,4,YM
2024-06-10T19:57:51.000000000Z,32,1,80420,38909.000000000,38909.000000000,38908.000000000,38908.000000000,13,YM
2024-06-10T19:57:52.000000000Z,32,1,80420,38909.000000000,38910.000000000,38909.000000000,38910.000000000,7,YM
2024-06-10T19:57:53.000000000Z,32,1,80420,38911.000000000,38911.000000000,38911.000000000,38911.000000000,2,YM
2024-06-10T19:57:54.000000000Z,32,1,80420,38910.000000000,38910.000000000,38910.000000000,38910.000000000,2,YM
2024-06-10T19:57:55.000000000Z,32,1,80420,38911.000000000,38911.000000000,38911.000000000,38911.000000000,1,YM
2024-06-10T19:57:56.000000000Z,32,1,80420,38911.000000000,38911.000000000,38911.000000000,38911.000000000,5,YM
2024-06-10T19:57:57.000000000Z,32,1,80420,38911.000000000,38911.000000000,38911.000000000,38911.000000000,3,YM
2024-06-10T19:57:58.000000000Z,32,1,80420,38911.000000000,38911.000000000,38911.000000000,38911.000000000,2,YM
2024-06-10T19:57:59.000000000Z,32,1,80420,38910.000000000,38910.000000000,38910.000000000,38910.000000000,4,YM
2024-06-10T19:58:00.000000000Z,32,1,80420,38910.000000000,38910.000000000,38908.000000000,38908.000000000,15,YM
2024-06-10T19:58:01.000000000Z,32,1,80420,38909.000000000,38909.000000000,38908.000000000,38908.000000000,6,YM
2024-06-10T19:58:02.000000000Z,32,1,80420,38909.000000000,38910.000000000,38909.000000000,38910.000000000,7,YM
2024-06-10T19:58:03.000000000Z,32,1,80420,38909.000000000,38911.000000000,38909.000000000,38911.000000000,9,YM
2024-06-10T19:58:04.000000000Z,32,1,80420,38910.000000000,38912.000000000,38910.000000000,38912.000000000,7,YM
2024-06-10T19:58:05.000000000Z,32,1,80420,38913.000000000,38914.000000000,38913.000000000,38914.000000000,4,YM
2024-06-10T19:58:06.000000000Z,32,1,80420,38913.000000000,38914.000000000,38913.000000000,38914.000000000,3,YM
2024-06-10T19:58:07.000000000Z,32,1,80420,38914.000000000,38914.000000000,38914.000000000,38914.000000000,10,YM
2024-06-10T19:58:08.000000000Z,32,1,80420,38915.000000000,38915.000000000,38913.000000000,38913.000000000,3,YM
2024-06-10T19:58:09.000000000Z,32,1,80420,38914.000000000,38914.000000000,38914.000000000,38914.000000000,2,YM
2024-06-10T19:58:10.000000000Z,32,1,80420,38914.000000000,38915.000000000,38914.000000000,38915.000000000,10,YM
2024-06-10T19:58:11.000000000Z,32,1,80420,38914.000000000,38915.000000000,38913.000000000,38914.000000000,14,YM
2024-06-10T19:58:12.000000000Z,32,1,80420,38915.000000000,38915.000000000,38915.000000000,38915.000000000,3,YM
2024-06-10T19:58:13.000000000Z,32,1,80420,38916.000000000,38916.000000000,38914.000000000,38914.000000000,7,YM
2024-06-10T19:58:14.000000000Z,32,1,80420,38916.000000000,38918.000000000,38916.000000000,38918.000000000,8,YM
2024-06-10T19:58:15.000000000Z,32,1,80420,38918.000000000,38918.000000000,38918.000000000,38918.000000000,7,YM
2024-06-10T19:58:16.000000000Z,32,1,80420,38919.000000000,38920.000000000,38919.000000000,38920.000000000,26,YM
2024-06-10T19:58:17.000000000Z,32,1,80420,38920.000000000,38920.000000000,38919.000000000,38919.000000000,2,YM
2024-06-10T19:58:18.000000000Z,32,1,80420,38920.000000000,38921.000000000,38920.000000000,38921.000000000,9,YM
2024-06-10T19:58:19.000000000Z,32,1,80420,38921.000000000,38922.000000000,38921.000000000,38922.000000000,11,YM
2024-06-10T19:58:20.000000000Z,32,1,80420,38920.000000000,38920.000000000,38919.000000000,38920.000000000,27,YM
2024-06-10T19:58:21.000000000Z,32,1,80420,38920.000000000,38920.000000000,38919.000000000,38920.000000000,4,YM
2024-06-10T19:58:22.000000000Z,32,1,80420,38920.000000000,38921.000000000,38920.000000000,38921.000000000,6,YM
2024-06-10T19:58:23.000000000Z,32,1,80420,38922.000000000,38922.000000000,38921.000000000,38921.000000000,18,YM
2024-06-10T19:58:24.000000000Z,32,1,80420,38922.000000000,38923.000000000,38922.000000000,38923.000000000,2,YM
2024-06-10T19:58:25.000000000Z,32,1,80420,38921.000000000,38922.000000000,38921.000000000,38922.000000000,7,YM
2024-06-10T19:58:26.000000000Z,32,1,80420,38923.000000000,38923.000000000,38922.000000000,38922.000000000,49,YM
2024-06-10T19:58:27.000000000Z,32,1,80420,38922.000000000,38922.000000000,38922.000000000,38922.000000000,7,YM
2024-06-10T19:58:28.000000000Z,32,1,80420,38924.000000000,38924.000000000,38924.000000000,38924.000000000,3,YM
2024-06-10T19:58:29.000000000Z,32,1,80420,38923.000000000,38924.000000000,38923.000000000,38924.000000000,5,YM
2024-06-10T19:58:30.000000000Z,32,1,80420,38925.000000000,38926.000000000,38922.000000000,38922.000000000,17,YM
2024-06-10T19:58:31.000000000Z,32,1,80420,38921.000000000,38921.000000000,38920.000000000,38920.000000000,8,YM
2024-06-10T19:58:32.000000000Z,32,1,80420,38921.000000000,38923.000000000,38921.000000000,38923.000000000,15,YM
2024-06-10T19:58:33.000000000Z,32,1,80420,38922.000000000,38922.000000000,38921.000000000,38922.000000000,3,YM
2024-06-10T19:58:34.000000000Z,32,1,80420,38924.000000000,38925.000000000,38924.000000000,38925.000000000,16,YM
2024-06-10T19:58:35.000000000Z,32,1,80420,38926.000000000,38926.000000000,38924.000000000,38924.000000000,19,YM
2024-06-10T19:58:36.000000000Z,32,1,80420,38925.000000000,38925.000000000,38924.000000000,38924.000000000,5,YM
2024-06-10T19:58:37.000000000Z,32,1,80420,38924.000000000,38924.000000000,38921.000000000,38921.000000000,7,YM
2024-06-10T19:58:38.000000000Z,32,1,80420,38921.000000000,38921.000000000,38919.000000000,38919.000000000,19,YM
2024-06-10T19:58:39.000000000Z,32,1,80420,38920.000000000,38922.000000000,38920.000000000,38922.000000000,11,YM
2024-06-10T19:58:40.000000000Z,32,1,80420,38923.000000000,38923.000000000,38923.000000000,38923.000000000,7,YM
2024-06-10T19:58:41.000000000Z,32,1,80420,38923.000000000,38923.000000000,38923.000000000,38923.000000000,2,YM
2024-06-10T19:58:42.000000000Z,32,1,80420,38923.000000000,38923.000000000,38921.000000000,38921.000000000,9,YM
2024-06-10T19:58:43.000000000Z,32,1,80420,38921.000000000,38921.000000000,38920.000000000,38920.000000000,2,YM
2024-06-10T19:58:44.000000000Z,32,1,80420,38921.000000000,38921.000000000,38918.000000000,38918.000000000,5,YM
2024-06-10T19:58:45.000000000Z,32,1,80420,38918.000000000,38918.000000000,38918.000000000,38918.000000000,5,YM
2024-06-10T19:58:46.000000000Z,32,1,80420,38917.000000000,38917.000000000,38917.000000000,38917.000000000,5,YM
2024-06-10T19:58:47.000000000Z,32,1,80420,38917.000000000,38918.000000000,38916.000000000,38916.000000000,9,YM
2024-06-10T19:58:48.000000000Z,32,1,80420,38917.000000000,38917.000000000,38916.000000000,38916.000000000,2,YM
2024-06-10T19:58:49.000000000Z,32,1,80420,38916.000000000,38916.000000000,38914.000000000,38915.000000000,14,YM
2024-06-10T19:58:50.000000000Z,32,1,80420,38914.000000000,38914.000000000,38912.000000000,38912.000000000,8,YM
2024-06-10T19:58:51.000000000Z,32,1,80420,38911.000000000,38913.000000000,38911.000000000,38912.000000000,18,YM
2024-06-10T19:58:52.000000000Z,32,1,80420,38912.000000000,38912.000000000,38911.000000000,38911.000000000,6,YM
2024-06-10T19:58:53.000000000Z,32,1,80420,38912.000000000,38912.000000000,38912.000000000,38912.000000000,2,YM
2024-06-10T19:58:54.000000000Z,32,1,80420,38910.000000000,38910.000000000,38908.000000000,38909.000000000,13,YM
2024-06-10T19:58:55.000000000Z,32,1,80420,38910.000000000,38911.000000000,38909.000000000,38911.000000000,11,YM
2024-06-10T19:58:56.000000000Z,32,1,80420,38910.000000000,38910.000000000,38907.000000000,38907.000000000,10,YM
2024-06-10T19:58:57.000000000Z,32,1,80420,38907.000000000,38907.000000000,38904.000000000,38904.000000000,9,YM
2024-06-10T19:58:58.000000000Z,32,1,80420,38904.000000000,38905.000000000,38904.000000000,38905.000000000,9,YM
2024-06-10T19:58:59.000000000Z,32,1,80420,38905.000000000,38905.000000000,38903.000000000,38903.000000000,13,YM
2024-06-10T19:59:00.000000000Z,32,1,80420,38903.000000000,38909.000000000,38901.000000000,38909.000000000,61,YM
2024-06-10T19:59:01.000000000Z,32,1,80420,38909.000000000,38911.000000000,38909.000000000,38911.000000000,15,YM
2024-06-10T19:59:02.000000000Z,32,1,80420,38912.000000000,38913.000000000,38910.000000000,38913.000000000,12,YM
2024-06-10T19:59:03.000000000Z,32,1,80420,38913.000000000,38917.000000000,38913.000000000,38917.000000000,14,YM
2024-06-10T19:59:04.000000000Z,32,1,80420,38917.000000000,38917.000000000,38917.000000000,38917.000000000,12,YM
2024-06-10T19:59:05.000000000Z,32,1,80420,38916.000000000,38920.000000000,38916.000000000,38919.000000000,12,YM
2024-06-10T19:59:06.000000000Z,32,1,80420,38919.000000000,38919.000000000,38917.000000000,38918.000000000,9,YM
2024-06-10T19:59:07.000000000Z,32,1,80420,38919.000000000,38919.000000000,38918.000000000,38918.000000000,12,YM
2024-06-10T19:59:08.000000000Z,32,1,80420,38919.000000000,38921.000000000,38918.000000000,38918.000000000,25,YM
2024-06-10T19:59:09.000000000Z,32,1,80420,38919.000000000,38919.000000000,38918.000000000,38918.000000000,8,YM
2024-06-10T19:59:10.000000000Z,32,1,80420,38919.000000000,38920.000000000,38918.000000000,38919.000000000,35,YM
2024-06-10T19:59:11.000000000Z,32,1,80420,38919.000000000,38920.000000000,38918.000000000,38919.000000000,13,YM
2024-06-10T19:59:12.000000000Z,32,1,80420,38919.000000000,38920.000000000,38919.000000000,38919.000000000,9,YM
2024-06-10T19:59:13.000000000Z,32,1,80420,38919.000000000,38923.000000000,38919.000000000,38922.000000000,29,YM
2024-06-10T19:59:14.000000000Z,32,1,80420,38923.000000000,38925.000000000,38923.000000000,38925.000000000,6,YM
2024-06-10T19:59:15.000000000Z,32,1,80420,38925.000000000,38926.000000000,38924.000000000,38924.000000000,8,YM
2024-06-10T19:59:16.000000000Z,32,1,80420,38926.000000000,38929.000000000,38926.000000000,38929.000000000,22,YM
2024-06-10T19:59:17.000000000Z,32,1,80420,38928.000000000,38928.000000000,38924.000000000,38925.000000000,20,YM
2024-06-10T19:59:18.000000000Z,32,1,80420,38925.000000000,38925.000000000,38925.000000000,38925.000000000,4,YM
2024-06-10T19:59:19.000000000Z,32,1,80420,38925.000000000,38927.000000000,38925.000000000,38927.000000000,14,YM
2024-06-10T19:59:20.000000000Z,32,1,80420,38929.000000000,38931.000000000,38928.000000000,38930.000000000,13,YM
2024-06-10T19:59:21.000000000Z,32,1,80420,38931.000000000,38931.000000000,38927.000000000,38928.000000000,19,YM
2024-06-10T19:59:22.000000000Z,32,1,80420,38928.000000000,38931.000000000,38927.000000000,38927.000000000,19,YM
2024-06-10T19:59:23.000000000Z,32,1,80420,38926.000000000,38930.000000000,38926.000000000,38930.000000000,17,YM
2024-06-10T19:59:24.000000000Z,32,1,80420,38930.000000000,38932.000000000,38929.000000000,38930.000000000,31,YM
2024-06-10T19:59:25.000000000Z,32,1,80420,38930.000000000,38930.000000000,38929.000000000,38929.000000000,9,YM
2024-06-10T19:59:26.000000000Z,32,1,80420,38930.000000000,38931.000000000,38929.000000000,38931.000000000,10,YM
2024-06-10T19:59:27.000000000Z,32,1,80420,38930.000000000,38932.000000000,38930.000000000,38932.000000000,13,YM
2024-06-10T19:59:28.000000000Z,32,1,80420,38932.000000000,38934.000000000,38930.000000000,38932.000000000,32,YM
2024-06-10T19:59:29.000000000Z,32,1,80420,38931.000000000,38931.000000000,38927.000000000,38927.000000000,18,YM
2024-06-10T19:59:30.000000000Z,32,1,80420,38929.000000000,38932.000000000,38928.000000000,38931.000000000,42,YM
2024-06-10T19:59:31.000000000Z,32,1,80420,38932.000000000,38932.000000000,38929.000000000,38930.000000000,22,YM
2024-06-10T19:59:32.000000000Z,32,1,80420,38930.000000000,38934.000000000,38930.000000000,38932.000000000,35,YM
2024-06-10T19:59:33.000000000Z,32,1,80420,38932.000000000,38935.000000000,38932.000000000,38935.000000000,45,YM
2024-06-10T19:59:34.000000000Z,32,1,80420,38936.000000000,38937.000000000,38932.000000000,38932.000000000,35,YM
2024-06-10T19:59:35.000000000Z,32,1,80420,38929.000000000,38929.000000000,38925.000000000,38925.000000000,16,YM
2024-06-10T19:59:36.000000000Z,32,1,80420,38925.000000000,38925.000000000,38923.000000000,38923.000000000,29,YM
2024-06-10T19:59:37.000000000Z,32,1,80420,38925.000000000,38926.000000000,38924.000000000,38926.000000000,35,YM
2024-06-10T19:59:38.000000000Z,32,1,80420,38927.000000000,38929.000000000,38927.000000000,38928.000000000,21,YM
2024-06-10T19:59:39.000000000Z,32,1,80420,38928.000000000,38929.000000000,38924.000000000,38927.000000000,29,YM
2024-06-10T19:59:40.000000000Z,32,1,80420,38928.000000000,38931.000000000,38928.000000000,38931.000000000,41,YM
2024-06-10T19:59:41.000000000Z,32,1,80420,38931.000000000,38931.000000000,38930.000000000,38930.000000000,8,YM
2024-06-10T19:59:42.000000000Z,32,1,80420,38930.000000000,38930.000000000,38929.000000000,38929.000000000,14,YM
2024-06-10T19:59:43.000000000Z,32,1,80420,38929.000000000,38929.000000000,38925.000000000,38928.000000000,47,YM
2024-06-10T19:59:44.000000000Z,32,1,80420,38928.000000000,38929.000000000,38928.000000000,38929.000000000,17,YM
2024-06-10T19:59:45.000000000Z,32,1,80420,38930.000000000,38931.000000000,38928.000000000,38928.000000000,48,YM
2024-06-10T19:59:46.000000000Z,32,1,80420,38929.000000000,38930.000000000,38927.000000000,38930.000000000,39,YM
2024-06-10T19:59:47.000000000Z,32,1,80420,38931.000000000,38932.000000000,38929.000000000,38930.000000000,47,YM
2024-06-10T19:59:48.000000000Z,32,1,80420,38931.000000000,38931.000000000,38929.000000000,38930.000000000,8,YM
2024-06-10T19:59:49.000000000Z,32,1,80420,38930.000000000,38931.000000000,38925.000000000,38925.000000000,37,YM
2024-06-10T19:59:50.000000000Z,32,1,80420,38926.000000000,38926.000000000,38919.000000000,38923.000000000,45,YM
2024-06-10T19:59:51.000000000Z,32,1,80420,38923.000000000,38924.000000000,38914.000000000,38915.000000000,83,YM
2024-06-10T19:59:52.000000000Z,32,1,80420,38916.000000000,38925.000000000,38916.000000000,38924.000000000,72,YM
2024-06-10T19:59:53.000000000Z,32,1,80420,38925.000000000,38930.000000000,38924.000000000,38926.000000000,63,YM
2024-06-10T19:59:54.000000000Z,32,1,80420,38926.000000000,38932.000000000,38926.000000000,38931.000000000,53,YM
2024-06-10T19:59:55.000000000Z,32,1,80420,38932.000000000,38936.000000000,38918.000000000,38920.000000000,217,YM
2024-06-10T19:59:56.000000000Z,32,1,80420,38920.000000000,38924.000000000,38919.000000000,38924.000000000,71,YM
2024-06-10T19:59:57.000000000Z,32,1,80420,38923.000000000,38931.000000000,38922.000000000,38930.000000000,127,YM
2024-06-10T19:59:58.000000000Z,32,1,80420,38930.000000000,38936.000000000,38930.000000000,38935.000000000,124,YM
2024-06-10T19:59:59.000000000Z,32,1,80420,38934.000000000,38937.000000000,38931.000000000,38934.000000000,382,YM
2024-06-10T20:00:00.000000000Z,32,1,80420,38933.000000000,38939.000000000,38928.000000000,38936.000000000,296,YM
2024-06-10T20:00:01.000000000Z,32,1,80420,38936.000000000,38942.000000000,38931.000000000,38931.000000000,126,YM
2024-06-10T20:00:02.000000000Z,32,1,80420,38931.000000000,38931.000000000,38924.000000000,38926.000000000,118,YM
2024-06-10T20:00:03.000000000Z,32,1,80420,38926.000000000,38929.000000000,38926.000000000,38929.000000000,32,YM
2024-06-10T20:00:04.000000000Z,32,1,80420,38928.000000000,38928.000000000,38925.000000000,38925.000000000,21,YM
2024-06-10T20:00:05.000000000Z,32,1,80420,38926.000000000,38927.000000000,38925.000000000,38925.000000000,18,YM
2024-06-10T20:00:06.000000000Z,32,1,80420,38924.000000000,38924.000000000,38919.000000000,38919.000000000,26,YM
2024-06-10T20:00:07.000000000Z,32,1,80420,38919.000000000,38923.000000000,38919.000000000,38921.000000000,15,YM
2024-06-10T20:00:08.000000000Z,32,1,80420,38922.000000000,38927.000000000,38922.000000000,38926.000000000,8,YM
2024-06-10T20:00:09.000000000Z,32,1,80420,38927.000000000,38928.000000000,38926.000000000,38927.000000000,12,YM
2024-06-10T20:00:10.000000000Z,32,1,80420,38930.000000000,38930.000000000,38924.000000000,38924.000000000,8,YM
2024-06-10T20:00:11.000000000Z,32,1,80420,38923.000000000,38927.000000000,38923.000000000,38926.000000000,24,YM
2024-06-10T20:00:13.000000000Z,32,1,80420,38925.000000000,38925.000000000,38924.000000000,38924.000000000,4,YM
2024-06-10T20:00:14.000000000Z,32,1,80420,38922.000000000,38922.000000000,38919.000000000,38919.000000000,18,YM
2024-06-10T20:00:15.000000000Z,32,1,80420,38921.000000000,38921.000000000,38918.000000000,38919.000000000,17,YM
2024-06-10T20:00:16.000000000Z,32,1,80420,38919.000000000,38921.000000000,38919.000000000,38921.000000000,6,YM
2024-06-10T20:00:17.000000000Z,32,1,80420,38921.000000000,38921.000000000,38921.000000000,38921.000000000,4,YM
2024-06-10T20:00:18.000000000Z,32,1,80420,38917.000000000,38918.000000000,38917.000000000,38918.000000000,52,YM
2024-06-10T20:00:19.000000000Z,32,1,80420,38918.000000000,38920.000000000,38918.000000000,38920.000000000,8,YM
2024-06-10T20:00:20.000000000Z,32,1,80420,38921.000000000,38921.000000000,38921.000000000,38921.000000000,2,YM
2024-06-10T20:00:22.000000000Z,32,1,80420,38922.000000000,38923.000000000,38922.000000000,38923.000000000,3,YM
2024-06-10T20:00:23.000000000Z,32,1,80420,38923.000000000,38923.000000000,38923.000000000,38923.000000000,1,YM
2024-06-10T20:00:24.000000000Z,32,1,80420,38922.000000000,38923.000000000,38922.000000000,38922.000000000,5,YM
2024-06-10T20:00:25.000000000Z,32,1,80420,38923.000000000,38923.000000000,38922.000000000,38922.000000000,4,YM
2024-06-10T20:00:27.000000000Z,32,1,80420,38923.000000000,38923.000000000,38916.000000000,38919.000000000,75,YM
2024-06-10T20:00:28.000000000Z,32,1,80420,38920.000000000,38925.000000000,38919.000000000,38924.000000000,46,YM
2024-06-10T20:00:29.000000000Z,32,1,80420,38923.000000000,38923.000000000,38923.000000000,38923.000000000,2,YM
2024-06-10T20:00:30.000000000Z,32,1,80420,38920.000000000,38920.000000000,38919.000000000,38919.000000000,11,YM
2024-06-10T20:00:31.000000000Z,32,1,80420,38919.000000000,38919.000000000,38919.000000000,38919.000000000,4,YM
2024-06-10T20:00:32.000000000Z,32,1,80420,38920.000000000,38920.000000000,38920.000000000,38920.000000000,1,YM
2024-06-10T20:00:33.000000000Z,32,1,80420,38921.000000000,38923.000000000,38921.000000000,38922.000000000,4,YM
2024-06-10T20:00:34.000000000Z,32,1,80420,38922.000000000,38923.000000000,38922.000000000,38923.000000000,4,YM
2024-06-10T20:00:35.000000000Z,32,1,80420,38922.000000000,38922.000000000,38922.000000000,38922.000000000,1,YM
2024-06-10T20:00:37.000000000Z,32,1,80420,38922.000000000,38923.000000000,38921.000000000,38921.000000000,10,YM
2024-06-10T20:00:39.000000000Z,32,1,80420,38921.000000000,38921.000000000,38921.000000000,38921.000000000,2,YM
2024-06-10T20:00:40.000000000Z,32,1,80420,38922.000000000,38923.000000000,38922.000000000,38923.000000000,5,YM
2024-06-10T20:00:41.000000000Z,32,1,80420,38922.000000000,38922.000000000,38922.000000000,38922.000000000,1,YM
2024-06-10T20:00:43.000000000Z,32,1,80420,38921.000000000,38921.000000000,38921.000000000,38921.000000000,2,YM
2024-06-10T20:00:44.000000000Z,32,1,80420,38922.000000000,38923.000000000,38921.000000000,38921.000000000,4,YM
2024-06-10T20:00:45.000000000Z,32,1,80420,38921.000000000,38921.000000000,38921.000000000,38921.000000000,1,YM
2024-06-10T20:00:47.000000000Z,32,1,80420,38922.000000000,38922.000000000,38922.000000000,38922.000000000,2,YM
2024-06-10T20:00:48.000000000Z,32,1,80420,38920.000000000,38920.000000000,38920.000000000,38920.000000000,2,YM
2024-06-10T20:00:49.000000000Z,32,1,80420,38919.000000000,38919.000000000,38919.000000000,38919.000000000,1,YM
2024-06-10T20:00:51.000000000Z,32,1,80420,38918.000000000,38918.000000000,38918.000000000,38918.000000000,1,YM
2024-06-10T20:00:52.000000000Z,32,1,80420,38917.000000000,38920.000000000,38917.000000000,38919.000000000,9,YM
2024-06-10T20:00:54.000000000Z,32,1,80420,38916.000000000,38916.000000000,38916.000000000,38916.000000000,4,YM
2024-06-10T20:00:55.000000000Z,32,1,80420,38917.000000000,38917.000000000,38917.000000000,38917.000000000,1,YM
2024-06-10T20:00:56.000000000Z,32,1,80420,38917.000000000,38917.000000000,38917.000000000,38917.000000000,1,YM
2024-06-10T20:00:58.000000000Z,32,1,80420,38918.000000000,38918.000000000,38918.000000000,38918.000000000,1,YM
2024-06-10T20:00:59.000000000Z,32,1,80420,38918.000000000,38918.000000000,38917.000000000,38917.000000000,3,YM
2024-06-10T20:01:00.000000000Z,32,1,80420,38917.000000000,38918.000000000,38916.000000000,38916.000000000,8,YM
2024-06-10T20:01:02.000000000Z,32,1,80420,38918.000000000,38918.000000000,38917.000000000,38917.000000000,7,YM
2024-06-10T20:01:03.000000000Z,32,1,80420,38917.000000000,38917.000000000,38917.000000000,38917.000000000,1,YM
2024-06-10T20:01:04.000000000Z,32,1,80420,38916.000000000,38916.000000000,38915.000000000,38915.000000000,8,YM
2024-06-10T20:01:07.000000000Z,32,1,80420,38915.000000000,38917.000000000,38914.000000000,38917.000000000,11,YM
2024-06-10T20:01:08.000000000Z,32,1,80420,38917.000000000,38918.000000000,38917.000000000,38918.000000000,2,YM
2024-06-10T20:01:09.000000000Z,32,1,80420,38917.000000000,38918.000000000,38917.000000000,38918.000000000,3,YM
2024-06-10T20:01:10.000000000Z,32,1,80420,38917.000000000,38917.000000000,38917.000000000,38917.000000000,3,YM
2024-06-10T20:01:11.000000000Z,32,1,80420,38916.000000000,38916.000000000,38915.000000000,38915.000000000,19,YM
2024-06-10T20:01:13.000000000Z,32,1,80420,38916.000000000,38916.000000000,38916.000000000,38916.000000000,3,YM
2024-06-10T20:01:14.000000000Z,32,1,80420,38915.000000000,38915.000000000,38915.000000000,38915.000000000,4,YM
2024-06-10T20:01:16.000000000Z,32,1,80420,38914.000000000,38914.000000000,38914.000000000,38914.000000000,9,YM
2024-06-10T20:01:17.000000000Z,32,1,80420,38913.000000000,38913.000000000,38911.000000000,38911.000000000,9,YM
2024-06-10T20:01:18.000000000Z,32,1,80420,38911.000000000,38912.000000000,38911.000000000,38912.000000000,5,YM
2024-06-10T20:01:19.000000000Z,32,1,80420,38914.000000000,38914.000000000,38913.000000000,38913.000000000,2,YM
2024-06-10T20:01:20.000000000Z,32,1,80420,38913.000000000,38913.000000000,38913.000000000,38913.000000000,1,YM
2024-06-10T20:01:22.000000000Z,32,1,80420,38911.000000000,38911.000000000,38911.000000000,38911.000000000,2,YM
2024-06-10T20:01:25.000000000Z,32,1,80420,38913.000000000,38914.000000000,38913.000000000,38914.000000000,4,YM
2024-06-10T20:01:26.000000000Z,32,1,80420,38914.000000000,38917.000000000,38914.000000000,38916.000000000,14,YM
2024-06-10T20:01:27.000000000Z,32,1,80420,38915.000000000,38915.000000000,38915.000000000,38915.000000000,1,YM
2024-06-10T20:01:28.000000000Z,32,1,80420,38916.000000000,38916.000000000,38915.000000000,38915.000000000,9,YM
2024-06-10T20:01:29.000000000Z,32,1,80420,38914.000000000,38914.000000000,38914.000000000,38914.000000000,1,YM
2024-06-10T20:01:31.000000000Z,32,1,80420,38915.000000000,38915.000000000,38915.000000000,38915.000000000,1,YM
2024-06-10T20:01:32.000000000Z,32,1,80420,38915.000000000,38915.000000000,38912.000000000,38912.000000000,6,YM
2024-06-10T20:01:39.000000000Z,32,1,80420,38912.000000000,38912.000000000,38912.000000000,38912.000000000,1,YM
2024-06-10T20:01:40.000000000Z,32,1,80420,38913.000000000,38913.000000000,38912.000000000,38913.000000000,5,YM
2024-06-10T20:01:41.000000000Z,32,1,80420,38914.000000000,38914.000000000,38914.000000000,38914.000000000,7,YM
2024-06-10T20:01:49.000000000Z,32,1,80420,38913.000000000,38913.000000000,38913.000000000,38913.000000000,3,YM
2024-06-10T20:01:50.000000000Z,32,1,80420,38912.000000000,38912.000000000,38912.000000000,38912.000000000,1,YM
2024-06-10T20:01:51.000000000Z,32,1,80420,38911.000000000,38911.000000000,38910.000000000,38911.000000000,4,YM
2024-06-10T20:01:53.000000000Z,32,1,80420,38911.000000000,38911.000000000,38911.000000000,38911.000000000,2,YM
2024-06-10T20:01:54.000000000Z,32,1,80420,38911.000000000,38911.000000000,38910.000000000,38910.000000000,2,YM
2024-06-10T20:01:56.000000000Z,32,1,80420,38910.000000000,38911.000000000,38910.000000000,38911.000000000,3,YM
2024-06-10T20:01:57.000000000Z,32,1,80420,38911.000000000,38911.000000000,38911.000000000,38911.000000000,1,YM
2024-06-10T20:02:00.000000000Z,32,1,80420,38911.000000000,38911.000000000,38911.000000000,38911.000000000,3,YM
2024-06-10T20:02:03.000000000Z,32,1,80420,38911.000000000,38911.000000000,38911.000000000,38911.000000000,3,YM
2024-06-10T20:02:04.000000000Z,32,1,80420,38912.000000000,38912.000000000,38912.000000000,38912.000000000,7,YM
2024-06-10T20:02:10.000000000Z,32,1,80420,38911.000000000,38911.000000000,38910.000000000,38911.000000000,7,YM
2024-06-10T20:02:11.000000000Z,32,1,80420,38911.000000000,38911.000000000,38911.000000000,38911.000000000,2,YM
2024-06-10T20:02:15.000000000Z,32,1,80420,38910.000000000,38910.000000000,38910.000000000,38910.000000000,6,YM
2024-06-10T20:02:16.000000000Z,32,1,80420,38909.000000000,38910.000000000,38909.000000000,38910.000000000,4,YM
2024-06-10T20:02:17.000000000Z,32,1,80420,38910.000000000,38910.000000000,38910.000000000,38910.000000000,8,YM
2024-06-10T20:02:19.000000000Z,32,1,80420,38910.000000000,38910.000000000,38910.000000000,38910.000000000,1,YM
2024-06-10T20:02:29.000000000Z,32,1,80420,38910.000000000,38910.000000000,38910.000000000,38910.000000000,4,YM
2024-06-10T20:02:30.000000000Z,32,1,80420,38910.000000000,38910.000000000,38909.000000000,38909.000000000,12,YM
2024-06-10T20:02:33.000000000Z,32,1,80420,38908.000000000,38908.000000000,38908.000000000,38908.000000000,3,YM
2024-06-10T20:02:36.000000000Z,32,1,80420,38908.000000000,38908.000000000,38906.000000000,38906.000000000,6,YM
2024-06-10T20:02:37.000000000Z,32,1,80420,38907.000000000,38907.000000000,38905.000000000,38905.000000000,7,YM
2024-06-10T20:02:38.000000000Z,32,1,80420,38905.000000000,38907.000000000,38905.000000000,38906.000000000,14,YM
2024-06-10T20:02:41.000000000Z,32,1,80420,38907.000000000,38907.000000000,38907.000000000,38907.000000000,3,YM
2024-06-10T20:02:45.000000000Z,32,1,80420,38908.000000000,38908.000000000,38908.000000000,38908.000000000,7,YM
2024-06-10T20:02:46.000000000Z,32,1,80420,38908.000000000,38908.000000000,38908.000000000,38908.000000000,4,YM
2024-06-10T20:02:47.000000000Z,32,1,80420,38907.000000000,38907.000000000,38907.000000000,38907.000000000,1,YM
2024-06-10T20:02:48.000000000Z,32,1,80420,38908.000000000,38908.000000000,38908.000000000,38908.000000000,3,YM
2024-06-10T20:02:50.000000000Z,32,1,80420,38908.000000000,38908.000000000,38908.000000000,38908.000000000,2,YM
2024-06-10T20:02:51.000000000Z,32,1,80420,38908.000000000,38908.000000000,38908.000000000,38908.000000000,4,YM
2024-06-10T20:02:52.000000000Z,32,1,80420,38907.000000000,38907.000000000,38907.000000000,38907.000000000,1,YM
2024-06-10T20:02:56.000000000Z,32,1,80420,38907.000000000,38907.000000000,38907.000000000,38907.000000000,9,YM
2024-06-10T20:02:57.000000000Z,32,1,80420,38907.000000000,38908.000000000,38907.000000000,38908.000000000,3,YM
2024-06-10T20:02:58.000000000Z,32,1,80420,38907.000000000,38907.000000000,38907.000000000,38907.000000000,1,YM
2024-06-10T20:03:00.000000000Z,32,1,80420,38906.000000000,38906.000000000,38906.000000000,38906.000000000,1,YM
2024-06-10T20:03:01.000000000Z,32,1,80420,38906.000000000,38906.000000000,38906.000000000,38906.000000000,2,YM
2024-06-10T20:03:02.000000000Z,32,1,80420,38905.000000000,38905.000000000,38905.000000000,38905.000000000,1,YM
2024-06-10T20:03:03.000000000Z,32,1,80420,38905.000000000,38905.000000000,38905.000000000,38905.000000000,2,YM
2024-06-10T20:03:07.000000000Z,32,1,80420,38906.000000000,38906.000000000,38906.000000000,38906.000000000,5,YM
2024-06-10T20:03:09.000000000Z,32,1,80420,38906.000000000,38907.000000000,38906.000000000,38907.000000000,2,YM
2024-06-10T20:03:10.000000000Z,32,1,80420,38906.000000000,38906.000000000,38906.000000000,38906.000000000,1,YM
2024-06-10T20:03:11.000000000Z,32,1,80420,38907.000000000,38907.000000000,38907.000000000,38907.000000000,5,YM
2024-06-10T20:03:12.000000000Z,32,1,80420,38907.000000000,38908.000000000,38907.000000000,38908.000000000,5,YM
2024-06-10T20:03:13.000000000Z,32,1,80420,38908.000000000,38909.000000000,38908.000000000,38909.000000000,2,YM
2024-06-10T20:03:22.000000000Z,32,1,80420,38908.000000000,38908.000000000,38908.000000000,38908.000000000,1,YM
2024-06-10T20:03:25.000000000Z,32,1,80420,38907.000000000,38907.000000000,38907.000000000,38907.000000000,1,YM
2024-06-10T20:03:26.000000000Z,32,1,80420,38907.000000000,38907.000000000,38907.000000000,38907.000000000,2,YM
2024-06-10T20:03:27.000000000Z,32,1,80420,38907.000000000,38907.000000000,38907.000000000,38907.000000000,1,YM
2024-06-10T20:03:28.000000000Z,32,1,80420,38908.000000000,38909.000000000,38908.000000000,38909.000000000,7,YM
2024-06-10T20:03:29.000000000Z,32,1,80420,38910.000000000,38911.000000000,38910.000000000,38910.000000000,8,YM
2024-06-10T20:03:30.000000000Z,32,1,80420,38909.000000000,38909.000000000,38909.000000000,38909.000000000,1,YM
2024-06-10T20:03:31.000000000Z,32,1,80420,38909.000000000,38909.000000000,38909.000000000,38909.000000000,1,YM
2024-06-10T20:03:33.000000000Z,32,1,80420,38909.000000000,38909.000000000,38909.000000000,38909.000000000,1,YM
2024-06-10T20:03:36.000000000Z,32,1,80420,38909.000000000,38909.000000000,38909.000000000,38909.000000000,1,YM
2024-06-10T20:03:38.000000000Z,32,1,80420,38909.000000000,38909.000000000,38909.000000000,38909.000000000,1,YM
2024-06-10T20:03:39.000000000Z,32,1,80420,38910.000000000,38910.000000000,38910.000000000,38910.000000000,1,YM
2024-06-10T20:03:40.000000000Z,32,1,80420,38909.000000000,38910.000000000,38909.000000000,38910.000000000,5,YM
2024-06-10T20:03:42.000000000Z,32,1,80420,38910.000000000,38910.000000000,38910.000000000,38910.000000000,1,YM
2024-06-10T20:03:44.000000000Z,32,1,80420,38910.000000000,38910.000000000,38910.000000000,38910.000000000,1,YM
2024-06-10T20:03:46.000000000Z,32,1,80420,38909.000000000,38909.000000000,38909.000000000,38909.000000000,1,YM
2024-06-10T20:03:51.000000000Z,32,1,80420,38908.000000000,38908.000000000,38908.000000000,38908.000000000,4,YM
2024-06-10T20:04:00.000000000Z,32,1,80420,38907.000000000,38907.000000000,38907.000000000,38907.000000000,1,YM
2024-06-10T20:04:01.000000000Z,32,1,80420,38907.000000000,38907.000000000,38906.000000000,38906.000000000,7,YM
2024-06-10T20:04:05.000000000Z,32,1,80420,38905.000000000,38905.000000000,38905.000000000,38905.000000000,5,YM
2024-06-10T20:04:08.000000000Z,32,1,80420,38905.000000000,38905.000000000,38905.000000000,38905.000000000,2,YM
2024-06-10T20:04:10.000000000Z,32,1,80420,38905.000000000,38905.000000000,38905.000000000,38905.000000000,2,YM
2024-06-10T20:04:12.000000000Z,32,1,80420,38906.000000000,38906.000000000,38906.000000000,38906.000000000,1,YM
2024-06-10T20:04:16.000000000Z,32,1,80420,38907.000000000,38907.000000000,38907.000000000,38907.000000000,5,YM
2024-06-10T20:04:21.000000000Z,32,1,80420,38907.000000000,38908.000000000,38906.000000000,38906.000000000,7,YM
2024-06-10T20:04:46.000000000Z,32,1,80420,38907.000000000,38907.000000000,38907.000000000,38907.000000000,3,YM
2024-06-10T20:04:49.000000000Z,32,1,80420,38907.000000000,38908.000000000,38907.000000000,38908.000000000,4,YM
2024-06-10T20:04:51.000000000Z,32,1,80420,38907.000000000,38910.000000000,38907.000000000,38909.000000000,11,YM
2024-06-10T20:04:52.000000000Z,32,1,80420,38910.000000000,38910.000000000,38910.000000000,38910.000000000,1,YM
2024-06-10T20:04:53.000000000Z,32,1,80420,38910.000000000,38910.000000000,38910.000000000,38910.000000000,2,YM
2024-06-10T20:04:54.000000000Z,32,1,80420,38910.000000000,38910.000000000,38909.000000000,38909.000000000,12,YM
2024-06-10T20:04:55.000000000Z,32,1,80420,38909.000000000,38909.000000000,38909.000000000,38909.000000000,2,YM
2024-06-10T20:04:56.000000000Z,32,1,80420,38909.000000000,38909.000000000,38909.000000000,38909.000000000,1,YM
2024-06-10T20:05:00.000000000Z,32,1,80420,38909.000000000,38910.000000000,38909.000000000,38909.000000000,8,YM
2024-06-10T20:05:01.000000000Z,32,1,80420,38909.000000000,38909.000000000,38909.000000000,38909.000000000,1,YM
2024-06-10T20:05:03.000000000Z,32,1,80420,38910.000000000,38911.000000000,38910.000000000,38911.000000000,10,YM
2024-06-10T20:05:04.000000000Z,32,1,80420,38911.000000000,38911.000000000,38911.000000000,38911.000000000,2,YM
2024-06-10T20:05:06.000000000Z,32,1,80420,38911.000000000,38911.000000000,38911.000000000,38911.000000000,1,YM
2024-06-10T20:05:07.000000000Z,32,1,80420,38911.000000000,38911.000000000,38911.000000000,38911.000000000,2,YM
2024-06-10T20:05:13.000000000Z,32,1,80420,38911.000000000,38911.000000000,38911.000000000,38911.000000000,2,YM
2024-06-10T20:05:15.000000000Z,32,1,80420,38912.000000000,38912.000000000,38912.000000000,38912.000000000,1,YM
2024-06-10T20:05:16.000000000Z,32,1,80420,38911.000000000,38911.000000000,38910.000000000,38910.000000000,2,YM
2024-06-10T20:05:18.000000000Z,32,1,80420,38910.000000000,38910.000000000,38910.000000000,38910.000000000,1,YM
2024-06-10T20:05:19.000000000Z,32,1,80420,38912.000000000,38912.000000000,38912.000000000,38912.000000000,10,YM
2024-06-10T20:05:20.000000000Z,32,1,80420,38912.000000000,38912.000000000,38912.000000000,38912.000000000,2,YM
2024-06-10T20:05:21.000000000Z,32,1,80420,38911.000000000,38911.000000000,38911.000000000,38911.000000000,1,YM
2024-06-10T20:05:22.000000000Z,32,1,80420,38911.000000000,38911.000000000,38911.000000000,38911.000000000,2,YM
2024-06-10T20:05:23.000000000Z,32,1,80420,38911.000000000,38911.000000000,38911.000000000,38911.000000000,3,YM
2024-06-10T20:05:28.000000000Z,32,1,80420,38912.000000000,38912.000000000,38912.000000000,38912.000000000,4,YM
2024-06-10T20:05:30.000000000Z,32,1,80420,38912.000000000,38912.000000000,38912.000000000,38912.000000000,2,YM
2024-06-10T20:05:32.000000000Z,32,1,80420,38912.000000000,38912.000000000,38912.000000000,38912.000000000,1,YM
2024-06-10T20:05:33.000000000Z,32,1,80420,38912.000000000,38913.000000000,38912.000000000,38913.000000000,7,YM
2024-06-10T20:05:35.000000000Z,32,1,80420,38913.000000000,38913.000000000,38913.000000000,38913.000000000,2,YM
2024-06-10T20:05:38.000000000Z,32,1,80420,38913.000000000,38913.000000000,38913.000000000,38913.000000000,1,YM
2024-06-10T20:05:39.000000000Z,32,1,80420,38913.000000000,38913.000000000,38913.000000000,38913.000000000,1,YM
2024-06-10T20:05:44.000000000Z,32,1,80420,38913.000000000,38913.000000000,38913.000000000,38913.000000000,2,YM
2024-06-10T20:05:46.000000000Z,32,1,80420,38913.000000000,38913.000000000,38913.000000000,38913.000000000,1,YM
2024-06-10T20:05:49.000000000Z,32,1,80420,38914.000000000,38914.000000000,38914.000000000,38914.000000000,1,YM
2024-06-10T20:05:50.000000000Z,32,1,80420,38914.000000000,38914.000000000,38914.000000000,38914.000000000,1,YM
2024-06-10T20:05:51.000000000Z,32,1,80420,38915.000000000,38915.000000000,38915.000000000,38915.000000000,1,YM
2024-06-10T20:05:55.000000000Z,32,1,80420,38915.000000000,38915.000000000,38915.000000000,38915.000000000,1,YM
2024-06-10T20:05:57.000000000Z,32,1,80420,38914.000000000,38914.000000000,38914.000000000,38914.000000000,2,YM
2024-06-10T20:06:00.000000000Z,32,1,80420,38915.000000000,38915.000000000,38915.000000000,38915.000000000,7,YM
2024-06-10T20:06:01.000000000Z,32,1,80420,38915.000000000,38915.000000000,38915.000000000,38915.000000000,2,YM
2024-06-10T20:06:02.000000000Z,32,1,80420,38916.000000000,38916.000000000,38916.000000000,38916.000000000,1,YM
2024-06-10T20:06:06.000000000Z,32,1,80420,38915.000000000,38915.000000000,38915.000000000,38915.000000000,1,YM
2024-06-10T20:06:15.000000000Z,32,1,80420,38915.000000000,38915.000000000,38915.000000000,38915.000000000,2,YM
2024-06-10T20:06:21.000000000Z,32,1,80420,38915.000000000,38915.000000000,38914.000000000,38914.000000000,4,YM
2024-06-10T20:06:23.000000000Z,32,1,80420,38915.000000000,38915.000000000,38915.000000000,38915.000000000,4,YM
2024-06-10T20:06:24.000000000Z,32,1,80420,38915.000000000,38915.000000000,38915.000000000,38915.000000000,1,YM
2024-06-10T20:06:25.000000000Z,32,1,80420,38915.000000000,38915.000000000,38915.000000000,38915.000000000,2,YM
2024-06-10T20:06:27.000000000Z,32,1,80420,38916.000000000,38916.000000000,38916.000000000,38916.000000000,1,YM
2024-06-10T20:06:29.000000000Z,32,1,80420,38915.000000000,38915.000000000,38915.000000000,38915.000000000,1,YM
2024-06-10T20:06:39.000000000Z,32,1,80420,38915.000000000,38915.000000000,38915.000000000,38915.000000000,1,YM
2024-06-10T20:06:40.000000000Z,32,1,80420,38915.000000000,38915.000000000,38915.000000000,38915.000000000,1,YM
2024-06-10T20:06:46.000000000Z,32,1,80420,38915.000000000,38915.000000000,38915.000000000,38915.000000000,1,YM
2024-06-10T20:06:47.000000000Z,32,1,80420,38916.000000000,38916.000000000,38915.000000000,38915.000000000,3,YM
2024-06-10T20:06:50.000000000Z,32,1,80420,38915.000000000,38915.000000000,38915.000000000,38915.000000000,2,YM
2024-06-10T20:06:51.000000000Z,32,1,80420,38915.000000000,38915.000000000,38915.000000000,38915.000000000,2,YM
2024-06-10T20:06:52.000000000Z,32,1,80420,38914.000000000,38914.000000000,38913.000000000,38914.000000000,14,YM
2024-06-10T20:06:53.000000000Z,32,1,80420,38915.000000000,38915.000000000,38915.000000000,38915.000000000,1,YM
2024-06-10T20:06:54.000000000Z,32,1,80420,38915.000000000,38915.000000000,38915.000000000,38915.000000000,4,YM
2024-06-10T20:07:00.000000000Z,32,1,80420,38914.000000000,38915.000000000,38914.000000000,38915.000000000,4,YM
2024-06-10T20:07:01.000000000Z,32,1,80420,38916.000000000,38917.000000000,38916.000000000,38916.000000000,3,YM
2024-06-10T20:07:06.000000000Z,32,1,80420,38916.000000000,38916.000000000,38915.000000000,38915.000000000,5,YM
2024-06-10T20:07:13.000000000Z,32,1,80420,38917.000000000,38917.000000000,38917.000000000,38917.000000000,1,YM
2024-06-10T20:07:14.000000000Z,32,1,80420,38917.000000000,38917.000000000,38917.000000000,38917.000000000,1,YM
2024-06-10T20:07:16.000000000Z,32,1,80420,38917.000000000,38917.000000000,38916.000000000,38916.000000000,4,YM
2024-06-10T20:07:17.000000000Z,32,1,80420,38916.000000000,38916.000000000,38915.000000000,38915.000000000,4,YM
2024-06-10T20:07:19.000000000Z,32,1,80420,38914.000000000,38914.000000000,38914.000000000,38914.000000000,1,YM
2024-06-10T20:07:20.000000000Z,32,1,80420,38915.000000000,38915.000000000,38914.000000000,38914.000000000,3,YM
2024-06-10T20:07:24.000000000Z,32,1,80420,38916.000000000,38916.000000000,38916.000000000,38916.000000000,1,YM
2024-06-10T20:07:26.000000000Z,32,1,80420,38915.000000000,38918.000000000,38915.000000000,38917.000000000,10,YM
2024-06-10T20:07:27.000000000Z,32,1,80420,38916.000000000,38916.000000000,38916.000000000,38916.000000000,1,YM
2024-06-10T20:07:32.000000000Z,32,1,80420,38914.000000000,38914.000000000,38914.000000000,38914.000000000,2,YM
2024-06-10T20:07:33.000000000Z,32,1,80420,38914.000000000,38914.000000000,38914.000000000,38914.000000000,1,YM
2024-06-10T20:07:47.000000000Z,32,1,80420,38914.000000000,38914.000000000,38913.000000000,38913.000000000,11,YM
2024-06-10T20:07:48.000000000Z,32,1,80420,38913.000000000,38913.000000000,38913.000000000,38913.000000000,1,YM
2024-06-10T20:07:53.000000000Z,32,1,80420,38913.000000000,38913.000000000,38913.000000000,38913.000000000,1,YM
2024-06-10T20:07:55.000000000Z,32,1,80420,38914.000000000,38914.000000000,38914.000000000,38914.000000000,2,YM
2024-06-10T20:07:57.000000000Z,32,1,80420,38914.000000000,38914.000000000,38914.000000000,38914.000000000,1,YM
2024-06-10T20:08:02.000000000Z,32,1,80420,38913.000000000,38913.000000000,38910.000000000,38911.000000000,38,YM
2024-06-10T20:08:03.000000000Z,32,1,80420,38912.000000000,38912.000000000,38912.000000000,38912.000000000,7,YM
2024-06-10T20:08:05.000000000Z,32,1,80420,38911.000000000,38911.000000000,38911.000000000,38911.000000000,1,YM
2024-06-10T20:08:15.000000000Z,32,1,80420,38911.000000000,38911.000000000,38911.000000000,38911.000000000,1,YM
2024-06-10T20:08:16.000000000Z,32,1,80420,38911.000000000,38911.000000000,38911.000000000,38911.000000000,1,YM
2024-06-10T20:08:17.000000000Z,32,1,80420,38912.000000000,38912.000000000,38912.000000000,38912.000000000,3,YM
2024-06-10T20:08:23.000000000Z,32,1,80420,38911.000000000,38911.000000000,38911.000000000,38911.000000000,3,YM
2024-06-10T20:08:24.000000000Z,32,1,80420,38910.000000000,38910.000000000,38910.000000000,38910.000000000,1,YM
2024-06-10T20:08:26.000000000Z,32,1,80420,38910.000000000,38910.000000000,38908.000000000,38908.000000000,3,YM
2024-06-10T20:08:28.000000000Z,32,1,80420,38909.000000000,38909.000000000,38909.000000000,38909.000000000,4,YM
2024-06-10T20:08:32.000000000Z,32,1,80420,38909.000000000,38909.000000000,38909.000000000,38909.000000000,3,YM
2024-06-10T20:08:34.000000000Z,32,1,80420,38910.000000000,38910.000000000,38910.000000000,38910.000000000,2,YM
2024-06-10T20:08:35.000000000Z,32,1,80420,38909.000000000,38909.000000000,38909.000000000,38909.000000000,4,YM
2024-06-10T20:08:40.000000000Z,32,1,80420,38908.000000000,38908.000000000,38908.000000000,38908.000000000,1,YM
2024-06-10T20:08:42.000000000Z,32,1,80420,38909.000000000,38909.000000000,38909.000000000,38909.000000000,1,YM
2024-06-10T20:08:47.000000000Z,32,1,80420,38909.000000000,38909.000000000,38909.000000000,38909.000000000,1,YM
2024-06-10T20:08:51.000000000Z,32,1,80420,38908.000000000,38908.000000000,38908.000000000,38908.000000000,1,YM
2024-06-10T20:08:59.000000000Z,32,1,80420,38908.000000000,38908.000000000,38908.000000000,38908.000000000,2,YM
2024-06-10T20:09:03.000000000Z,32,1,80420,38908.000000000,38909.000000000,38908.000000000,38909.000000000,2,YM
2024-06-10T20:09:09.000000000Z,32,1,80420,38908.000000000,38908.000000000,38907.000000000,38907.000000000,9,YM
2024-06-10T20:09:11.000000000Z,32,1,80420,38907.000000000,38907.000000000,38907.000000000,38907.000000000,1,YM
2024-06-10T20:09:16.000000000Z,32,1,80420,38908.000000000,38908.000000000,38908.000000000,38908.000000000,1,YM
2024-06-10T20:09:18.000000000Z,32,1,80420,38908.000000000,38908.000000000,38908.000000000,38908.000000000,1,YM
2024-06-10T20:09:24.000000000Z,32,1,80420,38908.000000000,38908.000000000,38908.000000000,38908.000000000,3,YM
2024-06-10T20:09:25.000000000Z,32,1,80420,38907.000000000,38907.000000000,38907.000000000,38907.000000000,5,YM
2024-06-10T20:09:32.000000000Z,32,1,80420,38906.000000000,38906.000000000,38906.000000000,38906.000000000,2,YM
2024-06-10T20:09:33.000000000Z,32,1,80420,38906.000000000,38906.000000000,38906.000000000,38906.000000000,1,YM
2024-06-10T20:09:41.000000000Z,32,1,80420,38907.000000000,38907.000000000,38907.000000000,38907.000000000,4,YM
2024-06-10T20:09:47.000000000Z,32,1,80420,38906.000000000,38906.000000000,38906.000000000,38906.000000000,2,YM
2024-06-10T20:09:48.000000000Z,32,1,80420,38905.000000000,38906.000000000,38905.000000000,38905.000000000,9,YM
2024-06-10T20:09:58.000000000Z,32,1,80420,38906.000000000,38906.000000000,38906.000000000,38906.000000000,4,YM
2024-06-10T20:10:00.000000000Z,32,1,80420,38906.000000000,38906.000000000,38906.000000000,38906.000000000,7,YM
2024-06-10T20:10:02.000000000Z,32,1,80420,38905.000000000,38905.000000000,38905.000000000,38905.000000000,1,YM
2024-06-10T20:10:04.000000000Z,32,1,80420,38903.000000000,38903.000000000,38903.000000000,38903.000000000,1,YM
2024-06-10T20:10:05.000000000Z,32,1,80420,38904.000000000,38904.000000000,38904.000000000,38904.000000000,1,YM
2024-06-10T20:10:07.000000000Z,32,1,80420,38903.000000000,38903.000000000,38903.000000000,38903.000000000,1,YM
2024-06-10T20:10:10.000000000Z,32,1,80420,38904.000000000,38904.000000000,38904.000000000,38904.000000000,8,YM
2024-06-10T20:10:12.000000000Z,32,1,80420,38903.000000000,38903.000000000,38902.000000000,38902.000000000,5,YM
2024-06-10T20:10:13.000000000Z,32,1,80420,38903.000000000,38903.000000000,38903.000000000,38903.000000000,8,YM
2024-06-10T20:10:14.000000000Z,32,1,80420,38904.000000000,38906.000000000,38904.000000000,38904.000000000,5,YM
2024-06-10T20:10:15.000000000Z,32,1,80420,38905.000000000,38905.000000000,38905.000000000,38905.000000000,9,YM
2024-06-10T20:10:26.000000000Z,32,1,80420,38904.000000000,38904.000000000,38904.000000000,38904.000000000,2,YM
2024-06-10T20:10:30.000000000Z,32,1,80420,38904.000000000,38904.000000000,38904.000000000,38904.000000000,1,YM
2024-06-10T20:10:36.000000000Z,32,1,80420,38903.000000000,38903.000000000,38903.000000000,38903.000000000,2,YM
2024-06-10T20:10:47.000000000Z,32,1,80420,38903.000000000,38903.000000000,38903.000000000,38903.000000000,1,YM
2024-06-10T20:10:48.000000000Z,32,1,80420,38903.000000000,38904.000000000,38903.000000000,38904.000000000,4,YM
2024-06-10T20:10:50.000000000Z,32,1,80420,38902.000000000,38902.000000000,38902.000000000,38902.000000000,2,YM
2024-06-10T20:10:51.000000000Z,32,1,80420,38903.000000000,38903.000000000,38903.000000000,38903.000000000,1,YM
2024-06-10T20:11:01.000000000Z,32,1,80420,38902.000000000,38903.000000000,38902.000000000,38902.000000000,7,YM
2024-06-10T20:11:02.000000000Z,32,1,80420,38903.000000000,38903.000000000,38903.000000000,38903.000000000,1,YM
2024-06-10T20:11:04.000000000Z,32,1,80420,38903.000000000,38903.000000000,38903.000000000,38903.000000000,1,YM
2024-06-10T20:11:05.000000000Z,32,1,80420,38904.000000000,38904.000000000,38904.000000000,38904.000000000,4,YM
2024-06-10T20:11:07.000000000Z,32,1,80420,38904.000000000,38904.000000000,38903.000000000,38903.000000000,4,YM
2024-06-10T20:11:10.000000000Z,32,1,80420,38904.000000000,38904.000000000,38904.000000000,38904.000000000,2,YM
2024-06-10T20:11:11.000000000Z,32,1,80420,38905.000000000,38905.000000000,38904.000000000,38904.000000000,3,YM
2024-06-10T20:11:12.000000000Z,32,1,80420,38905.000000000,38905.000000000,38905.000000000,38905.000000000,1,YM
2024-06-10T20:11:16.000000000Z,32,1,80420,38904.000000000,38904.000000000,38904.000000000,38904.000000000,2,YM
2024-06-10T20:11:21.000000000Z,32,1,80420,38905.000000000,38907.000000000,38905.000000000,38907.000000000,18,YM
2024-06-10T20:11:22.000000000Z,32,1,80420,38905.000000000,38905.000000000,38905.000000000,38905.000000000,1,YM
2024-06-10T20:11:23.000000000Z,32,1,80420,38906.000000000,38906.000000000,38906.000000000,38906.000000000,1,YM
2024-06-10T20:11:24.000000000Z,32,1,80420,38908.000000000,38908.000000000,38908.000000000,38908.000000000,4,YM
2024-06-10T20:11:25.000000000Z,32,1,80420,38908.000000000,38908.000000000,38908.000000000,38908.000000000,2,YM
2024-06-10T20:11:26.000000000Z,32,1,80420,38906.000000000,38906.000000000,38906.000000000,38906.000000000,4,YM
2024-06-10T20:11:29.000000000Z,32,1,80420,38906.000000000,38906.000000000,38906.000000000,38906.000000000,1,YM
2024-06-10T20:11:30.000000000Z,32,1,80420,38907.000000000,38907.000000000,38907.000000000,38907.000000000,1,YM
2024-06-10T20:11:43.000000000Z,32,1,80420,38905.000000000,38905.000000000,38904.000000000,38905.000000000,5,YM
2024-06-10T20:11:44.000000000Z,32,1,80420,38906.000000000,38906.000000000,38906.000000000,38906.000000000,3,YM
2024-06-10T20:11:46.000000000Z,32,1,80420,38904.000000000,38904.000000000,38904.000000000,38904.000000000,1,YM
2024-06-10T20:11:48.000000000Z,32,1,80420,38904.000000000,38904.000000000,38904.000000000,38904.000000000,1,YM
2024-06-10T20:11:49.000000000Z,32,1,80420,38905.000000000,38905.000000000,38905.000000000,38905.000000000,1,YM
2024-06-10T20:11:56.000000000Z,32,1,80420,38906.000000000,38906.000000000,38906.000000000,38906.000000000,1,YM
2024-06-10T20:12:00.000000000Z,32,1,80420,38906.000000000,38906.000000000,38904.000000000,38904.000000000,12,YM
2024-06-10T20:12:06.000000000Z,32,1,80420,38904.000000000,38904.000000000,38904.000000000,38904.000000000,1,YM
2024-06-10T20:12:15.000000000Z,32,1,80420,38905.000000000,38905.000000000,38905.000000000,38905.000000000,6,YM
2024-06-10T20:12:16.000000000Z,32,1,80420,38904.000000000,38904.000000000,38904.000000000,38904.000000000,1,YM
2024-06-10T20:12:17.000000000Z,32,1,80420,38904.000000000,38905.000000000,38904.000000000,38905.000000000,3,YM
2024-06-10T20:12:19.000000000Z,32,1,80420,38905.000000000,38906.000000000,38905.000000000,38906.000000000,3,YM
2024-06-10T20:12:22.000000000Z,32,1,80420,38905.000000000,38905.000000000,38905.000000000,38905.000000000,1,YM
2024-06-10T20:12:31.000000000Z,32,1,80420,38903.000000000,38903.000000000,38903.000000000,38903.000000000,1,YM
2024-06-10T20:12:33.000000000Z,32,1,80420,38903.000000000,38903.000000000,38903.000000000,38903.000000000,1,YM
2024-06-10T20:12:36.000000000Z,32,1,80420,38903.000000000,38904.000000000,38903.000000000,38904.000000000,2,YM
2024-06-10T20:12:42.000000000Z,32,1,80420,38903.000000000,38903.000000000,38903.000000000,38903.000000000,1,YM
2024-06-10T20:12:46.000000000Z,32,1,80420,38903.000000000,38904.000000000,38903.000000000,38904.000000000,5,YM
2024-06-10T20:12:50.000000000Z,32,1,80420,38903.000000000,38903.000000000,38903.000000000,38903.000000000,1,YM
2024-06-10T20:12:55.000000000Z,32,1,80420,38903.000000000,38903.000000000,38903.000000000,38903.000000000,1,YM
2024-06-10T20:13:01.000000000Z,32,1,80420,38902.000000000,38902.000000000,38901.000000000,38901.000000000,4,YM
2024-06-10T20:13:03.000000000Z,32,1,80420,38901.000000000,38901.000000000,38901.000000000,38901.000000000,7,YM
2024-06-10T20:13:04.000000000Z,32,1,80420,38900.000000000,38900.000000000,38900.000000000,38900.000000000,7,YM
2024-06-10T20:13:05.000000000Z,32,1,80420,38900.000000000,38900.000000000,38900.000000000,38900.000000000,2,YM
2024-06-10T20:13:08.000000000Z,32,1,80420,38900.000000000,38901.000000000,38900.000000000,38901.000000000,4,YM
2024-06-10T20:13:15.000000000Z,32,1,80420,38901.000000000,38901.000000000,38901.000000000,38901.000000000,2,YM
2024-06-10T20:13:18.000000000Z,32,1,80420,38902.000000000,38902.000000000,38902.000000000,38902.000000000,2,YM
2024-06-10T20:13:19.000000000Z,32,1,80420,38902.000000000,38902.000000000,38902.000000000,38902.000000000,2,YM
2024-06-10T20:13:20.000000000Z,32,1,80420,38901.000000000,38901.000000000,38901.000000000,38901.000000000,1,YM
2024-06-10T20:13:21.000000000Z,32,1,80420,38902.000000000,38902.000000000,38902.000000000,38902.000000000,2,YM
2024-06-10T20:13:23.000000000Z,32,1,80420,38901.000000000,38901.000000000,38901.000000000,38901.000000000,1,YM
2024-06-10T20:13:28.000000000Z,32,1,80420,38901.000000000,38901.000000000,38901.000000000,38901.000000000,1,YM
2024-06-10T20:13:36.000000000Z,32,1,80420,38900.000000000,38900.000000000,38900.000000000,38900.000000000,1,YM
2024-06-10T20:13:41.000000000Z,32,1,80420,38900.000000000,38901.000000000,38900.000000000,38901.000000000,5,YM
2024-06-10T20:13:44.000000000Z,32,1,80420,38902.000000000,38902.000000000,38902.000000000,38902.000000000,2,YM
2024-06-10T20:13:48.000000000Z,32,1,80420,38903.000000000,38903.000000000,38903.000000000,38903.000000000,1,YM
2024-06-10T20:13:53.000000000Z,32,1,80420,38901.000000000,38901.000000000,38901.000000000,38901.000000000,1,YM
2024-06-10T20:13:55.000000000Z,32,1,80420,38901.000000000,38901.000000000,38901.000000000,38901.000000000,1,YM
2024-06-10T20:13:58.000000000Z,32,1,80420,38902.000000000,38902.000000000,38902.000000000,38902.000000000,3,YM
2024-06-10T20:13:59.000000000Z,32,1,80420,38903.000000000,38903.000000000,38903.000000000,38903.000000000,2,YM
2024-06-10T20:14:00.000000000Z,32,1,80420,38902.000000000,38902.000000000,38900.000000000,38900.000000000,11,YM
2024-06-10T20:14:01.000000000Z,32,1,80420,38901.000000000,38901.000000000,38899.000000000,38899.000000000,13,YM
2024-06-10T20:14:03.000000000Z,32,1,80420,38898.000000000,38898.000000000,38897.000000000,38897.000000000,3,YM
2024-06-10T20:14:06.000000000Z,32,1,80420,38898.000000000,38898.000000000,38898.000000000,38898.000000000,1,YM
2024-06-10T20:14:11.000000000Z,32,1,80420,38897.000000000,38898.000000000,38897.000000000,38898.000000000,9,YM
2024-06-10T20:14:18.000000000Z,32,1,80420,38900.000000000,38900.000000000,38900.000000000,38900.000000000,2,YM
2024-06-10T20:14:29.000000000Z,32,1,80420,38901.000000000,38901.000000000,38901.000000000,38901.000000000,1,YM
2024-06-10T20:14:30.000000000Z,32,1,80420,38900.000000000,38900.000000000,38900.000000000,38900.000000000,3,YM
2024-06-10T20:14:33.000000000Z,32,1,80420,38900.000000000,38900.000000000,38900.000000000,38900.000000000,1,YM
2024-06-10T20:14:35.000000000Z,32,1,80420,38902.000000000,38902.000000000,38902.000000000,38902.000000000,2,YM
2024-06-10T20:14:36.000000000Z,32,1,80420,38901.000000000,38901.000000000,38900.000000000,38900.000000000,4,YM
2024-06-10T20:14:37.000000000Z,32,1,80420,38900.000000000,38900.000000000,38900.000000000,38900.000000000,1,YM
2024-06-10T20:14:41.000000000Z,32,1,80420,38900.000000000,38900.000000000,38900.000000000,38900.000000000,2,YM
2024-06-10T20:14:42.000000000Z,32,1,80420,38901.000000000,38901.000000000,38900.000000000,38900.000000000,5,YM
2024-06-10T20:14:49.000000000Z,32,1,80420,38899.000000000,38901.000000000,38899.000000000,38901.000000000,5,YM
2024-06-10T20:14:50.000000000Z,32,1,80420,38901.000000000,38901.000000000,38901.000000000,38901.000000000,1,YM
2024-06-10T20:14:51.000000000Z,32,1,80420,38901.000000000,38901.000000000,38901.000000000,38901.000000000,1,YM
2024-06-10T20:14:55.000000000Z,32,1,80420,38900.000000000,38900.000000000,38899.000000000,38899.000000000,7,YM
2024-06-10T20:15:00.000000000Z,32,1,80420,38900.000000000,38900.000000000,38898.000000000,38900.000000000,7,YM
2024-06-10T20:15:02.000000000Z,32,1,80420,38899.000000000,38899.000000000,38899.000000000,38899.000000000,1,YM
2024-06-10T20:15:11.000000000Z,32,1,80420,38899.000000000,38899.000000000,38899.000000000,38899.000000000,1,YM
2024-06-10T20:15:16.000000000Z,32,1,80420,38900.000000000,38900.000000000,38900.000000000,38900.000000000,2,YM
2024-06-10T20:15:22.000000000Z,32,1,80420,38899.000000000,38899.000000000,38899.000000000,38899.000000000,1,YM
2024-06-10T20:15:39.000000000Z,32,1,80420,38899.000000000,38899.000000000,38899.000000000,38899.000000000,1,YM
2024-06-10T20:15:51.000000000Z,32,1,80420,38901.000000000,38901.000000000,38901.000000000,38901.000000000,1,YM
2024-06-10T20:15:53.000000000Z,32,1,80420,38900.000000000,38900.000000000,38900.000000000,38900.000000000,1,YM
2024-06-10T20:15:58.000000000Z,32,1,80420,38901.000000000,38901.000000000,38901.000000000,38901.000000000,3,YM
2024-06-10T20:16:00.000000000Z,32,1,80420,38900.000000000,38901.000000000,38900.000000000,38901.000000000,2,YM
2024-06-10T20:16:17.000000000Z,32,1,80420,38901.000000000,38901.000000000,38901.000000000,38901.000000000,2,YM
2024-06-10T20:16:32.000000000Z,32,1,80420,38900.000000000,38900.000000000,38900.000000000,38900.000000000,2,YM
2024-06-10T20:16:35.000000000Z,32,1,80420,38901.000000000,38901.000000000,38901.000000000,38901.000000000,1,YM
2024-06-10T20:16:40.000000000Z,32,1,80420,38900.000000000,38900.000000000,38900.000000000,38900.000000000,2,YM
2024-06-10T20:16:48.000000000Z,32,1,80420,38899.000000000,38899.000000000,38899.000000000,38899.000000000,1,YM
2024-06-10T20:16:51.000000000Z,32,1,80420,38900.000000000,38900.000000000,38900.000000000,38900.000000000,1,YM
2024-06-10T20:16:58.000000000Z,32,1,80420,38899.000000000,38899.000000000,38899.000000000,38899.000000000,2,YM
2024-06-10T20:16:59.000000000Z,32,1,80420,38899.000000000,38899.000000000,38899.000000000,38899.000000000,2,YM
2024-06-10T20:17:02.000000000Z,32,1,80420,38898.000000000,38898.000000000,38898.000000000,38898.000000000,2,YM
2024-06-10T20:17:08.000000000Z,32,1,80420,38897.000000000,38897.000000000,38897.000000000,38897.000000000,3,YM
2024-06-10T20:17:12.000000000Z,32,1,80420,38898.000000000,38898.000000000,38898.000000000,38898.000000000,3,YM
2024-06-10T20:17:24.000000000Z,32,1,80420,38897.000000000,38897.000000000,38897.000000000,38897.000000000,1,YM
2024-06-10T20:17:25.000000000Z,32,1,80420,38897.000000000,38897.000000000,38897.000000000,38897.000000000,2,YM
2024-06-10T20:17:27.000000000Z,32,1,80420,38897.000000000,38897.000000000,38897.000000000,38897.000000000,1,YM
2024-06-10T20:17:35.000000000Z,32,1,80420,38897.000000000,38897.000000000,38897.000000000,38897.000000000,1,YM
2024-06-10T20:17:36.000000000Z,32,1,80420,38898.000000000,38898.000000000,38898.000000000,38898.000000000,3,YM
2024-06-10T20:17:40.000000000Z,32,1,80420,38898.000000000,38898.000000000,38898.000000000,38898.000000000,1,YM
2024-06-10T20:17:52.000000000Z,32,1,80420,38897.000000000,38897.000000000,38895.000000000,38896.000000000,8,YM
2024-06-10T20:18:00.000000000Z,32,1,80420,38897.000000000,38898.000000000,38897.000000000,38898.000000000,5,YM
2024-06-10T20:18:01.000000000Z,32,1,80420,38898.000000000,38898.000000000,38898.000000000,38898.000000000,1,YM
2024-06-10T20:18:03.000000000Z,32,1,80420,38899.000000000,38899.000000000,38899.000000000,38899.000000000,1,YM
2024-06-10T20:18:40.000000000Z,32,1,80420,38898.000000000,38898.000000000,38898.000000000,38898.000000000,2,YM
2024-06-10T20:18:42.000000000Z,32,1,80420,38897.000000000,38897.000000000,38897.000000000,38897.000000000,5,YM
2024-06-10T20:18:43.000000000Z,32,1,80420,38897.000000000,38897.000000000,38897.000000000,38897.000000000,2,YM
2024-06-10T20:19:01.000000000Z,32,1,80420,38897.000000000,38897.000000000,38897.000000000,38897.000000000,1,YM
2024-06-10T20:19:05.000000000Z,32,1,80420,38897.000000000,38898.000000000,38897.000000000,38898.000000000,6,YM
2024-06-10T20:19:10.000000000Z,32,1,80420,38897.000000000,38897.000000000,38897.000000000,38897.000000000,7,YM
2024-06-10T20:19:11.000000000Z,32,1,80420,38898.000000000,38898.000000000,38898.000000000,38898.000000000,4,YM
2024-06-10T20:19:18.000000000Z,32,1,80420,38896.000000000,38896.000000000,38896.000000000,38896.000000000,3,YM
2024-06-10T20:19:20.000000000Z,32,1,80420,38896.000000000,38896.000000000,38896.000000000,38896.000000000,1,YM
2024-06-10T20:19:27.000000000Z,32,1,80420,38896.000000000,38896.000000000,38896.000000000,38896.000000000,1,YM
2024-06-10T20:19:38.000000000Z,32,1,80420,38896.000000000,38896.000000000,38896.000000000,38896.000000000,2,YM
2024-06-10T20:19:48.000000000Z,32,1,80420,38896.000000000,38896.000000000,38896.000000000,38896.000000000,4,YM
2024-06-10T20:19:55.000000000Z,32,1,80420,38897.000000000,38897.000000000,38897.000000000,38897.000000000,3,YM
2024-06-10T20:19:57.000000000Z,32,1,80420,38897.000000000,38897.000000000,38897.000000000,38897.000000000,1,YM
2024-06-10T20:20:14.000000000Z,32,1,80420,38898.000000000,38898.000000000,38898.000000000,38898.000000000,2,YM
2024-06-10T20:20:17.000000000Z,32,1,80420,38899.000000000,38899.000000000,38899.000000000,38899.000000000,2,YM
2024-06-10T20:20:21.000000000Z,32,1,80420,38899.000000000,38899.000000000,38899.000000000,38899.000000000,2,YM
2024-06-10T20:20:28.000000000Z,32,1,80420,38900.000000000,38900.000000000,38900.000000000,38900.000000000,3,YM
2024-06-10T20:20:30.000000000Z,32,1,80420,38899.000000000,38899.000000000,38899.000000000,38899.000000000,2,YM
2024-06-10T20:20:38.000000000Z,32,1,80420,38898.000000000,38898.000000000,38898.000000000,38898.000000000,3,YM
2024-06-10T20:20:45.000000000Z,32,1,80420,38897.000000000,38897.000000000,38897.000000000,38897.000000000,1,YM
2024-06-10T20:20:49.000000000Z,32,1,80420,38896.000000000,38896.000000000,38896.000000000,38896.000000000,1,YM
2024-06-10T20:20:50.000000000Z,32,1,80420,38895.000000000,38895.000000000,38895.000000000,38895.000000000,1,YM
2024-06-10T20:20:54.000000000Z,32,1,80420,38896.000000000,38896.000000000,38896.000000000,38896.000000000,4,YM
2024-06-10T20:20:59.000000000Z,32,1,80420,38896.000000000,38896.000000000,38896.000000000,38896.000000000,1,YM
2024-06-10T20:21:09.000000000Z,32,1,80420,38896.000000000,38896.000000000,38896.000000000,38896.000000000,3,YM
2024-06-10T20:21:10.000000000Z,32,1,80420,38897.000000000,38897.000000000,38897.000000000,38897.000000000,2,YM
2024-06-10T20:21:12.000000000Z,32,1,80420,38897.000000000,38897.000000000,38897.000000000,38897.000000000,2,YM
2024-06-10T20:21:25.000000000Z,32,1,80420,38897.000000000,38897.000000000,38897.000000000,38897.000000000,1,YM
2024-06-10T20:21:47.000000000Z,32,1,80420,38897.000000000,38898.000000000,38897.000000000,38898.000000000,3,YM
2024-06-10T20:22:00.000000000Z,32,1,80420,38899.000000000,38899.000000000,38899.000000000,38899.000000000,4,YM
2024-06-10T20:22:05.000000000Z,32,1,80420,38899.000000000,38899.000000000,38899.000000000,38899.000000000,1,YM
2024-06-10T20:22:22.000000000Z,32,1,80420,38899.000000000,38899.000000000,38899.000000000,38899.000000000,1,YM
2024-06-10T20:22:38.000000000Z,32,1,80420,38899.000000000,38899.000000000,38899.000000000,38899.000000000,4,YM
2024-06-10T20:22:39.000000000Z,32,1,80420,38899.000000000,38899.000000000,38899.000000000,38899.000000000,1,YM
2024-06-10T20:22:52.000000000Z,32,1,80420,38899.000000000,38899.000000000,38899.000000000,38899.000000000,1,YM
2024-06-10T20:23:00.000000000Z,32,1,80420,38899.000000000,38900.000000000,38899.000000000,38900.000000000,5,YM
2024-06-10T20:23:14.000000000Z,32,1,80420,38900.000000000,38900.000000000,38900.000000000,38900.000000000,3,YM
2024-06-10T20:23:40.000000000Z,32,1,80420,38899.000000000,38899.000000000,38899.000000000,38899.000000000,1,YM
2024-06-10T20:23:44.000000000Z,32,1,80420,38899.000000000,38899.000000000,38899.000000000,38899.000000000,1,YM
2024-06-10T20:23:53.000000000Z,32,1,80420,38900.000000000,38900.000000000,38900.000000000,38900.000000000,1,YM
2024-06-10T20:23:58.000000000Z,32,1,80420,38900.000000000,38900.000000000,38900.000000000,38900.000000000,1,YM
2024-06-10T20:24:00.000000000Z,32,1,80420,38899.000000000,38899.000000000,38899.000000000,38899.000000000,1,YM
2024-06-10T20:24:07.000000000Z,32,1,80420,38901.000000000,38902.000000000,38901.000000000,38902.000000000,6,YM
2024-06-10T20:24:08.000000000Z,32,1,80420,38902.000000000,38902.000000000,38902.000000000,38902.000000000,4,YM
2024-06-10T20:24:09.000000000Z,32,1,80420,38901.000000000,38901.000000000,38901.000000000,38901.000000000,1,YM
2024-06-10T20:24:19.000000000Z,32,1,80420,38900.000000000,38900.000000000,38900.000000000,38900.000000000,1,YM
2024-06-10T20:25:07.000000000Z,32,1,80420,38901.000000000,38901.000000000,38901.000000000,38901.000000000,1,YM
2024-06-10T20:25:47.000000000Z,32,1,80420,38901.000000000,38901.000000000,38900.000000000,38900.000000000,4,YM
2024-06-10T20:25:49.000000000Z,32,1,80420,38899.000000000,38900.000000000,38899.000000000,38900.000000000,3,YM
2024-06-10T20:25:50.000000000Z,32,1,80420,38900.000000000,38900.000000000,38900.000000000,38900.000000000,2,YM
2024-06-10T20:26:02.000000000Z,32,1,80420,38901.000000000,38901.000000000,38901.000000000,38901.000000000,1,YM
2024-06-10T20:26:14.000000000Z,32,1,80420,38901.000000000,38903.000000000,38901.000000000,38903.000000000,12,YM
2024-06-10T20:26:27.000000000Z,32,1,80420,38901.000000000,38901.000000000,38901.000000000,38901.000000000,2,YM
2024-06-10T20:26:33.000000000Z,32,1,80420,38902.000000000,38902.000000000,38902.000000000,38902.000000000,4,YM
2024-06-10T20:27:30.000000000Z,32,1,80420,38900.000000000,38900.000000000,38900.000000000,38900.000000000,3,YM
2024-06-10T20:27:34.000000000Z,32,1,80420,38900.000000000,38900.000000000,38900.000000000,38900.000000000,1,YM
2024-06-10T20:27:50.000000000Z,32,1,80420,38899.000000000,38899.000000000,38899.000000000,38899.000000000,2,YM
2024-06-10T20:27:52.000000000Z,32,1,80420,38900.000000000,38900.000000000,38900.000000000,38900.000000000,2,YM
2024-06-10T20:28:02.000000000Z,32,1,80420,38900.000000000,38900.000000000,38900.000000000,38900.000000000,1,YM
2024-06-10T20:28:19.000000000Z,32,1,80420,38899.000000000,38899.000000000,38899.000000000,38899.000000000,1,YM
2024-06-10T20:28:30.000000000Z,32,1,80420,38900.000000000,38900.000000000,38900.000000000,38900.000000000,4,YM
2024-06-10T20:28:46.000000000Z,32,1,80420,38898.000000000,38898.000000000,38898.000000000,38898.000000000,1,YM
2024-06-10T20:28:51.000000000Z,32,1,80420,38898.000000000,38898.000000000,38898.000000000,38898.000000000,2,YM
2024-06-10T20:29:04.000000000Z,32,1,80420,38899.000000000,38899.000000000,38899.000000000,38899.000000000,3,YM
2024-06-10T20:29:23.000000000Z,32,1,80420,38898.000000000,38898.000000000,38897.000000000,38897.000000000,5,YM
2024-06-10T20:29:44.000000000Z,32,1,80420,38898.000000000,38898.000000000,38898.000000000,38898.000000000,2,YM
2024-06-10T20:29:45.000000000Z,32,1,80420,38897.000000000,38897.000000000,38897.000000000,38897.000000000,2,YM
2024-06-10T20:29:48.000000000Z,32,1,80420,38897.000000000,38897.000000000,38897.000000000,38897.000000000,1,YM
2024-06-10T20:29:52.000000000Z,32,1,80420,38898.000000000,38898.000000000,38898.000000000,38898.000000000,5,YM
2024-06-10T20:29:53.000000000Z,32,1,80420,38897.000000000,38897.000000000,38897.000000000,38897.000000000,5,YM
2024-06-10T20:30:02.000000000Z,32,1,80420,38896.000000000,38896.000000000,38896.000000000,38896.000000000,6,YM
2024-06-10T20:30:03.000000000Z,32,1,80420,38896.000000000,38896.000000000,38896.000000000,38896.000000000,7,YM
2024-06-10T20:30:07.000000000Z,32,1,80420,38897.000000000,38897.000000000,38897.000000000,38897.000000000,3,YM
2024-06-10T20:30:15.000000000Z,32,1,80420,38896.000000000,38896.000000000,38896.000000000,38896.000000000,3,YM
2024-06-10T20:30:19.000000000Z,32,1,80420,38896.000000000,38896.000000000,38896.000000000,38896.000000000,3,YM
2024-06-10T20:30:22.000000000Z,32,1,80420,38896.000000000,38896.000000000,38896.000000000,38896.000000000,2,YM
2024-06-10T20:30:29.000000000Z,32,1,80420,38896.000000000,38896.000000000,38896.000000000,38896.000000000,2,YM
2024-06-10T20:30:31.000000000Z,32,1,80420,38896.000000000,38896.000000000,38896.000000000,38896.000000000,1,YM
2024-06-10T20:30:37.000000000Z,32,1,80420,38895.000000000,38895.000000000,38895.000000000,38895.000000000,2,YM
2024-06-10T20:30:38.000000000Z,32,1,80420,38895.000000000,38895.000000000,38895.000000000,38895.000000000,7,YM
2024-06-10T20:30:41.000000000Z,32,1,80420,38895.000000000,38895.000000000,38895.000000000,38895.000000000,2,YM
2024-06-10T20:30:58.000000000Z,32,1,80420,38895.000000000,38895.000000000,38895.000000000,38895.000000000,1,YM
2024-06-10T20:31:07.000000000Z,32,1,80420,38895.000000000,38895.000000000,38895.000000000,38895.000000000,2,YM
2024-06-10T20:31:21.000000000Z,32,1,80420,38895.000000000,38895.000000000,38895.000000000,38895.000000000,1,YM
2024-06-10T20:31:35.000000000Z,32,1,80420,38894.000000000,38894.000000000,38894.000000000,38894.000000000,4,YM
2024-06-10T20:31:38.000000000Z,32,1,80420,38895.000000000,38895.000000000,38895.000000000,38895.000000000,1,YM
2024-06-10T20:31:48.000000000Z,32,1,80420,38895.000000000,38895.000000000,38895.000000000,38895.000000000,2,YM
2024-06-10T20:32:07.000000000Z,32,1,80420,38895.000000000,38895.000000000,38895.000000000,38895.000000000,10,YM
2024-06-10T20:32:13.000000000Z,32,1,80420,38894.000000000,38895.000000000,38894.000000000,38895.000000000,6,YM
2024-06-10T20:32:20.000000000Z,32,1,80420,38895.000000000,38895.000000000,38895.000000000,38895.000000000,1,YM
2024-06-10T20:32:21.000000000Z,32,1,80420,38895.000000000,38895.000000000,38894.000000000,38894.000000000,3,YM
2024-06-10T20:32:37.000000000Z,32,1,80420,38895.000000000,38895.000000000,38895.000000000,38895.000000000,4,YM
2024-06-10T20:32:48.000000000Z,32,1,80420,38894.000000000,38897.000000000,38894.000000000,38897.000000000,17,YM
2024-06-10T20:32:49.000000000Z,32,1,80420,38897.000000000,38897.000000000,38897.000000000,38897.000000000,4,YM
2024-06-10T20:33:07.000000000Z,32,1,80420,38897.000000000,38897.000000000,38897.000000000,38897.000000000,2,YM
2024-06-10T20:33:10.000000000Z,32,1,80420,38897.000000000,38897.000000000,38897.000000000,38897.000000000,1,YM
2024-06-10T20:33:18.000000000Z,32,1,80420,38897.000000000,38897.000000000,38896.000000000,38896.000000000,5,YM
2024-06-10T20:33:21.000000000Z,32,1,80420,38897.000000000,38897.000000000,38897.000000000,38897.000000000,1,YM
2024-06-10T20:33:30.000000000Z,32,1,80420,38897.000000000,38897.000000000,38897.000000000,38897.000000000,2,YM
2024-06-10T20:33:36.000000000Z,32,1,80420,38898.000000000,38898.000000000,38898.000000000,38898.000000000,2,YM
2024-06-10T20:34:27.000000000Z,32,1,80420,38898.000000000,38898.000000000,38898.000000000,38898.000000000,1,YM
2024-06-10T20:34:30.000000000Z,32,1,80420,38899.000000000,38899.000000000,38899.000000000,38899.000000000,1,YM
2024-06-10T20:35:00.000000000Z,32,1,80420,38898.000000000,38898.000000000,38898.000000000,38898.000000000,2,YM
2024-06-10T20:35:02.000000000Z,32,1,80420,38898.000000000,38898.000000000,38898.000000000,38898.000000000,1,YM
2024-06-10T20:35:11.000000000Z,32,1,80420,38898.000000000,38898.000000000,38898.000000000,38898.000000000,2,YM
2024-06-10T20:35:13.000000000Z,32,1,80420,38897.000000000,38897.000000000,38897.000000000,38897.000000000,1,YM
2024-06-10T20:35:19.000000000Z,32,1,80420,38897.000000000,38898.000000000,38897.000000000,38898.000000000,4,YM
2024-06-10T20:35:20.000000000Z,32,1,80420,38899.000000000,38899.000000000,38899.000000000,38899.000000000,1,YM
2024-06-10T20:35:21.000000000Z,32,1,80420,38899.000000000,38899.000000000,38899.000000000,38899.000000000,1,YM
2024-06-10T20:35:24.000000000Z,32,1,80420,38899.000000000,38899.000000000,38899.000000000,38899.000000000,1,YM
2024-06-10T20:35:28.000000000Z,32,1,80420,38899.000000000,38899.000000000,38899.000000000,38899.000000000,1,YM
2024-06-10T20:36:16.000000000Z,32,1,80420,38899.000000000,38899.000000000,38899.000000000,38899.000000000,2,YM
2024-06-10T20:36:31.000000000Z,32,1,80420,38899.000000000,38899.000000000,38899.000000000,38899.000000000,1,YM
2024-06-10T20:36:57.000000000Z,32,1,80420,38899.000000000,38899.000000000,38899.000000000,38899.000000000,2,YM
2024-06-10T20:37:09.000000000Z,32,1,80420,38899.000000000,38899.000000000,38899.000000000,38899.000000000,2,YM
2024-06-10T20:37:11.000000000Z,32,1,80420,38899.000000000,38899.000000000,38899.000000000,38899.000000000,1,YM
2024-06-10T20:37:14.000000000Z,32,1,80420,38899.000000000,38899.000000000,38899.000000000,38899.000000000,1,YM
2024-06-10T20:37:47.000000000Z,32,1,80420,38898.000000000,38898.000000000,38898.000000000,38898.000000000,3,YM
2024-06-10T20:37:55.000000000Z,32,1,80420,38898.000000000,38898.000000000,38898.000000000,38898.000000000,1,YM
2024-06-10T20:38:03.000000000Z,32,1,80420,38898.000000000,38898.000000000,38898.000000000,38898.000000000,2,YM
2024-06-10T20:38:18.000000000Z,32,1,80420,38898.000000000,38898.000000000,38898.000000000,38898.000000000,3,YM
2024-06-10T20:38:25.000000000Z,32,1,80420,38898.000000000,38898.000000000,38898.000000000,38898.000000000,1,YM
2024-06-10T20:38:26.000000000Z,32,1,80420,38898.000000000,38898.000000000,38898.000000000,38898.000000000,1,YM
2024-06-10T20:38:27.000000000Z,32,1,80420,38898.000000000,38898.000000000,38898.000000000,38898.000000000,1,YM
2024-06-10T20:38:30.000000000Z,32,1,80420,38899.000000000,38899.000000000,38899.000000000,38899.000000000,1,YM
2024-06-10T20:39:04.000000000Z,32,1,80420,38898.000000000,38898.000000000,38898.000000000,38898.000000000,2,YM
2024-06-10T20:39:05.000000000Z,32,1,80420,38898.000000000,38898.000000000,38898.000000000,38898.000000000,2,YM
2024-06-10T20:39:10.000000000Z,32,1,80420,38899.000000000,38899.000000000,38899.000000000,38899.000000000,4,YM
2024-06-10T20:39:28.000000000Z,32,1,80420,38900.000000000,38900.000000000,38900.000000000,38900.000000000,3,YM
2024-06-10T20:39:34.000000000Z,32,1,80420,38899.000000000,38899.000000000,38899.000000000,38899.000000000,1,YM
2024-06-10T20:39:41.000000000Z,32,1,80420,38900.000000000,38900.000000000,38900.000000000,38900.000000000,1,YM
2024-06-10T20:40:00.000000000Z,32,1,80420,38899.000000000,38899.000000000,38899.000000000,38899.000000000,1,YM
2024-06-10T20:40:01.000000000Z,32,1,80420,38898.000000000,38898.000000000,38898.000000000,38898.000000000,4,YM
2024-06-10T20:40:05.000000000Z,32,1,80420,38898.000000000,38898.000000000,38898.000000000,38898.000000000,1,YM
2024-06-10T20:40:10.000000000Z,32,1,80420,38897.000000000,38897.000000000,38897.000000000,38897.000000000,4,YM
2024-06-10T20:40:20.000000000Z,32,1,80420,38898.000000000,38898.000000000,38898.000000000,38898.000000000,2,YM
2024-06-10T20:40:21.000000000Z,32,1,80420,38900.000000000,38900.000000000,38900.000000000,38900.000000000,4,YM
2024-06-10T20:40:49.000000000Z,32,1,80420,38900.000000000,38900.000000000,38900.000000000,38900.000000000,3,YM
2024-06-10T20:41:12.000000000Z,32,1,80420,38899.000000000,38899.000000000,38899.000000000,38899.000000000,1,YM
2024-06-10T20:41:14.000000000Z,32,1,80420,38900.000000000,38901.000000000,38900.000000000,38901.000000000,10,YM
2024-06-10T20:41:16.000000000Z,32,1,80420,38900.000000000,38900.000000000,38900.000000000,38900.000000000,1,YM
2024-06-10T20:41:20.000000000Z,32,1,80420,38900.000000000,38900.000000000,38900.000000000,38900.000000000,1,YM
2024-06-10T20:41:21.000000000Z,32,1,80420,38900.000000000,38900.000000000,38900.000000000,38900.000000000,1,YM
2024-06-10T20:41:28.000000000Z,32,1,80420,38899.000000000,38899.000000000,38899.000000000,38899.000000000,1,YM
2024-06-10T20:41:34.000000000Z,32,1,80420,38899.000000000,38899.000000000,38899.000000000,38899.000000000,5,YM
2024-06-10T20:41:44.000000000Z,32,1,80420,38900.000000000,38901.000000000,38900.000000000,38900.000000000,4,YM
2024-06-10T20:42:15.000000000Z,32,1,80420,38900.000000000,38900.000000000,38900.000000000,38900.000000000,3,YM
2024-06-10T20:42:33.000000000Z,32,1,80420,38900.000000000,38900.000000000,38900.000000000,38900.000000000,1,YM
2024-06-10T20:42:34.000000000Z,32,1,80420,38900.000000000,38900.000000000,38900.000000000,38900.000000000,1,YM
2024-06-10T20:42:48.000000000Z,32,1,80420,38901.000000000,38901.000000000,38901.000000000,38901.000000000,2,YM
2024-06-10T20:42:50.000000000Z,32,1,80420,38902.000000000,38902.000000000,38902.000000000,38902.000000000,2,YM
2024-06-10T20:43:08.000000000Z,32,1,80420,38902.000000000,38902.000000000,38902.000000000,38902.000000000,2,YM
2024-06-10T20:43:32.000000000Z,32,1,80420,38901.000000000,38901.000000000,38901.000000000,38901.000000000,1,YM
2024-06-10T20:43:40.000000000Z,32,1,80420,38901.000000000,38901.000000000,38901.000000000,38901.000000000,1,YM
2024-06-10T20:43:50.000000000Z,32,1,80420,38901.000000000,38901.000000000,38901.000000000,38901.000000000,1,YM
2024-06-10T20:44:01.000000000Z,32,1,80420,38900.000000000,38900.000000000,38900.000000000,38900.000000000,1,YM
2024-06-10T20:44:09.000000000Z,32,1,80420,38902.000000000,38902.000000000,38902.000000000,38902.000000000,2,YM
2024-06-10T20:44:10.000000000Z,32,1,80420,38901.000000000,38901.000000000,38901.000000000,38901.000000000,1,YM
2024-06-10T20:44:14.000000000Z,32,1,80420,38900.000000000,38900.000000000,38900.000000000,38900.000000000,2,YM
2024-06-10T20:44:15.000000000Z,32,1,80420,38900.000000000,38900.000000000,38900.000000000,38900.000000000,1,YM
2024-06-10T20:44:18.000000000Z,32,1,80420,38899.000000000,38899.000000000,38899.000000000,38899.000000000,1,YM
2024-06-10T20:44:19.000000000Z,32,1,80420,38899.000000000,38899.000000000,38899.000000000,38899.000000000,1,YM
2024-06-10T20:44:21.000000000Z,32,1,80420,38900.000000000,38900.000000000,38900.000000000,38900.000000000,2,YM
2024-06-10T20:44:22.000000000Z,32,1,80420,38899.000000000,38899.000000000,38899.000000000,38899.000000000,2,YM
2024-06-10T20:44:32.000000000Z,32,1,80420,38900.000000000,38900.000000000,38900.000000000,38900.000000000,2,YM
2024-06-10T20:44:40.000000000Z,32,1,80420,38899.000000000,38899.000000000,38899.000000000,38899.000000000,3,YM
2024-06-10T20:44:42.000000000Z,32,1,80420,38900.000000000,38900.000000000,38900.000000000,38900.000000000,2,YM
2024-06-10T20:44:46.000000000Z,32,1,80420,38900.000000000,38900.000000000,38900.000000000,38900.000000000,1,YM
2024-06-10T20:45:00.000000000Z,32,1,80420,38901.000000000,38901.000000000,38899.000000000,38899.000000000,5,YM
2024-06-10T20:45:02.000000000Z,32,1,80420,38898.000000000,38899.000000000,38897.000000000,38897.000000000,5,YM
2024-06-10T20:45:23.000000000Z,32,1,80420,38898.000000000,38898.000000000,38898.000000000,38898.000000000,7,YM
2024-06-10T20:45:24.000000000Z,32,1,80420,38899.000000000,38899.000000000,38899.000000000,38899.000000000,5,YM
2024-06-10T20:45:25.000000000Z,32,1,80420,38898.000000000,38898.000000000,38898.000000000,38898.000000000,2,YM
2024-06-10T20:45:49.000000000Z,32,1,80420,38897.000000000,38897.000000000,38897.000000000,38897.000000000,9,YM
2024-06-10T20:45:54.000000000Z,32,1,80420,38898.000000000,38898.000000000,38898.000000000,38898.000000000,3,YM
2024-06-10T20:45:59.000000000Z,32,1,80420,38899.000000000,38899.000000000,38899.000000000,38899.000000000,2,YM
2024-06-10T20:46:03.000000000Z,32,1,80420,38899.000000000,38899.000000000,38899.000000000,38899.000000000,1,YM
2024-06-10T20:46:22.000000000Z,32,1,80420,38899.000000000,38899.000000000,38899.000000000,38899.000000000,2,YM
2024-06-10T20:46:39.000000000Z,32,1,80420,38900.000000000,38900.000000000,38900.000000000,38900.000000000,8,YM
2024-06-10T20:46:42.000000000Z,32,1,80420,38901.000000000,38901.000000000,38901.000000000,38901.000000000,1,YM
2024-06-10T20:46:53.000000000Z,32,1,80420,38901.000000000,38901.000000000,38901.000000000,38901.000000000,1,YM
2024-06-10T20:46:55.000000000Z,32,1,80420,38901.000000000,38901.000000000,38901.000000000,38901.000000000,1,YM
2024-06-10T20:47:00.000000000Z,32,1,80420,38900.000000000,38900.000000000,38900.000000000,38900.000000000,6,YM
2024-06-10T20:47:01.000000000Z,32,1,80420,38901.000000000,38901.000000000,38901.000000000,38901.000000000,1,YM
2024-06-10T20:47:05.000000000Z,32,1,80420,38902.000000000,38902.000000000,38902.000000000,38902.000000000,1,YM
2024-06-10T20:47:12.000000000Z,32,1,80420,38902.000000000,38902.000000000,38902.000000000,38902.000000000,2,YM
2024-06-10T20:47:21.000000000Z,32,1,80420,38902.000000000,38902.000000000,38902.000000000,38902.000000000,1,YM
2024-06-10T20:47:22.000000000Z,32,1,80420,38902.000000000,38902.000000000,38902.000000000,38902.000000000,1,YM
2024-06-10T20:47:23.000000000Z,32,1,80420,38902.000000000,38902.000000000,38902.000000000,38902.000000000,1,YM
2024-06-10T20:47:29.000000000Z,32,1,80420,38903.000000000,38903.000000000,38903.000000000,38903.000000000,2,YM
2024-06-10T20:47:30.000000000Z,32,1,80420,38903.000000000,38903.000000000,38903.000000000,38903.000000000,1,YM
2024-06-10T20:47:45.000000000Z,32,1,80420,38904.000000000,38904.000000000,38904.000000000,38904.000000000,1,YM
2024-06-10T20:47:48.000000000Z,32,1,80420,38904.000000000,38904.000000000,38904.000000000,38904.000000000,10,YM
2024-06-10T20:47:59.000000000Z,32,1,80420,38905.000000000,38905.000000000,38905.000000000,38905.000000000,1,YM
2024-06-10T20:48:00.000000000Z,32,1,80420,38904.000000000,38904.000000000,38904.000000000,38904.000000000,1,YM
2024-06-10T20:48:01.000000000Z,32,1,80420,38904.000000000,38904.000000000,38904.000000000,38904.000000000,1,YM
2024-06-10T20:48:02.000000000Z,32,1,80420,38905.000000000,38905.000000000,38905.000000000,38905.000000000,1,YM
2024-06-10T20:48:05.000000000Z,32,1,80420,38906.000000000,38906.000000000,38906.000000000,38906.000000000,1,YM
2024-06-10T20:48:12.000000000Z,32,1,80420,38905.000000000,38905.000000000,38905.000000000,38905.000000000,2,YM
2024-06-10T20:48:17.000000000Z,32,1,80420,38903.000000000,38903.000000000,38903.000000000,38903.000000000,1,YM
2024-06-10T20:48:25.000000000Z,32,1,80420,38902.000000000,38903.000000000,38902.000000000,38903.000000000,3,YM
2024-06-10T20:48:30.000000000Z,32,1,80420,38902.000000000,38902.000000000,38902.000000000,38902.000000000,1,YM
2024-06-10T20:48:31.000000000Z,32,1,80420,38901.000000000,38901.000000000,38901.000000000,38901.000000000,3,YM
2024-06-10T20:48:34.000000000Z,32,1,80420,38900.000000000,38900.000000000,38900.000000000,38900.000000000,2,YM
2024-06-10T20:48:52.000000000Z,32,1,80420,38902.000000000,38902.000000000,38902.000000000,38902.000000000,2,YM
2024-06-10T20:48:53.000000000Z,32,1,80420,38902.000000000,38902.000000000,38902.000000000,38902.000000000,8,YM
2024-06-10T20:49:00.000000000Z,32,1,80420,38902.000000000,38902.000000000,38902.000000000,38902.000000000,1,YM
2024-06-10T20:49:07.000000000Z,32,1,80420,38903.000000000,38903.000000000,38903.000000000,38903.000000000,1,YM
2024-06-10T20:49:08.000000000Z,32,1,80420,38903.000000000,38903.000000000,38903.000000000,38903.000000000,3,YM
2024-06-10T20:49:12.000000000Z,32,1,80420,38904.000000000,38904.000000000,38904.000000000,38904.000000000,2,YM
2024-06-10T20:49:22.000000000Z,32,1,80420,38903.000000000,38903.000000000,38903.000000000,38903.000000000,4,YM
2024-06-10T20:49:32.000000000Z,32,1,80420,38902.000000000,38902.000000000,38902.000000000,38902.000000000,1,YM
2024-06-10T20:50:01.000000000Z,32,1,80420,38903.000000000,38903.000000000,38902.000000000,38902.000000000,2,YM
2024-06-10T20:50:28.000000000Z,32,1,80420,38904.000000000,38904.000000000,38903.000000000,38903.000000000,2,YM
2024-06-10T20:50:41.000000000Z,32,1,80420,38903.000000000,38903.000000000,38903.000000000,38903.000000000,1,YM
2024-06-10T20:50:43.000000000Z,32,1,80420,38904.000000000,38904.000000000,38904.000000000,38904.000000000,1,YM
2024-06-10T20:50:48.000000000Z,32,1,80420,38905.000000000,38905.000000000,38905.000000000,38905.000000000,1,YM
2024-06-10T20:50:50.000000000Z,32,1,80420,38904.000000000,38904.000000000,38904.000000000,38904.000000000,1,YM
2024-06-10T20:50:53.000000000Z,32,1,80420,38904.000000000,38904.000000000,38904.000000000,38904.000000000,1,YM
2024-06-10T20:50:55.000000000Z,32,1,80420,38904.000000000,38906.000000000,38904.000000000,38904.000000000,15,YM
2024-06-10T20:51:05.000000000Z,32,1,80420,38905.000000000,38905.000000000,38905.000000000,38905.000000000,1,YM
2024-06-10T20:51:09.000000000Z,32,1,80420,38904.000000000,38904.000000000,38904.000000000,38904.000000000,2,YM
2024-06-10T20:51:23.000000000Z,32,1,80420,38904.000000000,38904.000000000,38904.000000000,38904.000000000,4,YM
2024-06-10T20:51:38.000000000Z,32,1,80420,38903.000000000,38903.000000000,38903.000000000,38903.000000000,1,YM
2024-06-10T20:51:39.000000000Z,32,1,80420,38903.000000000,38903.000000000,38903.000000000,38903.000000000,1,YM
2024-06-10T20:51:57.000000000Z,32,1,80420,38904.000000000,38904.000000000,38904.000000000,38904.000000000,2,YM
2024-06-10T20:52:06.000000000Z,32,1,80420,38903.000000000,38903.000000000,38903.000000000,38903.000000000,1,YM
2024-06-10T20:52:17.000000000Z,32,1,80420,38902.000000000,38903.000000000,38902.000000000,38903.000000000,2,YM
2024-06-10T20:52:54.000000000Z,32,1,80420,38902.000000000,38902.000000000,38902.000000000,38902.000000000,4,YM
2024-06-10T20:52:59.000000000Z,32,1,80420,38902.000000000,38902.000000000,38902.000000000,38902.000000000,1,YM
2024-06-10T20:53:10.000000000Z,32,1,80420,38902.000000000,38902.000000000,38902.000000000,38902.000000000,1,YM
2024-06-10T20:53:18.000000000Z,32,1,80420,38902.000000000,38902.000000000,38902.000000000,38902.000000000,1,YM
2024-06-10T20:53:31.000000000Z,32,1,80420,38902.000000000,38902.000000000,38902.000000000,38902.000000000,1,YM
2024-06-10T20:53:39.000000000Z,32,1,80420,38901.000000000,38901.000000000,38901.000000000,38901.000000000,1,YM
2024-06-10T20:53:40.000000000Z,32,1,80420,38901.000000000,38901.000000000,38901.000000000,38901.000000000,1,YM
2024-06-10T20:53:41.000000000Z,32,1,80420,38901.000000000,38901.000000000,38901.000000000,38901.000000000,1,YM
2024-06-10T20:53:43.000000000Z,32,1,80420,38901.000000000,38901.000000000,38901.000000000,38901.000000000,1,YM
2024-06-10T20:53:45.000000000Z,32,1,80420,38900.000000000,38900.000000000,38900.000000000,38900.000000000,1,YM
2024-06-10T20:53:46.000000000Z,32,1,80420,38901.000000000,38901.000000000,38901.000000000,38901.000000000,1,YM
2024-06-10T20:53:48.000000000Z,32,1,80420,38901.000000000,38901.000000000,38901.000000000,38901.000000000,1,YM
2024-06-10T20:53:57.000000000Z,32,1,80420,38899.000000000,38899.000000000,38899.000000000,38899.000000000,1,YM
2024-06-10T20:54:00.000000000Z,32,1,80420,38901.000000000,38901.000000000,38901.000000000,38901.000000000,5,YM
2024-06-10T20:54:14.000000000Z,32,1,80420,38902.000000000,38902.000000000,38902.000000000,38902.000000000,1,YM
2024-06-10T20:54:15.000000000Z,32,1,80420,38903.000000000,38903.000000000,38903.000000000,38903.000000000,4,YM
2024-06-10T20:54:33.000000000Z,32,1,80420,38901.000000000,38901.000000000,38901.000000000,38901.000000000,1,YM
2024-06-10T20:54:36.000000000Z,32,1,80420,38901.000000000,38901.000000000,38901.000000000,38901.000000000,4,YM
2024-06-10T20:54:37.000000000Z,32,1,80420,38901.000000000,38901.000000000,38901.000000000,38901.000000000,1,YM
2024-06-10T20:54:41.000000000Z,32,1,80420,38901.000000000,38901.000000000,38901.000000000,38901.000000000,3,YM
2024-06-10T20:54:44.000000000Z,32,1,80420,38901.000000000,38901.000000000,38901.000000000,38901.000000000,1,YM
2024-06-10T20:54:53.000000000Z,32,1,80420,38902.000000000,38902.000000000,38902.000000000,38902.000000000,1,YM
2024-06-10T20:55:00.000000000Z,32,1,80420,38902.000000000,38902.000000000,38902.000000000,38902.000000000,3,YM
2024-06-10T20:55:03.000000000Z,32,1,80420,38902.000000000,38902.000000000,38902.000000000,38902.000000000,1,YM
2024-06-10T20:55:31.000000000Z,32,1,80420,38901.000000000,38901.000000000,38901.000000000,38901.000000000,1,YM
2024-06-10T20:55:37.000000000Z,32,1,80420,38901.000000000,38901.000000000,38901.000000000,38901.000000000,2,YM
2024-06-10T20:55:43.000000000Z,32,1,80420,38900.000000000,38900.000000000,38900.000000000,38900.000000000,3,YM
2024-06-10T20:55:50.000000000Z,32,1,80420,38901.000000000,38901.000000000,38901.000000000,38901.000000000,15,YM
2024-06-10T20:56:00.000000000Z,32,1,80420,38902.000000000,38902.000000000,38902.000000000,38902.000000000,1,YM
2024-06-10T20:56:01.000000000Z,32,1,80420,38902.000000000,38902.000000000,38902.000000000,38902.000000000,2,YM
2024-06-10T20:56:04.000000000Z,32,1,80420,38902.000000000,38902.000000000,38902.000000000,38902.000000000,1,YM
2024-06-10T20:56:19.000000000Z,32,1,80420,38902.000000000,38902.000000000,38902.000000000,38902.000000000,5,YM
2024-06-10T20:56:55.000000000Z,32,1,80420,38902.000000000,38902.000000000,38902.000000000,38902.000000000,3,YM
2024-06-10T20:57:01.000000000Z,32,1,80420,38901.000000000,38901.000000000,38900.000000000,38900.000000000,10,YM
2024-06-10T20:57:06.000000000Z,32,1,80420,38900.000000000,38900.000000000,38900.000000000,38900.000000000,2,YM
2024-06-10T20:57:26.000000000Z,32,1,80420,38900.000000000,38900.000000000,38900.000000000,38900.000000000,1,YM
2024-06-10T20:58:00.000000000Z,32,1,80420,38901.000000000,38901.000000000,38901.000000000,38901.000000000,4,YM
2024-06-10T20:58:43.000000000Z,32,1,80420,38902.000000000,38902.000000000,38902.000000000,38902.000000000,1,YM
2024-06-10T20:58:56.000000000Z,32,1,80420,38903.000000000,38903.000000000,38903.000000000,38903.000000000,2,YM
2024-06-10T20:59:01.000000000Z,32,1,80420,38903.000000000,38903.000000000,38903.000000000,38903.000000000,1,YM
2024-06-10T20:59:02.000000000Z,32,1,80420,38903.000000000,38903.000000000,38903.000000000,38903.000000000,3,YM
2024-06-10T20:59:19.000000000Z,32,1,80420,38903.000000000,38903.000000000,38903.000000000,38903.000000000,1,YM
2024-06-10T20:59:37.000000000Z,32,1,80420,38901.000000000,38901.000000000,38901.000000000,38901.000000000,1,YM
2024-06-10T20:59:40.000000000Z,32,1,80420,38903.000000000,38903.000000000,38903.000000000,38903.000000000,1,YM
2024-06-10T20:59:55.000000000Z,32,1,80420,38902.000000000,38902.000000000,38901.000000000,38901.000000000,3,YM
2024-06-10T20:59:56.000000000Z,32,1,80420,38904.000000000,38904.000000000,38904.000000000,38904.000000000,2,YM
2024-06-10T20:59:58.000000000Z,32,1,80420,38903.000000000,38903.000000000,38903.000000000,38903.000000000,1,YM
2024-06-10T22:00:00.000000000Z,32,1,80420,38898.000000000,38909.000000000,38897.000000000,38908.000000000,17,YM
2024-06-10T22:00:01.000000000Z,32,1,80420,38908.000000000,38909.000000000,38905.000000000,38907.000000000,13,YM
2024-06-10T22:00:02.000000000Z,32,1,80420,38907.000000000,38907.000000000,38907.000000000,38907.000000000,1,YM
2024-06-10T22:00:03.000000000Z,32,1,80420,38903.000000000,38907.000000000,38903.000000000,38907.000000000,14,YM
2024-06-10T22:00:04.000000000Z,32,1,80420,38907.000000000,38907.000000000,38907.000000000,38907.000000000,1,YM
2024-06-10T22:00:10.000000000Z,32,1,80420,38905.000000000,38905.000000000,38905.000000000,38905.000000000,1,YM
2024-06-10T22:00:11.000000000Z,32,1,80420,38906.000000000,38906.000000000,38906.000000000,38906.000000000,1,YM
2024-06-10T22:00:13.000000000Z,32,1,80420,38905.000000000,38905.000000000,38905.000000000,38905.000000000,1,YM
2024-06-10T22:00:14.000000000Z,32,1,80420,38905.000000000,38905.000000000,38905.000000000,38905.000000000,20,YM
2024-06-10T22:00:15.000000000Z,32,1,80420,38904.000000000,38904.000000000,38901.000000000,38901.000000000,5,YM
2024-06-10T22:00:31.000000000Z,32,1,80420,38900.000000000,38902.000000000,38900.000000000,38902.000000000,5,YM
2024-06-10T22:00:36.000000000Z,32,1,80420,38901.000000000,38901.000000000,38901.000000000,38901.000000000,2,YM
2024-06-10T22:00:44.000000000Z,32,1,80420,38902.000000000,38902.000000000,38902.000000000,38902.000000000,1,YM
2024-06-10T22:00:49.000000000Z,32,1,80420,38901.000000000,38901.000000000,38901.000000000,38901.000000000,1,YM
2024-06-10T22:00:52.000000000Z,32,1,80420,38902.000000000,38902.000000000,38902.000000000,38902.000000000,1,YM
2024-06-10T22:01:01.000000000Z,32,1,80420,38902.000000000,38903.000000000,38902.000000000,38903.000000000,3,YM
2024-06-10T22:01:06.000000000Z,32,1,80420,38900.000000000,38900.000000000,38900.000000000,38900.000000000,10,YM
2024-06-10T22:01:20.000000000Z,32,1,80420,38901.000000000,38901.000000000,38901.000000000,38901.000000000,1,YM
2024-06-10T22:01:26.000000000Z,32,1,80420,38900.000000000,38900.000000000,38900.000000000,38900.000000000,1,YM
2024-06-10T22:01:29.000000000Z,32,1,80420,38900.000000000,38900.000000000,38900.000000000,38900.000000000,1,YM
2024-06-10T22:01:31.000000000Z,32,1,80420,38902.000000000,38902.000000000,38902.000000000,38902.000000000,2,YM
2024-06-10T22:01:42.000000000Z,32,1,80420,38900.000000000,38900.000000000,38900.000000000,38900.000000000,2,YM
2024-06-10T22:01:53.000000000Z,32,1,80420,38902.000000000,38902.000000000,38902.000000000,38902.000000000,1,YM
2024-06-10T22:01:56.000000000Z,32,1,80420,38902.000000000,38902.000000000,38901.000000000,38901.000000000,6,YM
2024-06-10T22:01:58.000000000Z,32,1,80420,38900.000000000,38900.000000000,38900.000000000,38900.000000000,1,YM
2024-06-10T22:02:06.000000000Z,32,1,80420,38900.000000000,38900.000000000,38900.000000000,38900.000000000,1,YM
2024-06-10T22:02:09.000000000Z,32,1,80420,38899.000000000,38899.000000000,38899.000000000,38899.000000000,2,YM
2024-06-10T22:02:18.000000000Z,32,1,80420,38898.000000000,38898.000000000,38898.000000000,38898.000000000,1,YM
2024-06-10T22:02:34.000000000Z,32,1,80420,38900.000000000,38900.000000000,38900.000000000,38900.000000000,1,YM
2024-06-10T22:02:35.000000000Z,32,1,80420,38900.000000000,38900.000000000,38900.000000000,38900.000000000,3,YM
2024-06-10T22:02:44.000000000Z,32,1,80420,38901.000000000,38901.000000000,38901.000000000,38901.000000000,8,YM
2024-06-10T22:03:07.000000000Z,32,1,80420,38903.000000000,38903.000000000,38903.000000000,38903.000000000,2,YM
2024-06-10T22:03:10.000000000Z,32,1,80420,38905.000000000,38905.000000000,38905.000000000,38905.000000000,4,YM
2024-06-10T22:03:31.000000000Z,32,1,80420,38905.000000000,38905.000000000,38905.000000000,38905.000000000,1,YM
2024-06-10T22:03:32.000000000Z,32,1,80420,38906.000000000,38907.000000000,38906.000000000,38907.000000000,4,YM
2024-06-10T22:03:35.000000000Z,32,1,80420,38909.000000000,38910.000000000,38909.000000000,38910.000000000,5,YM
2024-06-10T22:03:38.000000000Z,32,1,80420,38911.000000000,38911.000000000,38911.000000000,38911.000000000,5,YM
2024-06-10T22:03:39.000000000Z,32,1,80420,38910.000000000,38910.000000000,38910.000000000,38910.000000000,2,YM
2024-06-10T22:03:41.000000000Z,32,1,80420,38910.000000000,38910.000000000,38910.000000000,38910.000000000,1,YM
2024-06-10T22:03:45.000000000Z,32,1,80420,38908.000000000,38908.000000000,38908.000000000,38908.000000000,1,YM
2024-06-10T22:03:50.000000000Z,32,1,80420,38908.000000000,38908.000000000,38908.000000000,38908.000000000,3,YM
2024-06-10T22:04:01.000000000Z,32,1,80420,38909.000000000,38909.000000000,38909.000000000,38909.000000000,17,YM
2024-06-10T22:04:10.000000000Z,32,1,80420,38908.000000000,38908.000000000,38908.000000000,38908.000000000,3,YM
2024-06-10T22:04:16.000000000Z,32,1,80420,38907.000000000,38907.000000000,38907.000000000,38907.000000000,1,YM
2024-06-10T22:04:18.000000000Z,32,1,80420,38908.000000000,38908.000000000,38908.000000000,38908.000000000,1,YM
2024-06-10T22:04:21.000000000Z,32,1,80420,38907.000000000,38907.000000000,38907.000000000,38907.000000000,1,YM
2024-06-10T22:04:41.000000000Z,32,1,80420,38908.000000000,38908.000000000,38908.000000000,38908.000000000,2,YM
2024-06-10T22:05:01.000000000Z,32,1,80420,38909.000000000,38909.000000000,38909.000000000,38909.000000000,1,YM
2024-06-10T22:05:04.000000000Z,32,1,80420,38909.000000000,38909.000000000,38909.000000000,38909.000000000,1,YM
2024-06-10T22:05:10.000000000Z,32,1,80420,38909.000000000,38909.000000000,38909.000000000,38909.000000000,1,YM
2024-06-10T22:05:16.000000000Z,32,1,80420,38911.000000000,38911.000000000,38911.000000000,38911.000000000,2,YM
2024-06-10T22:05:17.000000000Z,32,1,80420,38909.000000000,38909.000000000,38909.000000000,38909.000000000,2,YM
2024-06-10T22:05:49.000000000Z,32,1,80420,38909.000000000,38909.000000000,38909.000000000,38909.000000000,2,YM
2024-06-10T22:05:51.000000000Z,32,1,80420,38909.000000000,38909.000000000,38909.000000000,38909.000000000,2,YM
2024-06-10T22:05:59.000000000Z,32,1,80420,38908.000000000,38908.000000000,38908.000000000,38908.000000000,3,YM
2024-06-10T22:06:00.000000000Z,32,1,80420,38909.000000000,38909.000000000,38909.000000000,38909.000000000,10,YM
2024-06-10T22:06:02.000000000Z,32,1,80420,38909.000000000,38909.000000000,38908.000000000,38908.000000000,9,YM
2024-06-10T22:06:05.000000000Z,32,1,80420,38909.000000000,38909.000000000,38909.000000000,38909.000000000,2,YM
2024-06-10T22:06:16.000000000Z,32,1,80420,38910.000000000,38910.000000000,38910.000000000,38910.000000000,1,YM
2024-06-10T22:06:17.000000000Z,32,1,80420,38910.000000000,38910.000000000,38910.000000000,38910.000000000,1,YM
2024-06-10T22:06:37.000000000Z,32,1,80420,38909.000000000,38909.000000000,38909.000000000,38909.000000000,1,YM
2024-06-10T22:06:42.000000000Z,32,1,80420,38909.000000000,38909.000000000,38909.000000000,38909.000000000,1,YM
2024-06-10T22:06:45.000000000Z,32,1,80420,38910.000000000,38910.000000000,38910.000000000,38910.000000000,1,YM
2024-06-10T22:06:55.000000000Z,32,1,80420,38909.000000000,38910.000000000,38909.000000000,38910.000000000,4,YM
2024-06-10T22:08:03.000000000Z,32,1,80420,38911.000000000,38911.000000000,38911.000000000,38911.000000000,1,YM
2024-06-10T22:08:19.000000000Z,32,1,80420,38910.000000000,38910.000000000,38910.000000000,38910.000000000,3,YM
2024-06-10T22:08:30.000000000Z,32,1,80420,38910.000000000,38910.000000000,38910.000000000,38910.000000000,2,YM
2024-06-10T22:08:37.000000000Z,32,1,80420,38908.000000000,38908.000000000,38908.000000000,38908.000000000,1,YM
2024-06-10T22:08:38.000000000Z,32,1,80420,38911.000000000,38911.000000000,38911.000000000,38911.000000000,1,YM
2024-06-10T22:08:39.000000000Z,32,1,80420,38909.000000000,38909.000000000,38909.000000000,38909.000000000,4,YM
2024-06-10T22:08:40.000000000Z,32,1,80420,38908.000000000,38908.000000000,38908.000000000,38908.000000000,3,YM
2024-06-10T22:08:48.000000000Z,32,1,80420,38908.000000000,38908.000000000,38908.000000000,38908.000000000,1,YM
2024-06-10T22:10:00.000000000Z,32,1,80420,38910.000000000,38910.000000000,38910.000000000,38910.000000000,7,YM
2024-06-10T22:10:25.000000000Z,32,1,80420,38913.000000000,38913.000000000,38912.000000000,38912.000000000,6,YM
2024-06-10T22:10:34.000000000Z,32,1,80420,38911.000000000,38911.000000000,38911.000000000,38911.000000000,1,YM
2024-06-10T22:10:49.000000000Z,32,1,80420,38912.000000000,38912.000000000,38912.000000000,38912.000000000,1,YM
2024-06-10T22:11:11.000000000Z,32,1,80420,38913.000000000,38914.000000000,38913.000000000,38913.000000000,9,YM
2024-06-10T22:11:14.000000000Z,32,1,80420,38911.000000000,38912.000000000,38911.000000000,38912.000000000,2,YM
2024-06-10T22:11:35.000000000Z,32,1,80420,38912.000000000,38912.000000000,38912.000000000,38912.000000000,1,YM
2024-06-10T22:11:44.000000000Z,32,1,80420,38911.000000000,38911.000000000,38911.000000000,38911.000000000,1,YM
2024-06-10T22:11:50.000000000Z,32,1,80420,38912.000000000,38913.000000000,38912.000000000,38913.000000000,3,YM
2024-06-10T22:12:06.000000000Z,32,1,80420,38912.000000000,38912.000000000,38912.000000000,38912.000000000,4,YM
2024-06-10T22:12:40.000000000Z,32,1,80420,38911.000000000,38911.000000000,38911.000000000,38911.000000000,1,YM
2024-06-10T22:12:42.000000000Z,32,1,80420,38911.000000000,38911.000000000,38911.000000000,38911.000000000,7,YM
2024-06-10T22:12:49.000000000Z,32,1,80420,38912.000000000,38912.000000000,38912.000000000,38912.000000000,1,YM
2024-06-10T22:12:50.000000000Z,32,1,80420,38912.000000000,38912.000000000,38912.000000000,38912.000000000,1,YM
2024-06-10T22:12:55.000000000Z,32,1,80420,38912.000000000,38912.000000000,38912.000000000,38912.000000000,1,YM
2024-06-10T22:13:00.000000000Z,32,1,80420,38913.000000000,38913.000000000,38913.000000000,38913.000000000,1,YM
2024-06-10T22:13:08.000000000Z,32,1,80420,38913.000000000,38913.000000000,38912.000000000,38912.000000000,4,YM
2024-06-10T22:13:30.000000000Z,32,1,80420,38913.000000000,38913.000000000,38913.000000000,38913.000000000,1,YM
2024-06-10T22:13:49.000000000Z,32,1,80420,38912.000000000,38912.000000000,38912.000000000,38912.000000000,1,YM
2024-06-10T22:14:09.000000000Z,32,1,80420,38914.000000000,38914.000000000,38914.000000000,38914.000000000,3,YM
2024-06-10T22:14:31.000000000Z,32,1,80420,38914.000000000,38914.000000000,38914.000000000,38914.000000000,2,YM
2024-06-10T22:14:35.000000000Z,32,1,80420,38916.000000000,38916.000000000,38916.000000000,38916.000000000,1,YM
2024-06-10T22:14:36.000000000Z,32,1,80420,38916.000000000,38916.000000000,38916.000000000,38916.000000000,3,YM
2024-06-10T22:14:45.000000000Z,32,1,80420,38915.000000000,38915.000000000,38915.000000000,38915.000000000,4,YM
2024-06-10T22:14:49.000000000Z,32,1,80420,38916.000000000,38916.000000000,38916.000000000,38916.000000000,1,YM
2024-06-10T22:15:05.000000000Z,32,1,80420,38914.000000000,38915.000000000,38914.000000000,38915.000000000,2,YM
2024-06-10T22:16:00.000000000Z,32,1,80420,38915.000000000,38915.000000000,38915.000000000,38915.000000000,1,YM
2024-06-10T22:16:08.000000000Z,32,1,80420,38914.000000000,38914.000000000,38914.000000000,38914.000000000,2,YM
2024-06-10T22:16:46.000000000Z,32,1,80420,38914.000000000,38914.000000000,38914.000000000,38914.000000000,1,YM
2024-06-10T22:16:52.000000000Z,32,1,80420,38913.000000000,38913.000000000,38913.000000000,38913.000000000,2,YM
2024-06-10T22:17:01.000000000Z,32,1,80420,38913.000000000,38913.000000000,38913.000000000,38913.000000000,1,YM
2024-06-10T22:17:06.000000000Z,32,1,80420,38911.000000000,38911.000000000,38911.000000000,38911.000000000,1,YM
2024-06-10T22:17:07.000000000Z,32,1,80420,38911.000000000,38911.000000000,38911.000000000,38911.000000000,1,YM
2024-06-10T22:17:17.000000000Z,32,1,80420,38911.000000000,38912.000000000,38911.000000000,38912.000000000,7,YM
2024-06-10T22:17:38.000000000Z,32,1,80420,38911.000000000,38911.000000000,38911.000000000,38911.000000000,1,YM
2024-06-10T22:18:01.000000000Z,32,1,80420,38910.000000000,38910.000000000,38910.000000000,38910.000000000,4,YM
2024-06-10T22:18:09.000000000Z,32,1,80420,38910.000000000,38910.000000000,38910.000000000,38910.000000000,1,YM
2024-06-10T22:18:11.000000000Z,32,1,80420,38909.000000000,38909.000000000,38908.000000000,38909.000000000,5,YM
2024-06-10T22:18:22.000000000Z,32,1,80420,38908.000000000,38908.000000000,38908.000000000,38908.000000000,2,YM
2024-06-10T22:19:23.000000000Z,32,1,80420,38907.000000000,38907.000000000,38907.000000000,38907.000000000,7,YM
2024-06-10T22:19:24.000000000Z,32,1,80420,38908.000000000,38908.000000000,38908.000000000,38908.000000000,1,YM
2024-06-10T22:19:50.000000000Z,32,1,80420,38908.000000000,38908.000000000,38908.000000000,38908.000000000,1,YM
2024-06-10T22:20:08.000000000Z,32,1,80420,38907.000000000,38907.000000000,38907.000000000,38907.000000000,1,YM
2024-06-10T22:22:02.000000000Z,32,1,80420,38907.000000000,38907.000000000,38907.000000000,38907.000000000,1,YM
2024-06-10T22:22:15.000000000Z,32,1,80420,38908.000000000,38908.000000000,38908.000000000,38908.000000000,1,YM
2024-06-10T22:22:24.000000000Z,32,1,80420,38909.000000000,38909.000000000,38909.000000000,38909.000000000,2,YM
2024-06-10T22:23:02.000000000Z,32,1,80420,38908.000000000,38908.000000000,38908.000000000,38908.000000000,1,YM
2024-06-10T22:23:18.000000000Z,32,1,80420,38908.000000000,38908.000000000,38908.000000000,38908.000000000,1,YM
2024-06-10T22:23:32.000000000Z,32,1,80420,38907.000000000,38907.000000000,38907.000000000,38907.000000000,1,YM
2024-06-10T22:23:58.000000000Z,32,1,80420,38907.000000000,38907.000000000,38907.000000000,38907.000000000,3,YM
2024-06-10T22:24:04.000000000Z,32,1,80420,38908.000000000,38908.000000000,38908.000000000,38908.000000000,2,YM
2024-06-10T22:24:09.000000000Z,32,1,80420,38908.000000000,38908.000000000,38908.000000000,38908.000000000,1,YM
2024-06-10T22:24:22.000000000Z,32,1,80420,38908.000000000,38908.000000000,38908.000000000,38908.000000000,1,YM
2024-06-10T22:26:00.000000000Z,32,1,80420,38910.000000000,38911.000000000,38910.000000000,38911.000000000,5,YM
2024-06-10T22:26:10.000000000Z,32,1,80420,38911.000000000,38911.000000000,38911.000000000,38911.000000000,1,YM
2024-06-10T22:27:09.000000000Z,32,1,80420,38910.000000000,38910.000000000,38910.000000000,38910.000000000,1,YM
2024-06-10T22:27:13.000000000Z,32,1,80420,38911.000000000,38911.000000000,38911.000000000,38911.000000000,1,YM
2024-06-10T22:27:23.000000000Z,32,1,80420,38912.000000000,38912.000000000,38912.000000000,38912.000000000,1,YM
2024-06-10T22:28:26.000000000Z,32,1,80420,38912.000000000,38912.000000000,38912.000000000,38912.000000000,2,YM
2024-06-10T22:28:50.000000000Z,32,1,80420,38911.000000000,38911.000000000,38911.000000000,38911.000000000,1,YM
2024-06-10T22:29:24.000000000Z,32,1,80420,38909.000000000,38909.000000000,38909.000000000,38909.000000000,1,YM
2024-06-10T22:29:39.000000000Z,32,1,80420,38910.000000000,38910.000000000,38910.000000000,38910.000000000,1,YM
2024-06-10T22:30:03.000000000Z,32,1,80420,38910.000000000,38910.000000000,38910.000000000,38910.000000000,1,YM
2024-06-10T22:30:52.000000000Z,32,1,80420,38909.000000000,38909.000000000,38909.000000000,38909.000000000,1,YM
2024-06-10T22:31:25.000000000Z,32,1,80420,38910.000000000,38910.000000000,38910.000000000,38910.000000000,1,YM
2024-06-10T22:31:58.000000000Z,32,1,80420,38909.000000000,38909.000000000,38909.000000000,38909.000000000,2,YM
2024-06-10T22:32:20.000000000Z,32,1,80420,38909.000000000,38909.000000000,38909.000000000,38909.000000000,1,YM
2024-06-10T22:32:25.000000000Z,32,1,80420,38908.000000000,38908.000000000,38908.000000000,38908.000000000,2,YM
2024-06-10T22:32:33.000000000Z,32,1,80420,38908.000000000,38909.000000000,38908.000000000,38909.000000000,6,YM
2024-06-10T22:32:34.000000000Z,32,1,80420,38910.000000000,38910.000000000,38910.000000000,38910.000000000,1,YM
2024-06-10T22:33:49.000000000Z,32,1,80420,38910.000000000,38910.000000000,38910.000000000,38910.000000000,4,YM
2024-06-10T22:34:09.000000000Z,32,1,80420,38911.000000000,38911.000000000,38911.000000000,38911.000000000,1,YM
2024-06-10T22:35:22.000000000Z,32,1,80420,38913.000000000,38913.000000000,38913.000000000,38913.000000000,3,YM
2024-06-10T22:35:40.000000000Z,32,1,80420,38912.000000000,38912.000000000,38912.000000000,38912.000000000,1,YM
2024-06-10T22:36:31.000000000Z,32,1,80420,38913.000000000,38913.000000000,38913.000000000,38913.000000000,2,YM
2024-06-10T22:36:37.000000000Z,32,1,80420,38912.000000000,38912.000000000,38912.000000000,38912.000000000,1,YM
2024-06-10T22:36:42.000000000Z,32,1,80420,38912.000000000,38912.000000000,38912.000000000,38912.000000000,1,YM
2024-06-10T22:37:11.000000000Z,32,1,80420,38911.000000000,38911.000000000,38911.000000000,38911.000000000,1,YM
2024-06-10T22:37:40.000000000Z,32,1,80420,38912.000000000,38912.000000000,38911.000000000,38911.000000000,4,YM
2024-06-10T22:38:17.000000000Z,32,1,80420,38912.000000000,38912.000000000,38912.000000000,38912.000000000,1,YM
2024-06-10T22:38:47.000000000Z,32,1,80420,38911.000000000,38911.000000000,38911.000000000,38911.000000000,1,YM
2024-06-10T22:39:08.000000000Z,32,1,80420,38912.000000000,38912.000000000,38912.000000000,38912.000000000,1,YM
2024-06-10T22:39:23.000000000Z,32,1,80420,38911.000000000,38911.000000000,38911.000000000,38911.000000000,1,YM
2024-06-10T22:39:47.000000000Z,32,1,80420,38910.000000000,38910.000000000,38910.000000000,38910.000000000,2,YM
2024-06-10T22:40:13.000000000Z,32,1,80420,38909.000000000,38909.000000000,38909.000000000,38909.000000000,2,YM
2024-06-10T22:40:19.000000000Z,32,1,80420,38909.000000000,38909.000000000,38909.000000000,38909.000000000,1,YM
2024-06-10T22:40:47.000000000Z,32,1,80420,38909.000000000,38909.000000000,38909.000000000,38909.000000000,1,YM
2024-06-10T22:41:02.000000000Z,32,1,80420,38908.000000000,38909.000000000,38908.000000000,38909.000000000,4,YM
2024-06-10T22:41:36.000000000Z,32,1,80420,38909.000000000,38909.000000000,38909.000000000,38909.000000000,1,YM
2024-06-10T22:42:00.000000000Z,32,1,80420,38909.000000000,38909.000000000,38909.000000000,38909.000000000,2,YM
2024-06-10T22:42:26.000000000Z,32,1,80420,38910.000000000,38910.000000000,38910.000000000,38910.000000000,1,YM
2024-06-10T22:42:28.000000000Z,32,1,80420,38910.000000000,38910.000000000,38909.000000000,38909.000000000,2,YM
2024-06-10T22:42:43.000000000Z,32,1,80420,38907.000000000,38907.000000000,38907.000000000,38907.000000000,1,YM
2024-06-10T22:43:12.000000000Z,32,1,80420,38906.000000000,38906.000000000,38906.000000000,38906.000000000,1,YM
2024-06-10T22:43:30.000000000Z,32,1,80420,38907.000000000,38907.000000000,38907.000000000,38907.000000000,1,YM
2024-06-10T22:43:50.000000000Z,32,1,80420,38906.000000000,38906.000000000,38906.000000000,38906.000000000,1,YM
2024-06-10T22:43:51.000000000Z,32,1,80420,38906.000000000,38906.000000000,38906.000000000,38906.000000000,1,YM
2024-06-10T22:43:59.000000000Z,32,1,80420,38907.000000000,38907.000000000,38907.000000000,38907.000000000,1,YM
2024-06-10T22:44:06.000000000Z,32,1,80420,38907.000000000,38907.000000000,38907.000000000,38907.000000000,1,YM
2024-06-10T22:44:10.000000000Z,32,1,80420,38906.000000000,38906.000000000,38906.000000000,38906.000000000,1,YM
2024-06-10T22:45:01.000000000Z,32,1,80420,38906.000000000,38906.000000000,38906.000000000,38906.000000000,1,YM
2024-06-10T22:45:15.000000000Z,32,1,80420,38905.000000000,38905.000000000,38905.000000000,38905.000000000,2,YM
2024-06-10T22:45:34.000000000Z,32,1,80420,38905.000000000,38905.000000000,38905.000000000,38905.000000000,1,YM
2024-06-10T22:46:00.000000000Z,32,1,80420,38905.000000000,38905.000000000,38905.000000000,38905.000000000,2,YM
2024-06-10T22:47:11.000000000Z,32,1,80420,38904.000000000,38904.000000000,38904.000000000,38904.000000000,2,YM
2024-06-10T22:47:46.000000000Z,32,1,80420,38904.000000000,38904.000000000,38904.000000000,38904.000000000,2,YM
2024-06-10T22:47:58.000000000Z,32,1,80420,38904.000000000,38904.000000000,38904.000000000,38904.000000000,1,YM
2024-06-10T22:48:46.000000000Z,32,1,80420,38904.000000000,38904.000000000,38904.000000000,38904.000000000,1,YM
2024-06-10T22:49:24.000000000Z,32,1,80420,38905.000000000,38905.000000000,38905.000000000,38905.000000000,1,YM
2024-06-10T22:50:28.000000000Z,32,1,80420,38905.000000000,38905.000000000,38905.000000000,38905.000000000,2,YM
2024-06-10T22:50:37.000000000Z,32,1,80420,38903.000000000,38903.000000000,38903.000000000,38903.000000000,1,YM
2024-06-10T22:50:42.000000000Z,32,1,80420,38902.000000000,38902.000000000,38902.000000000,38902.000000000,1,YM
2024-06-10T22:50:53.000000000Z,32,1,80420,38903.000000000,38903.000000000,38903.000000000,38903.000000000,1,YM
2024-06-10T22:51:11.000000000Z,32,1,80420,38902.000000000,38902.000000000,38902.000000000,38902.000000000,2,YM
2024-06-10T22:51:18.000000000Z,32,1,80420,38901.000000000,38901.000000000,38901.000000000,38901.000000000,3,YM
2024-06-10T22:51:33.000000000Z,32,1,80420,38901.000000000,38901.000000000,38901.000000000,38901.000000000,1,YM
2024-06-10T22:52:12.000000000Z,32,1,80420,38902.000000000,38902.000000000,38902.000000000,38902.000000000,4,YM
2024-06-10T22:53:30.000000000Z,32,1,80420,38903.000000000,38903.000000000,38903.000000000,38903.000000000,1,YM
2024-06-10T22:53:52.000000000Z,32,1,80420,38903.000000000,38903.000000000,38903.000000000,38903.000000000,1,YM
2024-06-10T22:54:02.000000000Z,32,1,80420,38903.000000000,38903.000000000,38903.000000000,38903.000000000,1,YM
2024-06-10T22:54:39.000000000Z,32,1,80420,38902.000000000,38902.000000000,38902.000000000,38902.000000000,1,YM
2024-06-10T22:55:02.000000000Z,32,1,80420,38901.000000000,38901.000000000,38901.000000000,38901.000000000,2,YM
2024-06-10T22:55:04.000000000Z,32,1,80420,38902.000000000,38902.000000000,38901.000000000,38901.000000000,4,YM
2024-06-10T22:55:05.000000000Z,32,1,80420,38902.000000000,38902.000000000,38902.000000000,38902.000000000,2,YM
2024-06-10T22:55:14.000000000Z,32,1,80420,38903.000000000,38903.000000000,38903.000000000,38903.000000000,1,YM
2024-06-10T22:55:26.000000000Z,32,1,80420,38902.000000000,38902.000000000,38902.000000000,38902.000000000,2,YM
2024-06-10T22:55:37.000000000Z,32,1,80420,38902.000000000,38902.000000000,38902.000000000,38902.000000000,2,YM
2024-06-10T22:55:44.000000000Z,32,1,80420,38901.000000000,38901.000000000,38901.000000000,38901.000000000,1,YM
2024-06-10T22:55:45.000000000Z,32,1,80420,38900.000000000,38900.000000000,38900.000000000,38900.000000000,1,YM
2024-06-10T22:55:46.000000000Z,32,1,80420,38900.000000000,38900.000000000,38900.000000000,38900.000000000,1,YM
2024-06-10T22:55:48.000000000Z,32,1,80420,38900.000000000,38900.000000000,38900.000000000,38900.000000000,1,YM
2024-06-10T22:55:49.000000000Z,32,1,80420,38900.000000000,38900.000000000,38900.000000000,38900.000000000,1,YM
2024-06-10T22:56:18.000000000Z,32,1,80420,38899.000000000,38899.000000000,38899.000000000,38899.000000000,1,YM
2024-06-10T22:56:28.000000000Z,32,1,80420,38900.000000000,38900.000000000,38900.000000000,38900.000000000,1,YM
2024-06-10T22:56:30.000000000Z,32,1,80420,38901.000000000,38901.000000000,38901.000000000,38901.000000000,1,YM
2024-06-10T22:57:17.000000000Z,32,1,80420,38901.000000000,38901.000000000,38901.000000000,38901.000000000,2,YM
2024-06-10T22:58:57.000000000Z,32,1,80420,38901.000000000,38901.000000000,38901.000000000,38901.000000000,1,YM
2024-06-10T22:59:43.000000000Z,32,1,80420,38900.000000000,38900.000000000,38900.000000000,38900.000000000,1,YM
2024-06-10T22:59:44.000000000Z,32,1,80420,38900.000000000,38900.000000000,38899.000000000,38899.000000000,2,YM
2024-06-10T22:59:59.000000000Z,32,1,80420,38899.000000000,38899.000000000,38899.000000000,38899.000000000,4,YM
2024-06-10T23:00:00.000000000Z,32,1,80420,38899.000000000,38900.000000000,38899.000000000,38900.000000000,6,YM
2024-06-10T23:00:04.000000000Z,32,1,80420,38901.000000000,38901.000000000,38900.000000000,38900.000000000,5,YM
2024-06-10T23:00:05.000000000Z,32,1,80420,38901.000000000,38901.000000000,38900.000000000,38900.000000000,3,YM
2024-06-10T23:00:09.000000000Z,32,1,80420,38900.000000000,38900.000000000,38900.000000000,38900.000000000,1,YM
2024-06-10T23:00:46.000000000Z,32,1,80420,38902.000000000,38902.000000000,38901.000000000,38902.000000000,3,YM
2024-06-10T23:00:49.000000000Z,32,1,80420,38901.000000000,38901.000000000,38901.000000000,38901.000000000,3,YM
2024-06-10T23:00:58.000000000Z,32,1,80420,38901.000000000,38901.000000000,38901.000000000,38901.000000000,3,YM
2024-06-10T23:01:32.000000000Z,32,1,80420,38900.000000000,38900.000000000,38900.000000000,38900.000000000,5,YM
2024-06-10T23:02:06.000000000Z,32,1,80420,38899.000000000,38899.000000000,38897.000000000,38897.000000000,7,YM
2024-06-10T23:02:08.000000000Z,32,1,80420,38897.000000000,38897.000000000,38897.000000000,38897.000000000,1,YM
2024-06-10T23:02:11.000000000Z,32,1,80420,38897.000000000,38897.000000000,38897.000000000,38897.000000000,2,YM
2024-06-10T23:02:20.000000000Z,32,1,80420,38896.000000000,38896.000000000,38896.000000000,38896.000000000,1,YM
2024-06-10T23:02:40.000000000Z,32,1,80420,38895.000000000,38895.000000000,38895.000000000,38895.000000000,1,YM
2024-06-10T23:02:55.000000000Z,32,1,80420,38895.000000000,38895.000000000,38895.000000000,38895.000000000,1,YM
2024-06-10T23:03:03.000000000Z,32,1,80420,38897.000000000,38897.000000000,38897.000000000,38897.000000000,2,YM
2024-06-10T23:03:26.000000000Z,32,1,80420,38895.000000000,38895.000000000,38894.000000000,38894.000000000,8,YM
2024-06-10T23:03:52.000000000Z,32,1,80420,38894.000000000,38894.000000000,38891.000000000,38891.000000000,21,YM
2024-06-10T23:03:54.000000000Z,32,1,80420,38892.000000000,38892.000000000,38892.000000000,38892.000000000,3,YM
2024-06-10T23:03:55.000000000Z,32,1,80420,38892.000000000,38892.000000000,38892.000000000,38892.000000000,3,YM
2024-06-10T23:03:56.000000000Z,32,1,80420,38891.000000000,38891.000000000,38891.000000000,38891.000000000,6,YM
2024-06-10T23:03:57.000000000Z,32,1,80420,38890.000000000,38891.000000000,38889.000000000,38891.000000000,7,YM
2024-06-10T23:04:01.000000000Z,32,1,80420,38890.000000000,38890.000000000,38890.000000000,38890.000000000,6,YM
2024-06-10T23:04:03.000000000Z,32,1,80420,38889.000000000,38889.000000000,38889.000000000,38889.000000000,4,YM
2024-06-10T23:04:04.000000000Z,32,1,80420,38890.000000000,38890.000000000,38890.000000000,38890.000000000,1,YM
2024-06-10T23:04:05.000000000Z,32,1,80420,38889.000000000,38889.000000000,38888.000000000,38889.000000000,11,YM
2024-06-10T23:04:07.000000000Z,32,1,80420,38889.000000000,38889.000000000,38889.000000000,38889.000000000,1,YM
2024-06-10T23:04:09.000000000Z,32,1,80420,38890.000000000,38890.000000000,38890.000000000,38890.000000000,2,YM
2024-06-10T23:04:10.000000000Z,32,1,80420,38889.000000000,38891.000000000,38889.000000000,38891.000000000,4,YM
2024-06-10T23:04:36.000000000Z,32,1,80420,38891.000000000,38891.000000000,38891.000000000,38891.000000000,1,YM
2024-06-10T23:05:11.000000000Z,32,1,80420,38892.000000000,38893.000000000,38892.000000000,38893.000000000,7,YM
2024-06-10T23:05:13.000000000Z,32,1,80420,38894.000000000,38894.000000000,38894.000000000,38894.000000000,1,YM
2024-06-10T23:05:23.000000000Z,32,1,80420,38895.000000000,38895.000000000,38895.000000000,38895.000000000,1,YM
2024-06-10T23:05:31.000000000Z,32,1,80420,38895.000000000,38895.000000000,38895.000000000,38895.000000000,1,YM
2024-06-10T23:06:11.000000000Z,32,1,80420,38894.000000000,38894.000000000,38894.000000000,38894.000000000,3,YM
2024-06-10T23:06:15.000000000Z,32,1,80420,38896.000000000,38896.000000000,38896.000000000,38896.000000000,1,YM
2024-06-10T23:08:20.000000000Z,32,1,80420,38895.000000000,38895.000000000,38895.000000000,38895.000000000,1,YM
2024-06-10T23:08:32.000000000Z,32,1,80420,38893.000000000,38893.000000000,38893.000000000,38893.000000000,1,YM
2024-06-10T23:08:41.000000000Z,32,1,80420,38892.000000000,38892.000000000,38892.000000000,38892.000000000,1,YM
2024-06-10T23:08:43.000000000Z,32,1,80420,38891.000000000,38891.000000000,38891.000000000,38891.000000000,2,YM
2024-06-10T23:08:49.000000000Z,32,1,80420,38890.000000000,38890.000000000,38890.000000000,38890.000000000,1,YM
2024-06-10T23:08:52.000000000Z,32,1,80420,38890.000000000,38890.000000000,38890.000000000,38890.000000000,1,YM
2024-06-10T23:09:06.000000000Z,32,1,80420,38891.000000000,38891.000000000,38891.000000000,38891.000000000,2,YM
2024-06-10T23:09:15.000000000Z,32,1,80420,38890.000000000,38890.000000000,38890.000000000,38890.000000000,1,YM
2024-06-10T23:09:36.000000000Z,32,1,80420,38889.000000000,38889.000000000,38889.000000000,38889.000000000,2,YM
2024-06-10T23:09:45.000000000Z,32,1,80420,38888.000000000,38888.000000000,38888.000000000,38888.000000000,1,YM
2024-06-10T23:09:55.000000000Z,32,1,80420,38890.000000000,38890.000000000,38890.000000000,38890.000000000,1,YM
2024-06-10T23:09:56.000000000Z,32,1,80420,38889.000000000,38889.000000000,38889.000000000,38889.000000000,2,YM
2024-06-10T23:10:06.000000000Z,32,1,80420,38889.000000000,38889.000000000,38889.000000000,38889.000000000,2,YM
2024-06-10T23:11:00.000000000Z,32,1,80420,38890.000000000,38890.000000000,38890.000000000,38890.000000000,1,YM
2024-06-10T23:11:45.000000000Z,32,1,80420,38888.000000000,38888.000000000,38887.000000000,38887.000000000,9,YM
2024-06-10T23:11:50.000000000Z,32,1,80420,38886.000000000,38886.000000000,38886.000000000,38886.000000000,1,YM
2024-06-10T23:11:54.000000000Z,32,1,80420,38886.000000000,38886.000000000,38886.000000000,38886.000000000,1,YM
2024-06-10T23:12:05.000000000Z,32,1,80420,38886.000000000,38886.000000000,38886.000000000,38886.000000000,3,YM
2024-06-10T23:12:24.000000000Z,32,1,80420,38887.000000000,38887.000000000,38887.000000000,38887.000000000,1,YM
2024-06-10T23:12:29.000000000Z,32,1,80420,38884.000000000,38884.000000000,38884.000000000,38884.000000000,6,YM
2024-06-10T23:12:30.000000000Z,32,1,80420,38883.000000000,38883.000000000,38883.000000000,38883.000000000,3,YM
2024-06-10T23:12:33.000000000Z,32,1,80420,38881.000000000,38881.000000000,38881.000000000,38881.000000000,1,YM
2024-06-10T23:12:34.000000000Z,32,1,80420,38880.000000000,38881.000000000,38880.000000000,38881.000000000,4,YM
2024-06-10T23:12:50.000000000Z,32,1,80420,38883.000000000,38883.000000000,38883.000000000,38883.000000000,1,YM
2024-06-10T23:12:51.000000000Z,32,1,80420,38883.000000000,38883.000000000,38883.000000000,38883.000000000,2,YM
2024-06-10T23:13:06.000000000Z,32,1,80420,38883.000000000,38883.000000000,38883.000000000,38883.000000000,3,YM
2024-06-10T23:13:09.000000000Z,32,1,80420,38882.000000000,38882.000000000,38882.000000000,38882.000000000,2,YM
2024-06-10T23:13:16.000000000Z,32,1,80420,38883.000000000,38883.000000000,38883.000000000,38883.000000000,1,YM
2024-06-10T23:13:45.000000000Z,32,1,80420,38882.000000000,38882.000000000,38881.000000000,38881.000000000,4,YM
2024-06-10T23:14:07.000000000Z,32,1,80420,38880.000000000,38880.000000000,38880.000000000,38880.000000000,1,YM
2024-06-10T23:14:09.000000000Z,32,1,80420,38881.000000000,38881.000000000,38881.000000000,38881.000000000,8,YM
2024-06-10T23:14:12.000000000Z,32,1,80420,38881.000000000,38881.000000000,38881.000000000,38881.000000000,1,YM
2024-06-10T23:14:31.000000000Z,32,1,80420,38879.000000000,38879.000000000,38879.000000000,38879.000000000,3,YM
2024-06-10T23:14:34.000000000Z,32,1,80420,38878.000000000,38878.000000000,38877.000000000,38878.000000000,3,YM
2024-06-10T23:14:45.000000000Z,32,1,80420,38877.000000000,38877.000000000,38877.000000000,38877.000000000,1,YM
2024-06-10T23:14:47.000000000Z,32,1,80420,38877.000000000,38877.000000000,38877.000000000,38877.000000000,2,YM
2024-06-10T23:14:50.000000000Z,32,1,80420,38878.000000000,38878.000000000,38878.000000000,38878.000000000,3,YM
2024-06-10T23:14:51.000000000Z,32,1,80420,38877.000000000,38877.000000000,38877.000000000,38877.000000000,1,YM
2024-06-10T23:15:00.000000000Z,32,1,80420,38877.000000000,38877.000000000,38877.000000000,38877.000000000,1,YM
2024-06-10T23:15:01.000000000Z,32,1,80420,38877.000000000,38877.000000000,38877.000000000,38877.000000000,1,YM
2024-06-10T23:15:04.000000000Z,32,1,80420,38878.000000000,38878.000000000,38878.000000000,38878.000000000,1,YM
2024-06-10T23:15:06.000000000Z,32,1,80420,38879.000000000,38879.000000000,38879.000000000,38879.000000000,2,YM
2024-06-10T23:15:08.000000000Z,32,1,80420,38878.000000000,38878.000000000,38878.000000000,38878.000000000,1,YM
2024-06-10T23:15:10.000000000Z,32,1,80420,38879.000000000,38879.000000000,38879.000000000,38879.000000000,1,YM
2024-06-10T23:15:24.000000000Z,32,1,80420,38880.000000000,38880.000000000,38880.000000000,38880.000000000,1,YM
2024-06-10T23:15:26.000000000Z,32,1,80420,38880.000000000,38880.000000000,38880.000000000,38880.000000000,1,YM
2024-06-10T23:15:31.000000000Z,32,1,80420,38881.000000000,38881.000000000,38881.000000000,38881.000000000,1,YM
2024-06-10T23:15:40.000000000Z,32,1,80420,38880.000000000,38880.000000000,38880.000000000,38880.000000000,1,YM
2024-06-10T23:16:11.000000000Z,32,1,80420,38880.000000000,38880.000000000,38880.000000000,38880.000000000,1,YM
2024-06-10T23:16:12.000000000Z,32,1,80420,38881.000000000,38881.000000000,38881.000000000,38881.000000000,2,YM
2024-06-10T23:16:23.000000000Z,32,1,80420,38880.000000000,38880.000000000,38880.000000000,38880.000000000,1,YM
2024-06-10T23:16:53.000000000Z,32,1,80420,38880.000000000,38880.000000000,38880.000000000,38880.000000000,2,YM
2024-06-10T23:17:01.000000000Z,32,1,80420,38881.000000000,38881.000000000,38881.000000000,38881.000000000,1,YM
2024-06-10T23:17:07.000000000Z,32,1,80420,38880.000000000,38880.000000000,38880.000000000,38880.000000000,1,YM
2024-06-10T23:17:12.000000000Z,32,1,80420,38879.000000000,38879.000000000,38879.000000000,38879.000000000,1,YM
2024-06-10T23:17:24.000000000Z,32,1,80420,38881.000000000,38881.000000000,38881.000000000,38881.000000000,1,YM
2024-06-10T23:17:45.000000000Z,32,1,80420,38880.000000000,38880.000000000,38880.000000000,38880.000000000,2,YM
2024-06-10T23:17:49.000000000Z,32,1,80420,38878.000000000,38878.000000000,38878.000000000,38878.000000000,2,YM
2024-06-10T23:17:56.000000000Z,32,1,80420,38877.000000000,38877.000000000,38877.000000000,38877.000000000,2,YM
2024-06-10T23:18:00.000000000Z,32,1,80420,38878.000000000,38878.000000000,38878.000000000,38878.000000000,1,YM
2024-06-10T23:18:04.000000000Z,32,1,80420,38878.000000000,38878.000000000,38878.000000000,38878.000000000,1,YM
2024-06-10T23:18:05.000000000Z,32,1,80420,38878.000000000,38878.000000000,38878.000000000,38878.000000000,1,YM
2024-06-10T23:18:16.000000000Z,32,1,80420,38879.000000000,38879.000000000,38879.000000000,38879.000000000,1,YM
2024-06-10T23:18:31.000000000Z,32,1,80420,38878.000000000,38878.000000000,38878.000000000,38878.000000000,1,YM
2024-06-10T23:18:41.000000000Z,32,1,80420,38878.000000000,38878.000000000,38877.000000000,38878.000000000,4,YM
2024-06-10T23:18:54.000000000Z,32,1,80420,38878.000000000,38878.000000000,38878.000000000,38878.000000000,1,YM
2024-06-10T23:18:56.000000000Z,32,1,80420,38877.000000000,38877.000000000,38877.000000000,38877.000000000,1,YM
2024-06-10T23:19:29.000000000Z,32,1,80420,38879.000000000,38879.000000000,38879.000000000,38879.000000000,3,YM
2024-06-10T23:19:47.000000000Z,32,1,80420,38881.000000000,38881.000000000,38881.000000000,38881.000000000,1,YM
2024-06-10T23:20:25.000000000Z,32,1,80420,38879.000000000,38879.000000000,38879.000000000,38879.000000000,1,YM
2024-06-10T23:20:28.000000000Z,32,1,80420,38877.000000000,38877.000000000,38877.000000000,38877.000000000,1,YM
2024-06-10T23:20:29.000000000Z,32,1,80420,38877.000000000,38877.000000000,38877.000000000,38877.000000000,1,YM
2024-06-10T23:20:30.000000000Z,32,1,80420,38877.000000000,38877.000000000,38877.000000000,38877.000000000,2,YM
2024-06-10T23:20:36.000000000Z,32,1,80420,38876.000000000,38876.000000000,38876.000000000,38876.000000000,3,YM
2024-06-10T23:20:50.000000000Z,32,1,80420,38876.000000000,38876.000000000,38875.000000000,38875.000000000,7,YM
2024-06-10T23:20:56.000000000Z,32,1,80420,38875.000000000,38875.000000000,38875.000000000,38875.000000000,1,YM
2024-06-10T23:22:05.000000000Z,32,1,80420,38878.000000000,38878.000000000,38878.000000000,38878.000000000,1,YM
2024-06-10T23:22:37.000000000Z,32,1,80420,38879.000000000,38879.000000000,38879.000000000,38879.000000000,4,YM
2024-06-10T23:22:52.000000000Z,32,1,80420,38879.000000000,38879.000000000,38879.000000000,38879.000000000,3,YM
2024-06-10T23:24:08.000000000Z,32,1,80420,38880.000000000,38880.000000000,38880.000000000,38880.000000000,2,YM
2024-06-10T23:24:13.000000000Z,32,1,80420,38879.000000000,38879.000000000,38879.000000000,38879.000000000,1,YM
2024-06-10T23:25:37.000000000Z,32,1,80420,38878.000000000,38878.000000000,38878.000000000,38878.000000000,2,YM
2024-06-10T23:26:08.000000000Z,32,1,80420,38877.000000000,38877.000000000,38877.000000000,38877.000000000,1,YM
2024-06-10T23:26:11.000000000Z,32,1,80420,38875.000000000,38875.000000000,38874.000000000,38874.000000000,5,YM
2024-06-10T23:26:12.000000000Z,32,1,80420,38873.000000000,38873.000000000,38873.000000000,38873.000000000,1,YM
2024-06-10T23:26:13.000000000Z,32,1,80420,38873.000000000,38873.000000000,38873.000000000,38873.000000000,1,YM
2024-06-10T23:26:17.000000000Z,32,1,80420,38872.000000000,38872.000000000,38872.000000000,38872.000000000,1,YM
2024-06-10T23:26:22.000000000Z,32,1,80420,38872.000000000,38872.000000000,38872.000000000,38872.000000000,1,YM
2024-06-10T23:26:27.000000000Z,32,1,80420,38873.000000000,38873.000000000,38873.000000000,38873.000000000,2,YM
2024-06-10T23:26:31.000000000Z,32,1,80420,38874.000000000,38874.000000000,38874.000000000,38874.000000000,1,YM
2024-06-10T23:27:05.000000000Z,32,1,80420,38874.000000000,38874.000000000,38874.000000000,38874.000000000,1,YM
2024-06-10T23:27:12.000000000Z,32,1,80420,38873.000000000,38875.000000000,38873.000000000,38875.000000000,2,YM
2024-06-10T23:27:45.000000000Z,32,1,80420,38875.000000000,38875.000000000,38875.000000000,38875.000000000,1,YM
2024-06-10T23:29:32.000000000Z,32,1,80420,38871.000000000,38871.000000000,38871.000000000,38871.000000000,1,YM
2024-06-10T23:29:45.000000000Z,32,1,80420,38869.000000000,38869.000000000,38869.000000000,38869.000000000,1,YM
2024-06-10T23:29:46.000000000Z,32,1,80420,38869.000000000,38869.000000000,38869.000000000,38869.000000000,1,YM
2024-06-10T23:29:53.000000000Z,32,1,80420,38870.000000000,38870.000000000,38870.000000000,38870.000000000,1,YM
2024-06-10T23:30:01.000000000Z,32,1,80420,38871.000000000,38871.000000000,38869.000000000,38869.000000000,4,YM
2024-06-10T23:30:07.000000000Z,32,1,80420,38870.000000000,38870.000000000,38870.000000000,38870.000000000,1,YM
2024-06-10T23:30:08.000000000Z,32,1,80420,38868.000000000,38868.000000000,38868.000000000,38868.000000000,1,YM
2024-06-10T23:30:10.000000000Z,32,1,80420,38870.000000000,38870.000000000,38870.000000000,38870.000000000,1,YM
2024-06-10T23:30:14.000000000Z,32,1,80420,38869.000000000,38869.000000000,38869.000000000,38869.000000000,1,YM
2024-06-10T23:30:31.000000000Z,32,1,80420,38872.000000000,38872.000000000,38872.000000000,38872.000000000,1,YM
2024-06-10T23:30:39.000000000Z,32,1,80420,38871.000000000,38871.000000000,38871.000000000,38871.000000000,1,YM
2024-06-10T23:31:01.000000000Z,32,1,80420,38871.000000000,38871.000000000,38871.000000000,38871.000000000,1,YM
2024-06-10T23:31:09.000000000Z,32,1,80420,38871.000000000,38871.000000000,38871.000000000,38871.000000000,1,YM
2024-06-10T23:31:21.000000000Z,32,1,80420,38870.000000000,38870.000000000,38870.000000000,38870.000000000,1,YM
2024-06-10T23:31:24.000000000Z,32,1,80420,38870.000000000,38870.000000000,38870.000000000,38870.000000000,1,YM
2024-06-10T23:31:30.000000000Z,32,1,80420,38869.000000000,38870.000000000,38869.000000000,38870.000000000,3,YM
2024-06-10T23:32:03.000000000Z,32,1,80420,38872.000000000,38872.000000000,38872.000000000,38872.000000000,1,YM
2024-06-10T23:32:17.000000000Z,32,1,80420,38871.000000000,38871.000000000,38871.000000000,38871.000000000,1,YM
2024-06-10T23:33:12.000000000Z,32,1,80420,38871.000000000,38871.000000000,38871.000000000,38871.000000000,2,YM
2024-06-10T23:33:30.000000000Z,32,1,80420,38872.000000000,38872.000000000,38872.000000000,38872.000000000,1,YM
2024-06-10T23:33:47.000000000Z,32,1,80420,38873.000000000,38873.000000000,38873.000000000,38873.000000000,1,YM
2024-06-10T23:33:55.000000000Z,32,1,80420,38874.000000000,38874.000000000,38874.000000000,38874.000000000,1,YM
2024-06-10T23:34:40.000000000Z,32,1,80420,38874.000000000,38874.000000000,38874.000000000,38874.000000000,1,YM
2024-06-10T23:34:44.000000000Z,32,1,80420,38875.000000000,38875.000000000,38875.000000000,38875.000000000,2,YM
2024-06-10T23:34:46.000000000Z,32,1,80420,38875.000000000,38876.000000000,38875.000000000,38876.000000000,5,YM
2024-06-10T23:35:08.000000000Z,32,1,80420,38876.000000000,38876.000000000,38875.000000000,38875.000000000,2,YM
2024-06-10T23:35:51.000000000Z,32,1,80420,38873.000000000,38873.000000000,38873.000000000,38873.000000000,1,YM
2024-06-10T23:36:04.000000000Z,32,1,80420,38872.000000000,38872.000000000,38872.000000000,38872.000000000,1,YM
2024-06-10T23:36:15.000000000Z,32,1,80420,38874.000000000,38874.000000000,38874.000000000,38874.000000000,2,YM
2024-06-10T23:37:01.000000000Z,32,1,80420,38875.000000000,38875.000000000,38875.000000000,38875.000000000,1,YM
2024-06-10T23:37:06.000000000Z,32,1,80420,38875.000000000,38875.000000000,38874.000000000,38874.000000000,3,YM
2024-06-10T23:37:37.000000000Z,32,1,80420,38875.000000000,38875.000000000,38875.000000000,38875.000000000,1,YM
2024-06-10T23:37:38.000000000Z,32,1,80420,38875.000000000,38875.000000000,38875.000000000,38875.000000000,2,YM
2024-06-10T23:37:55.000000000Z,32,1,80420,38875.000000000,38875.000000000,38875.000000000,38875.000000000,1,YM
2024-06-10T23:39:05.000000000Z,32,1,80420,38876.000000000,38876.000000000,38876.000000000,38876.000000000,1,YM
2024-06-10T23:39:10.000000000Z,32,1,80420,38877.000000000,38877.000000000,38877.000000000,38877.000000000,1,YM
2024-06-10T23:39:29.000000000Z,32,1,80420,38875.000000000,38875.000000000,38875.000000000,38875.000000000,1,YM
2024-06-10T23:39:30.000000000Z,32,1,80420,38877.000000000,38877.000000000,38877.000000000,38877.000000000,1,YM
2024-06-10T23:40:53.000000000Z,32,1,80420,38879.000000000,38880.000000000,38878.000000000,38878.000000000,6,YM
2024-06-10T23:41:07.000000000Z,32,1,80420,38877.000000000,38877.000000000,38877.000000000,38877.000000000,4,YM
2024-06-10T23:41:13.000000000Z,32,1,80420,38877.000000000,38877.000000000,38877.000000000,38877.000000000,4,YM
2024-06-10T23:41:19.000000000Z,32,1,80420,38878.000000000,38878.000000000,38878.000000000,38878.000000000,1,YM
2024-06-10T23:41:33.000000000Z,32,1,80420,38876.000000000,38876.000000000,38876.000000000,38876.000000000,1,YM
2024-06-10T23:42:09.000000000Z,32,1,80420,38876.000000000,38876.000000000,38876.000000000,38876.000000000,3,YM
2024-06-10T23:42:12.000000000Z,32,1,80420,38876.000000000,38876.000000000,38876.000000000,38876.000000000,1,YM
2024-06-10T23:42:31.000000000Z,32,1,80420,38877.000000000,38877.000000000,38877.000000000,38877.000000000,1,YM
2024-06-10T23:42:50.000000000Z,32,1,80420,38876.000000000,38876.000000000,38876.000000000,38876.000000000,1,YM
2024-06-10T23:43:22.000000000Z,32,1,80420,38875.000000000,38875.000000000,38875.000000000,38875.000000000,2,YM
2024-06-10T23:43:41.000000000Z,32,1,80420,38875.000000000,38876.000000000,38875.000000000,38876.000000000,4,YM
2024-06-10T23:43:45.000000000Z,32,1,80420,38875.000000000,38875.000000000,38874.000000000,38874.000000000,2,YM
2024-06-10T23:44:02.000000000Z,32,1,80420,38874.000000000,38874.000000000,38874.000000000,38874.000000000,7,YM
2024-06-10T23:44:10.000000000Z,32,1,80420,38875.000000000,38875.000000000,38875.000000000,38875.000000000,1,YM
2024-06-10T23:44:20.000000000Z,32,1,80420,38873.000000000,38873.000000000,38873.000000000,38873.000000000,1,YM
2024-06-10T23:44:38.000000000Z,32,1,80420,38872.000000000,38872.000000000,38872.000000000,38872.000000000,1,YM
2024-06-10T23:45:01.000000000Z,32,1,80420,38874.000000000,38874.000000000,38874.000000000,38874.000000000,1,YM
2024-06-10T23:45:10.000000000Z,32,1,80420,38876.000000000,38876.000000000,38876.000000000,38876.000000000,1,YM
2024-06-10T23:46:05.000000000Z,32,1,80420,38876.000000000,38876.000000000,38876.000000000,38876.000000000,1,YM
2024-06-10T23:46:08.000000000Z,32,1,80420,38877.000000000,38877.000000000,38877.000000000,38877.000000000,1,YM
2024-06-10T23:46:10.000000000Z,32,1,80420,38877.000000000,38877.000000000,38877.000000000,38877.000000000,1,YM
2024-06-10T23:46:25.000000000Z,32,1,80420,38876.000000000,38876.000000000,38876.000000000,38876.000000000,1,YM
2024-06-10T23:46:32.000000000Z,32,1,80420,38876.000000000,38876.000000000,38876.000000000,38876.000000000,1,YM
2024-06-10T23:46:47.000000000Z,32,1,80420,38876.000000000,38876.000000000,38876.000000000,38876.000000000,1,YM
2024-06-10T23:47:11.000000000Z,32,1,80420,38876.000000000,38876.000000000,38876.000000000,38876.000000000,1,YM
2024-06-10T23:48:45.000000000Z,32,1,80420,38880.000000000,38880.000000000,38880.000000000,38880.000000000,1,YM
2024-06-10T23:48:46.000000000Z,32,1,80420,38880.000000000,38880.000000000,38880.000000000,38880.000000000,1,YM
2024-06-10T23:48:47.000000000Z,32,1,80420,38881.000000000,38881.000000000,38881.000000000,38881.000000000,1,YM
2024-06-10T23:48:57.000000000Z,32,1,80420,38881.000000000,38881.000000000,38881.000000000,38881.000000000,2,YM
2024-06-10T23:49:01.000000000Z,32,1,80420,38882.000000000,38882.000000000,38882.000000000,38882.000000000,4,YM
2024-06-10T23:49:11.000000000Z,32,1,80420,38881.000000000,38881.000000000,38881.000000000,38881.000000000,2,YM
2024-06-10T23:49:19.000000000Z,32,1,80420,38881.000000000,38881.000000000,38881.000000000,38881.000000000,2,YM
2024-06-10T23:49:23.000000000Z,32,1,80420,38882.000000000,38882.000000000,38882.000000000,38882.000000000,1,YM
2024-06-10T23:49:38.000000000Z,32,1,80420,38883.000000000,38883.000000000,38883.000000000,38883.000000000,1,YM
2024-06-10T23:50:02.000000000Z,32,1,80420,38884.000000000,38884.000000000,38884.000000000,38884.000000000,4,YM
2024-06-10T23:50:06.000000000Z,32,1,80420,38884.000000000,38884.000000000,38884.000000000,38884.000000000,2,YM
2024-06-10T23:50:22.000000000Z,32,1,80420,38883.000000000,38883.000000000,38883.000000000,38883.000000000,3,YM
2024-06-10T23:50:48.000000000Z,32,1,80420,38883.000000000,38883.000000000,38883.000000000,38883.000000000,3,YM
2024-06-10T23:51:38.000000000Z,32,1,80420,38883.000000000,38886.000000000,38883.000000000,38885.000000000,26,YM
2024-06-10T23:51:55.000000000Z,32,1,80420,38884.000000000,38884.000000000,38884.000000000,38884.000000000,2,YM
2024-06-10T23:51:56.000000000Z,32,1,80420,38884.000000000,38884.000000000,38884.000000000,38884.000000000,4,YM
2024-06-10T23:52:01.000000000Z,32,1,80420,38884.000000000,38884.000000000,38884.000000000,38884.000000000,2,YM
2024-06-10T23:52:03.000000000Z,32,1,80420,38885.000000000,38885.000000000,38885.000000000,38885.000000000,2,YM
2024-06-10T23:52:06.000000000Z,32,1,80420,38885.000000000,38885.000000000,38885.000000000,38885.000000000,2,YM
2024-06-10T23:52:41.000000000Z,32,1,80420,38883.000000000,38883.000000000,38883.000000000,38883.000000000,1,YM
2024-06-10T23:53:25.000000000Z,32,1,80420,38882.000000000,38882.000000000,38882.000000000,38882.000000000,1,YM
2024-06-10T23:54:28.000000000Z,32,1,80420,38881.000000000,38881.000000000,38881.000000000,38881.000000000,1,YM
2024-06-10T23:54:45.000000000Z,32,1,80420,38882.000000000,38882.000000000,38882.000000000,38882.000000000,2,YM
2024-06-10T23:55:32.000000000Z,32,1,80420,38881.000000000,38881.000000000,38881.000000000,38881.000000000,1,YM
2024-06-10T23:55:41.000000000Z,32,1,80420,38881.000000000,38881.000000000,38881.000000000,38881.000000000,2,YM
2024-06-10T23:55:48.000000000Z,32,1,80420,38880.000000000,38880.000000000,38880.000000000,38880.000000000,1,YM
2024-06-10T23:56:24.000000000Z,32,1,80420,38880.000000000,38880.000000000,38880.000000000,38880.000000000,3,YM
2024-06-10T23:56:42.000000000Z,32,1,80420,38878.000000000,38878.000000000,38878.000000000,38878.000000000,1,YM
2024-06-10T23:56:50.000000000Z,32,1,80420,38878.000000000,38879.000000000,38878.000000000,38879.000000000,2,YM
2024-06-10T23:57:03.000000000Z,32,1,80420,38880.000000000,38880.000000000,38880.000000000,38880.000000000,1,YM
2024-06-10T23:57:11.000000000Z,32,1,80420,38881.000000000,38881.000000000,38881.000000000,38881.000000000,1,YM
2024-06-10T23:58:07.000000000Z,32,1,80420,38880.000000000,38880.000000000,38880.000000000,38880.000000000,1,YM
2024-06-10T23:58:49.000000000Z,32,1,80420,38880.000000000,38880.000000000,38880.000000000,38880.000000000,3,YM
2024-06-10T23:59:18.000000000Z,32,1,80420,38880.000000000,38880.000000000,38880.000000000,38880.000000000,1,YM
2024-06-10T23:59:20.000000000Z,32,1,80420,38879.000000000,38879.000000000,38879.000000000,38879.000000000,2,YM
2024-06-10T23:59:40.000000000Z,32,1,80420,38878.000000000,38878.000000000,38878.000000000,38878.000000000,1,YM
2024-06-10T23:59:41.000000000Z,32,1,80420,38877.000000000,38877.000000000,38877.000000000,38877.000000000,1,YM
2024-06-10T23:59:50.000000000Z,32,1,80420,38877.000000000,38877.000000000,38877.000000000,38877.000000000,1,YM
